surfaceComposition,Facet,ChemicalComposition,Site,O*_energy,OH*_energy,CoordinationNumber,NumElementsSurface,ConfigEntropy_JmolK,ReducedComposition,meanAtomicRadius,maxAtomicRadius,minAtomicRadius,stdAtomicRadius,meanAtomicMass,maxAtomicMass,minAtomicMass,stdAtomicMass,meanPcount,maxPcount,minPcount,stdPcount,meanDcount,maxDcount,minDcount,stdDcount,meanAffinity,maxAffinity,minAffinity,stdAffinity,meanDensity,maxDensity,minDensity,stdDensity,meanGroup,maxGroup,minGroup,stdGroup,meanMeltingP,maxMeltingP,minMeltingP,stdMeltingP,meanIon,maxIon,minIon,stdIon,meanElectronegativity,maxElectronegativity,minElectronegativity,stdElectronegativity,meanEnthalpy,maxEnthalpy,minEnthalpy,stdEnthalpy,ReactionEnergy
Au3Bi,111,Au9Bi3,hollow|A_A_A|HCP,2.02131588023605,1.1357808491783317,3.0,2,4.675254392360772,Au3Bi,176.25,207.0,166.0,17.75352077758099,199.9700275,208.9804,196.96657,5.202140988373807,0.75,3,0,1.299038105676658,10.0,10,10,0.0,1.96825,2.309,0.946,0.590196312679095,16.91325,19.282,9.807,4.102795350428778,12.0,15,11,1.7320508075688772,1139.135,1337.33,544.55,343.28380980611365,8.741750000000001,9.226,7.289,0.8387456035652293,2.41,2.54,2.02,0.22516660498395405,12.1,12.5,10.9,0.6928203230275508,0.8855350310577181
AgBi,101,Ag6Bi6,hollow|A_B_B|FCC,1.28029928444067,0.3601139574865328,4.0,2,5.762825659175385,AgBi,189.5,207.0,172.0,17.5,158.42419999999998,208.9804,107.868,50.556200000000004,1.5,3,0,1.5,10.0,10,10,0.0,1.124,1.302,0.946,0.17800000000000005,10.154,10.501,9.807,0.34699999999999953,13.0,15,11,2.0,889.74,1234.93,544.55,345.19000000000005,7.432499999999999,7.576,7.289,0.14349999999999996,1.975,2.02,1.93,0.04500000000000004,11.100000000000001,11.3,10.9,0.20000000000000018,0.9201853269541371
Cu3Zn,111,Cu9Zn3,hollow|A_A_A|FCC,0.981923603136067,0.2403167923883984,3.0,2,4.675254392360772,Cu3Zn,139.75,140.0,139.0,0.4330127018922193,64.01249999999999,65.4,63.55,0.8010734985006094,0.0,0,0,0.0,10.0,10,10,0.0,,1.228,1.228,,8.48325,8.933,7.134,0.7789898507041023,11.25,12,11,0.4330127018922193,1191.4975,1357.77,692.68,287.9924179014962,8.143,9.394,7.726,0.7222651867562219,1.8375,1.9,1.65,0.10825317547305482,11.6625,13.1,7.35,2.4898230358802613,0.7416068107476685
RhZn,101,Rh6Zn6,top|B,2.86300888203897,1.0201292024838722,1.0,2,5.762825659175385,RhZn,167.0,195.0,139.0,28.0,84.15275,102.9055,65.4,18.75275,0.0,0,0,0.0,9.0,10,8,1.0,,1.137,1.137,,9.767,12.4,7.134,2.633,10.5,12,9,1.5,1464.84,2237.0,692.68,772.1600000000001,8.4265,9.394,7.459,0.9675000000000002,1.9649999999999999,2.28,1.65,0.31499999999999995,14.524999999999999,21.7,7.35,7.175,1.842879679555098
Rh3Ru,111,Rh9Ru3,hollow|A_A_B|FCC,0.265972365337632,0.1330443469786359,3.0,2,4.675254392360772,Rh3Ru,198.0,207.0,195.0,5.196152422706632,102.454125,102.9055,101.1,0.781804433266406,0.0,0,0,0.0,7.75,8,7,0.4330127018922193,1.11525,1.137,1.05,0.03767210506462307,12.325000000000001,12.4,12.1,0.12990381056766612,8.75,9,8,0.4330127018922193,2329.5,2607.0,2237.0,160.21469970012114,7.4345,7.459,7.361,0.042435244785437434,2.26,2.28,2.2,0.034641016151377386,22.7,25.7,21.7,1.7320508075688772,0.13292801835899612
Ir3Ru,111,Ir9Ru3,top|B,1.21346336363769,0.8186506739774586,1.0,2,4.675254392360772,Ir3Ru,203.25,207.0,202.0,2.165063509461097,169.44,192.22,101.1,39.456117396419025,0.0,0,0,0.0,7.0,7,7,0.0,1.43625,1.565,1.05,0.22300154147449291,19.84,22.42,12.1,4.4686910835277045,8.75,9,8,0.4330127018922193,2691.0,2719.0,2607.0,48.49742261192856,8.665249999999999,9.1,7.361,0.7530090885905694,2.2,2.2,2.2,0.0,25.925,26.0,25.7,0.12990381056766612,0.3948126896602313
RhRu,101,Rh6Ru6,hollow|A_B_B|FCC,0.0238043825409591,0.3208095624803491,4.0,2,5.762825659175385,RhRu,201.0,207.0,195.0,6.0,102.00274999999999,102.9055,101.1,0.9027500000000046,0.0,0,0,0.0,7.5,8,7,0.5,1.0935000000000001,1.137,1.05,0.04349999999999998,12.25,12.4,12.1,0.15000000000000036,8.5,9,8,0.5,2422.0,2607.0,2237.0,185.0,7.41,7.459,7.361,0.04899999999999993,2.24,2.28,2.2,0.039999999999999813,23.7,25.7,21.7,2.0,-0.29700517993938996
Cu3Ru,111,Cu9Ru3,hollow|A_A_B|HCP,-0.0645858114623366,-0.0510244741191172,3.0,2,4.675254392360772,Cu3Ru,156.75,207.0,140.0,29.011851026778693,72.9375,101.1,63.55,16.259626956052834,0.0,0,0,0.0,9.25,10,7,1.299038105676658,1.1835,1.228,1.05,0.07707626093681501,9.72475,12.1,8.933,1.3713512268926586,10.25,11,8,1.299038105676658,1670.0774999999999,2607.0,1357.77,540.9324575848171,7.63475,7.726,7.361,0.15804963619066015,1.9749999999999999,2.2,1.9,0.1299038105676659,16.25,25.7,13.1,5.455960043841963,-0.013561337343219404
CuOs,101,Cu6Os6,top-tilt|B,0.435814258536823,0.2177890318824893,1.0,2,5.762825659175385,CuOs,178.0,216.0,140.0,38.0,126.875,190.2,63.55,63.324999999999996,0.0,0,0,0.0,8.0,10,6,2.0,1.1640000000000001,1.228,1.1,0.06399999999999995,15.7515,22.57,8.933,6.8185,9.5,11,8,1.5,2331.885,3306.0,1357.77,974.115,8.213,8.7,7.726,0.48699999999999966,2.05,2.2,1.9,0.15000000000000013,22.05,31.0,13.1,8.950000000000001,0.2180252266543337
Ag3Cu,111,Ag9Cu3,top|B,2.30904116193761,0.7860828652745795,1.0,2,4.675254392360772,Ag3Cu,164.0,172.0,140.0,13.856406460551018,96.7885,107.868,63.55,19.190256922459376,0.0,0,0,0.0,10.0,10,10,0.0,1.2835,1.302,1.228,0.03204293994002426,10.109,10.501,8.933,0.6789639165669997,11.0,11,11,0.0,1265.6399999999999,1357.77,1234.93,53.19128030044019,7.613499999999999,7.726,7.576,0.06495190528383306,1.9224999999999999,1.93,1.9,0.012990381056766592,11.750000000000002,13.1,11.3,0.7794228634059943,1.5229582966630306
CuZn,101,Cu6Zn6,hollow|A_A_B|HCP,0.867430208836424,0.2704068685678749,4.0,2,5.762825659175385,CuZn,139.5,140.0,139.0,0.5,64.475,65.4,63.55,0.9250000000000043,0.0,0,0,0.0,10.0,10,10,0.0,,1.228,1.228,,8.0335,8.933,7.134,0.8994999999999997,11.5,12,11,0.5,1025.225,1357.77,692.68,332.545,8.56,9.394,7.726,0.8340000000000001,1.775,1.9,1.65,0.125,10.225,13.1,7.35,2.875,0.5970233402685491
HEO-19-Co3.0Zn2.0Cr3.0Mn3.0Fe3.0Ni2.0-Cr-site,100,Co2Cr3Fe2Mn3Ni2Zn2O20,Cr,2.46976595999999,1.561691609999997,1.0,7,11.699451309662274,Co2Cr3Fe2Mn3Ni2Zn2O20,163.94117647058823,197.0,139.0,19.282636469221533,32.89748529411765,65.4,15.999,20.37506545299458,2.3529411764705883,4,0,1.9686118271390012,2.7058823529411766,10,0,3.4259340655437733,,1.461,0.163,,3.2040758823529414,8.912,0.001429,3.8570958901783468,12.852941176470589,16,6,3.971459599376654,711.2811764705882,2180.0,54.36,836.3038666156357,11.194029411764706,13.618,6.767,2.9410462572646225,2.7344117647058823,3.44,1.55,0.8477624222430917,6.312941176470589,20.5,0.222,7.736337075740752,0.908074349999993
Pt3Ag,111,Ag3Pt9,hollow|A_A_A|FCC,1.42350803573555,1.515758436577812,3.0,2,4.675254392360772,AgPt3,199.75,209.0,172.0,16.021469970012117,173.277,195.08,107.868,37.76390375742424,0.0,0,0,0.0,9.25,10,9,0.4330127018922193,1.9215,2.128,1.302,0.3576684917629732,18.72025,21.46,10.501,4.745386200036832,10.25,11,10,0.4330127018922193,1839.895,2041.55,1234.93,349.2767056003019,8.644,9.0,7.576,0.6166100874945204,2.1925,2.28,1.93,0.15155444566227672,17.825,20.0,11.3,3.767210506462308,-0.09225040084226199
HEO-3-Mn3.0Zn2.0Cr3.0Fe2.0Co3.0Ni3.0,100,Co3Cr2Fe2Mn2Ni3Zn2O20,Co,2.68578844999999,1.2388692399999854,1.0,7,11.699451309662274,Co3Cr2Fe2Mn2Ni3Zn2O20,163.02941176470588,197.0,139.0,18.535316519485406,33.21196029411765,65.4,15.999,20.725259314462217,2.3529411764705883,4,0,1.9686118271390012,2.8529411764705883,10,0,3.573862245453925,,1.461,0.163,,3.3017817647058822,8.912,0.001429,3.976855101346208,13.029411764705882,16,6,3.745470159112574,705.3105882352942,2180.0,54.36,824.6096487748582,11.232852941176471,13.618,6.767,2.889693838172775,2.751470588235294,3.44,1.55,0.8274416004021823,6.304117647058824,20.5,0.222,7.674453618278004,1.4469192100000043
AgPd,101,Ag6Pd6,hollow|A_B_B|HCP,1.58173801503636,0.5725528230804002,4.0,2,5.762825659175385,AgPd,187.0,202.0,172.0,15.0,107.144,107.868,106.42,0.7239999999999966,0.0,0,0,0.0,10.0,10,10,0.0,0.9295,1.302,0.557,0.37250000000000005,11.250499999999999,12.0,10.501,0.7495000000000003,10.5,11,10,0.5,1531.49,1828.05,1234.93,296.55999999999995,7.9565,8.337,7.576,0.38050000000000006,2.065,2.2,1.93,0.13500000000000012,14.0,16.7,11.3,2.6999999999999993,1.0091851919559598
Cu3Ru,111,Cu9Ru3,hollow|A_A_A|HCP,1.51226667173961,0.7419937565763348,3.0,2,4.675254392360772,Cu3Ru,156.75,207.0,140.0,29.011851026778693,72.9375,101.1,63.55,16.259626956052834,0.0,0,0,0.0,9.25,10,7,1.299038105676658,1.1835,1.228,1.05,0.07707626093681501,9.72475,12.1,8.933,1.3713512268926586,10.25,11,8,1.299038105676658,1670.0774999999999,2607.0,1357.77,540.9324575848171,7.63475,7.726,7.361,0.15804963619066015,1.9749999999999999,2.2,1.9,0.1299038105676659,16.25,25.7,13.1,5.455960043841963,0.7702729151632752
Pd,111,Pd12,hollow|A_A_A|FCC,1.35914889514225,0.6588979455781327,3.0,1,-0.0,Pd,202.0,202.0,202.0,0.0,106.42,106.42,106.42,0.0,0.0,0,0,0.0,10.0,10,10,0.0,0.557,0.557,0.557,0.0,12.0,12.0,12.0,0.0,10.0,10,10,0.0,1828.05,1828.05,1828.05,0.0,8.337,8.337,8.337,0.0,2.2,2.2,2.2,0.0,16.7,16.7,16.7,0.0,0.7002509495641172
Ag3Pt,111,Ag9Pt3,hollow|A_A_A|HCP,2.82847709163963,1.00314848248388,3.0,2,4.675254392360772,Ag3Pt,181.25,209.0,172.0,16.021469970012117,129.671,195.08,107.868,37.76390375742424,0.0,0,0,0.0,9.75,10,9,0.4330127018922193,1.5085000000000002,2.128,1.302,0.3576684917629732,13.24075,21.46,10.501,4.745386200036832,10.75,11,10,0.4330127018922193,1436.585,2041.55,1234.93,349.2767056003019,7.9319999999999995,9.0,7.576,0.6166100874945204,2.0175,2.28,1.93,0.15155444566227672,13.475000000000001,20.0,11.3,3.767210506462308,1.82532860915575
Cu3Ag,111,Ag3Cu9,top|B,3.62409196863501,1.5527089107753227,1.0,2,4.675254392360772,AgCu3,148.0,172.0,140.0,13.856406460551018,74.6295,107.868,63.55,19.190256922459376,0.0,0,0,0.0,10.0,10,10,0.0,1.2465000000000002,1.302,1.228,0.03204293994002426,9.325,10.501,8.933,0.6789639165669997,11.0,11,11,0.0,1327.06,1357.77,1234.93,53.19128030044019,7.6885,7.726,7.576,0.06495190528383306,1.9074999999999998,1.93,1.9,0.012990381056766592,12.649999999999999,13.1,11.3,0.7794228634059943,2.0713830578596872
IrO2-columbite,101,Ir18O38,O1C-CUS,1.76578904999997,-0.0274333400000159,1.0,2,5.220706368783579,Ir9O19,168.07142857142858,202.0,152.0,23.351244340396466,72.64146428571429,192.22,15.999,82.29959257818011,2.7142857142857144,4,0,1.8680995472317174,2.25,7,0,3.2691742076555053,1.4944285714285714,1.565,1.461,0.04857058822802459,7.207398250000002,22.42,0.001429,10.470030583670528,13.75,16,9,3.2691742076555053,910.8514285714286,2719.0,54.36,1244.4531943838808,12.165785714285716,13.618,9.1,2.110018438598225,3.041428571428572,3.44,2.2,0.5791108596418323,8.507785714285715,26.0,0.222,12.038967532134802,1.793222389999986
Pd3Bi,111,Bi3Pd9,hollow|A_A_A|HCP,1.78491521413872,0.7863245023808076,3.0,2,4.675254392360772,BiPd3,203.25,207.0,202.0,2.165063509461097,132.0601,208.9804,106.42,44.409955911146774,0.75,3,0,1.299038105676658,10.0,10,10,0.0,0.65425,0.946,0.557,0.16844194103607327,11.45175,12.0,9.807,0.9495968552496369,11.25,15,10,2.165063509461097,1507.175,1828.05,544.55,555.7718028786635,8.075,8.337,7.289,0.45379731158304587,2.1550000000000002,2.2,2.02,0.07794228634059955,15.249999999999998,16.7,10.9,2.5114736709748717,0.9985907117579123
Mo-bcc,110,Mo16,hollow,-1.48983924000001,-1.1770971178484615,4.0,1,-0.0,Mo,209.0,209.0,209.0,0.0,95.95,95.95,95.95,0.0,0.0,0,0,0.0,5.0,5,5,0.0,0.746,0.746,0.746,0.0,10.2,10.2,10.2,0.0,6.0,6,6,0.0,2896.0,2896.0,2896.0,0.0,7.092,7.092,7.092,0.0,2.16,2.16,2.16,0.0,36.0,36.0,36.0,0.0,-0.3127421221515485
Pt3Bi,111,Bi3Pt9,hollow|A_A_A|HCP,1.40304180974255,1.2004327843795863,3.0,2,4.675254392360772,BiPt3,208.5,209.0,207.0,0.8660254037844386,198.5551,208.9804,195.08,6.019049761382601,0.75,3,0,1.299038105676658,9.25,10,9,0.4330127018922193,1.8325,2.128,0.946,0.5118210136366033,18.54675,21.46,9.807,5.0458970151500315,11.25,15,10,2.165063509461097,1667.3,2041.55,544.55,648.2200147326523,8.57225,9.0,7.289,0.7408847329375874,2.215,2.28,2.02,0.11258330249197693,17.725,20.0,10.9,3.9404155872191957,0.20260902536296377
Ir3Rh,111,Ir9Rh3,hollow|A_A_A|HCP,0.66051675073669,0.713217173980297,3.0,2,4.675254392360772,Ir3Rh,200.25,202.0,195.0,3.031088913245535,169.89137499999998,192.22,102.9055,38.67431296315262,0.0,0,0,0.0,7.25,8,7,0.4330127018922193,1.4580000000000002,1.565,1.137,0.18532943640986985,19.915000000000003,22.42,12.4,4.3387872729600385,9.0,9,9,0.0,2598.5,2719.0,2237.0,208.7121223120497,8.68975,9.1,7.459,0.7105738438051319,2.22,2.28,2.2,0.034641016151377386,24.925,26.0,21.7,1.8619546181365434,-0.05270042324360702
Ru3Re,111,Re3Ru9,hollow|A_A_B|HCP,-0.867009112760741,-0.328697190320895,3.0,2,4.675254392360772,ReRu3,209.5,217.0,207.0,4.330127018922194,122.37674999999999,186.207,101.1,36.85241201994111,0.0,0,0,0.0,6.5,7,5,0.8660254037844386,0.8250000000000001,1.05,0.15,0.3897114317029974,14.274999999999999,20.8,12.1,3.7672105064623085,7.75,8,7,0.4330127018922193,2820.0,3459.0,2607.0,368.9268220121709,7.490749999999999,7.88,7.361,0.22473359228206188,2.125,2.2,1.9,0.1299038105676659,27.525,33.0,25.7,3.160992723813201,-0.538311922439846
Os3Ag,111,Ag3Os9,hollow|A_A_A|HCP,-1.00148491456292,-0.0054591478138945,3.0,2,4.675254392360772,AgOs3,205.0,216.0,172.0,19.05255888325765,169.61699999999996,190.2,107.868,35.6508017721902,0.0,0,0,0.0,7.0,10,6,1.7320508075688772,1.1505,1.302,1.1,0.08746856578222828,19.552750000000003,22.57,10.501,5.226030299137196,8.75,11,8,1.299038105676658,2788.2325,3306.0,1234.93,896.7996165079187,8.418999999999999,8.7,7.576,0.48670627692685436,2.1325000000000003,2.2,1.93,0.11691342951089932,26.075,31.0,11.3,8.53035022727672,-0.9960257667490257
Pt3Bi,111,Bi3Pt9,hollow|A_A_A|FCC,1.73731651733743,1.4219828376780017,3.0,2,4.675254392360772,BiPt3,208.5,209.0,207.0,0.8660254037844386,198.5551,208.9804,195.08,6.019049761382601,0.75,3,0,1.299038105676658,9.25,10,9,0.4330127018922193,1.8325,2.128,0.946,0.5118210136366033,18.54675,21.46,9.807,5.0458970151500315,11.25,15,10,2.165063509461097,1667.3,2041.55,544.55,648.2200147326523,8.57225,9.0,7.289,0.7408847329375874,2.215,2.28,2.02,0.11258330249197693,17.725,20.0,10.9,3.9404155872191957,0.3153336796594284
Ru3Pt,111,Pt3Ru9,hollow|A_A_A|FCC,-0.288319306266374,-0.2557249664233723,3.0,2,4.675254392360772,PtRu3,207.5,209.0,207.0,0.8660254037844386,124.595,195.08,101.1,40.69453372383078,0.0,0,0,0.0,7.5,9,7,0.8660254037844386,1.3195000000000001,2.128,1.05,0.46678769263981246,14.44,21.46,12.1,4.052998889711174,8.5,10,8,0.8660254037844386,2465.6375,2607.0,2041.55,244.84703228495545,7.77075,9.0,7.361,0.7097078184013476,2.22,2.28,2.2,0.034641016151377386,24.275,25.7,20.0,2.4681724007856496,-0.032594339843001696
LiCoO2,01-12,Co16Li16H6O38,,4.68636128,0.38270852,,4,10.002405354928738,Co8Li8H3O19,164.21052631578948,192.0,120.0,21.402358323985112,21.95975052631579,58.93319,1.008,19.68076996170025,2.0,4,0,2.0,1.4736842105263157,7,0,2.8537772024686228,1.0592894736842107,1.461,0.618,0.4030354501774292,1.9784058063157892,8.86,8.988e-05,3.559799981494307,10.18421052631579,16,1,6.451663445874759,495.98605263157896,1768.0,13.81,675.9323709418345,10.676842105263159,13.618,5.392,3.5389843512266546,2.4957894736842103,3.44,0.98,1.0080743278228605,4.197157894736841,16.2,0.222,6.291132817940182,4.30365276
Os3Ru,111,Os9Ru3,top|A,0.802071458139665,0.1808016862822796,1.0,2,4.675254392360772,Os3Ru,213.75,216.0,207.0,3.897114317029974,167.92499999999998,190.2,101.1,38.58143173859674,0.0,0,0,0.0,6.25,7,6,0.4330127018922193,1.0875000000000001,1.1,1.05,0.021650635094610987,19.9525,22.57,12.1,4.533642988811536,8.0,8,8,0.0,3131.25,3306.0,2607.0,302.6758786226613,8.36525,8.7,7.361,0.5798040078336815,2.2,2.2,2.2,0.0,29.675,31.0,25.7,2.294967320028763,0.6212697718573854
Tc3Pt,111,Pt3Tc9,hollow|A_A_A|FCC,-0.860679064564636,-0.849252324219492,3.0,2,4.675254392360772,PtTc3,209.0,209.0,209.0,0.0,121.44977,195.08,96.90636,42.51043311099406,0.0,0,0,0.0,6.0,9,5,1.7320508075688772,0.9445000000000001,2.128,0.55,0.6832940435859222,13.615,21.46,11.0,4.529312861792614,7.75,10,7,1.299038105676658,2332.8875,2430.0,2041.55,168.20378405003262,7.71,9.0,7.28,0.7447818472546172,1.9949999999999997,2.28,1.9,0.1645448267190433,22.25,23.0,20.0,1.299038105676658,-0.011426740345144015
Ru3Pt,111,Pt3Ru9,bridge|A_A|B,0.521436238537547,0.033526601779954,2.0,2,4.675254392360772,PtRu3,207.5,209.0,207.0,0.8660254037844386,124.595,195.08,101.1,40.69453372383078,0.0,0,0,0.0,7.5,9,7,0.8660254037844386,1.3195000000000001,2.128,1.05,0.46678769263981246,14.44,21.46,12.1,4.052998889711174,8.5,10,8,0.8660254037844386,2465.6375,2607.0,2041.55,244.84703228495545,7.77075,9.0,7.361,0.7097078184013476,2.22,2.28,2.2,0.034641016151377386,24.275,25.7,20.0,2.4681724007856496,0.48790963675759297
CuNi-MOF,100,Cu6Ni3C96H48N48,M1,4.08384624999985,1.4796173600000202,1.0,5,10.014240688946913,Cu2NiC32H16N16,153.4776119402985,170.0,120.0,20.133404490714508,12.095298507462687,63.55,1.008,11.902633878859621,1.671641791044776,3,0,1.1248623093383148,0.417910447761194,10,0,1.9405281150023888,,1.263,0.754,,1.4827380250746267,8.933,8.988e-05,1.9553893674025478,10.985074626865671,15,1,5.658153639339527,1910.610447761194,3823.0,13.81,1852.1930768608981,12.44065671641791,14.534,7.64,1.7434447078472444,2.5544776119402983,3.04,1.9,0.32449401982434106,51.01623880597014,105.0,0.36,51.697761399061704,2.6042288899998294
NiCo-MOF,100,Co3Ni6C96H48N48,M2,2.91218104999984,0.7593399999998383,1.0,5,10.014240688946913,CoNi2C32H16N16,154.59701492537312,192.0,120.0,20.54704082372246,11.953898358208955,58.93319,1.008,11.303606677334423,1.671641791044776,3,0,1.1248623093383148,0.34328358208955223,8,0,1.588693622774349,,1.263,0.661,,1.48133504,8.912,8.988e-05,1.9500580802840308,10.940298507462686,15,1,5.664449485218735,1922.259104477612,3823.0,13.81,1849.9084845438322,12.44168656716418,14.534,7.64,1.7407919385732602,2.5543283582089553,3.04,1.88,0.32480636656780015,51.12370149253731,105.0,0.36,51.62259342604066,2.152841050000002
Zn-HESO29-MnNiFeCrZn,100,Co9CrFeMnNiZnO20,Co,3.62840867999998,1.2352003399999774,1.0,7,9.831694087825896,Co9CrFeMnNiZnO20,166.1764705882353,197.0,139.0,19.565080821280873,33.448404411764706,65.4,15.999,20.934279736317823,2.3529411764705883,4,0,1.9686118271390012,2.852941176470588,10,0,3.4905953726210264,,1.461,0.163,,3.474664117647059,8.912,0.001429,4.175328912739702,13.058823529411764,16,6,3.6132206301026386,733.2317647058824,2180.0,54.36,835.2070519636595,11.247823529411766,13.618,6.767,2.8524749467434956,2.7741176470588234,3.44,1.55,0.7989777205428669,6.537941176470588,20.5,0.222,7.754352166748138,2.393208340000003
Co,111,Co12,hollow|A_A_A|FCC,-0.201434990263977,-0.2314417995177109,3.0,1,-0.0,Co,192.0,192.0,192.0,0.0,58.93319,58.93319,58.93319,0.0,0.0,0,0,0.0,7.0,7,7,0.0,0.661,0.661,0.661,0.0,8.86,8.86,8.86,0.0,9.0,9,9,0.0,1768.0,1768.0,1768.0,0.0,7.881,7.881,7.881,0.0,1.88,1.88,1.88,0.0,16.2,16.2,16.2,0.0,0.030006809253733918
Ir3Pd,111,Ir9Pd3,hollow|A_A_A|FCC,0.330005785635706,0.7582088841780887,3.0,2,4.675254392360772,Ir3Pd,202.0,202.0,202.0,0.0,170.76999999999998,192.22,106.42,37.152489822352415,0.0,0,0,0.0,7.75,10,7,1.299038105676658,1.3130000000000002,1.565,0.557,0.436476803507357,19.815,22.42,12.0,4.511992353716926,9.25,10,9,0.4330127018922193,2496.2625,2719.0,1828.05,385.7926667508728,8.90925,9.1,8.337,0.3303886915437633,2.2,2.2,2.2,0.0,23.675,26.0,16.7,4.02701812759764,-0.42820309854238275
Tc3Cu,111,Cu3Tc9,hollow|A_A_A|FCC,-1.05725478186304,-0.8760694151234247,3.0,2,4.675254392360772,CuTc3,191.75,209.0,140.0,29.877876430563134,88.56727000000001,96.90636,63.55,14.443727568889553,0.0,0,0,0.0,6.25,10,5,2.165063509461097,0.7195,1.228,0.55,0.29358261188292467,10.48325,11.0,8.933,0.8950372548112175,8.0,11,7,1.7320508075688772,2161.9425,2430.0,1357.77,464.2892093498943,7.3915,7.726,7.28,0.1931236650439297,1.9,1.9,1.9,0.0,20.525,23.0,13.1,4.286825748732972,-0.18118536673961527
Rh3Ag,111,Ag3Rh9,hollow|A_A_A|HCP,0.116141995935152,0.2584455604782079,3.0,2,4.675254392360772,AgRh3,189.25,195.0,172.0,9.959292143521045,104.146125,107.868,102.9055,2.1488255331401347,0.0,0,0,0.0,8.5,10,8,0.8660254037844386,1.17825,1.302,1.137,0.0714470958122162,11.92525,12.4,10.501,0.8222911208933249,9.5,11,9,0.8660254037844386,1986.4825,2237.0,1234.93,433.90903818513624,7.48825,7.576,7.459,0.050662486121389655,2.1925,2.28,1.93,0.15155444566227672,19.099999999999998,21.7,11.3,4.50333209967908,-0.14230356454305587
Pt3Tc,111,Pt9Tc3,top|B,-0.297454712064962,-0.3008150458218779,1.0,2,4.675254392360772,Pt3Tc,209.0,209.0,209.0,0.0,170.53659,195.08,96.90636,42.510433110994065,0.0,0,0,0.0,8.0,9,5,1.7320508075688772,1.7335,2.128,0.55,0.6832940435859222,18.845,21.46,11.0,4.529312861792614,9.25,10,7,1.299038105676658,2138.6625,2430.0,2041.55,168.20378405003262,8.57,9.0,7.28,0.7447818472546172,2.185,2.28,1.9,0.1645448267190433,20.75,23.0,20.0,1.299038105676658,0.003360333756915912
Ir3Ag,111,Ag3Ir9,hollow|A_A_A|FCC,0.335996780140533,1.0256527051795956,3.0,2,4.675254392360772,AgIr3,194.5,202.0,172.0,12.99038105676658,171.132,192.22,107.868,36.52548743001249,0.0,0,0,0.0,7.75,10,7,1.299038105676658,1.49925,1.565,1.302,0.11388234059765365,19.440250000000002,22.42,10.501,5.161078393853363,9.5,11,9,0.8660254037844386,2347.9825,2719.0,1234.93,642.621160497186,8.719,9.1,7.576,0.6599113576837422,2.1325000000000003,2.2,1.93,0.11691342951089932,22.325,26.0,11.3,6.365286717815624,-0.6896559250390626
Pd3Rh,111,Pd9Rh3,hollow|A_A_A|FCC,1.55078220873457,0.702298334076545,3.0,2,4.675254392360772,Pd3Rh,200.25,202.0,195.0,3.031088913245535,105.541375,106.42,102.9055,1.521823140800204,0.0,0,0,0.0,9.5,10,8,0.8660254037844386,0.7020000000000001,1.137,0.557,0.2511473670974872,12.1,12.4,12.0,0.1732050807568879,9.75,10,9,0.4330127018922193,1930.2875,2237.0,1828.05,177.08054443882313,8.1175,8.337,7.459,0.3801851522613686,2.22,2.28,2.2,0.034641016151377386,17.95,21.7,16.7,2.165063509461097,0.848483874658025
Au3Pt,111,Au9Pt3,top|B,2.47823297523775,0.7720943091779873,1.0,2,4.675254392360772,Au3Pt,176.75,209.0,166.0,18.619546181365433,196.4949275,196.96657,195.08,0.8169087730087946,0.0,0,0,0.0,9.75,10,9,0.4330127018922193,2.26375,2.309,2.128,0.07837529904249171,19.826500000000003,21.46,19.282,0.943101664721254,10.75,11,10,0.4330127018922193,1513.385,2041.55,1337.33,304.9362049265387,9.169500000000001,9.226,9.0,0.09786087062764194,2.475,2.54,2.28,0.11258330249197712,14.375,20.0,12.5,3.247595264191645,1.7061386660597626
Au3Ru,111,Au9Ru3,top|B,0.419291506335696,-0.0345644440232035,1.0,2,4.675254392360772,Au3Ru,176.25,207.0,166.0,17.75352077758099,172.99992749999998,196.96657,101.1,41.51144249683958,0.0,0,0,0.0,9.25,10,7,1.299038105676658,1.99425,2.309,1.05,0.5451629916823042,17.4865,19.282,12.1,3.1098972249899193,10.25,11,8,1.299038105676658,1654.7475,2607.0,1337.33,549.7832372114941,8.75975,9.226,7.361,0.8075686890289895,2.455,2.54,2.2,0.1472243186433545,15.8,25.7,12.5,5.715767664977295,0.45385595035889953
Tc3Ru,111,Ru3Tc9,hollow|A_A_A|HCP,-1.30123327416021,-0.9100364332181244,3.0,2,4.675254392360772,RuTc3,208.5,209.0,207.0,0.8660254037844386,97.95477,101.1,96.90636,1.8158993871632814,0.0,0,0,0.0,5.5,7,5,0.8660254037844386,0.675,1.05,0.55,0.21650635094610965,11.275,12.1,11.0,0.4763139720814411,7.25,8,7,0.4330127018922193,2474.25,2607.0,2430.0,76.64324823492282,7.30025,7.361,7.28,0.03507402885326956,1.9749999999999999,2.2,1.9,0.1299038105676659,23.675,25.7,23.0,1.1691342951089918,-0.3911968409420855
Rh3Ru,111,Rh9Ru3,hollow|A_A_B|HCP,0.206352223340048,0.2047670241817059,3.0,2,4.675254392360772,Rh3Ru,198.0,207.0,195.0,5.196152422706632,102.454125,102.9055,101.1,0.781804433266406,0.0,0,0,0.0,7.75,8,7,0.4330127018922193,1.11525,1.137,1.05,0.03767210506462307,12.325000000000001,12.4,12.1,0.12990381056766612,8.75,9,8,0.4330127018922193,2329.5,2607.0,2237.0,160.21469970012114,7.4345,7.459,7.361,0.042435244785437434,2.26,2.28,2.2,0.034641016151377386,22.7,25.7,21.7,1.7320508075688772,0.0015851991583420988
PtRe,101,Pt6Re6,top|B,-0.508573009265263,-0.3919790322207745,1.0,2,5.762825659175385,PtRe,213.0,217.0,209.0,4.0,190.64350000000002,195.08,186.207,4.436500000000009,0.0,0,0,0.0,7.0,9,5,2.0,1.139,2.128,0.15,0.9890000000000001,21.130000000000003,21.46,20.8,0.33000000000000007,8.5,10,7,1.5,2750.275,3459.0,2041.55,708.725,8.44,9.0,7.88,0.56,2.09,2.28,1.9,0.18999999999999995,26.5,33.0,20.0,6.5,-0.11659397704448854
Au3Ir,111,Au9Ir3,top|B,1.11251416363649,0.1768707297786704,1.0,2,4.675254392360772,Au3Ir,175.0,202.0,166.0,15.588457268119896,195.77992749999999,196.96657,192.22,2.0553251004205477,0.0,0,0,0.0,9.25,10,7,1.299038105676658,2.123,2.309,1.565,0.3221614502078113,20.0665,22.42,19.282,1.358793858537785,10.5,11,9,0.8660254037844386,1682.7475,2719.0,1337.33,598.2806598234228,9.194500000000001,9.226,9.1,0.05455960043842016,2.455,2.54,2.2,0.1472243186433545,15.875,26.0,12.5,5.845671475544961,0.9356434338578195
Ag3Au,111,Ag9Au3,hollow|A_A_B|HCP,2.22520424883606,1.001232392981251,3.0,2,4.675254392360772,Ag3Au,170.5,172.0,166.0,2.598076211353316,130.1426425,196.96657,107.868,38.580812530433036,0.0,0,0,0.0,10.0,10,10,0.0,1.55375,2.309,1.302,0.4360437908054649,12.69625,19.282,10.501,3.802284535315578,11.0,11,11,0.0,1260.53,1337.33,1234.93,44.3405006737632,7.9885,9.226,7.576,0.7144709581221624,2.0825,2.54,1.93,0.26413774815425384,11.600000000000001,12.5,11.3,0.5196152422706629,1.223971855854809
Au3Cu,111,Au9Cu3,top|B,2.98212195283833,1.1945347167828686,1.0,2,4.675254392360772,Au3Cu,159.5,166.0,140.0,11.258330249197702,163.61242749999997,196.96657,63.55,57.771069452892405,0.0,0,0,0.0,10.0,10,10,0.0,2.0387500000000003,2.309,1.228,0.4680867307454892,16.69475,19.282,8.933,4.4812484518825775,11.0,11,11,0.0,1342.44,1357.77,1337.33,8.850779626676987,8.851,9.226,7.726,0.6495190528383293,2.38,2.54,1.9,0.2771281292110204,12.65,13.1,12.5,0.25980762113533146,1.7875872360554612
Rh3Os,111,Os3Rh9,hollow|A_A_A|HCP,1.04943763163448,0.6602515758794425,3.0,2,4.675254392360772,OsRh3,200.25,216.0,195.0,9.093266739736606,124.729125,190.2,102.9055,37.79962730533033,0.0,0,0,0.0,7.5,8,6,0.8660254037844386,1.12775,1.137,1.1,0.01602146997001208,14.9425,22.57,12.4,4.40373917824387,8.75,9,8,0.4330127018922193,2504.25,3306.0,2237.0,462.89057832278246,7.7692499999999995,8.7,7.459,0.537368763048244,2.26,2.28,2.2,0.034641016151377386,24.025,31.0,21.7,4.02701812759764,0.3891860557550375
Pd-fcc,111,Pd16,fcc,1.43379928,0.7076423777507443,3.0,1,-0.0,Pd,202.0,202.0,202.0,0.0,106.42,106.42,106.42,0.0,0.0,0,0,0.0,10.0,10,10,0.0,0.557,0.557,0.557,0.0,12.0,12.0,12.0,0.0,10.0,10,10,0.0,1828.05,1828.05,1828.05,0.0,8.337,8.337,8.337,0.0,2.2,2.2,2.2,0.0,16.7,16.7,16.7,0.0,0.7261569022492556
Rh3Bi,111,Bi3Rh9,hollow|A_A_A|HCP,0.781051616438901,0.261274592082259,3.0,2,4.675254392360772,BiRh3,198.0,207.0,195.0,5.196152422706632,129.424225,208.9804,102.9055,45.931779051946975,0.75,3,0,1.299038105676658,8.5,10,8,0.8660254037844386,1.08925,1.137,0.946,0.08270542606141391,11.751750000000001,12.4,9.807,1.1228019360065247,10.5,15,9,2.598076211353316,1813.8875,2237.0,544.55,732.8523473174866,7.416499999999999,7.459,7.289,0.07361215932167725,2.215,2.28,2.02,0.11258330249197693,19.0,21.7,10.9,4.676537180435968,0.519777024356642
Rh3Re,111,Re3Rh9,hollow|A_A_A|HCP,1.0688122729369,0.6894809559788655,3.0,2,4.675254392360772,ReRh3,200.5,217.0,195.0,9.526279441628825,123.730875,186.207,102.9055,36.070607586674704,0.0,0,0,0.0,7.25,8,5,1.299038105676658,0.89025,1.137,0.15,0.4273835367676204,14.5,20.8,12.4,3.6373066958946425,8.5,9,7,0.8660254037844386,2542.5,3459.0,2237.0,529.141521712292,7.5642499999999995,7.88,7.459,0.18229834749662444,2.185,2.28,1.9,0.1645448267190433,24.525,33.0,21.7,4.893043531382078,0.37933131695803457
Os3Ru,111,Os9Ru3,top|B,1.47861829903906,0.91487543358096,1.0,2,4.675254392360772,Os3Ru,213.75,216.0,207.0,3.897114317029974,167.92499999999998,190.2,101.1,38.58143173859674,0.0,0,0,0.0,6.25,7,6,0.4330127018922193,1.0875000000000001,1.1,1.05,0.021650635094610987,19.9525,22.57,12.1,4.533642988811536,8.0,8,8,0.0,3131.25,3306.0,2607.0,302.6758786226613,8.36525,8.7,7.361,0.5798040078336815,2.2,2.2,2.2,0.0,29.675,31.0,25.7,2.294967320028763,0.5637428654580999
W,111,W12,hollow|A_A_A|HCP,-2.19810647246067,-1.421855624418754,3.0,1,-0.0,W,210.0,210.0,210.0,0.0,183.84,183.84,183.84,0.0,0.0,0,0,0.0,4.0,4,4,0.0,0.815,0.815,0.815,0.0,19.3,19.3,19.3,0.0,6.0,6,6,0.0,3695.0,3695.0,3695.0,0.0,7.98,7.98,7.98,0.0,2.36,2.36,2.36,0.0,35.0,35.0,35.0,0.0,-0.7762508480419159
Bi3Re,111,Bi9Re3,hollow|A_A_A|HCP,1.36224038043639,0.7740167934797455,3.0,2,4.675254392360772,Bi3Re,209.5,217.0,207.0,4.330127018922194,203.28705,208.9804,186.207,9.861171465272271,2.25,3,0,1.299038105676658,8.75,10,5,2.165063509461097,0.747,0.946,0.15,0.3446781107062066,12.555250000000001,20.8,9.807,4.760108631901168,13.0,15,7,3.4641016151377544,1273.1625,3459.0,544.55,1261.9938690297786,7.436749999999999,7.88,7.289,0.2559105068183017,1.9900000000000002,2.02,1.9,0.05196152422706637,16.425,33.0,10.9,9.569580711818046,0.5882235869566446
Ag3Pt,111,Ag9Pt3,hollow|A_A_A|FCC,2.38981516164114,0.7573574399838208,3.0,2,4.675254392360772,Ag3Pt,181.25,209.0,172.0,16.021469970012117,129.671,195.08,107.868,37.76390375742424,0.0,0,0,0.0,9.75,10,9,0.4330127018922193,1.5085000000000002,2.128,1.302,0.3576684917629732,13.24075,21.46,10.501,4.745386200036832,10.75,11,10,0.4330127018922193,1436.585,2041.55,1234.93,349.2767056003019,7.9319999999999995,9.0,7.576,0.6166100874945204,2.0175,2.28,1.93,0.15155444566227672,13.475000000000001,20.0,11.3,3.767210506462308,1.6324577216573193
Ag3Zn,111,Ag9Zn3,hollow|A_A_B|HCP,1.21103501974341,0.178110072182676,3.0,2,4.675254392360772,Ag3Zn,163.75,172.0,139.0,14.289419162443238,97.251,107.868,65.4,18.389183423958766,0.0,0,0,0.0,10.0,10,10,0.0,,1.302,1.302,,9.65925,10.501,7.134,1.457953767271102,11.25,12,11,0.4330127018922193,1099.3675,1234.93,692.68,234.80113760105598,8.0305,9.394,7.576,0.787217092040055,1.8599999999999999,1.93,1.65,0.12124355652982143,10.312500000000002,11.3,7.35,1.710400172474267,1.032924947560734
Ag3Zn,111,Ag9Zn3,hollow|A_A_B|FCC,1.16888200104205,0.1828890714795079,3.0,2,4.675254392360772,Ag3Zn,163.75,172.0,139.0,14.289419162443238,97.251,107.868,65.4,18.389183423958766,0.0,0,0,0.0,10.0,10,10,0.0,,1.302,1.302,,9.65925,10.501,7.134,1.457953767271102,11.25,12,11,0.4330127018922193,1099.3675,1234.93,692.68,234.80113760105598,8.0305,9.394,7.576,0.787217092040055,1.8599999999999999,1.93,1.65,0.12124355652982143,10.312500000000002,11.3,7.35,1.710400172474267,0.985992929562542
Au,111,Au12,hollow|A_A_A|HCP,2.61923161793658,1.4154380916778564,3.0,1,-0.0,Au,166.0,166.0,166.0,0.0,196.96657,196.96657,196.96657,0.0,0.0,0,0,0.0,10.0,10,10,0.0,2.309,2.309,2.309,0.0,19.282,19.282,19.282,0.0,11.0,11,11,0.0,1337.33,1337.33,1337.33,0.0,9.226,9.226,9.226,0.0,2.54,2.54,2.54,0.0,12.5,12.5,12.5,0.0,1.2037935262587238
CoCo-MOF,100,Co9C96H48N48,M2,2.99508519000005,0.932594390000304,1.0,4,9.777286414534835,Co3C32H16N16,155.46268656716416,192.0,120.0,21.472876579612066,11.961068208955224,58.93319,1.008,11.333288110744517,1.671641791044776,3,0,1.1248623093383148,0.3134328358208955,7,0,1.4476842570724944,,1.263,0.661,,1.4797828011940297,8.86,8.988e-05,1.944154440995748,10.91044776119403,15,1,5.671956000722924,1923.4531343283584,3823.0,13.81,1849.7956196117862,12.448880597014925,14.534,7.881,1.721322639000014,2.5534328358208955,3.04,1.88,0.3266179119618919,51.09385074626865,105.0,0.36,51.642486455640444,2.062490799999746
Cu3Rh,111,Cu9Rh3,hollow|A_A_B|HCP,0.619073404933999,0.2754333553792776,3.0,2,4.675254392360772,Cu3Rh,153.75,195.0,140.0,23.81569860407206,73.388875,102.9055,63.55,17.04143138931924,0.0,0,0,0.0,9.5,10,8,0.8660254037844386,1.20525,1.228,1.137,0.03940415587219195,9.79975,12.4,8.933,1.5012550374603246,10.5,11,9,0.8660254037844386,1577.5774999999999,2237.0,1357.77,380.717757884696,7.65925,7.726,7.459,0.11561439140522271,1.9949999999999997,2.28,1.9,0.1645448267190433,15.25,21.7,13.1,3.7239092362730863,0.3436400495547214
Tc3Au,111,Au3Tc9,hollow|A_A_A|FCC,-0.865067716560759,-0.7054583921191124,3.0,2,4.675254392360772,AuTc3,198.25,209.0,166.0,18.619546181365433,121.9214125,196.96657,96.90636,43.327341884002855,0.0,0,0,0.0,6.25,10,5,2.165063509461097,0.9897500000000001,2.309,0.55,0.7616693426284138,13.0705,19.282,11.0,3.5862111970713606,8.0,11,7,1.7320508075688772,2156.8325,2430.0,1337.33,473.1399889765713,7.766500000000001,9.226,7.28,0.8426427178822591,2.0599999999999996,2.54,1.9,0.2771281292110204,20.375,23.0,12.5,4.546633369868303,-0.15960932444164655
AgRh,101,Ag6Rh6,bridge|B_B|A,0.612177904240355,0.0814393180816068,2.0,2,5.762825659175385,AgRh,183.5,195.0,172.0,11.5,105.38675,107.868,102.9055,2.4812499999999957,0.0,0,0,0.0,9.0,10,8,1.0,1.2195,1.302,1.137,0.08250000000000002,11.4505,12.4,10.501,0.9495000000000005,10.0,11,9,1.0,1735.9650000000001,2237.0,1234.93,501.03499999999997,7.5175,7.576,7.459,0.058499999999999996,2.105,2.28,1.93,0.17499999999999993,16.5,21.7,11.3,5.199999999999999,0.5307385861587482
Ag3Bi,111,Ag9Bi3,hollow|A_A_B|FCC,1.71657463993671,0.6129463536825597,3.0,2,4.675254392360772,Ag3Bi,180.75,207.0,172.0,15.155444566227676,133.1461,208.9804,107.868,43.78295351880684,0.75,3,0,1.299038105676658,10.0,10,10,0.0,1.213,1.302,0.946,0.1541525218736301,10.3275,10.501,9.807,0.3005108151131998,12.0,15,11,1.7320508075688772,1062.335,1234.93,544.55,298.9433091323504,7.504249999999999,7.576,7.289,0.1242746454430669,1.9525000000000001,2.02,1.93,0.038971143170299774,11.200000000000001,11.3,10.9,0.1732050807568879,1.1036282862541502
Zn-HESO45-MnNiFeCrZn,100,Co9CrFeMnNiZnO20,Co,2.97845907999999,0.8759619300000168,1.0,7,9.831694087825896,Co9CrFeMnNiZnO20,166.1764705882353,197.0,139.0,19.565080821280873,33.448404411764706,65.4,15.999,20.934279736317823,2.3529411764705883,4,0,1.9686118271390012,2.852941176470588,10,0,3.4905953726210264,,1.461,0.163,,3.474664117647059,8.912,0.001429,4.175328912739702,13.058823529411764,16,6,3.6132206301026386,733.2317647058824,2180.0,54.36,835.2070519636595,11.247823529411766,13.618,6.767,2.8524749467434956,2.7741176470588234,3.44,1.55,0.7989777205428669,6.537941176470588,20.5,0.222,7.754352166748138,2.1024971499999734
Ru3Cu,111,Cu3Ru9,hollow|A_A_A|HCP,-0.68249334466617,-0.0592668022246698,3.0,2,4.675254392360772,CuRu3,190.25,207.0,140.0,29.011851026778693,91.71249999999999,101.1,63.55,16.259626956052834,0.0,0,0,0.0,7.75,10,7,1.299038105676658,1.0945,1.228,1.05,0.07707626093681501,11.30825,12.1,8.933,1.3713512268926586,8.75,11,8,1.299038105676658,2294.6925,2607.0,1357.77,540.9324575848171,7.452249999999999,7.726,7.361,0.15804963619066015,2.125,2.2,1.9,0.1299038105676659,22.549999999999997,25.7,13.1,5.455960043841963,-0.6232265424415001
Cu-fcc,111,Cu16,fcc,1.09266451,0.1419359387946315,3.0,1,-0.0,Cu,140.0,140.0,140.0,0.0,63.55,63.55,63.55,0.0,0.0,0,0,0.0,10.0,10,10,0.0,1.228,1.228,1.228,0.0,8.933,8.933,8.933,0.0,11.0,11,11,0.0,1357.77,1357.77,1357.77,0.0,7.726,7.726,7.726,0.0,1.9,1.9,1.9,0.0,13.1,13.1,13.1,0.0,0.9507285712053686
Rh3Pd,111,Pd3Rh9,hollow|A_A_A|HCP,0.352540212937868,0.3442788367800631,3.0,2,4.675254392360772,PdRh3,196.75,202.0,195.0,3.031088913245535,103.784125,106.42,102.9055,1.521823140800204,0.0,0,0,0.0,8.5,10,8,0.8660254037844386,0.992,1.137,0.557,0.2511473670974872,12.3,12.4,12.0,0.1732050807568879,9.25,10,9,0.4330127018922193,2134.7625,2237.0,1828.05,177.08054443882313,7.6785,8.337,7.459,0.3801851522613686,2.26,2.28,2.2,0.034641016151377386,20.45,21.7,16.7,2.165063509461097,0.008261376157804923
Os3Re,111,Os9Re3,hollow|A_A_B|FCC,-0.145874106361759,0.0815556467795204,3.0,2,4.675254392360772,Os3Re,216.25,217.0,216.0,0.4330127018922193,189.20174999999998,190.2,186.207,1.7290197186556295,0.0,0,0,0.0,5.75,6,5,0.4330127018922193,0.8625,1.1,0.15,0.4113620667976084,22.1275,22.57,20.8,0.766432482349228,7.75,8,7,0.4330127018922193,3344.25,3459.0,3306.0,66.25094338950956,8.495,8.7,7.88,0.35507041555161956,2.125,2.2,1.9,0.1299038105676659,31.5,33.0,31.0,0.8660254037844386,-0.2274297531412794
Zn-HESO109-MnNiFeCrZn,100,Co9CrFeMnNiZnO20,Co,2.54297993,0.5193834300000049,1.0,7,9.831694087825896,Co9CrFeMnNiZnO20,166.1764705882353,197.0,139.0,19.565080821280873,33.448404411764706,65.4,15.999,20.934279736317823,2.3529411764705883,4,0,1.9686118271390012,2.852941176470588,10,0,3.4905953726210264,,1.461,0.163,,3.474664117647059,8.912,0.001429,4.175328912739702,13.058823529411764,16,6,3.6132206301026386,733.2317647058824,2180.0,54.36,835.2070519636595,11.247823529411766,13.618,6.767,2.8524749467434956,2.7741176470588234,3.44,1.55,0.7989777205428669,6.537941176470588,20.5,0.222,7.754352166748138,2.023596499999995
Ir3Pt,111,Ir9Pt3,top|B,2.51041506253733,1.6321324095814589,1.0,2,4.675254392360772,Ir3Pt,203.75,209.0,202.0,3.031088913245535,192.935,195.08,192.22,1.2384163274117532,0.0,0,0,0.0,7.5,9,7,0.8660254037844386,1.70575,2.128,1.565,0.24378615116531957,22.18,22.42,21.46,0.41569219381653094,9.25,10,9,0.4330127018922193,2549.6375,2719.0,2041.55,293.34445489688403,9.075,9.1,9.0,0.04330127018922177,2.22,2.28,2.2,0.034641016151377386,24.5,26.0,20.0,2.598076211353316,0.8782826529558712
PdPt,101,Pd6Pt6,hollow|A_A_B|FCC,1.32752042333942,0.6920063084806998,4.0,2,5.762825659175385,PdPt,205.5,209.0,202.0,3.5,150.75,195.08,106.42,44.330000000000005,0.0,0,0,0.0,9.5,10,9,0.5,1.3425,2.128,0.557,0.7855000000000001,16.73,21.46,12.0,4.73,10.0,10,10,0.0,1934.8,2041.55,1828.05,106.75,8.6685,9.0,8.337,0.33150000000000013,2.24,2.28,2.2,0.039999999999999813,18.35,20.0,16.7,1.6500000000000004,0.6355141148587202
Cu,111,Cu12,top|A,2.56081870894178,0.9692630985781534,1.0,1,-0.0,Cu,140.0,140.0,140.0,0.0,63.55,63.55,63.55,0.0,0.0,0,0,0.0,10.0,10,10,0.0,1.228,1.228,1.228,0.0,8.933,8.933,8.933,0.0,11.0,11,11,0.0,1357.77,1357.77,1357.77,0.0,7.726,7.726,7.726,0.0,1.9,1.9,1.9,0.0,13.1,13.1,13.1,0.0,1.5915556103636268
Pt3Rh,111,Pt9Rh3,hollow|A_A_B|FCC,1.02603148763211,0.8789445699775342,3.0,2,4.675254392360772,Pt3Rh,205.5,209.0,195.0,6.06217782649107,172.036375,195.08,102.9055,39.91272929056437,0.0,0,0,0.0,8.75,9,8,0.4330127018922193,1.8802500000000002,2.128,1.137,0.4291155875751894,19.195,21.46,12.4,3.9230950791435073,9.75,10,9,0.4330127018922193,2090.4125,2237.0,2041.55,84.63233258483429,8.61475,9.0,7.459,0.6672725736159102,2.28,2.28,2.28,0.0,20.425,21.7,20.0,0.7361215932167725,0.1470869176545757
Pt3Ir,111,Ir3Pt9,hollow|A_A_A|HCP,1.94934612373964,1.5153406057769416,3.0,2,4.675254392360772,IrPt3,207.25,209.0,202.0,3.031088913245535,194.365,195.08,192.22,1.2384163274117532,0.0,0,0,0.0,8.5,9,7,0.8660254037844386,1.98725,2.128,1.565,0.24378615116531957,21.7,22.42,21.46,0.41569219381653094,9.75,10,9,0.4330127018922193,2210.9125,2719.0,2041.55,293.34445489688403,9.025,9.1,9.0,0.04330127018922177,2.26,2.28,2.2,0.034641016151377386,21.5,26.0,20.0,2.598076211353316,0.43400551796269826
Au3Bi,111,Au9Bi3,hollow|A_A_B|FCC,1.79428354943576,0.9496118535797676,3.0,2,4.675254392360772,Au3Bi,176.25,207.0,166.0,17.75352077758099,199.9700275,208.9804,196.96657,5.202140988373807,0.75,3,0,1.299038105676658,10.0,10,10,0.0,1.96825,2.309,0.946,0.590196312679095,16.91325,19.282,9.807,4.102795350428778,12.0,15,11,1.7320508075688772,1139.135,1337.33,544.55,343.28380980611365,8.741750000000001,9.226,7.289,0.8387456035652293,2.41,2.54,2.02,0.22516660498395405,12.1,12.5,10.9,0.6928203230275508,0.8446716958559924
Pt3Re,111,Pt9Re3,top|B,-0.969138742559323,-0.69673278971743,1.0,2,4.675254392360772,Pt3Re,211.0,217.0,209.0,3.4641016151377544,192.86175,195.08,186.207,3.8421217038896702,0.0,0,0,0.0,8.0,9,5,1.7320508075688772,1.6335000000000002,2.128,0.15,0.85649912434281,21.294999999999998,21.46,20.8,0.2857883832488648,9.25,10,7,1.299038105676658,2395.9125,3459.0,2041.55,613.7738542971263,8.72,9.0,7.88,0.48497422611928565,2.185,2.28,1.9,0.1645448267190433,23.25,33.0,20.0,5.629165124598851,-0.27240595284189295
Os3Pt,111,Os9Pt3,top|A,0.78769582003207,0.1862583850787587,1.0,2,4.675254392360772,Os3Pt,214.25,216.0,209.0,3.031088913245535,191.42,195.08,190.2,2.1131019852340405,0.0,0,0,0.0,6.75,9,6,1.299038105676658,1.3570000000000002,2.128,1.1,0.4451370575452015,22.292500000000004,22.57,21.46,0.4806440991003632,8.5,10,8,0.8660254037844386,2989.8875,3306.0,2041.55,547.5229109076167,8.774999999999999,9.0,8.7,0.12990381056766612,2.22,2.28,2.2,0.034641016151377386,28.25,31.0,20.0,4.763139720814412,0.6014374349533113
Re3Ru,111,Re9Ru3,hollow|A_A_A|FCC,-0.914077867863114,-0.4613457477199745,3.0,2,4.675254392360772,Re3Ru,214.5,217.0,207.0,4.330127018922194,164.93025,186.207,101.1,36.85241201994111,0.0,0,0,0.0,5.5,7,5,0.8660254037844386,0.375,1.05,0.15,0.3897114317029974,18.625,20.8,12.1,3.7672105064623085,7.25,8,7,0.4330127018922193,3246.0,3459.0,2607.0,368.9268220121709,7.75025,7.88,7.361,0.22473359228206188,1.9749999999999999,2.2,1.9,0.1299038105676659,31.175,33.0,25.7,3.160992723813201,-0.45273212014313946
Ru3Os,111,Os3Ru9,top|B,0.555574960438946,0.521531206279974,1.0,2,4.675254392360772,OsRu3,209.25,216.0,207.0,3.897114317029974,123.37499999999999,190.2,101.1,38.58143173859674,0.0,0,0,0.0,6.75,7,6,0.4330127018922193,1.0625,1.1,1.05,0.021650635094610987,14.7175,22.57,12.1,4.533642988811536,8.0,8,8,0.0,2781.75,3306.0,2607.0,302.6758786226613,7.695749999999999,8.7,7.361,0.5798040078336815,2.2,2.2,2.2,0.0,27.025,31.0,25.7,2.294967320028763,0.034043754158972095
Au3Ag,111,Ag3Au9,hollow|A_A_B|HCP,2.54508386233994,1.192428555780566,3.0,2,4.675254392360772,AgAu3,167.5,172.0,166.0,2.598076211353316,174.69192749999996,196.96657,107.868,38.580812530433036,0.0,0,0,0.0,10.0,10,10,0.0,2.0572500000000002,2.309,1.302,0.4360437908054649,17.086750000000002,19.282,10.501,3.8022845353155783,11.0,11,11,0.0,1311.73,1337.33,1234.93,44.3405006737632,8.813500000000001,9.226,7.576,0.7144709581221623,2.3875,2.54,1.93,0.26413774815425384,12.2,12.5,11.3,0.5196152422706629,1.3526553065593738
Ag3Pd,111,Ag9Pd3,hollow|A_A_A|FCC,2.22858172573962,0.6618731021779922,3.0,2,4.675254392360772,Ag3Pd,179.5,202.0,172.0,12.99038105676658,107.506,107.868,106.42,0.6270023923399307,0.0,0,0,0.0,10.0,10,10,0.0,1.11575,1.302,0.557,0.3225944629097034,10.87575,12.0,10.501,0.649086040136437,10.75,11,10,0.4330127018922193,1383.21,1828.05,1234.93,256.8284937463131,7.766249999999999,8.337,7.576,0.329522666139979,1.9975,2.2,1.93,0.11691342951089932,12.650000000000002,16.7,11.3,2.3382685902179836,1.5667086235616279
Ag3Cu,111,Ag9Cu3,hollow|A_A_A|HCP,2.23105279153589,0.7084841619770259,3.0,2,4.675254392360772,Ag3Cu,164.0,172.0,140.0,13.856406460551018,96.7885,107.868,63.55,19.190256922459376,0.0,0,0,0.0,10.0,10,10,0.0,1.2835,1.302,1.228,0.03204293994002426,10.109,10.501,8.933,0.6789639165669997,11.0,11,11,0.0,1265.6399999999999,1357.77,1234.93,53.19128030044019,7.613499999999999,7.726,7.576,0.06495190528383306,1.9224999999999999,1.93,1.9,0.012990381056766592,11.750000000000002,13.1,11.3,0.7794228634059943,1.5225686295588643
Pd3Ag,111,Ag3Pd9,hollow|A_A_A|FCC,1.39590371953437,0.7903355964780303,3.0,2,4.675254392360772,AgPd3,194.5,202.0,172.0,12.99038105676658,106.782,107.868,106.42,0.6270023923399307,0.0,0,0,0.0,10.0,10,10,0.0,0.7432500000000001,1.302,0.557,0.3225944629097034,11.62525,12.0,10.501,0.649086040136437,10.25,11,10,0.4330127018922193,1679.77,1828.05,1234.93,256.8284937463131,8.146749999999999,8.337,7.576,0.32952266613997894,2.1325000000000003,2.2,1.93,0.11691342951089932,15.349999999999998,16.7,11.3,2.3382685902179836,0.6055681230563397
Ir3Re,111,Ir9Re3,hollow|A_A_A|FCC,1.69530526993896,1.0901070855805983,3.0,2,4.675254392360772,Ir3Re,205.75,217.0,202.0,6.49519052838329,190.71675,192.22,186.207,2.603705376477917,0.0,0,0,0.0,6.5,7,5,0.8660254037844386,1.2112500000000002,1.565,0.15,0.6127129731774903,22.015,22.42,20.8,0.7014805770653957,8.5,9,7,0.8660254037844386,2904.0,3459.0,2719.0,320.4293994002423,8.795,9.1,7.88,0.5282754963085075,2.125,2.2,1.9,0.1299038105676659,27.75,33.0,26.0,3.031088913245535,0.6051981843583616
Ir,111,Ir12,top|A,1.6106365047379,1.1121982393823373,1.0,1,-0.0,Ir,202.0,202.0,202.0,0.0,192.22,192.22,192.22,0.0,0.0,0,0,0.0,7.0,7,7,0.0,1.565,1.565,1.565,0.0,22.42,22.42,22.42,0.0,9.0,9,9,0.0,2719.0,2719.0,2719.0,0.0,9.1,9.1,9.1,0.0,2.2,2.2,2.2,0.0,26.0,26.0,26.0,0.0,0.4984382653555628
Zn-HESO21-MnNiFeCrZn,100,Co9CrFeMnNiZnO20,Co,3.18622916999999,1.1644308799999976,1.0,7,9.831694087825896,Co9CrFeMnNiZnO20,166.1764705882353,197.0,139.0,19.565080821280873,33.448404411764706,65.4,15.999,20.934279736317823,2.3529411764705883,4,0,1.9686118271390012,2.852941176470588,10,0,3.4905953726210264,,1.461,0.163,,3.474664117647059,8.912,0.001429,4.175328912739702,13.058823529411764,16,6,3.6132206301026386,733.2317647058824,2180.0,54.36,835.2070519636595,11.247823529411766,13.618,6.767,2.8524749467434956,2.7741176470588234,3.44,1.55,0.7989777205428669,6.537941176470588,20.5,0.222,7.754352166748138,2.0217982899999924
IrPt,101,Ir6Pt6,top|A,1.44810086813942,0.3086528767825029,1.0,2,5.762825659175385,IrPt,205.5,209.0,202.0,3.5,193.65,195.08,192.22,1.4300000000000068,0.0,0,0,0.0,8.0,9,7,1.0,1.8465,2.128,1.565,0.2815000000000001,21.94,22.42,21.46,0.4800000000000004,9.5,10,9,0.5,2380.275,2719.0,2041.55,338.725,9.05,9.1,9.0,0.04999999999999982,2.24,2.28,2.2,0.039999999999999813,23.0,26.0,20.0,3.0,1.139447991356917
Rh3Au,111,Au3Rh9,hollow|A_A_A|HCP,0.372652963138364,0.3897691956780136,3.0,2,4.675254392360772,AuRh3,187.75,195.0,166.0,12.55736835487436,126.4207675,196.96657,102.9055,40.72963806357317,0.0,0,0,0.0,8.5,10,8,0.8660254037844386,1.4300000000000002,2.309,1.137,0.5074908866176812,14.1205,19.282,12.4,2.9799934144222533,9.5,11,9,0.8660254037844386,2012.0825,2237.0,1337.33,389.56853751137294,7.90075,9.226,7.459,0.7651334442435521,2.3449999999999998,2.54,2.28,0.11258330249197712,19.4,21.7,12.5,3.9837168574084174,-0.017116232539649612
Bi3Pd,111,Bi9Pd3,hollow|A_A_A|HCP,1.51828161214127,0.7794729479800253,3.0,2,4.675254392360772,Bi3Pd,205.75,207.0,202.0,2.165063509461097,183.34029999999998,208.9804,106.42,44.409955911146774,2.25,3,0,1.299038105676658,10.0,10,10,0.0,0.84875,0.946,0.557,0.16844194103607327,10.35525,12.0,9.807,0.9495968552496369,13.75,15,10,2.165063509461097,865.425,1828.05,544.55,555.7718028786635,7.550999999999999,8.337,7.289,0.45379731158304587,2.0650000000000004,2.2,2.02,0.07794228634059955,12.350000000000001,16.7,10.9,2.5114736709748717,0.7388086641612448
Re3Ir,111,Ir3Re9,top|B,1.84622640763683,1.265736704180085,1.0,2,4.675254392360772,IrRe3,213.25,217.0,202.0,6.49519052838329,187.71025,192.22,186.207,2.603705376477917,0.0,0,0,0.0,5.5,7,5,0.8660254037844386,0.5037499999999999,1.565,0.15,0.6127129731774903,21.205000000000002,22.42,20.8,0.7014805770653957,7.5,9,7,0.8660254037844386,3274.0,3459.0,2719.0,320.4293994002423,8.185,9.1,7.88,0.5282754963085075,1.9749999999999999,2.2,1.9,0.1299038105676659,31.25,33.0,26.0,3.031088913245535,0.5804897034567449
Re3Ir,111,Ir3Re9,hollow|A_A_A|HCP,-1.32638353176316,-0.7937755235208215,3.0,2,4.675254392360772,IrRe3,213.25,217.0,202.0,6.49519052838329,187.71025,192.22,186.207,2.603705376477917,0.0,0,0,0.0,5.5,7,5,0.8660254037844386,0.5037499999999999,1.565,0.15,0.6127129731774903,21.205000000000002,22.42,20.8,0.7014805770653957,7.5,9,7,0.8660254037844386,3274.0,3459.0,2719.0,320.4293994002423,8.185,9.1,7.88,0.5282754963085075,1.9749999999999999,2.2,1.9,0.1299038105676659,31.25,33.0,26.0,3.031088913245535,-0.5326080082423386
Ag3Rh,111,Ag9Rh3,hollow|A_A_A|FCC,2.25136595363784,0.6994604588807078,3.0,2,4.675254392360772,Ag3Rh,177.75,195.0,172.0,9.959292143521045,106.627375,107.868,102.9055,2.1488255331401347,0.0,0,0,0.0,9.5,10,8,0.8660254037844386,1.26075,1.302,1.137,0.0714470958122162,10.97575,12.4,10.501,0.8222911208933249,10.5,11,9,0.8660254037844386,1485.4475,2237.0,1234.93,433.90903818513624,7.546749999999999,7.576,7.459,0.050662486121389655,2.0175,2.28,1.93,0.15155444566227672,13.900000000000002,21.7,11.3,4.50333209967908,1.5519054947571322
Zn3Re,111,Re3Zn9,top|B,-0.299831218264615,-0.1518954414233349,1.0,2,4.675254392360772,ReZn3,158.5,217.0,139.0,33.77499074759311,95.60175000000001,186.207,65.4,52.31096547749333,0.0,0,0,0.0,8.75,10,5,2.165063509461097,,0.15,0.15,,10.5505,20.8,7.134,5.917551584059069,10.75,12,7,2.165063509461097,1384.26,3459.0,692.68,1197.851697498484,9.015500000000001,9.394,7.88,0.6555812306648202,1.7125,1.9,1.65,0.10825317547305482,13.7625,33.0,7.35,11.106775803535426,-0.14793577684128012
Ga,111,Ga12,hollow|A_A_A|HCP,0.358015687644922,0.360388112178839,3.0,1,-0.0,Ga,187.0,187.0,187.0,0.0,69.723,69.723,69.723,0.0,1.0,1,1,0.0,10.0,10,10,0.0,0.3,0.3,0.3,0.0,5.91,5.91,5.91,0.0,13.0,13,13,0.0,302.91,302.91,302.91,0.0,5.999,5.999,5.999,0.0,1.81,1.81,1.81,0.0,5.59,5.59,5.59,0.0,-0.002372424533917006
Ag3Bi,111,Ag9Bi3,hollow|A_A_A|FCC,1.93845435914028,0.489941646778675,3.0,2,4.675254392360772,Ag3Bi,180.75,207.0,172.0,15.155444566227676,133.1461,208.9804,107.868,43.78295351880684,0.75,3,0,1.299038105676658,10.0,10,10,0.0,1.213,1.302,0.946,0.1541525218736301,10.3275,10.501,9.807,0.3005108151131998,12.0,15,11,1.7320508075688772,1062.335,1234.93,544.55,298.9433091323504,7.504249999999999,7.576,7.289,0.1242746454430669,1.9525000000000001,2.02,1.93,0.038971143170299774,11.200000000000001,11.3,10.9,0.1732050807568879,1.448512712361605
Ag3Os,111,Ag9Os3,top|B,-0.797905395160512,-0.6007632729189254,1.0,2,4.675254392360772,Ag3Os,183.0,216.0,172.0,19.05255888325765,128.451,190.2,107.868,35.6508017721902,0.0,0,0,0.0,9.0,10,6,1.7320508075688772,1.2515,1.302,1.1,0.08746856578222828,13.51825,22.57,10.501,5.226030299137196,10.25,11,8,1.299038105676658,1752.6975,3306.0,1234.93,896.7996165079187,7.856999999999999,8.7,7.576,0.48670627692685436,1.9975,2.2,1.93,0.11691342951089932,16.225,31.0,11.3,8.53035022727672,-0.19714212224158656
Rh3Ru,111,Rh9Ru3,hollow|A_A_A|HCP,0.800975927737284,0.5042632701814682,3.0,2,4.675254392360772,Rh3Ru,198.0,207.0,195.0,5.196152422706632,102.454125,102.9055,101.1,0.781804433266406,0.0,0,0,0.0,7.75,8,7,0.4330127018922193,1.11525,1.137,1.05,0.03767210506462307,12.325000000000001,12.4,12.1,0.12990381056766612,8.75,9,8,0.4330127018922193,2329.5,2607.0,2237.0,160.21469970012114,7.4345,7.459,7.361,0.042435244785437434,2.26,2.28,2.2,0.034641016151377386,22.7,25.7,21.7,1.7320508075688772,0.2967126575558158
Cu3Zn,111,Cu9Zn3,hollow|A_A_A|HCP,0.980518135143768,0.2342077006877616,3.0,2,4.675254392360772,Cu3Zn,139.75,140.0,139.0,0.4330127018922193,64.01249999999999,65.4,63.55,0.8010734985006094,0.0,0,0,0.0,10.0,10,10,0.0,,1.228,1.228,,8.48325,8.933,7.134,0.7789898507041023,11.25,12,11,0.4330127018922193,1191.4975,1357.77,692.68,287.9924179014962,8.143,9.394,7.726,0.7222651867562219,1.8375,1.9,1.65,0.10825317547305482,11.6625,13.1,7.35,2.4898230358802613,0.7463104344560063
Pd3Pt,111,Pd9Pt3,top|B,2.0605510222411,0.5973369514803153,1.0,2,4.675254392360772,Pd3Pt,203.75,209.0,202.0,3.031088913245535,128.585,195.08,106.42,38.39090614976417,0.0,0,0,0.0,9.75,10,9,0.4330127018922193,0.9497500000000001,2.128,0.557,0.6802629546726766,14.365,21.46,12.0,4.096300159900395,10.0,10,10,0.0,1881.425,2041.55,1828.05,92.44821185398882,8.502749999999999,9.0,8.337,0.2870874213545415,2.22,2.28,2.2,0.034641016151377386,17.525,20.0,16.7,1.4289419162443242,1.4632140707607846
Zn3Ru,111,Ru3Zn9,hollow|A_A_A|FCC,0.993511434938966,0.4215108668767016,3.0,2,4.675254392360772,RuZn3,156.0,207.0,139.0,29.444863728670914,74.325,101.1,65.4,15.458553457552226,0.0,0,0,0.0,9.25,10,7,1.299038105676658,,1.05,1.05,,8.3755,12.1,7.134,2.1503410775967606,11.0,12,8,1.7320508075688772,1171.26,2607.0,692.68,828.9248754863133,8.88575,9.394,7.361,0.8803148229468821,1.7874999999999999,2.2,1.65,0.23815698604072075,11.9375,25.7,7.35,7.945783079722224,0.5720005680622644
Ni-fcc,111,Ni16,fcc,0.351821939999994,0.027117504592752,3.0,1,-0.0,Ni,163.0,163.0,163.0,0.0,58.693,58.693,58.693,0.0,0.0,0,0,0.0,8.0,8,8,0.0,1.156,1.156,1.156,0.0,8.912,8.912,8.912,0.0,10.0,10,10,0.0,1728.0,1728.0,1728.0,0.0,7.64,7.64,7.64,0.0,1.91,1.91,1.91,0.0,17.2,17.2,17.2,0.0,0.32470443540724203
Au3Bi,111,Au9Bi3,hollow|A_A_B|HCP,1.86352876613802,0.8797825444788714,3.0,2,4.675254392360772,Au3Bi,176.25,207.0,166.0,17.75352077758099,199.9700275,208.9804,196.96657,5.202140988373807,0.75,3,0,1.299038105676658,10.0,10,10,0.0,1.96825,2.309,0.946,0.590196312679095,16.91325,19.282,9.807,4.102795350428778,12.0,15,11,1.7320508075688772,1139.135,1337.33,544.55,343.28380980611365,8.741750000000001,9.226,7.289,0.8387456035652293,2.41,2.54,2.02,0.22516660498395405,12.1,12.5,10.9,0.6928203230275508,0.9837462216591486
NiCo-MOF,100,Co3Ni6C96H48N48,M1,3.9187312799999696,1.6074597999997875,1.0,5,10.014240688946913,CoNi2C32H16N16,154.59701492537312,192.0,120.0,20.54704082372246,11.953898358208955,58.93319,1.008,11.303606677334423,1.671641791044776,3,0,1.1248623093383148,0.34328358208955223,8,0,1.588693622774349,,1.263,0.661,,1.48133504,8.912,8.988e-05,1.9500580802840308,10.940298507462686,15,1,5.664449485218735,1922.259104477612,3823.0,13.81,1849.9084845438322,12.44168656716418,14.534,7.64,1.7407919385732602,2.5543283582089553,3.04,1.88,0.32480636656780015,51.12370149253731,105.0,0.36,51.62259342604066,2.3112714800001823
CuRu,101,Cu6Ru6,hollow|A_A_B|HCP,0.595861550343955,0.3232162733810355,4.0,2,5.762825659175385,CuRu,173.5,207.0,140.0,33.5,82.32499999999999,101.1,63.55,18.775,0.0,0,0,0.0,8.5,10,7,1.5,1.139,1.228,1.05,0.08899999999999997,10.5165,12.1,8.933,1.5835,9.5,11,8,1.5,1982.385,2607.0,1357.77,624.615,7.5435,7.726,7.361,0.1825000000000001,2.05,2.2,1.9,0.15000000000000013,19.4,25.7,13.1,6.3,0.27264527696291957
Ru3Re,111,Re3Ru9,hollow|A_A_A|HCP,-0.222671434461688,-0.0380370247213477,3.0,2,4.675254392360772,ReRu3,209.5,217.0,207.0,4.330127018922194,122.37674999999999,186.207,101.1,36.85241201994111,0.0,0,0,0.0,6.5,7,5,0.8660254037844386,0.8250000000000001,1.05,0.15,0.3897114317029974,14.274999999999999,20.8,12.1,3.7672105064623085,7.75,8,7,0.4330127018922193,2820.0,3459.0,2607.0,368.9268220121709,7.490749999999999,7.88,7.361,0.22473359228206188,2.125,2.2,1.9,0.1299038105676659,27.525,33.0,25.7,3.160992723813201,-0.1846344097403403
Tc3Re,111,Re3Tc9,hollow|A_A_A|HCP,-1.20994193846144,-0.7258205346180375,3.0,2,4.675254392360772,ReTc3,211.0,217.0,209.0,3.4641016151377544,119.23152,186.207,96.90636,38.66831140710439,0.0,0,0,0.0,5.0,5,5,0.0,0.45,0.55,0.15,0.17320508075688776,13.45,20.8,11.0,4.24352447854375,7.0,7,7,0.0,2687.25,3459.0,2430.0,445.57007024709367,7.43,7.88,7.28,0.25980762113533146,1.9,1.9,1.9,0.0,25.5,33.0,23.0,4.330127018922194,-0.4841214038434025
Cu3Pt,111,Cu9Pt3,top|B,2.43069278273816,1.402606835680558,1.0,2,4.675254392360772,Cu3Pt,157.25,209.0,140.0,29.877876430563134,96.4325,195.08,63.55,56.954160679883614,0.0,0,0,0.0,9.75,10,9,0.4330127018922193,1.453,2.128,1.228,0.38971143170299744,12.06475,21.46,8.933,5.424350116603832,10.75,11,10,0.4330127018922193,1528.715,2041.55,1357.77,296.0854252998617,8.0445,9.0,7.726,0.5516581822106874,1.9949999999999997,2.28,1.9,0.1645448267190433,14.825,20.0,13.1,2.9877876430563135,1.028085947057602
Cu3Pd,111,Cu9Pd3,hollow|A_A_A|FCC,0.809942759038506,0.1171707222791837,3.0,2,4.675254392360772,Cu3Pd,155.5,202.0,140.0,26.846787517317598,74.2675,106.42,63.55,18.563254530119444,0.0,0,0,0.0,10.0,10,10,0.0,1.0602500000000001,1.228,0.557,0.2905515229696791,9.69975,12.0,8.933,1.3280499567034367,10.75,11,10,0.4330127018922193,1475.34,1828.05,1357.77,203.6372134458729,7.87875,8.337,7.726,0.2645707608561459,1.9749999999999999,2.2,1.9,0.1299038105676659,14.0,16.7,13.1,1.5588457268119895,0.6927720367593223
Zn-HESO5-MnNiFeCrZn,100,Co9CrFeMnNiZnO20,Co,3.26958103999999,1.202675539999973,1.0,7,9.831694087825896,Co9CrFeMnNiZnO20,166.1764705882353,197.0,139.0,19.565080821280873,33.448404411764706,65.4,15.999,20.934279736317823,2.3529411764705883,4,0,1.9686118271390012,2.852941176470588,10,0,3.4905953726210264,,1.461,0.163,,3.474664117647059,8.912,0.001429,4.175328912739702,13.058823529411764,16,6,3.6132206301026386,733.2317647058824,2180.0,54.36,835.2070519636595,11.247823529411766,13.618,6.767,2.8524749467434956,2.7741176470588234,3.44,1.55,0.7989777205428669,6.537941176470588,20.5,0.222,7.754352166748138,2.066905500000017
LiCoO2,10-14,Co24Li24O51,,3.04838767,0.975509785,,3,8.553105100497893,Co8Li8O17,168.96969696969697,192.0,152.0,17.835077538863228,24.22571272727273,58.93319,7.0,19.970594215712516,2.0606060606060606,4,0,1.999081515450987,1.696969696969697,7,0,2.9998469504883833,1.0626969696969697,1.461,0.618,0.41083422040706874,2.278069484848485,8.86,0.001429,3.729575748264333,10.666666666666666,16,1,6.162775184914502,566.5854545454546,1768.0,54.36,698.691074757654,10.233030303030304,13.618,5.392,3.595145316613304,2.4654545454545453,3.44,0.98,1.0522734144902526,4.768909090909091,16.2,0.222,6.5640331484197825,2.072877885
Pd3Os,111,Os3Pd9,hollow|A_A_A|HCP,2.15275489163452,1.2323790849776517,3.0,2,4.675254392360772,OsPd3,205.5,216.0,202.0,6.06217782649107,127.365,190.2,106.42,36.27780416453013,0.0,0,0,0.0,9.0,10,6,1.7320508075688772,0.6927500000000001,1.1,0.557,0.23512589712747511,14.6425,22.57,12.0,4.576944259000759,9.5,10,8,0.8660254037844386,2197.5375,3306.0,1828.05,639.9711227616056,8.42775,8.7,8.337,0.15718361078687543,2.2,2.2,2.2,0.0,20.275,31.0,16.7,6.192081637058736,0.9203758066568681
Au3Os,111,Au9Os3,hollow|A_A_A|FCC,2.33683105983783,1.2353429489784276,3.0,2,4.675254392360772,Au3Os,178.5,216.0,166.0,21.650635094610966,195.2749275,196.96657,190.2,2.9300107582428354,0.0,0,0,0.0,9.0,10,6,1.7320508075688772,2.0067500000000003,2.309,1.1,0.5235123565876932,20.104,22.57,19.282,1.4237457638216173,10.25,11,8,1.299038105676658,1829.4975,3306.0,1337.33,852.4591158341555,9.0945,9.226,8.7,0.22776468119530804,2.455,2.54,2.2,0.1472243186433545,17.125,31.0,12.5,8.010734985006058,1.1014881108594023
Ru3Tc,111,Ru9Tc3,hollow|A_A_B|HCP,-0.772596903461988,-0.3303608942215987,3.0,2,4.675254392360772,Ru3Tc,207.5,209.0,207.0,0.8660254037844386,100.05158999999999,101.1,96.90636,1.8158993871632814,0.0,0,0,0.0,6.5,7,5,0.8660254037844386,0.925,1.05,0.55,0.21650635094610965,11.825,12.1,11.0,0.4763139720814411,7.75,8,7,0.4330127018922193,2562.75,2607.0,2430.0,76.64324823492282,7.34075,7.361,7.28,0.03507402885326956,2.125,2.2,1.9,0.1299038105676659,25.025,25.7,23.0,1.1691342951089918,-0.44223600924038925
Ir3Re,111,Ir9Re3,top|B,-0.488757271261591,-0.3884680834190703,1.0,2,4.675254392360772,Ir3Re,205.75,217.0,202.0,6.49519052838329,190.71675,192.22,186.207,2.603705376477917,0.0,0,0,0.0,6.5,7,5,0.8660254037844386,1.2112500000000002,1.565,0.15,0.6127129731774903,22.015,22.42,20.8,0.7014805770653957,8.5,9,7,0.8660254037844386,2904.0,3459.0,2719.0,320.4293994002423,8.795,9.1,7.88,0.5282754963085075,2.125,2.2,1.9,0.1299038105676659,27.75,33.0,26.0,3.031088913245535,-0.10028918784252072
HEO-43-Ni3.0Zn2.0Cr3.0Mn3.0Fe3.0Co2.0,100,Co3Cr2Fe3Mn2Ni2Zn2O20,Co,3.34600911999999,1.018996279999982,1.0,7,11.699451309662274,Co3Cr2Fe3Mn2Ni2Zn2O20,163.94117647058823,197.0,139.0,19.259743411140654,33.128048529411764,65.4,15.999,20.627467481870628,2.3529411764705883,4,0,1.9686118271390012,2.794117647058824,10,0,3.5044460144953167,,1.461,0.163,,3.2712523529411763,8.912,0.001429,3.937458654556529,12.970588235294118,16,6,3.8077729643581546,707.7517647058824,2180.0,54.36,827.7504828234974,11.240558823529412,13.618,6.767,2.880437090924759,2.7491176470588234,3.44,1.55,0.8299410597324113,6.2041176470588235,20.5,0.222,7.55301673958903,2.327012840000008
Pb,111,Pb12,hollow|A_A_A|FCC,0.901261306138451,0.2286846060786729,3.0,1,-0.0,Pb,202.0,202.0,202.0,0.0,207.0,207.0,207.0,0.0,2.0,2,2,0.0,10.0,10,10,0.0,0.36,0.36,0.36,0.0,11.342,11.342,11.342,0.0,14.0,14,14,0.0,600.61,600.61,600.61,0.0,7.417,7.417,7.417,0.0,2.33,2.33,2.33,0.0,4.77,4.77,4.77,0.0,0.6725767000597781
Cu3Au,111,Au3Cu9,hollow|A_A_A|HCP,0.998740646540512,0.1474231143846509,3.0,2,4.675254392360772,AuCu3,146.5,166.0,140.0,11.258330249197702,96.90414249999999,196.96657,63.55,57.771069452892405,0.0,0,0,0.0,10.0,10,10,0.0,1.49825,2.309,1.228,0.4680867307454892,11.52025,19.282,8.933,4.4812484518825775,11.0,11,11,0.0,1352.6599999999999,1357.77,1337.33,8.850779626676987,8.101,9.226,7.726,0.6495190528383293,2.0599999999999996,2.54,1.9,0.2771281292110204,12.95,13.1,12.5,0.25980762113533146,0.851317532155861
W,111,W12,bridge|A_A|A,-1.89123213176225,-1.268856489320683,2.0,1,-0.0,W,210.0,210.0,210.0,0.0,183.84,183.84,183.84,0.0,0.0,0,0,0.0,4.0,4,4,0.0,0.815,0.815,0.815,0.0,19.3,19.3,19.3,0.0,6.0,6,6,0.0,3695.0,3695.0,3695.0,0.0,7.98,7.98,7.98,0.0,2.36,2.36,2.36,0.0,35.0,35.0,35.0,0.0,-0.622375642441567
ReTc,101,Re6Tc6,hollow|A_B_B|HCP,-1.25548182205984,-0.6652319393170956,4.0,2,5.762825659175385,ReTc,213.0,217.0,209.0,4.0,141.55668,186.207,96.90636,44.650319999999994,0.0,0,0,0.0,5.0,5,5,0.0,0.35000000000000003,0.55,0.15,0.2,15.9,20.8,11.0,4.9,7.0,7,7,0.0,2944.5,3459.0,2430.0,514.5,7.58,7.88,7.28,0.2999999999999998,1.9,1.9,1.9,0.0,28.0,33.0,23.0,5.0,-0.5902498827427445
BiRe,101,Bi6Re6,top|B,-0.712971727262072,-0.5932795981199206,1.0,2,5.762825659175385,BiRe,212.0,217.0,207.0,5.0,197.5937,208.9804,186.207,11.386700000000005,1.5,3,0,1.5,7.5,10,5,2.5,0.5479999999999999,0.946,0.15,0.39799999999999996,15.3035,20.8,9.807,5.4965,11.0,15,7,4.0,2001.775,3459.0,544.55,1457.225,7.5845,7.88,7.289,0.2955000000000001,1.96,2.02,1.9,0.06000000000000005,21.95,33.0,10.9,11.049999999999999,-0.11969212914215144
Au-fcc,111,Au16,fcc,2.83033630000001,1.5193882991516148,3.0,1,-0.0,Au,166.0,166.0,166.0,0.0,196.96657,196.96657,196.96657,0.0,0.0,0,0,0.0,10.0,10,10,0.0,2.309,2.309,2.309,0.0,19.282,19.282,19.282,0.0,11.0,11,11,0.0,1337.33,1337.33,1337.33,0.0,9.226,9.226,9.226,0.0,2.54,2.54,2.54,0.0,12.5,12.5,12.5,0.0,1.3109480008483954
Nb,111,Nb12,hollow|A_A_A|HCP,-2.98299924786278,-2.1911787262207554,3.0,1,-0.0,Nb,207.0,207.0,207.0,0.0,92.90637,92.90637,92.90637,0.0,0.0,0,0,0.0,4.0,4,4,0.0,0.893,0.893,0.893,0.0,8.57,8.57,8.57,0.0,5.0,5,5,0.0,2750.0,2750.0,2750.0,0.0,6.759,6.759,6.759,0.0,1.6,1.6,1.6,0.0,26.8,26.8,26.8,0.0,-0.7918205216420247
AgRu,101,Ag6Ru6,bridge|B_B|B,0.274504086639183,0.0171005860801187,2.0,2,5.762825659175385,AgRu,189.5,207.0,172.0,17.5,104.484,107.868,101.1,3.3840000000000003,0.0,0,0,0.0,8.5,10,7,1.5,1.1760000000000002,1.302,1.05,0.126,11.3005,12.1,10.501,0.7995000000000001,9.5,11,8,1.5,1920.9650000000001,2607.0,1234.93,686.035,7.4685,7.576,7.361,0.10749999999999993,2.065,2.2,1.93,0.13500000000000012,18.5,25.7,11.3,7.199999999999999,0.2574035005590643
subbridge--subsurface-Cr-doped-IrO2-rutile,110,CrIr15O33,CUS-Ir-site,1.44264053000006,-0.2584187599999836,1.0,3,5.886599098113728,CrIr15O33,168.0612244897959,202.0,152.0,23.13616143286443,70.67883673469387,192.22,15.999,80.88781017402347,2.693877551020408,4,0,1.8757755580532338,2.2448979591836733,7,0,3.2358364041597705,1.4766122448979593,1.565,0.666,0.12635563938805625,7.01014606122449,22.42,0.001429,10.284725473504231,13.653061224489797,16,6,3.3959821422583003,913.4465306122449,2719.0,54.36,1236.019670495267,12.095122448979593,13.618,6.767,2.210745627589074,3.0240816326530613,3.44,1.66,0.6019692797346664,8.527061224489797,26.0,0.222,11.951473727601867,1.7010592900000436
Cu3Ir,111,Cu9Ir3,hollow|A_A_A|FCC,0.971496200840022,0.2389862917815435,3.0,2,4.675254392360772,Cu3Ir,155.5,202.0,140.0,26.846787517317598,95.7175,192.22,63.55,55.715744352471866,0.0,0,0,0.0,9.25,10,7,1.299038105676658,1.3122500000000001,1.565,1.228,0.1459252805376779,12.30475,22.42,8.933,5.840042310420363,10.5,11,9,0.8660254037844386,1698.0774999999999,2719.0,1357.77,589.4298801967457,8.0695,9.1,7.726,0.5949594523999092,1.9749999999999999,2.2,1.9,0.1299038105676659,16.325,26.0,13.1,5.585863854409629,0.7325099090584785
CuPd,101,Cu6Pd6,bridge|A_A|B,1.13346080664252,0.3664063178847527,2.0,2,5.762825659175385,CuPd,171.0,202.0,140.0,31.0,84.985,106.42,63.55,21.435000000000002,0.0,0,0,0.0,10.0,10,10,0.0,0.8925000000000001,1.228,0.557,0.33549999999999996,10.4665,12.0,8.933,1.5335,10.5,11,10,0.5,1592.9099999999999,1828.05,1357.77,235.14,8.0315,8.337,7.726,0.3054999999999999,2.05,2.2,1.9,0.15000000000000013,14.899999999999999,16.7,13.1,1.7999999999999998,0.7670544887577673
Au3Cu,111,Au9Cu3,hollow|A_A_B|HCP,2.04720479084045,1.0634346231826155,3.0,2,4.675254392360772,Au3Cu,159.5,166.0,140.0,11.258330249197702,163.61242749999997,196.96657,63.55,57.771069452892405,0.0,0,0,0.0,10.0,10,10,0.0,2.0387500000000003,2.309,1.228,0.4680867307454892,16.69475,19.282,8.933,4.4812484518825775,11.0,11,11,0.0,1342.44,1357.77,1337.33,8.850779626676987,8.851,9.226,7.726,0.6495190528383293,2.38,2.54,1.9,0.2771281292110204,12.65,13.1,12.5,0.25980762113533146,0.9837701676578343
Ru3Zn,111,Ru9Zn3,hollow|A_A_A|HCP,-0.657459279766215,-0.0329961159251297,3.0,2,4.675254392360772,Ru3Zn,190.0,207.0,139.0,29.444863728670914,92.17499999999998,101.1,65.4,15.458553457552226,0.0,0,0,0.0,7.75,10,7,1.299038105676658,,1.05,1.05,,10.8585,12.1,7.134,2.1503410775967606,9.0,12,8,1.7320508075688772,2128.42,2607.0,692.68,828.9248754863133,7.869249999999999,9.394,7.361,0.8803148229468821,2.0625,2.2,1.65,0.23815698604072075,21.112499999999997,25.7,7.35,7.945783079722224,-0.6244631638410852
Au3Tc,111,Au9Tc3,top|B,-0.79094839676344,-0.5578129607193887,1.0,2,4.675254392360772,Au3Tc,176.75,209.0,166.0,18.619546181365433,171.95151749999997,196.96657,96.90636,43.327341884002855,0.0,0,0,0.0,8.75,10,5,2.165063509461097,1.86925,2.309,0.55,0.7616693426284138,17.2115,19.282,11.0,3.5862111970713606,10.0,11,7,1.7320508075688772,1610.4975,2430.0,1337.33,473.1399889765713,8.739500000000001,9.226,7.28,0.8426427178822591,2.38,2.54,1.9,0.2771281292110204,15.125,23.0,12.5,4.546633369868303,-0.2331354360440513
AuRh,101,Au6Rh6,hollow|A_A_B|FCC,1.86634432793636,1.5874480518804148,4.0,2,5.762825659175385,AuRh,180.5,195.0,166.0,14.5,149.936035,196.96657,102.9055,47.030534999999986,0.0,0,0,0.0,9.0,10,8,1.0,1.723,2.309,1.137,0.5860000000000001,15.841000000000001,19.282,12.4,3.4410000000000003,10.0,11,9,1.0,1787.165,2237.0,1337.33,449.83500000000004,8.342500000000001,9.226,7.459,0.8835000000000006,2.41,2.54,2.28,0.13000000000000012,17.1,21.7,12.5,4.6,0.27889627605594525
Ru3Ir,111,Ir3Ru9,hollow|A_A_B|FCC,0.440665776237267,0.2745478969817441,3.0,2,4.675254392360772,IrRu3,205.75,207.0,202.0,2.165063509461097,123.88,192.22,101.1,39.456117396419025,0.0,0,0,0.0,7.0,7,7,0.0,1.17875,1.565,1.05,0.22300154147449291,14.68,22.42,12.1,4.4686910835277045,8.25,9,8,0.4330127018922193,2635.0,2719.0,2607.0,48.49742261192856,7.79575,9.1,7.361,0.7530090885905694,2.2,2.2,2.2,0.0,25.775,26.0,25.7,0.12990381056766612,0.1661178792555229
CuPd,101,Cu6Pd6,hollow|A_B_B|FCC,1.39130567584272,0.5780223112786871,4.0,2,5.762825659175385,CuPd,171.0,202.0,140.0,31.0,84.985,106.42,63.55,21.435000000000002,0.0,0,0,0.0,10.0,10,10,0.0,0.8925000000000001,1.228,0.557,0.33549999999999996,10.4665,12.0,8.933,1.5335,10.5,11,10,0.5,1592.9099999999999,1828.05,1357.77,235.14,8.0315,8.337,7.726,0.3054999999999999,2.05,2.2,1.9,0.15000000000000013,14.899999999999999,16.7,13.1,1.7999999999999998,0.8132833645640329
Ag,111,Ag12,hollow|A_A_A|FCC,1.96179968563575,0.5630175459781412,3.0,1,-0.0,Ag,172.0,172.0,172.0,0.0,107.868,107.868,107.868,0.0,0.0,0,0,0.0,10.0,10,10,0.0,1.302,1.302,1.302,0.0,10.501,10.501,10.501,0.0,11.0,11,11,0.0,1234.93,1234.93,1234.93,0.0,7.576,7.576,7.576,0.0,1.93,1.93,1.93,0.0,11.3,11.3,11.3,0.0,1.3987821396576088
local-impurity-Zn-HESO8-MnNiFeCrZn,100,Co9CrFeMnNiZnO20,Co,3.27100544999999,1.3287423499999989,1.0,7,9.831694087825896,Co9CrFeMnNiZnO20,166.1764705882353,197.0,139.0,19.565080821280873,33.448404411764706,65.4,15.999,20.934279736317823,2.3529411764705883,4,0,1.9686118271390012,2.852941176470588,10,0,3.4905953726210264,,1.461,0.163,,3.474664117647059,8.912,0.001429,4.175328912739702,13.058823529411764,16,6,3.6132206301026386,733.2317647058824,2180.0,54.36,835.2070519636595,11.247823529411766,13.618,6.767,2.8524749467434956,2.7741176470588234,3.44,1.55,0.7989777205428669,6.537941176470588,20.5,0.222,7.754352166748138,1.942263099999991
Rh3Os,111,Os3Rh9,hollow|A_A_B|HCP,0.0240320058363182,0.5652411242780317,3.0,2,4.675254392360772,OsRh3,200.25,216.0,195.0,9.093266739736606,124.729125,190.2,102.9055,37.79962730533033,0.0,0,0,0.0,7.5,8,6,0.8660254037844386,1.12775,1.137,1.1,0.01602146997001208,14.9425,22.57,12.4,4.40373917824387,8.75,9,8,0.4330127018922193,2504.25,3306.0,2237.0,462.89057832278246,7.7692499999999995,8.7,7.459,0.537368763048244,2.26,2.28,2.2,0.034641016151377386,24.025,31.0,21.7,4.02701812759764,-0.5412091184417136
Tc3Ru,111,Ru3Tc9,top|A,-0.128020581360204,-0.1070793806203482,1.0,2,4.675254392360772,RuTc3,208.5,209.0,207.0,0.8660254037844386,97.95477,101.1,96.90636,1.8158993871632814,0.0,0,0,0.0,5.5,7,5,0.8660254037844386,0.675,1.05,0.55,0.21650635094610965,11.275,12.1,11.0,0.4763139720814411,7.25,8,7,0.4330127018922193,2474.25,2607.0,2430.0,76.64324823492282,7.30025,7.361,7.28,0.03507402885326956,1.9749999999999999,2.2,1.9,0.1299038105676659,23.675,25.7,23.0,1.1691342951089918,-0.020941200739855795
Tc3Ag,111,Ag3Tc9,hollow|A_A_A|FCC,-0.887157373657999,-0.643046225918738,3.0,2,4.675254392360772,AgTc3,199.75,209.0,172.0,16.021469970012117,99.64677,107.868,96.90636,4.746529353569822,0.0,0,0,0.0,6.25,10,5,2.165063509461097,0.738,1.302,0.55,0.3256255518229489,10.87525,11.0,10.501,0.21607333824421768,8.0,11,7,1.7320508075688772,2131.2325,2430.0,1234.93,517.4804896503346,7.354,7.576,7.28,0.12817175976009665,1.9074999999999998,1.93,1.9,0.012990381056766592,20.075,23.0,11.3,5.066248612138966,-0.24411114773926101
Ir3Ag,111,Ag3Ir9,hollow|A_A_A|HCP,0.0386932273430034,0.4875162961806154,3.0,2,4.675254392360772,AgIr3,194.5,202.0,172.0,12.99038105676658,171.132,192.22,107.868,36.52548743001249,0.0,0,0,0.0,7.75,10,7,1.299038105676658,1.49925,1.565,1.302,0.11388234059765365,19.440250000000002,22.42,10.501,5.161078393853363,9.5,11,9,0.8660254037844386,2347.9825,2719.0,1234.93,642.621160497186,8.719,9.1,7.576,0.6599113576837422,2.1325000000000003,2.2,1.93,0.11691342951089932,22.325,26.0,11.3,6.365286717815624,-0.448823068837612
Au3Tc,111,Au9Tc3,hollow|A_A_A|HCP,3.25620997743664,1.8241243692799571,3.0,2,4.675254392360772,Au3Tc,176.75,209.0,166.0,18.619546181365433,171.95151749999997,196.96657,96.90636,43.327341884002855,0.0,0,0,0.0,8.75,10,5,2.165063509461097,1.86925,2.309,0.55,0.7616693426284138,17.2115,19.282,11.0,3.5862111970713606,10.0,11,7,1.7320508075688772,1610.4975,2430.0,1337.33,473.1399889765713,8.739500000000001,9.226,7.28,0.8426427178822591,2.38,2.54,1.9,0.2771281292110204,15.125,23.0,12.5,4.546633369868303,1.432085608156683
CuCu-MOF,100,Cu9C96H48N48,M1,4.10631149999995,1.481537489999937,1.0,4,9.777286414534835,Cu3C32H16N16,153.13432835820893,170.0,120.0,20.1641735806526,12.167791044776118,63.55,1.008,12.197356499187764,1.671641791044776,3,0,1.1248623093383148,0.4477611940298507,10,0,2.068120367246421,,1.263,0.754,,1.4830514579104477,8.933,8.988e-05,1.9565815115394654,11.0,15,1,5.65685424949238,1905.0846268656717,3823.0,13.81,1853.281583894088,12.441940298507463,14.534,7.726,1.7399379632155618,2.5543283582089553,3.04,1.9,0.32479258079441337,50.955044776119394,105.0,0.36,51.74016223729183,2.6247740100000128
surface-Cr-doped-IrO2-rutile,110,CrIr15O33,CUS-Cr-site,2.87978456000002,0.8053496300000234,1.0,3,5.886599098113728,CrIr15O33,168.0612244897959,202.0,152.0,23.13616143286443,70.67883673469387,192.22,15.999,80.88781017402347,2.693877551020408,4,0,1.8757755580532338,2.2448979591836733,7,0,3.2358364041597705,1.4766122448979593,1.565,0.666,0.12635563938805625,7.01014606122449,22.42,0.001429,10.284725473504231,13.653061224489797,16,6,3.3959821422583003,913.4465306122449,2719.0,54.36,1236.019670495267,12.095122448979593,13.618,6.767,2.210745627589074,3.0240816326530613,3.44,1.66,0.6019692797346664,8.527061224489797,26.0,0.222,11.951473727601867,2.0744349299999967
IrRu,101,Ir6Ru6,hollow|A_B_B|FCC,0.284866589736168,0.1653767772776291,4.0,2,5.762825659175385,IrRu,204.5,207.0,202.0,2.5,146.66,192.22,101.1,45.56,0.0,0,0,0.0,7.0,7,7,0.0,1.3075,1.565,1.05,0.25749999999999995,17.26,22.42,12.1,5.160000000000001,8.5,9,8,0.5,2663.0,2719.0,2607.0,56.0,8.2305,9.1,7.361,0.8694999999999999,2.2,2.2,2.2,0.0,25.85,26.0,25.7,0.15000000000000036,0.11948981245853893
In,111,In12,hollow|A_A_A|HCP,0.727110898438525,0.235051933880527,3.0,1,-0.0,In,193.0,193.0,193.0,0.0,114.818,114.818,114.818,0.0,1.0,1,1,0.0,10.0,10,10,0.0,0.3,0.3,0.3,0.0,7.31,7.31,7.31,0.0,13.0,13,13,0.0,429.75,429.75,429.75,0.0,5.786,5.786,5.786,0.0,1.78,1.78,1.78,0.0,3.26,3.26,3.26,0.0,0.492058964557998
Tc3Pd,111,Pd3Tc9,hollow|A_A_A|FCC,-0.927201782364307,-0.8321649357195611,3.0,2,4.675254392360772,PdTc3,207.25,209.0,202.0,3.031088913245535,99.28477000000001,106.42,96.90636,4.119526961229892,0.0,0,0,0.0,6.25,10,5,2.165063509461097,0.5517500000000001,0.557,0.55,0.003031088913245538,11.25,12.0,11.0,0.4330127018922193,7.75,10,7,1.299038105676658,2279.5125,2430.0,1828.05,260.6519959040214,7.54425,8.337,7.28,0.4576944259000756,1.9749999999999999,2.2,1.9,0.1299038105676659,21.425,23.0,16.7,2.727980021920982,-0.09503684664474588
Bi3Ru,111,Bi9Ru3,hollow|A_A_A|HCP,1.43311610323491,0.3386958771778836,3.0,2,4.675254392360772,Bi3Ru,207.0,207.0,207.0,0.0,182.0103,208.9804,101.1,46.713583485213384,2.25,3,0,1.299038105676658,9.25,10,7,1.299038105676658,0.972,1.05,0.946,0.04503332099679085,10.38025,12.1,9.807,0.9928981254388586,13.25,15,8,3.031088913245535,1060.1625,2607.0,544.55,893.0670470176077,7.3069999999999995,7.361,7.289,0.03117691453623982,2.0650000000000004,2.2,2.02,0.07794228634059955,14.600000000000001,25.7,10.9,6.408587988004846,1.0944202260570264
Pd3Ag,111,Ag3Pd9,hollow|A_A_A|HCP,1.40593968603554,0.6711728647759401,3.0,2,4.675254392360772,AgPd3,194.5,202.0,172.0,12.99038105676658,106.782,107.868,106.42,0.6270023923399307,0.0,0,0,0.0,10.0,10,10,0.0,0.7432500000000001,1.302,0.557,0.3225944629097034,11.62525,12.0,10.501,0.649086040136437,10.25,11,10,0.4330127018922193,1679.77,1828.05,1234.93,256.8284937463131,8.146749999999999,8.337,7.576,0.32952266613997894,2.1325000000000003,2.2,1.93,0.11691342951089932,15.349999999999998,16.7,11.3,2.3382685902179836,0.7347668212595999
PdZn,101,Pd6Zn6,hollow|A_A_B|FCC,1.48743614793403,0.4146723738784885,4.0,2,5.762825659175385,PdZn,170.5,202.0,139.0,31.5,85.91,106.42,65.4,20.509999999999998,0.0,0,0,0.0,10.0,10,10,0.0,,0.557,0.557,,9.567,12.0,7.134,2.433,11.0,12,10,1.0,1260.365,1828.05,692.68,567.685,8.8655,9.394,8.337,0.5285000000000002,1.925,2.2,1.65,0.27500000000000013,12.024999999999999,16.7,7.35,4.675,1.0727637740555414
Tc3Ru,111,Ru3Tc9,top|B,0.760858728739379,0.6103397752784758,1.0,2,4.675254392360772,RuTc3,208.5,209.0,207.0,0.8660254037844386,97.95477,101.1,96.90636,1.8158993871632814,0.0,0,0,0.0,5.5,7,5,0.8660254037844386,0.675,1.05,0.55,0.21650635094610965,11.275,12.1,11.0,0.4763139720814411,7.25,8,7,0.4330127018922193,2474.25,2607.0,2430.0,76.64324823492282,7.30025,7.361,7.28,0.03507402885326956,1.9749999999999999,2.2,1.9,0.1299038105676659,23.675,25.7,23.0,1.1691342951089918,0.15051895346090316
Re3Tc,111,Re9Tc3,hollow|A_A_B|FCC,-0.762481615762397,-0.3262915679180196,3.0,2,4.675254392360772,Re3Tc,215.0,217.0,209.0,3.4641016151377544,163.88184,186.207,96.90636,38.66831140710439,0.0,0,0,0.0,5.0,5,5,0.0,0.25,0.55,0.15,0.17320508075688776,18.35,20.8,11.0,4.24352447854375,7.0,7,7,0.0,3201.75,3459.0,2430.0,445.57007024709367,7.73,7.88,7.28,0.25980762113533146,1.9,1.9,1.9,0.0,30.5,33.0,23.0,4.330127018922194,-0.4361900478443774
HEO-7-Ni3.0Zn2.0Cr3.0Mn3.0Fe2.0Co3.0,100,Co3Cr2Fe3Mn2Ni2Zn2O20,Co,2.62065207999999,0.5498380399999974,1.0,7,11.699451309662274,Co3Cr2Fe3Mn2Ni2Zn2O20,163.94117647058823,197.0,139.0,19.259743411140654,33.128048529411764,65.4,15.999,20.627467481870628,2.3529411764705883,4,0,1.9686118271390012,2.794117647058824,10,0,3.5044460144953167,,1.461,0.163,,3.2712523529411763,8.912,0.001429,3.937458654556529,12.970588235294118,16,6,3.8077729643581546,707.7517647058824,2180.0,54.36,827.7504828234974,11.240558823529412,13.618,6.767,2.880437090924759,2.7491176470588234,3.44,1.55,0.8299410597324113,6.2041176470588235,20.5,0.222,7.55301673958903,2.0708140399999926
Pt3Zn,111,Pt9Zn3,hollow|A_A_B|FCC,1.15379369683416,0.5403093740795839,3.0,2,4.675254392360772,Pt3Zn,191.5,209.0,139.0,30.31088913245535,162.66,195.08,65.4,56.15308718138301,0.0,0,0,0.0,9.25,10,9,0.4330127018922193,,2.128,2.128,,17.8785,21.46,7.134,6.203339967307935,10.5,12,10,0.8660254037844386,1704.3325,2041.55,692.68,584.0778432013578,9.0985,9.394,9.0,0.17060700454553449,2.1225,2.28,1.65,0.27279800219209815,16.8375,20.0,7.35,5.477610678936575,0.6134843227545761
AgAu,101,Ag6Au6,hollow|A_A_B|HCP,2.43148694703615,0.9083320481776128,4.0,2,5.762825659175385,AgAu,169.0,172.0,166.0,3.0,152.417285,196.96657,107.868,44.549285,0.0,0,0,0.0,10.0,10,10,0.0,1.8055,2.309,1.302,0.5035000000000001,14.8915,19.282,10.501,4.3905,11.0,11,11,0.0,1286.13,1337.33,1234.93,51.19999999999993,8.401,9.226,7.576,0.8250000000000006,2.235,2.54,1.93,0.30500000000000005,11.9,12.5,11.3,0.5999999999999996,1.5231548988585373
HEO-19-Co3.0Zn2.0Cr3.0Mn3.0Fe3.0Ni2.0-Fe-site,100,Co2Cr2Fe3Mn2Ni3Zn2O20,Fe,3.77770303,1.6525937899999974,1.0,7,11.699451309662276,Co2Cr2Fe3Mn2Ni3Zn2O20,163.08823529411765,197.0,139.0,18.630095271548925,33.12098411764706,65.4,15.999,20.618667884244825,2.3529411764705883,4,0,1.9686118271390012,2.823529411764706,10,0,3.543598936900949,,1.461,0.163,,3.2727817647058823,8.912,0.001429,3.939638668641618,13.0,16,6,3.7807562268756265,706.5752941176471,2180.0,54.36,826.2698317286632,11.233470588235296,13.618,6.767,2.888979498586412,2.75,3.44,1.55,0.8290320365625558,6.233529411764706,20.5,0.222,7.593721199840013,2.1251092400000027
Cu3Os,111,Cu9Os3,top|B,-0.349865061860498,0.044769529279506,1.0,2,4.675254392360772,Cu3Os,159.0,216.0,140.0,32.90896534380867,95.21249999999999,190.2,63.55,54.841058694649576,0.0,0,0,0.0,9.0,10,6,1.7320508075688772,1.1960000000000002,1.228,1.1,0.05542562584220403,12.34225,22.57,8.933,5.904994215704195,10.25,11,8,1.299038105676658,1844.8274999999999,3306.0,1357.77,843.6083362074784,7.9695,8.7,7.726,0.4217543716430213,1.9749999999999999,2.2,1.9,0.1299038105676659,17.575,31.0,13.1,7.750927363870726,-0.394634591140004
surface-Cr-doped-IrO2-rutile,110,CrIr15O33,CUS-Ir-site,1.48224625,-0.140408930000035,1.0,3,5.886599098113728,CrIr15O33,168.0612244897959,202.0,152.0,23.13616143286443,70.67883673469387,192.22,15.999,80.88781017402347,2.693877551020408,4,0,1.8757755580532338,2.2448979591836733,7,0,3.2358364041597705,1.4766122448979593,1.565,0.666,0.12635563938805625,7.01014606122449,22.42,0.001429,10.284725473504231,13.653061224489797,16,6,3.3959821422583003,913.4465306122449,2719.0,54.36,1236.019670495267,12.095122448979593,13.618,6.767,2.210745627589074,3.0240816326530613,3.44,1.66,0.6019692797346664,8.527061224489797,26.0,0.222,11.951473727601867,1.622655180000035
Ru3Re,111,Re3Ru9,hollow|A_A_B|FCC,-0.459626804560855,-0.2863955974199825,3.0,2,4.675254392360772,ReRu3,209.5,217.0,207.0,4.330127018922194,122.37674999999999,186.207,101.1,36.85241201994111,0.0,0,0,0.0,6.5,7,5,0.8660254037844386,0.8250000000000001,1.05,0.15,0.3897114317029974,14.274999999999999,20.8,12.1,3.7672105064623085,7.75,8,7,0.4330127018922193,2820.0,3459.0,2607.0,368.9268220121709,7.490749999999999,7.88,7.361,0.22473359228206188,2.125,2.2,1.9,0.1299038105676659,27.525,33.0,25.7,3.160992723813201,-0.17323120714087248
Au3Re,111,Au9Re3,top|B,-1.46896084285999,-0.9614596901184314,1.0,2,4.675254392360772,Au3Re,178.75,217.0,166.0,22.083647796503186,194.27667749999998,196.96657,186.207,4.659030476898465,0.0,0,0,0.0,8.75,10,5,2.165063509461097,1.7692500000000002,2.309,0.15,0.9348744233853017,19.6615,20.8,19.282,0.6573132814723892,10.0,11,7,1.7320508075688772,1867.7475,3459.0,1337.33,918.710059223665,8.889500000000002,9.226,7.88,0.5828350967469276,2.38,2.54,1.9,0.2771281292110204,17.625,33.0,12.5,8.876760388790496,-0.5075011527415587
Pt3Tc,111,Pt9Tc3,hollow|A_A_A|FCC,2.0177612571386,1.136205754974867,3.0,2,4.675254392360772,Pt3Tc,209.0,209.0,209.0,0.0,170.53659,195.08,96.90636,42.510433110994065,0.0,0,0,0.0,8.0,9,5,1.7320508075688772,1.7335,2.128,0.55,0.6832940435859222,18.845,21.46,11.0,4.529312861792614,9.25,10,7,1.299038105676658,2138.6625,2430.0,2041.55,168.20378405003262,8.57,9.0,7.28,0.7447818472546172,2.185,2.28,1.9,0.1645448267190433,20.75,23.0,20.0,1.299038105676658,0.8815555021637329
Tc3Ag,111,Ag3Tc9,hollow|A_A_A|HCP,-1.47472067646248,-1.1980153249197656,3.0,2,4.675254392360772,AgTc3,199.75,209.0,172.0,16.021469970012117,99.64677,107.868,96.90636,4.746529353569822,0.0,0,0,0.0,6.25,10,5,2.165063509461097,0.738,1.302,0.55,0.3256255518229489,10.87525,11.0,10.501,0.21607333824421768,8.0,11,7,1.7320508075688772,2131.2325,2430.0,1234.93,517.4804896503346,7.354,7.576,7.28,0.12817175976009665,1.9074999999999998,1.93,1.9,0.012990381056766592,20.075,23.0,11.3,5.066248612138966,-0.2767053515427145
Rh3Os,111,Os3Rh9,top|B,0.228243237437539,-0.1375573550204762,1.0,2,4.675254392360772,OsRh3,200.25,216.0,195.0,9.093266739736606,124.729125,190.2,102.9055,37.79962730533033,0.0,0,0,0.0,7.5,8,6,0.8660254037844386,1.12775,1.137,1.1,0.01602146997001208,14.9425,22.57,12.4,4.40373917824387,8.75,9,8,0.4330127018922193,2504.25,3306.0,2237.0,462.89057832278246,7.7692499999999995,8.7,7.459,0.537368763048244,2.26,2.28,2.2,0.034641016151377386,24.025,31.0,21.7,4.02701812759764,0.3658005924580152
Au3Pd,111,Au9Pd3,top|B,3.1466086458384,1.103435629579394,1.0,2,4.675254392360772,Au3Pd,175.0,202.0,166.0,15.588457268119896,174.32992749999997,196.96657,106.42,39.20781492277297,0.0,0,0,0.0,10.0,10,10,0.0,1.8710000000000002,2.309,0.557,0.7586382537151682,17.4615,19.282,12.0,3.153198495179141,10.75,11,10,0.4330127018922193,1460.01,1828.05,1337.33,212.48799307254987,9.00375,9.226,8.337,0.38494829198218344,2.455,2.54,2.2,0.1472243186433545,13.55,16.7,12.5,1.8186533479473208,2.043173016259006
Os3Pd,111,Os9Pd3,top|A,0.660734441840589,0.1757067627812603,1.0,2,4.675254392360772,Os3Pd,212.5,216.0,202.0,6.06217782649107,169.25499999999997,190.2,106.42,36.27780416453013,0.0,0,0,0.0,7.0,10,6,1.7320508075688772,0.96425,1.1,0.557,0.23512589712747511,19.927500000000002,22.57,12.0,4.576944259000759,8.5,10,8,0.8660254037844386,2936.5125,3306.0,1828.05,639.9711227616056,8.60925,8.7,8.337,0.15718361078687543,2.2,2.2,2.2,0.0,27.425,31.0,16.7,6.192081637058736,0.48502767905932875
Tc3Rh,111,Rh3Tc9,hollow|A_A_A|HCP,-1.40682038236281,-1.1251100410182744,3.0,2,4.675254392360772,RhTc3,205.5,209.0,195.0,6.06217782649107,98.40614500000001,102.9055,96.90636,2.5977038204296874,0.0,0,0,0.0,5.75,8,5,1.299038105676658,0.69675,1.137,0.55,0.25417845601073275,11.35,12.4,11.0,0.6062177826491072,7.5,9,7,0.8660254037844386,2381.75,2430.0,2237.0,83.57145146519834,7.32475,7.459,7.28,0.077509273638707,1.9949999999999997,2.28,1.9,0.1645448267190433,22.675,23.0,21.7,0.5629165124598854,-0.28171034134453565
Nb,111,Nb12,top|A,-0.958595011561727,-1.273559296717508,1.0,1,-0.0,Nb,207.0,207.0,207.0,0.0,92.90637,92.90637,92.90637,0.0,0.0,0,0,0.0,4.0,4,4,0.0,0.893,0.893,0.893,0.0,8.57,8.57,8.57,0.0,5.0,5,5,0.0,2750.0,2750.0,2750.0,0.0,6.759,6.759,6.759,0.0,1.6,1.6,1.6,0.0,26.8,26.8,26.8,0.0,0.314964285155781
Cu3Ag,111,Ag3Cu9,bridge|A_A|B,0.990585122632012,0.1959592433748866,2.0,2,4.675254392360772,AgCu3,148.0,172.0,140.0,13.856406460551018,74.6295,107.868,63.55,19.190256922459376,0.0,0,0,0.0,10.0,10,10,0.0,1.2465000000000002,1.302,1.228,0.03204293994002426,9.325,10.501,8.933,0.6789639165669997,11.0,11,11,0.0,1327.06,1357.77,1234.93,53.19128030044019,7.6885,7.726,7.576,0.06495190528383306,1.9074999999999998,1.93,1.9,0.012990381056766592,12.649999999999999,13.1,11.3,0.7794228634059943,0.7946258792571255
IrO2-columbite,100,Ir10O23,O1C,1.4961663,-0.058287660000019,1.0,2,5.099891151185989,Ir10O23,167.15151515151516,202.0,152.0,22.97841043651985,69.39930303030303,192.22,15.999,80.9855693106793,2.787878787878788,4,0,1.838272834921588,2.121212121212121,7,0,3.216977461112779,1.4925151515151516,1.565,1.461,0.04779509370796123,6.794935363636364,22.42,0.001429,10.302862516765225,13.878787878787879,16,9,3.216977461112779,861.8266666666667,2719.0,54.36,1224.583831711365,12.248909090909091,13.618,9.1,2.076329167043934,3.0642424242424244,3.44,2.2,0.5698645788256922,8.033515151515152,26.0,0.222,11.846749284652173,1.5544539600000191
Os3Pd,111,Os9Pd3,hollow|A_A_A|HCP,-0.794954456661969,0.204382527282064,3.0,2,4.675254392360772,Os3Pd,212.5,216.0,202.0,6.06217782649107,169.25499999999997,190.2,106.42,36.27780416453013,0.0,0,0,0.0,7.0,10,6,1.7320508075688772,0.96425,1.1,0.557,0.23512589712747511,19.927500000000002,22.57,12.0,4.576944259000759,8.5,10,8,0.8660254037844386,2936.5125,3306.0,1828.05,639.9711227616056,8.60925,8.7,8.337,0.15718361078687543,2.2,2.2,2.2,0.0,27.425,31.0,16.7,6.192081637058736,-0.9993369839440329
BiPd,101,Bi6Pd6,bridge|B_B|A,1.93514382213817,0.6939217176812917,2.0,2,5.762825659175385,BiPd,204.5,207.0,202.0,2.5,157.7002,208.9804,106.42,51.2802,1.5,3,0,1.5,10.0,10,10,0.0,0.7515000000000001,0.946,0.557,0.19449999999999995,10.903500000000001,12.0,9.807,1.0964999999999998,12.5,15,10,2.5,1186.3,1828.05,544.55,641.75,7.813,8.337,7.289,0.524,2.1100000000000003,2.2,2.02,0.09000000000000008,13.8,16.7,10.9,2.8999999999999995,1.2412221044568783
AuRe,101,Au6Re6,top|B,0.619271912040688,0.5934319818815084,1.0,2,5.762825659175385,AuRe,191.5,217.0,166.0,25.5,191.586785,196.96657,186.207,5.379784999999998,0.0,0,0,0.0,7.5,10,5,2.5,1.2295,2.309,0.15,1.0795000000000001,20.041,20.8,19.282,0.7590000000000003,9.0,11,7,2.0,2398.165,3459.0,1337.33,1060.835,8.553,9.226,7.88,0.6730000000000005,2.2199999999999998,2.54,1.9,0.32000000000000006,22.75,33.0,12.5,10.25,0.025839930159179625
RhRu,101,Rh6Ru6,hollow|A_A_B|FCC,0.607068286640981,0.3164863538812597,4.0,2,5.762825659175385,RhRu,201.0,207.0,195.0,6.0,102.00274999999999,102.9055,101.1,0.9027500000000046,0.0,0,0,0.0,7.5,8,7,0.5,1.0935000000000001,1.137,1.05,0.04349999999999998,12.25,12.4,12.1,0.15000000000000036,8.5,9,8,0.5,2422.0,2607.0,2237.0,185.0,7.41,7.459,7.361,0.04899999999999993,2.24,2.28,2.2,0.039999999999999813,23.7,25.7,21.7,2.0,0.29058193275972133
Tc,111,Tc12,hollow|A_A_A|FCC,-0.820132469962289,-0.5251329050180402,3.0,1,-0.0,Tc,209.0,209.0,209.0,0.0,96.90636,96.90636,96.90636,0.0,0.0,0,0,0.0,5.0,5,5,0.0,0.55,0.55,0.55,0.0,11.0,11.0,11.0,0.0,7.0,7,7,0.0,2430.0,2430.0,2430.0,0.0,7.28,7.28,7.28,0.0,1.9,1.9,1.9,0.0,23.0,23.0,23.0,0.0,-0.2949995649442487
Cu3Au,111,Au3Cu9,top|B,3.47155352234023,1.8310132032828503,1.0,2,4.675254392360772,AuCu3,146.5,166.0,140.0,11.258330249197702,96.90414249999999,196.96657,63.55,57.771069452892405,0.0,0,0,0.0,10.0,10,10,0.0,1.49825,2.309,1.228,0.4680867307454892,11.52025,19.282,8.933,4.4812484518825775,11.0,11,11,0.0,1352.6599999999999,1357.77,1337.33,8.850779626676987,8.101,9.226,7.726,0.6495190528383293,2.0599999999999996,2.54,1.9,0.2771281292110204,12.95,13.1,12.5,0.25980762113533146,1.6405403190573795
Pt3Ag,111,Ag3Pt9,bridge|A_A|A,1.83387502453462,1.002783305780099,2.0,2,4.675254392360772,AgPt3,199.75,209.0,172.0,16.021469970012117,173.277,195.08,107.868,37.76390375742424,0.0,0,0,0.0,9.25,10,9,0.4330127018922193,1.9215,2.128,1.302,0.3576684917629732,18.72025,21.46,10.501,4.745386200036832,10.25,11,10,0.4330127018922193,1839.895,2041.55,1234.93,349.2767056003019,8.644,9.0,7.576,0.6166100874945204,2.1925,2.28,1.93,0.15155444566227672,17.825,20.0,11.3,3.767210506462308,0.831091718754521
RhZn,101,Rh6Zn6,top|A,1.84905013304143,0.9942817891832192,1.0,2,5.762825659175385,RhZn,167.0,195.0,139.0,28.0,84.15275,102.9055,65.4,18.75275,0.0,0,0,0.0,9.0,10,8,1.0,,1.137,1.137,,9.767,12.4,7.134,2.633,10.5,12,9,1.5,1464.84,2237.0,692.68,772.1600000000001,8.4265,9.394,7.459,0.9675000000000002,1.9649999999999999,2.28,1.65,0.31499999999999995,14.524999999999999,21.7,7.35,7.175,0.8547683438582108
Zr,111,Zr12,hollow|A_A_A|HCP,-3.13568273086111,-2.324851248017808,3.0,1,-0.0,Zr,186.0,186.0,186.0,0.0,91.22,91.22,91.22,0.0,0.0,0,0,0.0,2.0,2,2,0.0,0.426,0.426,0.426,0.0,6.52,6.52,6.52,0.0,4.0,4,4,0.0,2128.0,2128.0,2128.0,0.0,6.634,6.634,6.634,0.0,1.33,1.33,1.33,0.0,21.0,21.0,21.0,0.0,-0.8108314828433021
Os3Cu,111,Cu3Os9,hollow|A_A_A|FCC,-0.608818250763022,0.1964583001798701,3.0,2,4.675254392360772,CuOs3,197.0,216.0,140.0,32.90896534380867,158.53749999999997,190.2,63.55,54.841058694649576,0.0,0,0,0.0,7.0,10,6,1.7320508075688772,1.1320000000000001,1.228,1.1,0.05542562584220403,19.16075,22.57,8.933,5.904994215704195,8.75,11,8,1.299038105676658,2818.9425,3306.0,1357.77,843.6083362074784,8.4565,8.7,7.726,0.4217543716430213,2.125,2.2,1.9,0.1299038105676659,26.525,31.0,13.1,7.750927363870726,-0.8052765509428921
Zn,111,Zn12,hollow|A_A_A|FCC,0.307014479334441,0.0588701962814184,3.0,1,-0.0,Zn,139.0,139.0,139.0,0.0,65.4,65.4,65.4,0.0,0.0,0,0,0.0,10.0,10,10,0.0,,,,,7.134,7.134,7.134,0.0,12.0,12,12,0.0,692.68,692.68,692.68,0.0,9.394,9.394,9.394,0.0,1.65,1.65,1.65,0.0,7.35,7.35,7.35,0.0,0.24814428305302258
Bi3Rh,111,Bi9Rh3,hollow|A_A_A|HCP,1.49185827003731,0.7811094406796428,3.0,2,4.675254392360772,Bi3Rh,204.0,207.0,195.0,5.196152422706632,182.46167499999999,208.9804,102.9055,45.931779051946975,2.25,3,0,1.299038105676658,9.5,10,8,0.8660254037844386,0.99375,1.137,0.946,0.08270542606141391,10.45525,12.4,9.807,1.1228019360065247,13.5,15,9,2.598076211353316,967.6624999999999,2237.0,544.55,732.8523473174866,7.331499999999999,7.459,7.289,0.07361215932167725,2.085,2.28,2.02,0.11258330249197693,13.600000000000001,21.7,10.9,4.676537180435968,0.7107488293576671
Bi3Rh,111,Bi9Rh3,hollow|A_A_A|FCC,1.56719747613516,0.5511597773773929,3.0,2,4.675254392360772,Bi3Rh,204.0,207.0,195.0,5.196152422706632,182.46167499999999,208.9804,102.9055,45.931779051946975,2.25,3,0,1.299038105676658,9.5,10,8,0.8660254037844386,0.99375,1.137,0.946,0.08270542606141391,10.45525,12.4,9.807,1.1228019360065247,13.5,15,9,2.598076211353316,967.6624999999999,2237.0,544.55,732.8523473174866,7.331499999999999,7.459,7.289,0.07361215932167725,2.085,2.28,2.02,0.11258330249197693,13.600000000000001,21.7,10.9,4.676537180435968,1.016037698757767
Pd3Cu,111,Cu3Pd9,hollow|A_A_B|FCC,1.31609341083441,0.5139118826745062,3.0,2,4.675254392360772,CuPd3,186.5,202.0,140.0,26.846787517317598,95.7025,106.42,63.55,18.563254530119444,0.0,0,0,0.0,10.0,10,10,0.0,0.72475,1.228,0.557,0.2905515229696791,11.23325,12.0,8.933,1.3280499567034367,10.25,11,10,0.4330127018922193,1710.48,1828.05,1357.77,203.6372134458729,8.18425,8.337,7.726,0.2645707608561459,2.125,2.2,1.9,0.1299038105676659,15.799999999999999,16.7,13.1,1.5588457268119895,0.8021815281599038
La,111,La12,hollow|A_A_A|FCC,-3.0047505315635,-2.164155645222422,3.0,1,-0.0,La,240.0,240.0,240.0,0.0,138.9055,138.9055,138.9055,0.0,0.0,0,0,0.0,1.0,1,1,0.0,0.5,0.5,0.5,0.0,6.15,6.15,6.15,0.0,4.0,4,4,0.0,1191.0,1191.0,1191.0,0.0,5.577,5.577,5.577,0.0,1.1,1.1,1.1,0.0,6.3,6.3,6.3,0.0,-0.8405948863410777
Ag3Ir,111,Ag9Ir3,hollow|A_A_A|FCC,2.32136016363421,0.7691523504735187,3.0,2,4.675254392360772,Ag3Ir,179.5,202.0,172.0,12.99038105676658,128.956,192.22,107.868,36.52548743001249,0.0,0,0,0.0,9.25,10,7,1.299038105676658,1.36775,1.565,1.302,0.11388234059765365,13.48075,22.42,10.501,5.161078393853363,10.5,11,9,0.8660254037844386,1605.9475,2719.0,1234.93,642.621160497186,7.956999999999999,9.1,7.576,0.6599113576837422,1.9975,2.2,1.93,0.11691342951089932,14.975000000000001,26.0,11.3,6.365286717815624,1.5522078131606913
Cr,111,Cr12,hollow|A_A_A|FCC,-2.49942533696247,-1.8000708665196044,3.0,1,-0.0,Cr,189.0,189.0,189.0,0.0,51.996,51.996,51.996,0.0,0.0,0,0,0.0,5.0,5,5,0.0,0.666,0.666,0.666,0.0,7.15,7.15,7.15,0.0,6.0,6,6,0.0,2180.0,2180.0,2180.0,0.0,6.767,6.767,6.767,0.0,1.66,1.66,1.66,0.0,20.5,20.5,20.5,0.0,-0.6993544704428656
Tl,111,Tl12,top|A,2.3231338015392,0.8927293127788971,1.0,1,-0.0,Tl,196.0,196.0,196.0,0.0,204.383,204.383,204.383,0.0,1.0,1,1,0.0,10.0,10,10,0.0,0.2,0.2,0.2,0.0,11.8,11.8,11.8,0.0,13.0,13,13,0.0,577.0,577.0,577.0,0.0,6.108,6.108,6.108,0.0,1.62,1.62,1.62,0.0,4.2,4.2,4.2,0.0,1.4304044887603027
IrO2-rutile,110,Ir16O33,O1C,1.50305950000001,-0.1076513200000022,1.0,2,5.251907228567442,Ir16O33,168.32653061224488,202.0,152.0,23.447194475665423,73.54055102040816,192.22,15.999,82.63776115392473,2.693877551020408,4,0,1.8757755580532338,2.2857142857142856,7,0,3.282607226593159,1.4949591836734695,1.565,1.461,0.04877016450938402,7.321778714285714,22.42,0.001429,10.513051882070263,13.714285714285714,16,9,3.282607226593159,924.4465306122448,2719.0,54.36,1249.5666457527423,12.142734693877552,13.618,9.1,2.1186884928211276,3.0351020408163265,3.44,2.2,0.5814904229965023,8.639306122448978,26.0,0.222,12.088435583874066,1.6107108200000122
Zn-HESO111-MnNiFeCrZn,100,Co9CrFeMnNiZnO20,Co,3.23599386999999,1.2532318599999996,1.0,7,9.831694087825896,Co9CrFeMnNiZnO20,166.1764705882353,197.0,139.0,19.565080821280873,33.448404411764706,65.4,15.999,20.934279736317823,2.3529411764705883,4,0,1.9686118271390012,2.852941176470588,10,0,3.4905953726210264,,1.461,0.163,,3.474664117647059,8.912,0.001429,4.175328912739702,13.058823529411764,16,6,3.6132206301026386,733.2317647058824,2180.0,54.36,835.2070519636595,11.247823529411766,13.618,6.767,2.8524749467434956,2.7741176470588234,3.44,1.55,0.7989777205428669,6.537941176470588,20.5,0.222,7.754352166748138,1.9827620099999903
Ag3Bi,111,Ag9Bi3,hollow|A_A_B|HCP,1.66637031694319,0.6645350557854499,3.0,2,4.675254392360772,Ag3Bi,180.75,207.0,172.0,15.155444566227676,133.1461,208.9804,107.868,43.78295351880684,0.75,3,0,1.299038105676658,10.0,10,10,0.0,1.213,1.302,0.946,0.1541525218736301,10.3275,10.501,9.807,0.3005108151131998,12.0,15,11,1.7320508075688772,1062.335,1234.93,544.55,298.9433091323504,7.504249999999999,7.576,7.289,0.1242746454430669,1.9525000000000001,2.02,1.93,0.038971143170299774,11.200000000000001,11.3,10.9,0.1732050807568879,1.0018352611577401
IrO2-columbite,100,Ir10O23,O2C,0.929731930000003,-0.4289847100000088,1.0,2,5.099891151185989,Ir10O23,167.15151515151516,202.0,152.0,22.97841043651985,69.39930303030303,192.22,15.999,80.9855693106793,2.787878787878788,4,0,1.838272834921588,2.121212121212121,7,0,3.216977461112779,1.4925151515151516,1.565,1.461,0.04779509370796123,6.794935363636364,22.42,0.001429,10.302862516765225,13.878787878787879,16,9,3.216977461112779,861.8266666666667,2719.0,54.36,1224.583831711365,12.248909090909091,13.618,9.1,2.076329167043934,3.0642424242424244,3.44,2.2,0.5698645788256922,8.033515151515152,26.0,0.222,11.846749284652173,1.358716640000012
Ag3Pd,111,Ag9Pd3,hollow|A_A_B|FCC,1.95659101863913,0.7241181903781353,3.0,2,4.675254392360772,Ag3Pd,179.5,202.0,172.0,12.99038105676658,107.506,107.868,106.42,0.6270023923399307,0.0,0,0,0.0,10.0,10,10,0.0,1.11575,1.302,0.557,0.3225944629097034,10.87575,12.0,10.501,0.649086040136437,10.75,11,10,0.4330127018922193,1383.21,1828.05,1234.93,256.8284937463131,7.766249999999999,8.337,7.576,0.329522666139979,1.9975,2.2,1.93,0.11691342951089932,12.650000000000002,16.7,11.3,2.3382685902179836,1.2324728282609947
Rh3Au,111,Au3Rh9,hollow|A_A_A|FCC,0.240805917037335,0.2959929164798041,3.0,2,4.675254392360772,AuRh3,187.75,195.0,166.0,12.55736835487436,126.4207675,196.96657,102.9055,40.72963806357317,0.0,0,0,0.0,8.5,10,8,0.8660254037844386,1.4300000000000002,2.309,1.137,0.5074908866176812,14.1205,19.282,12.4,2.9799934144222533,9.5,11,9,0.8660254037844386,2012.0825,2237.0,1337.33,389.56853751137294,7.90075,9.226,7.459,0.7651334442435521,2.3449999999999998,2.54,2.28,0.11258330249197712,19.4,21.7,12.5,3.9837168574084174,-0.055186999442469076
CoCu-MOF,100,Co6Cu3C96H48N48,M2,4.15476841999998,1.3989138800000092,1.0,5,10.014240688946913,Co2CuC32H16N16,154.68656716417908,192.0,120.0,21.074288610874724,12.029975820895523,63.55,1.008,11.62885540261041,1.671641791044776,3,0,1.1248623093383148,0.3582089552238806,10,0,1.6813417930315155,,1.263,0.661,,1.4808723534328359,8.933,8.988e-05,1.9483062143760947,10.940298507462686,15,1,5.667083792998251,1917.3302985074629,3823.0,13.81,1850.978590960452,12.446567164179104,14.534,7.726,1.7275531330695812,2.553731343283582,3.04,1.88,0.32601087712325366,51.047582089552236,105.0,0.36,51.67510699139015,2.755854539999971
Re3Au,111,Au3Re9,top|A,-0.103330060061296,-0.5392851376192311,1.0,2,4.675254392360772,AuRe3,204.25,217.0,166.0,22.083647796503186,188.89689249999998,196.96657,186.207,4.659030476898464,0.0,0,0,0.0,6.25,10,5,2.165063509461097,0.6897500000000001,2.309,0.15,0.9348744233853016,20.4205,20.8,19.282,0.6573132814723892,8.0,11,7,1.7320508075688772,2928.5825,3459.0,1337.33,918.710059223665,8.2165,9.226,7.88,0.5828350967469277,2.0599999999999996,2.54,1.9,0.2771281292110204,27.875,33.0,12.5,8.876760388790496,0.43595507755793517
Pd3Rh,111,Pd9Rh3,top|B,1.53011053683787,0.3347258723778168,1.0,2,4.675254392360772,Pd3Rh,200.25,202.0,195.0,3.031088913245535,105.541375,106.42,102.9055,1.521823140800204,0.0,0,0,0.0,9.5,10,8,0.8660254037844386,0.7020000000000001,1.137,0.557,0.2511473670974872,12.1,12.4,12.0,0.1732050807568879,9.75,10,9,0.4330127018922193,1930.2875,2237.0,1828.05,177.08054443882313,8.1175,8.337,7.459,0.3801851522613686,2.22,2.28,2.2,0.034641016151377386,17.95,21.7,16.7,2.165063509461097,1.1953846644600532
CuRh,101,Cu6Rh6,hollow|A_B_B|HCP,0.506732431236571,0.6214059647799104,4.0,2,5.762825659175385,CuRh,167.5,195.0,140.0,27.5,83.22775,102.9055,63.55,19.677750000000003,0.0,0,0,0.0,9.0,10,8,1.0,1.1825,1.228,1.137,0.04549999999999998,10.6665,12.4,8.933,1.7335000000000003,10.0,11,9,1.0,1797.385,2237.0,1357.77,439.615,7.592499999999999,7.726,7.459,0.13350000000000017,2.09,2.28,1.9,0.18999999999999995,17.4,21.7,13.1,4.3,-0.11467353354333942
Ir3Rh,111,Ir9Rh3,top|B,2.1273310236391,1.2445055661818287,1.0,2,4.675254392360772,Ir3Rh,200.25,202.0,195.0,3.031088913245535,169.89137499999998,192.22,102.9055,38.67431296315262,0.0,0,0,0.0,7.25,8,7,0.4330127018922193,1.4580000000000002,1.565,1.137,0.18532943640986985,19.915000000000003,22.42,12.4,4.3387872729600385,9.0,9,9,0.0,2598.5,2719.0,2237.0,208.7121223120497,8.68975,9.1,7.459,0.7105738438051319,2.22,2.28,2.2,0.034641016151377386,24.925,26.0,21.7,1.8619546181365434,0.8828254574572711
Pt3Au,111,Au3Pt9,hollow|A_A_A|HCP,1.51265701913854,1.1704047500796833,3.0,2,4.675254392360772,AuPt3,198.25,209.0,166.0,18.619546181365433,195.5516425,196.96657,195.08,0.8169087730087946,0.0,0,0,0.0,9.25,10,9,0.4330127018922193,2.1732500000000003,2.309,2.128,0.07837529904249171,20.915499999999998,21.46,19.282,0.943101664721254,10.25,11,10,0.4330127018922193,1865.495,2041.55,1337.33,304.9362049265387,9.0565,9.226,9.0,0.09786087062764194,2.3449999999999998,2.54,2.28,0.11258330249197712,18.125,20.0,12.5,3.247595264191645,0.34225226905885675
Hf,111,Hf12,top|A,-0.749242052959914,-1.424037025018265,1.0,1,-0.0,Hf,212.0,212.0,212.0,0.0,178.49,178.49,178.49,0.0,0.0,0,0,0.0,2.0,2,2,0.0,,,,,13.3,13.3,13.3,0.0,4.0,4,4,0.0,2506.0,2506.0,2506.0,0.0,6.825,6.825,6.825,0.0,1.3,1.3,1.3,0.0,25.5,25.5,25.5,0.0,0.674794972058351
BiRh,101,Bi6Rh6,bridge|B_B|A,1.30198621314031,0.7089429458800396,2.0,2,5.762825659175385,BiRh,201.0,207.0,195.0,6.0,155.94295,208.9804,102.9055,53.03745,1.5,3,0,1.5,9.0,10,8,1.0,1.0415,1.137,0.946,0.09550000000000003,11.1035,12.4,9.807,1.2965,12.0,15,9,3.0,1390.775,2237.0,544.55,846.225,7.374,7.459,7.289,0.08499999999999996,2.15,2.28,2.02,0.1299999999999999,16.3,21.7,10.9,5.3999999999999995,0.5930432672602703
AuRu,101,Au6Ru6,top|B,1.64956973653517,0.5651348638792797,1.0,2,5.762825659175385,AuRu,186.5,207.0,166.0,20.5,149.03328499999998,196.96657,101.1,47.933285,0.0,0,0,0.0,8.5,10,7,1.5,1.6795,2.309,1.05,0.6295000000000001,15.690999999999999,19.282,12.1,3.591,9.5,11,8,1.5,1972.165,2607.0,1337.33,634.835,8.2935,9.226,7.361,0.9325000000000006,2.37,2.54,2.2,0.16999999999999993,19.1,25.7,12.5,6.6,1.0844348726558903
Rh3Re,111,Re3Rh9,hollow|A_A_A|FCC,1.54596933133854,0.829477131280214,3.0,2,4.675254392360772,ReRh3,200.5,217.0,195.0,9.526279441628825,123.730875,186.207,102.9055,36.070607586674704,0.0,0,0,0.0,7.25,8,5,1.299038105676658,0.89025,1.137,0.15,0.4273835367676204,14.5,20.8,12.4,3.6373066958946425,8.5,9,7,0.8660254037844386,2542.5,3459.0,2237.0,529.141521712292,7.5642499999999995,7.88,7.459,0.18229834749662444,2.185,2.28,1.9,0.1645448267190433,24.525,33.0,21.7,4.893043531382078,0.716492200058326
Os3Ag,111,Ag3Os9,hollow|A_A_A|FCC,-0.519316743757543,0.2795264917848499,3.0,2,4.675254392360772,AgOs3,205.0,216.0,172.0,19.05255888325765,169.61699999999996,190.2,107.868,35.6508017721902,0.0,0,0,0.0,7.0,10,6,1.7320508075688772,1.1505,1.302,1.1,0.08746856578222828,19.552750000000003,22.57,10.501,5.226030299137196,8.75,11,8,1.299038105676658,2788.2325,3306.0,1234.93,896.7996165079187,8.418999999999999,8.7,7.576,0.48670627692685436,2.1325000000000003,2.2,1.93,0.11691342951089932,26.075,31.0,11.3,8.53035022727672,-0.7988432355423929
Ir3Pd,111,Ir9Pd3,hollow|A_A_A|HCP,0.348800688538006,0.5962089035791678,3.0,2,4.675254392360772,Ir3Pd,202.0,202.0,202.0,0.0,170.76999999999998,192.22,106.42,37.152489822352415,0.0,0,0,0.0,7.75,10,7,1.299038105676658,1.3130000000000002,1.565,0.557,0.436476803507357,19.815,22.42,12.0,4.511992353716926,9.25,10,9,0.4330127018922193,2496.2625,2719.0,1828.05,385.7926667508728,8.90925,9.1,8.337,0.3303886915437633,2.2,2.2,2.2,0.0,23.675,26.0,16.7,4.02701812759764,-0.24740821504116178
Au3Ru,111,Au9Ru3,hollow|A_A_A|HCP,3.19540981373558,1.8226276071771963,3.0,2,4.675254392360772,Au3Ru,176.25,207.0,166.0,17.75352077758099,172.99992749999998,196.96657,101.1,41.51144249683958,0.0,0,0,0.0,9.25,10,7,1.299038105676658,1.99425,2.309,1.05,0.5451629916823042,17.4865,19.282,12.1,3.1098972249899193,10.25,11,8,1.299038105676658,1654.7475,2607.0,1337.33,549.7832372114941,8.75975,9.226,7.361,0.8075686890289895,2.455,2.54,2.2,0.1472243186433545,15.8,25.7,12.5,5.715767664977295,1.3727822065583837
OsPt,101,Os6Pt6,top|A,0.529135427535778,-0.0348292107183851,1.0,2,5.762825659175385,OsPt,212.5,216.0,209.0,3.5,192.64,195.08,190.2,2.440000000000012,0.0,0,0,0.0,7.5,9,6,1.5,1.614,2.128,1.1,0.514,22.015,22.57,21.46,0.5549999999999997,9.0,10,8,1.0,2673.775,3306.0,2041.55,632.225,8.85,9.0,8.7,0.15000000000000036,2.24,2.28,2.2,0.039999999999999813,25.5,31.0,20.0,5.5,0.5639646382541631
Cr,111,Cr12,hollow|A_A_A|HCP,-2.50085162166232,-1.819625239021775,3.0,1,-0.0,Cr,189.0,189.0,189.0,0.0,51.996,51.996,51.996,0.0,0.0,0,0,0.0,5.0,5,5,0.0,0.666,0.666,0.666,0.0,7.15,7.15,7.15,0.0,6.0,6,6,0.0,2180.0,2180.0,2180.0,0.0,6.767,6.767,6.767,0.0,1.66,1.66,1.66,0.0,20.5,20.5,20.5,0.0,-0.6812263826405447
Os3Pt,111,Os9Pt3,top|B,2.62405537993237,1.5627667824782066,1.0,2,4.675254392360772,Os3Pt,214.25,216.0,209.0,3.031088913245535,191.42,195.08,190.2,2.1131019852340405,0.0,0,0,0.0,6.75,9,6,1.299038105676658,1.3570000000000002,2.128,1.1,0.4451370575452015,22.292500000000004,22.57,21.46,0.4806440991003632,8.5,10,8,0.8660254037844386,2989.8875,3306.0,2041.55,547.5229109076167,8.774999999999999,9.0,8.7,0.12990381056766612,2.22,2.28,2.2,0.034641016151377386,28.25,31.0,20.0,4.763139720814412,1.0612885974541633
AgPd,101,Ag6Pd6,bridge|B_B|A,1.68443867583466,0.5666449594763208,2.0,2,5.762825659175385,AgPd,187.0,202.0,172.0,15.0,107.144,107.868,106.42,0.7239999999999966,0.0,0,0,0.0,10.0,10,10,0.0,0.9295,1.302,0.557,0.37250000000000005,11.250499999999999,12.0,10.501,0.7495000000000003,10.5,11,10,0.5,1531.49,1828.05,1234.93,296.55999999999995,7.9565,8.337,7.576,0.38050000000000006,2.065,2.2,1.93,0.13500000000000012,14.0,16.7,11.3,2.6999999999999993,1.1177937163583391
Pt3Ir,111,Ir3Pt9,hollow|A_A_A|FCC,1.49310128593407,1.0530834127829394,3.0,2,4.675254392360772,IrPt3,207.25,209.0,202.0,3.031088913245535,194.365,195.08,192.22,1.2384163274117532,0.0,0,0,0.0,8.5,9,7,0.8660254037844386,1.98725,2.128,1.565,0.24378615116531957,21.7,22.42,21.46,0.41569219381653094,9.75,10,9,0.4330127018922193,2210.9125,2719.0,2041.55,293.34445489688403,9.025,9.1,9.0,0.04330127018922177,2.26,2.28,2.2,0.034641016151377386,21.5,26.0,20.0,2.598076211353316,0.4400178731511306
Cu3Zn,111,Cu9Zn3,hollow|A_A_B|FCC,0.761222136836125,0.1391888135811996,3.0,2,4.675254392360772,Cu3Zn,139.75,140.0,139.0,0.4330127018922193,64.01249999999999,65.4,63.55,0.8010734985006094,0.0,0,0,0.0,10.0,10,10,0.0,,1.228,1.228,,8.48325,8.933,7.134,0.7789898507041023,11.25,12,11,0.4330127018922193,1191.4975,1357.77,692.68,287.9924179014962,8.143,9.394,7.726,0.7222651867562219,1.8375,1.9,1.65,0.10825317547305482,11.6625,13.1,7.35,2.4898230358802613,0.6220333232549254
Ir3Au,111,Au3Ir9,bridge|A_A|A,1.11850025993755,0.5265572849792761,2.0,2,4.675254392360772,AuIr3,193.0,202.0,166.0,15.588457268119896,193.40664249999998,196.96657,192.22,2.0553251004205477,0.0,0,0,0.0,7.75,10,7,1.299038105676658,1.7510000000000001,2.309,1.565,0.3221614502078113,21.6355,22.42,19.282,1.358793858537785,9.5,11,9,0.8660254037844386,2373.5825,2719.0,1337.33,598.2806598234228,9.131499999999999,9.226,9.1,0.05455960043842016,2.285,2.54,2.2,0.1472243186433545,22.625,26.0,12.5,5.845671475544961,0.5919429749582739
Ag3Cu,111,Ag9Cu3,hollow|A_A_B|HCP,1.44296948143511,0.3185133298801474,3.0,2,4.675254392360772,Ag3Cu,164.0,172.0,140.0,13.856406460551018,96.7885,107.868,63.55,19.190256922459376,0.0,0,0,0.0,10.0,10,10,0.0,1.2835,1.302,1.228,0.03204293994002426,10.109,10.501,8.933,0.6789639165669997,11.0,11,11,0.0,1265.6399999999999,1357.77,1234.93,53.19128030044019,7.613499999999999,7.726,7.576,0.06495190528383306,1.9224999999999999,1.93,1.9,0.012990381056766592,11.750000000000002,13.1,11.3,0.7794228634059943,1.1244561515549625
Pd3Re,111,Pd9Re3,hollow|A_A_A|FCC,2.22966922873803,0.8434138496785408,3.0,2,4.675254392360772,Pd3Re,205.75,217.0,202.0,6.49519052838329,126.36675,186.207,106.42,34.5487844458745,0.0,0,0,0.0,8.75,10,5,2.165063509461097,0.45525000000000004,0.557,0.15,0.17623616967013328,14.2,20.8,12.0,3.8105117766515306,9.25,10,7,1.299038105676658,2235.7875,3459.0,1828.05,706.2220661511151,8.22275,8.337,7.88,0.19788680476474416,2.125,2.2,1.9,0.1299038105676659,20.775,33.0,16.7,7.058107040843175,1.3862553790594894
La,111,La12,top|A,-0.699858561362078,-1.2737670556226703,1.0,1,-0.0,La,240.0,240.0,240.0,0.0,138.9055,138.9055,138.9055,0.0,0.0,0,0,0.0,1.0,1,1,0.0,0.5,0.5,0.5,0.0,6.15,6.15,6.15,0.0,4.0,4,4,0.0,1191.0,1191.0,1191.0,0.0,5.577,5.577,5.577,0.0,1.1,1.1,1.1,0.0,6.3,6.3,6.3,0.0,0.5739084942605923
Fe2P,100,Fe20HP10,,-0.832677838465,-1.07001662736,,3,6.306063583312648,Fe20HP10,187.09677419354838,194.0,120.0,13.864214410022514,46.04985870967742,55.84,1.008,14.163325294927114,0.967741935483871,3,0,1.4023912980183326,3.870967741935484,6,0,2.8707865111338053,0.3701290322580645,0.754,0.163,0.2792960900752489,5.667099673548387,7.874,8.988e-05,2.9920590601391233,10.032258064516128,15,1,3.6410196282638614,1271.1874193548385,1811.0,13.81,729.7361986272084,8.919612903225806,13.598,7.902,1.4719424225551003,1.9580645161290322,2.2,1.83,0.17269064929462194,9.127677419354841,13.8,0.558,6.300174131680022,0.23733878889500004
Pd3Zn,111,Pd9Zn3,hollow|A_A_A|HCP,1.54836257253538,0.7291212753742684,3.0,2,4.675254392360772,Pd3Zn,186.25,202.0,139.0,27.279800219209818,96.16499999999999,106.42,65.4,17.762181031618834,0.0,0,0,0.0,10.0,10,10,0.0,,0.557,0.557,,10.7835,12.0,7.134,2.1070398074075394,10.5,12,10,0.8660254037844386,1544.2075,1828.05,692.68,491.62963134736907,8.60125,9.394,8.337,0.457694425900076,2.0625,2.2,1.65,0.23815698604072075,14.362499999999999,16.7,7.35,4.048668762692251,0.8192412971611116
Zn3Ag,111,Ag3Zn9,hollow|A_A_A|HCP,0.139685285237476,-0.0583897793286496,3.0,2,4.675254392360772,AgZn3,147.25,172.0,139.0,14.289419162443238,76.017,107.868,65.4,18.389183423958766,0.0,0,0,0.0,10.0,10,10,0.0,,1.302,1.302,,7.97575,10.501,7.134,1.457953767271102,11.75,12,11,0.4330127018922193,828.2425000000001,1234.93,692.68,234.80113760105598,8.9395,9.394,7.576,0.787217092040055,1.7199999999999998,1.93,1.65,0.12124355652982141,8.337499999999999,11.3,7.35,1.710400172474267,0.1980750645661256
Cu3Ir,111,Cu9Ir3,hollow|A_A_B|FCC,0.582256538644117,0.3849659782835033,3.0,2,4.675254392360772,Cu3Ir,155.5,202.0,140.0,26.846787517317598,95.7175,192.22,63.55,55.715744352471866,0.0,0,0,0.0,9.25,10,7,1.299038105676658,1.3122500000000001,1.565,1.228,0.1459252805376779,12.30475,22.42,8.933,5.840042310420363,10.5,11,9,0.8660254037844386,1698.0774999999999,2719.0,1357.77,589.4298801967457,8.0695,9.1,7.726,0.5949594523999092,1.9749999999999999,2.2,1.9,0.1299038105676659,16.325,26.0,13.1,5.585863854409629,0.19729056036061365
Pt3Cu,111,Cu3Pt9,hollow|A_A_A|HCP,1.42959590253651,1.0609850544759638,3.0,2,4.675254392360772,CuPt3,191.75,209.0,140.0,29.877876430563134,162.1975,195.08,63.55,56.954160679883614,0.0,0,0,0.0,9.25,10,9,0.4330127018922193,1.903,2.128,1.228,0.38971143170299744,18.328249999999997,21.46,8.933,5.424350116603832,10.25,11,10,0.4330127018922193,1870.605,2041.55,1357.77,296.0854252998617,8.6815,9.0,7.726,0.5516581822106874,2.185,2.28,1.9,0.1645448267190433,18.275,20.0,13.1,2.9877876430563135,0.3686108480605461
Tc3Pd,111,Pd3Tc9,top|B,2.82401673763872,1.40828530728038,1.0,2,4.675254392360772,PdTc3,207.25,209.0,202.0,3.031088913245535,99.28477000000001,106.42,96.90636,4.119526961229892,0.0,0,0,0.0,6.25,10,5,2.165063509461097,0.5517500000000001,0.557,0.55,0.003031088913245538,11.25,12.0,11.0,0.4330127018922193,7.75,10,7,1.299038105676658,2279.5125,2430.0,1828.05,260.6519959040214,7.54425,8.337,7.28,0.4576944259000756,1.9749999999999999,2.2,1.9,0.1299038105676659,21.425,23.0,16.7,2.727980021920982,1.4157314303583401
Re3Pt,111,Pt3Re9,hollow|A_A_A|FCC,-0.904554835961051,-0.5687139771172269,3.0,2,4.675254392360772,PtRe3,215.0,217.0,209.0,3.4641016151377544,188.42525,195.08,186.207,3.8421217038896702,0.0,0,0,0.0,6.0,9,5,1.7320508075688772,0.6445000000000001,2.128,0.15,0.8564991243428098,20.965000000000003,21.46,20.8,0.2857883832488648,7.75,10,7,1.299038105676658,3104.6375,3459.0,2041.55,613.7738542971263,8.16,9.0,7.88,0.4849742261192857,1.9949999999999997,2.28,1.9,0.1645448267190433,29.75,33.0,20.0,5.629165124598851,-0.3358408588438241
Au3Os,111,Au9Os3,top|B,-0.274332518864128,-0.377523664820842,1.0,2,4.675254392360772,Au3Os,178.5,216.0,166.0,21.650635094610966,195.2749275,196.96657,190.2,2.9300107582428354,0.0,0,0,0.0,9.0,10,6,1.7320508075688772,2.0067500000000003,2.309,1.1,0.5235123565876932,20.104,22.57,19.282,1.4237457638216173,10.25,11,8,1.299038105676658,1829.4975,3306.0,1337.33,852.4591158341555,9.0945,9.226,8.7,0.22776468119530804,2.455,2.54,2.2,0.1472243186433545,17.125,31.0,12.5,8.010734985006058,0.10319114595671397
Cu3Ag,111,Ag3Cu9,hollow|A_A_A|FCC,0.633847553737553,0.122962121179512,3.0,2,4.675254392360772,AgCu3,148.0,172.0,140.0,13.856406460551018,74.6295,107.868,63.55,19.190256922459376,0.0,0,0,0.0,10.0,10,10,0.0,1.2465000000000002,1.302,1.228,0.03204293994002426,9.325,10.501,8.933,0.6789639165669997,11.0,11,11,0.0,1327.06,1357.77,1234.93,53.19128030044019,7.6885,7.726,7.576,0.06495190528383306,1.9074999999999998,1.93,1.9,0.012990381056766592,12.649999999999999,13.1,11.3,0.7794228634059943,0.510885432558041
Ir3Ru,111,Ir9Ru3,top|A,1.5978913728357,0.3685528878785362,1.0,2,4.675254392360772,Ir3Ru,203.25,207.0,202.0,2.165063509461097,169.44,192.22,101.1,39.456117396419025,0.0,0,0,0.0,7.0,7,7,0.0,1.43625,1.565,1.05,0.22300154147449291,19.84,22.42,12.1,4.4686910835277045,8.75,9,8,0.4330127018922193,2691.0,2719.0,2607.0,48.49742261192856,8.665249999999999,9.1,7.361,0.7530090885905694,2.2,2.2,2.2,0.0,25.925,26.0,25.7,0.12990381056766612,1.2293384849571638
Y,111,Y12,hollow|A_A_A|FCC,-3.6276580204614097,-2.672594502220022,3.0,1,-0.0,Y,219.0,219.0,219.0,0.0,88.90584,88.90584,88.90584,0.0,0.0,0,0,0.0,1.0,1,1,0.0,0.307,0.307,0.307,0.0,4.47,4.47,4.47,0.0,3.0,3,3,0.0,1795.0,1795.0,1795.0,0.0,6.217,6.217,6.217,0.0,1.22,1.22,1.22,0.0,11.4,11.4,11.4,0.0,-0.9550635182413876
ReTc,101,Re6Tc6,hollow|A_B_B|FCC,-0.782332592360206,-0.4073133272169116,4.0,2,5.762825659175385,ReTc,213.0,217.0,209.0,4.0,141.55668,186.207,96.90636,44.650319999999994,0.0,0,0,0.0,5.0,5,5,0.0,0.35000000000000003,0.55,0.15,0.2,15.9,20.8,11.0,4.9,7.0,7,7,0.0,2944.5,3459.0,2430.0,514.5,7.58,7.88,7.28,0.2999999999999998,1.9,1.9,1.9,0.0,28.0,33.0,23.0,5.0,-0.3750192651432944
Y,111,Y12,hollow|A_A_A|HCP,-3.64876929236215,-2.5678463209197844,3.0,1,-0.0,Y,219.0,219.0,219.0,0.0,88.90584,88.90584,88.90584,0.0,0.0,0,0,0.0,1.0,1,1,0.0,0.307,0.307,0.307,0.0,4.47,4.47,4.47,0.0,3.0,3,3,0.0,1795.0,1795.0,1795.0,0.0,6.217,6.217,6.217,0.0,1.22,1.22,1.22,0.0,11.4,11.4,11.4,0.0,-1.0809229714423658
Pt3Re,111,Pt9Re3,hollow|A_A_A|HCP,2.47426188193987,1.789222776181191,3.0,2,4.675254392360772,Pt3Re,211.0,217.0,209.0,3.4641016151377544,192.86175,195.08,186.207,3.8421217038896702,0.0,0,0,0.0,8.0,9,5,1.7320508075688772,1.6335000000000002,2.128,0.15,0.85649912434281,21.294999999999998,21.46,20.8,0.2857883832488648,9.25,10,7,1.299038105676658,2395.9125,3459.0,2041.55,613.7738542971263,8.72,9.0,7.88,0.48497422611928565,2.185,2.28,1.9,0.1645448267190433,23.25,33.0,20.0,5.629165124598851,0.6850391057586789
Pt3Ag,111,Ag3Pt9,bridge|A_A|B,1.44091896753872,0.5567563426783408,2.0,2,4.675254392360772,AgPt3,199.75,209.0,172.0,16.021469970012117,173.277,195.08,107.868,37.76390375742424,0.0,0,0,0.0,9.25,10,9,0.4330127018922193,1.9215,2.128,1.302,0.3576684917629732,18.72025,21.46,10.501,4.745386200036832,10.25,11,10,0.4330127018922193,1839.895,2041.55,1234.93,349.2767056003019,8.644,9.0,7.576,0.6166100874945204,2.1925,2.28,1.93,0.15155444566227672,17.825,20.0,11.3,3.767210506462308,0.8841626248603791
Ag3Au,111,Ag9Au3,hollow|A_A_A|HCP,2.31125644073819,0.7265883037806589,3.0,2,4.675254392360772,Ag3Au,170.5,172.0,166.0,2.598076211353316,130.1426425,196.96657,107.868,38.580812530433036,0.0,0,0,0.0,10.0,10,10,0.0,1.55375,2.309,1.302,0.4360437908054649,12.69625,19.282,10.501,3.802284535315578,11.0,11,11,0.0,1260.53,1337.33,1234.93,44.3405006737632,7.9885,9.226,7.576,0.7144709581221624,2.0825,2.54,1.93,0.26413774815425384,11.600000000000001,12.5,11.3,0.5196152422706629,1.5846681369575313
Zn3Ru,111,Ru3Zn9,hollow|A_A_B|FCC,0.78276253223504,0.1420507708797913,3.0,2,4.675254392360772,RuZn3,156.0,207.0,139.0,29.444863728670914,74.325,101.1,65.4,15.458553457552226,0.0,0,0,0.0,9.25,10,7,1.299038105676658,,1.05,1.05,,8.3755,12.1,7.134,2.1503410775967606,11.0,12,8,1.7320508075688772,1171.26,2607.0,692.68,828.9248754863133,8.88575,9.394,7.361,0.8803148229468821,1.7874999999999999,2.2,1.65,0.23815698604072075,11.9375,25.7,7.35,7.945783079722224,0.6407117613552487
AgAu,101,Ag6Au6,hollow|A_A_B|FCC,2.27274131193173,0.8994113401757886,4.0,2,5.762825659175385,AgAu,169.0,172.0,166.0,3.0,152.417285,196.96657,107.868,44.549285,0.0,0,0,0.0,10.0,10,10,0.0,1.8055,2.309,1.302,0.5035000000000001,14.8915,19.282,10.501,4.3905,11.0,11,11,0.0,1286.13,1337.33,1234.93,51.19999999999993,8.401,9.226,7.576,0.8250000000000006,2.235,2.54,1.93,0.30500000000000005,11.9,12.5,11.3,0.5999999999999996,1.3733299717559415
Pd3Ir,111,Ir3Pd9,top|B,0.942200016837717,0.0992678085793841,1.0,2,4.675254392360772,IrPd3,202.0,202.0,202.0,0.0,127.87,192.22,106.42,37.152489822352415,0.0,0,0,0.0,9.25,10,7,1.299038105676658,0.809,1.565,0.557,0.436476803507357,14.605,22.42,12.0,4.511992353716926,9.75,10,9,0.4330127018922193,2050.7875,2719.0,1828.05,385.79266675087285,8.52775,9.1,8.337,0.3303886915437633,2.2,2.2,2.2,0.0,19.025,26.0,16.7,4.02701812759764,0.8429322082583329
Rh3Ir,111,Ir3Rh9,hollow|A_A_A|FCC,0.782373681638831,0.3283750074814406,3.0,2,4.675254392360772,IrRh3,196.75,202.0,195.0,3.031088913245535,125.234125,192.22,102.9055,38.67431296315262,0.0,0,0,0.0,7.75,8,7,0.4330127018922193,1.244,1.565,1.137,0.18532943640986985,14.905000000000001,22.42,12.4,4.3387872729600385,9.0,9,9,0.0,2357.5,2719.0,2237.0,208.7121223120497,7.869249999999999,9.1,7.459,0.7105738438051319,2.26,2.28,2.2,0.034641016151377386,22.775,26.0,21.7,1.8619546181365434,0.4539986741573904
CoNi-MOF,100,Co6Ni3C96H48N48,M2,2.91098222000005,1.284505210000134,1.0,5,10.014240688946913,Co2NiC32H16N16,155.02985074626864,192.0,120.0,21.01951484823889,11.95748328358209,58.93319,1.008,11.318457691320013,1.671641791044776,3,0,1.1248623093383148,0.3283582089552239,8,0,1.5198984618628022,,1.263,0.661,,1.4805589205970149,8.912,8.988e-05,1.947108652803842,10.925373134328359,15,1,5.668223636125252,1922.8561194029853,3823.0,13.81,1849.8521492778623,12.445283582089552,14.534,7.64,1.7310883972184046,2.5538805970149254,3.04,1.88,0.32571370646435505,51.10877611940298,105.0,0.36,51.63254305612319,1.626477009999916
Ag3Cu,111,Ag9Cu3,hollow|A_A_B|FCC,1.36886580813353,0.2957799873810245,3.0,2,4.675254392360772,Ag3Cu,164.0,172.0,140.0,13.856406460551018,96.7885,107.868,63.55,19.190256922459376,0.0,0,0,0.0,10.0,10,10,0.0,1.2835,1.302,1.228,0.03204293994002426,10.109,10.501,8.933,0.6789639165669997,11.0,11,11,0.0,1265.6399999999999,1357.77,1234.93,53.19128030044019,7.613499999999999,7.726,7.576,0.06495190528383306,1.9224999999999999,1.93,1.9,0.012990381056766592,11.750000000000002,13.1,11.3,0.7794228634059943,1.0730858207525056
AgAu,101,Ag6Au6,hollow|A_B_B|HCP,2.33980825733653,1.169690043073274,4.0,2,5.762825659175385,AgAu,169.0,172.0,166.0,3.0,152.417285,196.96657,107.868,44.549285,0.0,0,0,0.0,10.0,10,10,0.0,1.8055,2.309,1.302,0.5035000000000001,14.8915,19.282,10.501,4.3905,11.0,11,11,0.0,1286.13,1337.33,1234.93,51.19999999999993,8.401,9.226,7.576,0.8250000000000006,2.235,2.54,1.93,0.30500000000000005,11.9,12.5,11.3,0.5999999999999996,1.170118214263256
Zn3Pd,111,Pd3Zn9,hollow|A_A_A|HCP,0.348238773538299,-0.0825925365235207,3.0,2,4.675254392360772,PdZn3,154.75,202.0,139.0,27.279800219209818,75.655,106.42,65.4,17.762181031618834,0.0,0,0,0.0,10.0,10,10,0.0,,0.557,0.557,,8.3505,12.0,7.134,2.1070398074075394,11.5,12,10,0.8660254037844386,976.5225,1828.05,692.68,491.62963134736907,9.129750000000001,9.394,8.337,0.457694425900076,1.7874999999999999,2.2,1.65,0.23815698604072075,9.6875,16.7,7.35,4.048668762692251,0.43083131006181974
W,111,W12,top|A,-1.17962777656084,-1.066736860720198,1.0,1,-0.0,W,210.0,210.0,210.0,0.0,183.84,183.84,183.84,0.0,0.0,0,0,0.0,4.0,4,4,0.0,0.815,0.815,0.815,0.0,19.3,19.3,19.3,0.0,6.0,6,6,0.0,3695.0,3695.0,3695.0,0.0,7.98,7.98,7.98,0.0,2.36,2.36,2.36,0.0,35.0,35.0,35.0,0.0,-0.11289091584064215
Ag-fcc,111,Ag16,fcc,2.25866811,0.7180485551725724,3.0,1,-0.0,Ag,172.0,172.0,172.0,0.0,107.868,107.868,107.868,0.0,0.0,0,0,0.0,10.0,10,10,0.0,1.302,1.302,1.302,0.0,10.501,10.501,10.501,0.0,11.0,11,11,0.0,1234.93,1234.93,1234.93,0.0,7.576,7.576,7.576,0.0,1.93,1.93,1.93,0.0,11.3,11.3,11.3,0.0,1.5406195548274275
Pt3Pd,111,Pd3Pt9,hollow|A_A_A|HCP,1.50989656023359,1.1751923209784536,3.0,2,4.675254392360772,PdPt3,207.25,209.0,202.0,3.031088913245535,172.915,195.08,106.42,38.39090614976417,0.0,0,0,0.0,9.25,10,9,0.4330127018922193,1.7352500000000002,2.128,0.557,0.6802629546726766,19.095,21.46,12.0,4.096300159900395,10.0,10,10,0.0,1988.175,2041.55,1828.05,92.44821185398882,8.83425,9.0,8.337,0.2870874213545415,2.26,2.28,2.2,0.034641016151377386,19.175,20.0,16.7,1.4289419162443242,0.3347042392551365
Pd3Ru,111,Pd9Ru3,hollow|A_A_A|FCC,1.79733176863357,0.7379434781768168,3.0,2,4.675254392360772,Pd3Ru,203.25,207.0,202.0,2.165063509461097,105.09,106.42,101.1,2.3036275740666103,0.0,0,0,0.0,9.25,10,7,1.299038105676658,0.68025,1.05,0.557,0.21347526203286413,12.025,12.1,12.0,0.04330127018922177,9.5,10,8,0.8660254037844386,2022.7875,2607.0,1828.05,337.29524413894427,8.093,8.337,7.361,0.42262039704680604,2.2,2.2,2.2,0.0,18.95,25.7,16.7,3.897114317029974,1.059388290456753
IrRe,101,Ir6Re6,top|B,-0.319340419861135,-0.2027638581195106,1.0,2,5.762825659175385,IrRe,209.5,217.0,202.0,7.5,189.2135,192.22,186.207,3.0065000000000026,0.0,0,0,0.0,6.0,7,5,1.0,0.8574999999999999,1.565,0.15,0.7074999999999999,21.61,22.42,20.8,0.8100000000000005,8.0,9,7,1.0,3089.0,3459.0,2719.0,370.0,8.49,9.1,7.88,0.6099999999999999,2.05,2.2,1.9,0.15000000000000013,29.5,33.0,26.0,3.5,-0.1165765617416244
Y,111,Y12,top|A,-0.642159951161546,-1.5586088830197014,1.0,1,-0.0,Y,219.0,219.0,219.0,0.0,88.90584,88.90584,88.90584,0.0,0.0,0,0,0.0,1.0,1,1,0.0,0.307,0.307,0.307,0.0,4.47,4.47,4.47,0.0,3.0,3,3,0.0,1795.0,1795.0,1795.0,0.0,6.217,6.217,6.217,0.0,1.22,1.22,1.22,0.0,11.4,11.4,11.4,0.0,0.9164489318581553
Ir3Au,111,Au3Ir9,top|B,3.6292336957374705,2.2328224839810673,1.0,2,4.675254392360772,AuIr3,193.0,202.0,166.0,15.588457268119896,193.40664249999998,196.96657,192.22,2.0553251004205477,0.0,0,0,0.0,7.75,10,7,1.299038105676658,1.7510000000000001,2.309,1.565,0.3221614502078113,21.6355,22.42,19.282,1.358793858537785,9.5,11,9,0.8660254037844386,2373.5825,2719.0,1337.33,598.2806598234228,9.131499999999999,9.226,9.1,0.05455960043842016,2.285,2.54,2.2,0.1472243186433545,22.625,26.0,12.5,5.845671475544961,1.3964112117564031
Ru3Re,111,Re3Ru9,hollow|A_A_A|FCC,0.31842897453663,0.3184092462805665,3.0,2,4.675254392360772,ReRu3,209.5,217.0,207.0,4.330127018922194,122.37674999999999,186.207,101.1,36.85241201994111,0.0,0,0,0.0,6.5,7,5,0.8660254037844386,0.8250000000000001,1.05,0.15,0.3897114317029974,14.274999999999999,20.8,12.1,3.7672105064623085,7.75,8,7,0.4330127018922193,2820.0,3459.0,2607.0,368.9268220121709,7.490749999999999,7.88,7.361,0.22473359228206188,2.125,2.2,1.9,0.1299038105676659,27.525,33.0,25.7,3.160992723813201,1.972825606350037e-05
Ir3Cu,111,Cu3Ir9,hollow|A_A_A|HCP,0.328452151737849,0.4957112764794829,3.0,2,4.675254392360772,CuIr3,186.5,202.0,140.0,26.846787517317598,160.05249999999998,192.22,63.55,55.71574435247186,0.0,0,0,0.0,7.75,10,7,1.299038105676658,1.48075,1.565,1.228,0.1459252805376779,19.048250000000003,22.42,8.933,5.840042310420363,9.5,11,9,0.8660254037844386,2378.6925,2719.0,1357.77,589.4298801967457,8.756499999999999,9.1,7.726,0.5949594523999092,2.125,2.2,1.9,0.1299038105676659,22.775,26.0,13.1,5.585863854409629,-0.1672591247416339
Zn3Pt,111,Pt3Zn9,hollow|A_A_A|HCP,0.366985648240927,-0.151494753717202,3.0,2,4.675254392360772,PtZn3,156.5,209.0,139.0,30.31088913245535,97.82000000000001,195.08,65.4,56.15308718138301,0.0,0,0,0.0,9.75,10,9,0.4330127018922193,,2.128,2.128,,10.7155,21.46,7.134,6.203339967307935,11.5,12,10,0.8660254037844386,1029.8975,2041.55,692.68,584.0778432013578,9.2955,9.394,9.0,0.17060700454553449,1.8074999999999997,2.28,1.65,0.27279800219209815,10.5125,20.0,7.35,5.477610678936575,0.5184804019581291
CuC48N24H24,active_site,CuC48H24N24,,1.739836259999945,-0.6299893475000431,,4,9.032495240126101,CuC48H24N24,153.60824742268042,170.0,120.0,20.367022415736475,10.313793814432989,63.55,1.008,7.446067088840129,1.731958762886598,3,0,1.0984099465457486,0.10309278350515463,10,0,1.0100988630033725,,1.263,0.754,,1.2142388816494845,8.933,8.988e-05,1.3752972340180607,11.0,15,1,5.758006527892942,1924.8330927835052,3823.0,13.81,1883.450229767448,12.612103092783505,14.534,7.726,1.5182841202437212,2.577938144329897,3.04,1.9,0.3054350898505612,52.320948453608246,105.0,0.36,52.15425903759183,2.369825607499988
Ag3Pd,111,Ag9Pd3,hollow|A_A_B|HCP,1.97960463833789,0.7383972279830004,3.0,2,4.675254392360772,Ag3Pd,179.5,202.0,172.0,12.99038105676658,107.506,107.868,106.42,0.6270023923399307,0.0,0,0,0.0,10.0,10,10,0.0,1.11575,1.302,0.557,0.3225944629097034,10.87575,12.0,10.501,0.649086040136437,10.75,11,10,0.4330127018922193,1383.21,1828.05,1234.93,256.8284937463131,7.766249999999999,8.337,7.576,0.329522666139979,1.9975,2.2,1.93,0.11691342951089932,12.650000000000002,16.7,11.3,2.3382685902179836,1.2412074103548896
Rh3Tc,111,Rh9Tc3,hollow|A_A_B|FCC,-0.175330837562967,-0.1023489536229362,3.0,2,4.675254392360772,Rh3Tc,198.5,209.0,195.0,6.06217782649107,101.405715,102.9055,96.90636,2.5977038204296874,0.0,0,0,0.0,7.25,8,5,1.299038105676658,0.9902500000000001,1.137,0.55,0.25417845601073275,12.05,12.4,11.0,0.6062177826491072,8.5,9,7,0.8660254037844386,2285.25,2430.0,2237.0,83.57145146519834,7.41425,7.459,7.28,0.077509273638707,2.185,2.28,1.9,0.1645448267190433,22.025,23.0,21.7,0.5629165124598854,-0.0729818839400308
HEO-19-Co3.0Zn2.0Cr3.0Mn3.0Fe3.0Ni2.0-Ni-site,100,Co2Cr2Fe3Mn2Ni3Zn2O20,Ni,4.51945318,2.0085081299999956,1.0,7,11.699451309662276,Co2Cr2Fe3Mn2Ni3Zn2O20,163.08823529411765,197.0,139.0,18.630095271548925,33.12098411764706,65.4,15.999,20.618667884244825,2.3529411764705883,4,0,1.9686118271390012,2.823529411764706,10,0,3.543598936900949,,1.461,0.163,,3.2727817647058823,8.912,0.001429,3.939638668641618,13.0,16,6,3.7807562268756265,706.5752941176471,2180.0,54.36,826.2698317286632,11.233470588235296,13.618,6.767,2.888979498586412,2.75,3.44,1.55,0.8290320365625558,6.233529411764706,20.5,0.222,7.593721199840013,2.5109450500000046
AgBi,101,Ag6Bi6,hollow|A_A_B|HCP,1.3607834829416,0.3676101494828572,4.0,2,5.762825659175385,AgBi,189.5,207.0,172.0,17.5,158.42419999999998,208.9804,107.868,50.556200000000004,1.5,3,0,1.5,10.0,10,10,0.0,1.124,1.302,0.946,0.17800000000000005,10.154,10.501,9.807,0.34699999999999953,13.0,15,11,2.0,889.74,1234.93,544.55,345.19000000000005,7.432499999999999,7.576,7.289,0.14349999999999996,1.975,2.02,1.93,0.04500000000000004,11.100000000000001,11.3,10.9,0.20000000000000018,0.9931733334587427
OsPd,101,Os6Pd6,bridge|A_A|B,-0.179407511059424,-0.2795534310199628,2.0,2,5.762825659175385,OsPd,209.0,216.0,202.0,7.0,148.31,190.2,106.42,41.88999999999999,0.0,0,0,0.0,8.0,10,6,2.0,0.8285,1.1,0.557,0.2715,17.285,22.57,12.0,5.285,9.0,10,8,1.0,2567.025,3306.0,1828.05,738.975,8.5185,8.7,8.337,0.18149999999999977,2.2,2.2,2.2,0.0,23.85,31.0,16.7,7.15,0.10014591996053876
CuCu-MOF,100,Cu9C96H48N48,M2,3.9829944099999506,1.2994102000000112,1.0,4,9.777286414534835,Cu3C32H16N16,153.13432835820893,170.0,120.0,20.1641735806526,12.167791044776118,63.55,1.008,12.197356499187764,1.671641791044776,3,0,1.1248623093383148,0.4477611940298507,10,0,2.068120367246421,,1.263,0.754,,1.4830514579104477,8.933,8.988e-05,1.9565815115394654,11.0,15,1,5.65685424949238,1905.0846268656717,3823.0,13.81,1853.281583894088,12.441940298507463,14.534,7.726,1.7399379632155618,2.5543283582089553,3.04,1.9,0.32479258079441337,50.955044776119394,105.0,0.36,51.74016223729183,2.6835842099999394
Ag3Ru,111,Ag9Ru3,hollow|A_A_A|HCP,2.77061290014154,1.141720822179991,3.0,2,4.675254392360772,Ag3Ru,180.75,207.0,172.0,15.155444566227676,106.17599999999999,107.868,101.1,2.9306299664065407,0.0,0,0,0.0,9.25,10,7,1.299038105676658,1.239,1.302,1.05,0.10911920087683927,10.90075,12.1,10.501,0.6923873103256588,10.25,11,8,1.299038105676658,1577.9475,2607.0,1234.93,594.1237378852574,7.52225,7.576,7.361,0.0930977309068271,1.9975,2.2,1.93,0.11691342951089932,14.900000000000002,25.7,11.3,6.235382907247958,1.6288920779615488
BiRu,101,Bi6Ru6,bridge|B_B|A,0.954816302739175,0.4033874048808457,2.0,2,5.762825659175385,BiRu,207.0,207.0,207.0,0.0,155.0402,208.9804,101.1,53.940200000000004,1.5,3,0,1.5,8.5,10,7,1.5,0.998,1.05,0.946,0.052000000000000046,10.9535,12.1,9.807,1.1464999999999996,11.5,15,8,3.5,1575.775,2607.0,544.55,1031.2250000000001,7.324999999999999,7.361,7.289,0.03600000000000003,2.1100000000000003,2.2,2.02,0.09000000000000008,18.3,25.7,10.9,7.3999999999999995,0.5514288978583293
CuPd,101,Cu6Pd6,bridge|B_B|A,1.62334149994041,0.7812343408849074,2.0,2,5.762825659175385,CuPd,171.0,202.0,140.0,31.0,84.985,106.42,63.55,21.435000000000002,0.0,0,0,0.0,10.0,10,10,0.0,0.8925000000000001,1.228,0.557,0.33549999999999996,10.4665,12.0,8.933,1.5335,10.5,11,10,0.5,1592.9099999999999,1828.05,1357.77,235.14,8.0315,8.337,7.726,0.3054999999999999,2.05,2.2,1.9,0.15000000000000013,14.899999999999999,16.7,13.1,1.7999999999999998,0.8421071590555027
Zn3Au,111,Au3Zn9,hollow|A_A_A|HCP,0.122355851435543,-0.1461044507187807,3.0,2,4.675254392360772,AuZn3,145.75,166.0,139.0,11.691342951089922,98.2916425,196.96657,65.4,56.9699959543918,0.0,0,0,0.0,10.0,10,10,0.0,,2.309,2.309,,10.171,19.282,7.134,5.26023830258668,11.75,12,11,0.4330127018922193,853.8425,1337.33,692.68,279.1416382748192,9.352,9.394,9.226,0.07274613391789252,1.8724999999999998,2.54,1.65,0.3853813046840752,8.6375,12.5,7.35,2.23001541474493,0.2684603021543237
OsRu,101,Os6Ru6,hollow|A_B_B|HCP,-0.129016517963635,0.1712294017787599,4.0,2,5.762825659175385,OsRu,211.5,216.0,207.0,4.5,145.64999999999998,190.2,101.1,44.55,0.0,0,0,0.0,6.5,7,6,0.5,1.0750000000000002,1.1,1.05,0.025000000000000022,17.335,22.57,12.1,5.235,8.0,8,8,0.0,2956.5,3306.0,2607.0,349.5,8.0305,8.7,7.361,0.6694999999999998,2.2,2.2,2.2,0.0,28.35,31.0,25.7,2.6500000000000004,-0.3002459197423949
OsRe,101,Os6Re6,hollow|A_B_B|HCP,-0.959206043262554,-0.2189008891210733,4.0,2,5.762825659175385,OsRe,216.5,217.0,216.0,0.5,188.2035,190.2,186.207,1.9964999999999975,0.0,0,0,0.0,5.5,6,5,0.5,0.625,1.1,0.15,0.47500000000000003,21.685000000000002,22.57,20.8,0.8849999999999998,7.5,8,7,0.5,3382.5,3459.0,3306.0,76.5,8.29,8.7,7.88,0.4099999999999997,2.05,2.2,1.9,0.15000000000000013,32.0,33.0,31.0,1.0,-0.7403051541414807
Cu,111,Cu12,hollow|A_A_A|FCC,0.815140813636219,0.189503614686032,3.0,1,-0.0,Cu,140.0,140.0,140.0,0.0,63.55,63.55,63.55,0.0,0.0,0,0,0.0,10.0,10,10,0.0,1.228,1.228,1.228,0.0,8.933,8.933,8.933,0.0,11.0,11,11,0.0,1357.77,1357.77,1357.77,0.0,7.726,7.726,7.726,0.0,1.9,1.9,1.9,0.0,13.1,13.1,13.1,0.0,0.625637198950187
RuTc,101,Ru6Tc6,hollow|A_A_B|FCC,-0.265324734460762,-0.1049065516191376,4.0,2,5.762825659175385,RuTc,208.0,209.0,207.0,1.0,99.00318,101.1,96.90636,2.096819999999994,0.0,0,0,0.0,6.0,7,5,1.0,0.8,1.05,0.55,0.25,11.55,12.1,11.0,0.5499999999999998,7.5,8,7,0.5,2518.5,2607.0,2430.0,88.5,7.3205,7.361,7.28,0.04049999999999976,2.05,2.2,1.9,0.15000000000000013,24.35,25.7,23.0,1.3499999999999996,-0.1604181828416244
Re3Cu,111,Cu3Re9,hollow|A_A_A|FCC,-1.03098613646233,-0.4982370372191553,3.0,2,4.675254392360772,CuRe3,197.75,217.0,140.0,33.34197804570089,155.54274999999998,186.207,63.55,53.11203897599395,0.0,0,0,0.0,6.25,10,5,2.165063509461097,0.4195,1.228,0.15,0.4667876926398124,17.83325,20.8,8.933,5.138561733354967,8.0,11,7,1.7320508075688772,2933.6925,3459.0,1357.77,909.859279596988,7.8415,7.88,7.726,0.06668395609140174,1.9,1.9,1.9,0.0,28.025,33.0,13.1,8.616952767655166,-0.5327490992431747
ReTc,101,Re6Tc6,top|A,-0.408230486959098,0.0429911292820861,1.0,2,5.762825659175385,ReTc,213.0,217.0,209.0,4.0,141.55668,186.207,96.90636,44.650319999999994,0.0,0,0,0.0,5.0,5,5,0.0,0.35000000000000003,0.55,0.15,0.2,15.9,20.8,11.0,4.9,7.0,7,7,0.0,2944.5,3459.0,2430.0,514.5,7.58,7.88,7.28,0.2999999999999998,1.9,1.9,1.9,0.0,28.0,33.0,23.0,5.0,-0.4512216162411841
Cu3Os,111,Cu9Os3,hollow|A_A_B|HCP,-0.412813972561878,-0.0910019426183907,3.0,2,4.675254392360772,Cu3Os,159.0,216.0,140.0,32.90896534380867,95.21249999999999,190.2,63.55,54.841058694649576,0.0,0,0,0.0,9.0,10,6,1.7320508075688772,1.1960000000000002,1.228,1.1,0.05542562584220403,12.34225,22.57,8.933,5.904994215704195,10.25,11,8,1.299038105676658,1844.8274999999999,3306.0,1357.77,843.6083362074784,7.9695,8.7,7.726,0.4217543716430213,1.9749999999999999,2.2,1.9,0.1299038105676659,17.575,31.0,13.1,7.750927363870726,-0.32181202994348734
Ta,111,Ta12,hollow|A_A_A|FCC,-3.26045944326341,-2.1272281646225792,3.0,1,-0.0,Ta,217.0,217.0,217.0,0.0,180.9479,180.9479,180.9479,0.0,0.0,0,0,0.0,3.0,3,3,0.0,0.322,0.322,0.322,0.0,16.4,16.4,16.4,0.0,5.0,5,5,0.0,3290.0,3290.0,3290.0,0.0,7.89,7.89,7.89,0.0,1.5,1.5,1.5,0.0,36.0,36.0,36.0,0.0,-1.1332312786408307
Zn-HESO19-MnNiFeCrZn,100,Co9CrFeMnNiZnO20,Co,3.28663562,1.2535872299999935,1.0,7,9.831694087825896,Co9CrFeMnNiZnO20,166.1764705882353,197.0,139.0,19.565080821280873,33.448404411764706,65.4,15.999,20.934279736317823,2.3529411764705883,4,0,1.9686118271390012,2.852941176470588,10,0,3.4905953726210264,,1.461,0.163,,3.474664117647059,8.912,0.001429,4.175328912739702,13.058823529411764,16,6,3.6132206301026386,733.2317647058824,2180.0,54.36,835.2070519636595,11.247823529411766,13.618,6.767,2.8524749467434956,2.7741176470588234,3.44,1.55,0.7989777205428669,6.537941176470588,20.5,0.222,7.754352166748138,2.0330483900000065
PdRu,101,Pd6Ru6,hollow|A_A_B|FCC,0.891677728839397,0.9257274694799662,4.0,2,5.762825659175385,PdRu,204.5,207.0,202.0,2.5,103.75999999999999,106.42,101.1,2.6600000000000037,0.0,0,0,0.0,8.5,10,7,1.5,0.8035000000000001,1.05,0.557,0.2465,12.05,12.1,12.0,0.04999999999999982,9.0,10,8,1.0,2217.525,2607.0,1828.05,389.475,7.849,8.337,7.361,0.488,2.2,2.2,2.2,0.0,21.2,25.7,16.7,4.5,-0.034049740640569204
Pt3Ir,111,Ir3Pt9,top|A,2.51022458283461,0.785605985777579,1.0,2,4.675254392360772,IrPt3,207.25,209.0,202.0,3.031088913245535,194.365,195.08,192.22,1.2384163274117532,0.0,0,0,0.0,8.5,9,7,0.8660254037844386,1.98725,2.128,1.565,0.24378615116531957,21.7,22.42,21.46,0.41569219381653094,9.75,10,9,0.4330127018922193,2210.9125,2719.0,2041.55,293.34445489688403,9.025,9.1,9.0,0.04330127018922177,2.26,2.28,2.2,0.034641016151377386,21.5,26.0,20.0,2.598076211353316,1.724618597057031
Pt3Pd,111,Pd3Pt9,hollow|A_A_A|FCC,1.34001371383403,1.2572478408809502,3.0,2,4.675254392360772,PdPt3,207.25,209.0,202.0,3.031088913245535,172.915,195.08,106.42,38.39090614976417,0.0,0,0,0.0,9.25,10,9,0.4330127018922193,1.7352500000000002,2.128,0.557,0.6802629546726766,19.095,21.46,12.0,4.096300159900395,10.0,10,10,0.0,1988.175,2041.55,1828.05,92.44821185398882,8.83425,9.0,8.337,0.2870874213545415,2.26,2.28,2.2,0.034641016151377386,19.175,20.0,16.7,1.4289419162443242,0.0827658729530798
Zn3Pd,111,Pd3Zn9,hollow|A_A_A|FCC,0.45372819293317,0.1077391205807316,3.0,2,4.675254392360772,PdZn3,154.75,202.0,139.0,27.279800219209818,75.655,106.42,65.4,17.762181031618834,0.0,0,0,0.0,10.0,10,10,0.0,,0.557,0.557,,8.3505,12.0,7.134,2.1070398074075394,11.5,12,10,0.8660254037844386,976.5225,1828.05,692.68,491.62963134736907,9.129750000000001,9.394,8.337,0.457694425900076,1.7874999999999999,2.2,1.65,0.23815698604072075,9.6875,16.7,7.35,4.048668762692251,0.3459890723524384
Ru3Pt,111,Pt3Ru9,hollow|A_A_A|HCP,-0.477115833164305,-0.0083172955193049,3.0,2,4.675254392360772,PtRu3,207.5,209.0,207.0,0.8660254037844386,124.595,195.08,101.1,40.69453372383078,0.0,0,0,0.0,7.5,9,7,0.8660254037844386,1.3195000000000001,2.128,1.05,0.46678769263981246,14.44,21.46,12.1,4.052998889711174,8.5,10,8,0.8660254037844386,2465.6375,2607.0,2041.55,244.84703228495545,7.77075,9.0,7.361,0.7097078184013476,2.22,2.28,2.2,0.034641016151377386,24.275,25.7,20.0,2.4681724007856496,-0.4687985376450001
Sc,111,Sc12,top|A,-0.913253090861133,-1.578630611119593,1.0,1,-0.0,Sc,211.0,211.0,211.0,0.0,44.95591,44.95591,44.95591,0.0,0.0,0,0,0.0,1.0,1,1,0.0,0.188,0.188,0.188,0.0,2.99,2.99,2.99,0.0,3.0,3,3,0.0,1814.0,1814.0,1814.0,0.0,6.561,6.561,6.561,0.0,1.36,1.36,1.36,0.0,16.0,16.0,16.0,0.0,0.6653775202584599
AgRh,101,Ag6Rh6,hollow|A_A_B|FCC,1.54953660763914,1.1673755788768858,4.0,2,5.762825659175385,AgRh,183.5,195.0,172.0,11.5,105.38675,107.868,102.9055,2.4812499999999957,0.0,0,0,0.0,9.0,10,8,1.0,1.2195,1.302,1.137,0.08250000000000002,11.4505,12.4,10.501,0.9495000000000005,10.0,11,9,1.0,1735.9650000000001,2237.0,1234.93,501.03499999999997,7.5175,7.576,7.459,0.058499999999999996,2.105,2.28,1.93,0.17499999999999993,16.5,21.7,11.3,5.199999999999999,0.3821610287622541
Rh3Pd,111,Pd3Rh9,hollow|A_A_B|FCC,0.809950922437395,0.4491528707775387,3.0,2,4.675254392360772,PdRh3,196.75,202.0,195.0,3.031088913245535,103.784125,106.42,102.9055,1.521823140800204,0.0,0,0,0.0,8.5,10,8,0.8660254037844386,0.992,1.137,0.557,0.2511473670974872,12.3,12.4,12.0,0.1732050807568879,9.25,10,9,0.4330127018922193,2134.7625,2237.0,1828.05,177.08054443882313,7.6785,8.337,7.459,0.3801851522613686,2.26,2.28,2.2,0.034641016151377386,20.45,21.7,16.7,2.165063509461097,0.3607980516598563
CoCu-MOF,100,Co6Cu3C96H48N48,M1,2.86166525999988,1.117932939999946,1.0,5,10.014240688946913,Co2CuC32H16N16,154.68656716417908,192.0,120.0,21.074288610874724,12.029975820895523,63.55,1.008,11.62885540261041,1.671641791044776,3,0,1.1248623093383148,0.3582089552238806,10,0,1.6813417930315155,,1.263,0.661,,1.4808723534328359,8.933,8.988e-05,1.9483062143760947,10.940298507462686,15,1,5.667083792998251,1917.3302985074629,3823.0,13.81,1850.978590960452,12.446567164179104,14.534,7.726,1.7275531330695812,2.553731343283582,3.04,1.88,0.32601087712325366,51.047582089552236,105.0,0.36,51.67510699139015,1.7437323199999342
Pt3Os,111,Os3Pt9,top|B,0.170943546134197,-0.1879984170255966,1.0,2,4.675254392360772,OsPt3,210.75,216.0,209.0,3.031088913245535,193.86,195.08,190.2,2.1131019852340405,0.0,0,0,0.0,8.25,9,6,1.299038105676658,1.871,2.128,1.1,0.4451370575452015,21.737499999999997,22.57,21.46,0.4806440991003632,9.5,10,8,0.8660254037844386,2357.6625,3306.0,2041.55,547.5229109076167,8.925,9.0,8.7,0.12990381056766612,2.26,2.28,2.2,0.034641016151377386,22.75,31.0,20.0,4.763139720814412,0.3589419631597936
Cd,111,Cd12,hollow|A_A_A|HCP,0.90444041203574,0.2294330550802215,3.0,1,-0.0,Cd,158.0,158.0,158.0,0.0,112.41,112.41,112.41,0.0,0.0,0,0,0.0,10.0,10,10,0.0,,,,,8.69,8.69,8.69,0.0,12.0,12,12,0.0,594.22,594.22,594.22,0.0,8.994,8.994,8.994,0.0,1.69,1.69,1.69,0.0,6.3,6.3,6.3,0.0,0.6750073569555185
IrO2-rutile,100,Ir20O43,Ir-site,1.58195875000001,-0.0609221699999693,1.0,2,5.19575344526305,Ir20O43,167.87301587301587,202.0,152.0,23.27440999780187,71.9421746031746,192.22,15.999,82.02879608445288,2.7301587301587302,4,0,1.8619527998241499,2.2222222222222223,7,0,3.258417399692262,1.494015873015873,1.565,1.461,0.04841077279542784,7.1184356666666675,22.42,0.001429,10.435580260376623,13.777777777777779,16,9,3.2584173996922625,900.2774603174603,2719.0,54.36,1240.3584771308556,12.183714285714284,13.618,9.1,2.1030756874013776,3.0463492063492064,3.44,2.2,0.5772053679454864,8.405492063492062,26.0,0.222,11.999354818466733,1.6428809199999794
Cu3Os,111,Cu9Os3,hollow|A_A_A|FCC,0.933695234841991,0.2565822609802808,3.0,2,4.675254392360772,Cu3Os,159.0,216.0,140.0,32.90896534380867,95.21249999999999,190.2,63.55,54.841058694649576,0.0,0,0,0.0,9.0,10,6,1.7320508075688772,1.1960000000000002,1.228,1.1,0.05542562584220403,12.34225,22.57,8.933,5.904994215704195,10.25,11,8,1.299038105676658,1844.8274999999999,3306.0,1357.77,843.6083362074784,7.9695,8.7,7.726,0.4217543716430213,1.9749999999999999,2.2,1.9,0.1299038105676659,17.575,31.0,13.1,7.750927363870726,0.6771129738617102
Re3Au,111,Au3Re9,hollow|A_A_A|HCP,-1.51512250656032,-1.4267989805185834,3.0,2,4.675254392360772,AuRe3,204.25,217.0,166.0,22.083647796503186,188.89689249999998,196.96657,186.207,4.659030476898464,0.0,0,0,0.0,6.25,10,5,2.165063509461097,0.6897500000000001,2.309,0.15,0.9348744233853016,20.4205,20.8,19.282,0.6573132814723892,8.0,11,7,1.7320508075688772,2928.5825,3459.0,1337.33,918.710059223665,8.2165,9.226,7.88,0.5828350967469277,2.0599999999999996,2.54,1.9,0.2771281292110204,27.875,33.0,12.5,8.876760388790496,-0.08832352604173654
OsPt,101,Os6Pt6,bridge|A_A|B,0.223358249840942,-0.1189081691219371,2.0,2,5.762825659175385,OsPt,212.5,216.0,209.0,3.5,192.64,195.08,190.2,2.440000000000012,0.0,0,0,0.0,7.5,9,6,1.5,1.614,2.128,1.1,0.514,22.015,22.57,21.46,0.5549999999999997,9.0,10,8,1.0,2673.775,3306.0,2041.55,632.225,8.85,9.0,8.7,0.15000000000000036,2.24,2.28,2.2,0.039999999999999813,25.5,31.0,20.0,5.5,0.34226641896287907
Pd3Ag,111,Ag3Pd9,hollow|A_A_B|FCC,1.68577285003613,0.7683451247766016,3.0,2,4.675254392360772,AgPd3,194.5,202.0,172.0,12.99038105676658,106.782,107.868,106.42,0.6270023923399307,0.0,0,0,0.0,10.0,10,10,0.0,0.7432500000000001,1.302,0.557,0.3225944629097034,11.62525,12.0,10.501,0.649086040136437,10.25,11,10,0.4330127018922193,1679.77,1828.05,1234.93,256.8284937463131,8.146749999999999,8.337,7.576,0.32952266613997894,2.1325000000000003,2.2,1.93,0.11691342951089932,15.349999999999998,16.7,11.3,2.3382685902179836,0.9174277252595284
Tc3Ru,111,Ru3Tc9,hollow|A_A_B|HCP,-1.08847671556231,-0.5899169514187861,3.0,2,4.675254392360772,RuTc3,208.5,209.0,207.0,0.8660254037844386,97.95477,101.1,96.90636,1.8158993871632814,0.0,0,0,0.0,5.5,7,5,0.8660254037844386,0.675,1.05,0.55,0.21650635094610965,11.275,12.1,11.0,0.4763139720814411,7.25,8,7,0.4330127018922193,2474.25,2607.0,2430.0,76.64324823492282,7.30025,7.361,7.28,0.03507402885326956,1.9749999999999999,2.2,1.9,0.1299038105676659,23.675,25.7,23.0,1.1691342951089918,-0.498559764143524
Rh3Pt,111,Pt3Rh9,hollow|A_A_A|FCC,0.416548462737239,0.2380586556799926,3.0,2,4.675254392360772,PtRh3,198.5,209.0,195.0,6.06217782649107,125.94912500000001,195.08,102.9055,39.91272929056437,0.0,0,0,0.0,8.25,9,8,0.4330127018922193,1.38475,2.128,1.137,0.4291155875751894,14.665000000000001,21.46,12.4,3.9230950791435073,9.25,10,9,0.4330127018922193,2188.1375,2237.0,2041.55,84.63233258483429,7.84425,9.0,7.459,0.6672725736159102,2.28,2.28,2.28,0.0,21.275,21.7,20.0,0.7361215932167725,0.1784898070572464
BiPt,101,Bi6Pt6,bridge|B_B|A,1.56346339394059,0.8213617441805354,2.0,2,5.762825659175385,BiPt,208.0,209.0,207.0,1.0,202.0302,208.9804,195.08,6.950199999999995,1.5,3,0,1.5,9.5,10,9,0.5,1.537,2.128,0.946,0.5910000000000001,15.633500000000002,21.46,9.807,5.8265,12.5,15,10,2.5,1293.05,2041.55,544.55,748.5,8.1445,9.0,7.289,0.8555000000000001,2.15,2.28,2.02,0.1299999999999999,15.45,20.0,10.9,4.55,0.7421016497600545
Re3Pd,111,Pd3Re9,hollow|A_A_A|FCC,-0.888290455761478,-0.5284449386191454,3.0,2,4.675254392360772,PdRe3,213.25,217.0,202.0,6.49519052838329,166.26024999999998,186.207,106.42,34.5487844458745,0.0,0,0,0.0,6.25,10,5,2.165063509461097,0.25175000000000003,0.557,0.15,0.17623616967013328,18.6,20.8,12.0,3.8105117766515306,7.75,10,7,1.299038105676658,3051.2625,3459.0,1828.05,706.2220661511151,7.99425,8.337,7.88,0.19788680476474416,1.9749999999999999,2.2,1.9,0.1299038105676659,28.925,33.0,16.7,7.058107040843175,-0.3598455171423326
Re3Ru,111,Re9Ru3,hollow|A_A_B|HCP,-1.06923309696157,-0.3476535926193946,3.0,2,4.675254392360772,Re3Ru,214.5,217.0,207.0,4.330127018922194,164.93025,186.207,101.1,36.85241201994111,0.0,0,0,0.0,5.5,7,5,0.8660254037844386,0.375,1.05,0.15,0.3897114317029974,18.625,20.8,12.1,3.7672105064623085,7.25,8,7,0.4330127018922193,3246.0,3459.0,2607.0,368.9268220121709,7.75025,7.88,7.361,0.22473359228206188,1.9749999999999999,2.2,1.9,0.1299038105676659,31.175,33.0,25.7,3.160992723813201,-0.7215795043421753
CuCo-MOF,100,Co3Cu6C96H48N48,M1,3.64378149999993,1.043833749999976,1.0,5,10.014240688946913,CoCu2C32H16N16,153.910447761194,192.0,120.0,20.63885000794027,12.09888343283582,63.55,1.008,11.916695852061215,1.671641791044776,3,0,1.1248623093383148,0.4029850746268656,10,0,1.8852111128666043,,1.263,0.661,,1.4819619056716418,8.933,8.988e-05,1.9524485512456824,10.970149253731343,15,1,5.662050019691147,1911.2074626865674,3823.0,13.81,1852.1405658901676,12.444253731343283,14.534,7.726,1.7337581502851278,2.5540298507462684,3.04,1.88,0.3254024360351189,51.001313432835815,105.0,0.36,51.707665546271215,2.599947749999954
Pt3Rh,111,Pt9Rh3,top|B,1.93156157963296,0.5293010087742687,1.0,2,4.675254392360772,Pt3Rh,205.5,209.0,195.0,6.06217782649107,172.036375,195.08,102.9055,39.91272929056437,0.0,0,0,0.0,8.75,9,8,0.4330127018922193,1.8802500000000002,2.128,1.137,0.4291155875751894,19.195,21.46,12.4,3.9230950791435073,9.75,10,9,0.4330127018922193,2090.4125,2237.0,2041.55,84.63233258483429,8.61475,9.0,7.459,0.6672725736159102,2.28,2.28,2.28,0.0,20.425,21.7,20.0,0.7361215932167725,1.4022605708586913
RhZn,101,Rh6Zn6,hollow|A_B_B|HCP,0.926462312938213,0.2350131575848308,4.0,2,5.762825659175385,RhZn,167.0,195.0,139.0,28.0,84.15275,102.9055,65.4,18.75275,0.0,0,0,0.0,9.0,10,8,1.0,,1.137,1.137,,9.767,12.4,7.134,2.633,10.5,12,9,1.5,1464.84,2237.0,692.68,772.1600000000001,8.4265,9.394,7.459,0.9675000000000002,1.9649999999999999,2.28,1.65,0.31499999999999995,14.524999999999999,21.7,7.35,7.175,0.6914491553533822
Au3Pt,111,Au9Pt3,hollow|A_A_B|FCC,2.05786403413714,1.5161456545801002,3.0,2,4.675254392360772,Au3Pt,176.75,209.0,166.0,18.619546181365433,196.4949275,196.96657,195.08,0.8169087730087946,0.0,0,0,0.0,9.75,10,9,0.4330127018922193,2.26375,2.309,2.128,0.07837529904249171,19.826500000000003,21.46,19.282,0.943101664721254,10.75,11,10,0.4330127018922193,1513.385,2041.55,1337.33,304.9362049265387,9.169500000000001,9.226,9.0,0.09786087062764194,2.475,2.54,2.28,0.11258330249197712,14.375,20.0,12.5,3.247595264191645,0.5417183795570399
PdPt,101,Pd6Pt6,top|B,2.18856099113674,0.6193830705786922,1.0,2,5.762825659175385,PdPt,205.5,209.0,202.0,3.5,150.75,195.08,106.42,44.330000000000005,0.0,0,0,0.0,9.5,10,9,0.5,1.3425,2.128,0.557,0.7855000000000001,16.73,21.46,12.0,4.73,10.0,10,10,0.0,1934.8,2041.55,1828.05,106.75,8.6685,9.0,8.337,0.33150000000000013,2.24,2.28,2.2,0.039999999999999813,18.35,20.0,16.7,1.6500000000000004,1.5691779205580478
Zn3Re,111,Re3Zn9,hollow|A_A_A|FCC,1.54981824543557,0.8005005448766269,3.0,2,4.675254392360772,ReZn3,158.5,217.0,139.0,33.77499074759311,95.60175000000001,186.207,65.4,52.31096547749333,0.0,0,0,0.0,8.75,10,5,2.165063509461097,,0.15,0.15,,10.5505,20.8,7.134,5.917551584059069,10.75,12,7,2.165063509461097,1384.26,3459.0,692.68,1197.851697498484,9.015500000000001,9.394,7.88,0.6555812306648202,1.7125,1.9,1.65,0.10825317547305482,13.7625,33.0,7.35,11.106775803535426,0.7493177005589431
Rh3Os,111,Os3Rh9,hollow|A_A_A|FCC,1.23843701933566,0.5803842593785475,3.0,2,4.675254392360772,OsRh3,200.25,216.0,195.0,9.093266739736606,124.729125,190.2,102.9055,37.79962730533033,0.0,0,0,0.0,7.5,8,6,0.8660254037844386,1.12775,1.137,1.1,0.01602146997001208,14.9425,22.57,12.4,4.40373917824387,8.75,9,8,0.4330127018922193,2504.25,3306.0,2237.0,462.89057832278246,7.7692499999999995,8.7,7.459,0.537368763048244,2.26,2.28,2.2,0.034641016151377386,24.025,31.0,21.7,4.02701812759764,0.6580527599571124
Au,111,Au12,top|A,3.70546121743593,2.035280490378568,1.0,1,-0.0,Au,166.0,166.0,166.0,0.0,196.96657,196.96657,196.96657,0.0,0.0,0,0,0.0,10.0,10,10,0.0,2.309,2.309,2.309,0.0,19.282,19.282,19.282,0.0,11.0,11,11,0.0,1337.33,1337.33,1337.33,0.0,9.226,9.226,9.226,0.0,2.54,2.54,2.54,0.0,12.5,12.5,12.5,0.0,1.6701807270573616
Au3Tc,111,Au9Tc3,hollow|A_A_A|FCC,2.32542159863789,1.1740015507792805,3.0,2,4.675254392360772,Au3Tc,176.75,209.0,166.0,18.619546181365433,171.95151749999997,196.96657,96.90636,43.327341884002855,0.0,0,0,0.0,8.75,10,5,2.165063509461097,1.86925,2.309,0.55,0.7616693426284138,17.2115,19.282,11.0,3.5862111970713606,10.0,11,7,1.7320508075688772,1610.4975,2430.0,1337.33,473.1399889765713,8.739500000000001,9.226,7.28,0.8426427178822591,2.38,2.54,1.9,0.2771281292110204,15.125,23.0,12.5,4.546633369868303,1.1514200478586094
Pd3Re,111,Pd9Re3,top|B,-1.3265216294605,-0.8605521234195521,1.0,2,4.675254392360772,Pd3Re,205.75,217.0,202.0,6.49519052838329,126.36675,186.207,106.42,34.5487844458745,0.0,0,0,0.0,8.75,10,5,2.165063509461097,0.45525000000000004,0.557,0.15,0.17623616967013328,14.2,20.8,12.0,3.8105117766515306,9.25,10,7,1.299038105676658,2235.7875,3459.0,1828.05,706.2220661511151,8.22275,8.337,7.88,0.19788680476474416,2.125,2.2,1.9,0.1299038105676659,20.775,33.0,16.7,7.058107040843175,-0.4659695060409479
Zn3Cu,111,Cu3Zn9,hollow|A_A_B|HCP,0.661118530540819,0.2013918601704745,3.0,2,4.675254392360772,CuZn3,139.25,140.0,139.0,0.4330127018922193,64.9375,65.4,63.55,0.8010734985006094,0.0,0,0,0.0,10.0,10,10,0.0,,1.228,1.228,,7.58375,8.933,7.134,0.7789898507041023,11.75,12,11,0.4330127018922193,858.9525,1357.77,692.68,287.9924179014962,8.977,9.394,7.726,0.7222651867562219,1.7125,1.9,1.65,0.10825317547305482,8.7875,13.1,7.35,2.4898230358802613,0.45972667037034454
AuBi,101,Au6Bi6,hollow|A_B_B|FCC,1.35619060953815,0.4554755719808554,4.0,2,5.762825659175385,AuBi,186.5,207.0,166.0,20.5,202.97348499999998,208.9804,196.96657,6.006915000000006,1.5,3,0,1.5,10.0,10,10,0.0,1.6275,2.309,0.946,0.6815000000000001,14.5445,19.282,9.807,4.7375,13.0,15,11,2.0,940.9399999999999,1337.33,544.55,396.39,8.2575,9.226,7.289,0.9685000000000006,2.2800000000000002,2.54,2.02,0.26,11.7,12.5,10.9,0.7999999999999998,0.9007150375572945
AgCu,101,Ag6Cu6,bridge|B_B|A,0.844416180941892,0.0965553778850107,2.0,2,5.762825659175385,AgCu,156.0,172.0,140.0,16.0,85.709,107.868,63.55,22.159,0.0,0,0,0.0,10.0,10,10,0.0,1.2650000000000001,1.302,1.228,0.03700000000000003,9.716999999999999,10.501,8.933,0.7839999999999998,11.0,11,11,0.0,1296.35,1357.77,1234.93,61.41999999999996,7.651,7.726,7.576,0.07500000000000018,1.915,1.93,1.9,0.015000000000000013,12.2,13.1,11.3,0.8999999999999995,0.7478608030568813
BiPd,101,Bi6Pd6,hollow|A_B_B|HCP,1.87352010593878,0.7007520471823909,4.0,2,5.762825659175385,BiPd,204.5,207.0,202.0,2.5,157.7002,208.9804,106.42,51.2802,1.5,3,0,1.5,10.0,10,10,0.0,0.7515000000000001,0.946,0.557,0.19449999999999995,10.903500000000001,12.0,9.807,1.0964999999999998,12.5,15,10,2.5,1186.3,1828.05,544.55,641.75,7.813,8.337,7.289,0.524,2.1100000000000003,2.2,2.02,0.09000000000000008,13.8,16.7,10.9,2.8999999999999995,1.1727680587563891
Pd3Pt,111,Pd9Pt3,hollow|A_A_B|FCC,1.30340691944349,1.1629371299831064,3.0,2,4.675254392360772,Pd3Pt,203.75,209.0,202.0,3.031088913245535,128.585,195.08,106.42,38.39090614976417,0.0,0,0,0.0,9.75,10,9,0.4330127018922193,0.9497500000000001,2.128,0.557,0.6802629546726766,14.365,21.46,12.0,4.096300159900395,10.0,10,10,0.0,1881.425,2041.55,1828.05,92.44821185398882,8.502749999999999,9.0,8.337,0.2870874213545415,2.22,2.28,2.2,0.034641016151377386,17.525,20.0,16.7,1.4289419162443242,0.1404697894603837
Zn-HESO43-MnNiFeCrZn,100,Co9CrFeMnNiZnO20,Co,3.26663697999999,1.1982448499999805,1.0,7,9.831694087825896,Co9CrFeMnNiZnO20,166.1764705882353,197.0,139.0,19.565080821280873,33.448404411764706,65.4,15.999,20.934279736317823,2.3529411764705883,4,0,1.9686118271390012,2.852941176470588,10,0,3.4905953726210264,,1.461,0.163,,3.474664117647059,8.912,0.001429,4.175328912739702,13.058823529411764,16,6,3.6132206301026386,733.2317647058824,2180.0,54.36,835.2070519636595,11.247823529411766,13.618,6.767,2.8524749467434956,2.7741176470588234,3.44,1.55,0.7989777205428669,6.537941176470588,20.5,0.222,7.754352166748138,2.0683921300000097
Cu3Rh,111,Cu9Rh3,hollow|A_A_A|FCC,0.851170046433083,0.1429007183731983,3.0,2,4.675254392360772,Cu3Rh,153.75,195.0,140.0,23.81569860407206,73.388875,102.9055,63.55,17.04143138931924,0.0,0,0,0.0,9.5,10,8,0.8660254037844386,1.20525,1.228,1.137,0.03940415587219195,9.79975,12.4,8.933,1.5012550374603246,10.5,11,9,0.8660254037844386,1577.5774999999999,2237.0,1357.77,380.717757884696,7.65925,7.726,7.459,0.11561439140522271,1.9949999999999997,2.28,1.9,0.1645448267190433,15.25,21.7,13.1,3.7239092362730863,0.7082693280598847
Zn3Ru,111,Ru3Zn9,top|B,1.58494623733333,1.00689453777602,1.0,2,4.675254392360772,RuZn3,156.0,207.0,139.0,29.444863728670914,74.325,101.1,65.4,15.458553457552226,0.0,0,0,0.0,9.25,10,7,1.299038105676658,,1.05,1.05,,8.3755,12.1,7.134,2.1503410775967606,11.0,12,8,1.7320508075688772,1171.26,2607.0,692.68,828.9248754863133,8.88575,9.394,7.361,0.8803148229468821,1.7874999999999999,2.2,1.65,0.23815698604072075,11.9375,25.7,7.35,7.945783079722224,0.5780516995573102
Re3Os,111,Os3Re9,hollow|A_A_B|HCP,-0.989834360662087,-0.173825367818722,3.0,2,4.675254392360772,OsRe3,216.75,217.0,216.0,0.4330127018922193,187.20524999999998,190.2,186.207,1.7290197186556295,0.0,0,0,0.0,5.25,6,5,0.4330127018922193,0.3875,1.1,0.15,0.4113620667976084,21.2425,22.57,20.8,0.766432482349228,7.25,8,7,0.4330127018922193,3420.75,3459.0,3306.0,66.25094338950956,8.085,8.7,7.88,0.3550704155516196,1.9749999999999999,2.2,1.9,0.1299038105676659,32.5,33.0,31.0,0.8660254037844386,-0.8160089928433649
PtRh,101,Pt6Rh6,hollow|A_A_B|FCC,1.1516254938395,0.8533649166791974,4.0,2,5.762825659175385,PtRh,202.0,209.0,195.0,7.0,148.99275,195.08,102.9055,46.087250000000004,0.0,0,0,0.0,8.5,9,8,0.5,1.6325,2.128,1.137,0.49550000000000005,16.93,21.46,12.4,4.53,9.5,10,9,0.5,2139.275,2237.0,2041.55,97.72500000000002,8.2295,9.0,7.459,0.7705000000000002,2.28,2.28,2.28,0.0,20.85,21.7,20.0,0.8499999999999996,0.29826057716030263
Rh3Pt,111,Pt3Rh9,hollow|A_A_B|FCC,0.876051183436914,0.5930278928798316,3.0,2,4.675254392360772,PtRh3,198.5,209.0,195.0,6.06217782649107,125.94912500000001,195.08,102.9055,39.91272929056437,0.0,0,0,0.0,8.25,9,8,0.4330127018922193,1.38475,2.128,1.137,0.4291155875751894,14.665000000000001,21.46,12.4,3.9230950791435073,9.25,10,9,0.4330127018922193,2188.1375,2237.0,2041.55,84.63233258483429,7.84425,9.0,7.459,0.6672725736159102,2.28,2.28,2.28,0.0,21.275,21.7,20.0,0.7361215932167725,0.2830232905570824
Ag3Au,111,Ag9Au3,top|B,3.29476483483796,1.7235165360806377,1.0,2,4.675254392360772,Ag3Au,170.5,172.0,166.0,2.598076211353316,130.1426425,196.96657,107.868,38.580812530433036,0.0,0,0,0.0,10.0,10,10,0.0,1.55375,2.309,1.302,0.4360437908054649,12.69625,19.282,10.501,3.802284535315578,11.0,11,11,0.0,1260.53,1337.33,1234.93,44.3405006737632,7.9885,9.226,7.576,0.7144709581221624,2.0825,2.54,1.93,0.26413774815425384,11.600000000000001,12.5,11.3,0.5196152422706629,1.5712482987573222
Ru3Os,111,Os3Ru9,hollow|A_A_B|HCP,-0.404084424462951,0.1157160016817897,3.0,2,4.675254392360772,OsRu3,209.25,216.0,207.0,3.897114317029974,123.37499999999999,190.2,101.1,38.58143173859674,0.0,0,0,0.0,6.75,7,6,0.4330127018922193,1.0625,1.1,1.05,0.021650635094610987,14.7175,22.57,12.1,4.533642988811536,8.0,8,8,0.0,2781.75,3306.0,2607.0,302.6758786226613,7.695749999999999,8.7,7.361,0.5798040078336815,2.2,2.2,2.2,0.0,27.025,31.0,25.7,2.294967320028763,-0.5198004261447408
Ag3Ru,111,Ag9Ru3,hollow|A_A_A|FCC,2.15278999434287,0.6498040370832996,3.0,2,4.675254392360772,Ag3Ru,180.75,207.0,172.0,15.155444566227676,106.17599999999999,107.868,101.1,2.9306299664065407,0.0,0,0,0.0,9.25,10,7,1.299038105676658,1.239,1.302,1.05,0.10911920087683927,10.90075,12.1,10.501,0.6923873103256588,10.25,11,8,1.299038105676658,1577.9475,2607.0,1234.93,594.1237378852574,7.52225,7.576,7.361,0.0930977309068271,1.9975,2.2,1.93,0.11691342951089932,14.900000000000002,25.7,11.3,6.235382907247958,1.5029859572595705
Pt3Re,111,Pt9Re3,top|A,2.70579103003894,0.9346811032854704,1.0,2,4.675254392360772,Pt3Re,211.0,217.0,209.0,3.4641016151377544,192.86175,195.08,186.207,3.8421217038896702,0.0,0,0,0.0,8.0,9,5,1.7320508075688772,1.6335000000000002,2.128,0.15,0.85649912434281,21.294999999999998,21.46,20.8,0.2857883832488648,9.25,10,7,1.299038105676658,2395.9125,3459.0,2041.55,613.7738542971263,8.72,9.0,7.88,0.48497422611928565,2.185,2.28,1.9,0.1645448267190433,23.25,33.0,20.0,5.629165124598851,1.7711099267534696
Bi3Pt,111,Bi9Pt3,hollow|A_A_A|HCP,1.50647459273733,0.3984630967796647,3.0,2,4.675254392360772,Bi3Pt,207.5,209.0,207.0,0.8660254037844386,205.5053,208.9804,195.08,6.019049761382601,2.25,3,0,1.299038105676658,9.75,10,9,0.4330127018922193,1.2415,2.128,0.946,0.5118210136366033,12.72025,21.46,9.807,5.045897015150032,13.75,15,10,2.165063509461097,918.8,2041.55,544.55,648.2200147326523,7.716749999999999,9.0,7.289,0.7408847329375874,2.085,2.28,2.02,0.11258330249197693,13.175,20.0,10.9,3.9404155872191957,1.1080114959576652
Fe-bcc,110,Fe16,hollow,-0.781679089999997,-2.7486904569450417,4.0,1,-0.0,Fe,194.0,194.0,194.0,0.0,55.84,55.84,55.84,0.0,0.0,0,0,0.0,6.0,6,6,0.0,0.163,0.163,0.163,0.0,7.874,7.874,7.874,0.0,8.0,8,8,0.0,1811.0,1811.0,1811.0,0.0,7.902,7.902,7.902,0.0,1.83,1.83,1.83,0.0,13.8,13.8,13.8,0.0,1.9670113669450446
IrO2,110,Ir16H8O37,,1.45956957753,-0.291908636496,,3,7.654657692651255,Ir16H8O37,160.91803278688525,202.0,120.0,26.655233596749547,60.25486885245902,192.22,1.008,78.84263185871606,2.4262295081967213,4,0,1.9540543509182084,1.8360655737704918,7,0,3.0791755755734806,1.3955573770491805,1.565,0.754,0.25319599902247464,5.881534295737705,22.42,8.988e-05,9.861635625345318,12.196721311475411,16,1,5.28164055527443,747.9639344262296,2719.0,13.81,1175.3742634126022,12.430327868852459,13.618,9.1,1.9858347274214851,2.9521311475409835,3.44,2.2,0.6057568487846445,7.027508196721312,26.0,0.222,11.313546400292534,1.751478214026
Rh3Cu,111,Cu3Rh9,hollow|A_A_A|HCP,0.361209895938202,0.307007812477309,3.0,2,4.675254392360772,CuRh3,181.25,195.0,140.0,23.81569860407206,93.066625,102.9055,63.55,17.04143138931924,0.0,0,0,0.0,8.5,10,8,0.8660254037844386,1.15975,1.228,1.137,0.03940415587219195,11.53325,12.4,8.933,1.5012550374603246,9.5,11,9,0.8660254037844386,2017.1925,2237.0,1357.77,380.717757884696,7.5257499999999995,7.726,7.459,0.11561439140522271,2.185,2.28,1.9,0.1645448267190433,19.549999999999997,21.7,13.1,3.7239092362730863,0.054202083460893
Rh3Ir,111,Ir3Rh9,hollow|A_A_B|FCC,0.561217785139718,0.3880718856825069,3.0,2,4.675254392360772,IrRh3,196.75,202.0,195.0,3.031088913245535,125.234125,192.22,102.9055,38.67431296315262,0.0,0,0,0.0,7.75,8,7,0.4330127018922193,1.244,1.565,1.137,0.18532943640986985,14.905000000000001,22.42,12.4,4.3387872729600385,9.0,9,9,0.0,2357.5,2719.0,2237.0,208.7121223120497,7.869249999999999,9.1,7.459,0.7105738438051319,2.26,2.28,2.2,0.034641016151377386,22.775,26.0,21.7,1.8619546181365434,0.1731458994572111
OsRe,101,Os6Re6,hollow|A_A_B|HCP,-0.641149048362593,0.1208728310820106,4.0,2,5.762825659175385,OsRe,216.5,217.0,216.0,0.5,188.2035,190.2,186.207,1.9964999999999975,0.0,0,0,0.0,5.5,6,5,0.5,0.625,1.1,0.15,0.47500000000000003,21.685000000000002,22.57,20.8,0.8849999999999998,7.5,8,7,0.5,3382.5,3459.0,3306.0,76.5,8.29,8.7,7.88,0.4099999999999997,2.05,2.2,1.9,0.15000000000000013,32.0,33.0,31.0,1.0,-0.7620218794446036
AgPd,101,Ag6Pd6,hollow|A_A_B|HCP,2.10335738624036,0.8786584421803809,4.0,2,5.762825659175385,AgPd,187.0,202.0,172.0,15.0,107.144,107.868,106.42,0.7239999999999966,0.0,0,0,0.0,10.0,10,10,0.0,0.9295,1.302,0.557,0.37250000000000005,11.250499999999999,12.0,10.501,0.7495000000000003,10.5,11,10,0.5,1531.49,1828.05,1234.93,296.55999999999995,7.9565,8.337,7.576,0.38050000000000006,2.065,2.2,1.93,0.13500000000000012,14.0,16.7,11.3,2.6999999999999993,1.2246989440599791
Au3Rh,111,Au9Rh3,top|B,1.73200880073983,0.4782090503803147,1.0,2,4.675254392360772,Au3Rh,173.25,195.0,166.0,12.55736835487436,173.45130249999997,196.96657,102.9055,40.72963806357317,0.0,0,0,0.0,9.5,10,8,0.8660254037844386,2.016,2.309,1.137,0.5074908866176812,17.561500000000002,19.282,12.4,2.9799934144222533,10.5,11,9,0.8660254037844386,1562.2475,2237.0,1337.33,389.56853751137294,8.78425,9.226,7.459,0.7651334442435521,2.475,2.54,2.28,0.11258330249197712,14.8,21.7,12.5,3.9837168574084174,1.2537997503595153
Sc,111,Sc12,hollow|A_A_A|FCC,-3.69189090026174,-2.734053181419881,3.0,1,-0.0,Sc,211.0,211.0,211.0,0.0,44.95591,44.95591,44.95591,0.0,0.0,0,0,0.0,1.0,1,1,0.0,0.188,0.188,0.188,0.0,2.99,2.99,2.99,0.0,3.0,3,3,0.0,1814.0,1814.0,1814.0,0.0,6.561,6.561,6.561,0.0,1.36,1.36,1.36,0.0,16.0,16.0,16.0,0.0,-0.957837718841859
Re3Zn,111,Re9Zn3,hollow|A_A_A|HCP,-1.46111729756757,-0.7407965918201853,3.0,2,4.675254392360772,Re3Zn,197.5,217.0,139.0,33.77499074759311,156.00525,186.207,65.4,52.31096547749333,0.0,0,0,0.0,6.25,10,5,2.165063509461097,,0.15,0.15,,17.3835,20.8,7.134,5.917551584059069,8.25,12,7,2.165063509461097,2767.42,3459.0,692.68,1197.8516974984843,8.2585,9.394,7.88,0.6555812306648202,1.8375,1.9,1.65,0.10825317547305482,26.5875,33.0,7.35,11.106775803535426,-0.7203207057473846
Re3Rh,111,Re9Rh3,hollow|A_A_A|FCC,-1.03163172656076,-0.6247833057196885,3.0,2,4.675254392360772,Re3Rh,211.5,217.0,195.0,9.526279441628825,165.38162499999999,186.207,102.9055,36.070607586674704,0.0,0,0,0.0,5.75,8,5,1.299038105676658,0.39675,1.137,0.15,0.4273835367676205,18.700000000000003,20.8,12.4,3.6373066958946425,7.5,9,7,0.8660254037844386,3153.5,3459.0,2237.0,529.141521712292,7.77475,7.88,7.459,0.18229834749662444,1.9949999999999997,2.28,1.9,0.1645448267190433,30.175,33.0,21.7,4.893043531382078,-0.4068484208410714
HEO-19-Co3.0Zn2.0Cr3.0Mn3.0Fe3.0Ni2.0-Mn-site,100,Co2Cr3Fe2Mn3Ni2Zn2O20,Mn,3.60021221,1.086742820000012,1.0,7,11.699451309662274,Co2Cr3Fe2Mn3Ni2Zn2O20,163.94117647058823,197.0,139.0,19.282636469221533,32.89748529411765,65.4,15.999,20.37506545299458,2.3529411764705883,4,0,1.9686118271390012,2.7058823529411766,10,0,3.4259340655437733,,1.461,0.163,,3.2040758823529414,8.912,0.001429,3.8570958901783468,12.852941176470589,16,6,3.971459599376654,711.2811764705882,2180.0,54.36,836.3038666156357,11.194029411764706,13.618,6.767,2.9410462572646225,2.7344117647058823,3.44,1.55,0.8477624222430917,6.312941176470589,20.5,0.222,7.736337075740752,2.513469389999988
Ru3Rh,111,Rh3Ru9,hollow|A_A_A|HCP,-0.526362043161669,-0.0406314941202481,3.0,2,4.675254392360772,RhRu3,204.0,207.0,195.0,5.196152422706632,101.551375,102.9055,101.1,0.781804433266406,0.0,0,0,0.0,7.25,8,7,0.4330127018922193,1.0717500000000002,1.137,1.05,0.03767210506462307,12.174999999999999,12.4,12.1,0.12990381056766612,8.25,9,8,0.4330127018922193,2514.5,2607.0,2237.0,160.21469970012114,7.3854999999999995,7.459,7.361,0.042435244785437434,2.22,2.28,2.2,0.034641016151377386,24.7,25.7,21.7,1.7320508075688772,-0.48573054904142093
Ir3Rh,111,Ir9Rh3,top|A,1.50385808213815,0.3160138281790523,1.0,2,4.675254392360772,Ir3Rh,200.25,202.0,195.0,3.031088913245535,169.89137499999998,192.22,102.9055,38.67431296315262,0.0,0,0,0.0,7.25,8,7,0.4330127018922193,1.4580000000000002,1.565,1.137,0.18532943640986985,19.915000000000003,22.42,12.4,4.3387872729600385,9.0,9,9,0.0,2598.5,2719.0,2237.0,208.7121223120497,8.68975,9.1,7.459,0.7105738438051319,2.22,2.28,2.2,0.034641016151377386,24.925,26.0,21.7,1.8619546181365434,1.1878442539590977
Pd3Ru,111,Pd9Ru3,hollow|A_A_B|HCP,0.278496404738519,1.003050521482578,3.0,2,4.675254392360772,Pd3Ru,203.25,207.0,202.0,2.165063509461097,105.09,106.42,101.1,2.3036275740666103,0.0,0,0,0.0,9.25,10,7,1.299038105676658,0.68025,1.05,0.557,0.21347526203286413,12.025,12.1,12.0,0.04330127018922177,9.5,10,8,0.8660254037844386,2022.7875,2607.0,1828.05,337.29524413894427,8.093,8.337,7.361,0.42262039704680604,2.2,2.2,2.2,0.0,18.95,25.7,16.7,3.897114317029974,-0.724554116744059
BiPd,101,Bi6Pd6,hollow|A_A_B|FCC,1.87467590943908,0.7627725053797576,4.0,2,5.762825659175385,BiPd,204.5,207.0,202.0,2.5,157.7002,208.9804,106.42,51.2802,1.5,3,0,1.5,10.0,10,10,0.0,0.7515000000000001,0.946,0.557,0.19449999999999995,10.903500000000001,12.0,9.807,1.0964999999999998,12.5,15,10,2.5,1186.3,1828.05,544.55,641.75,7.813,8.337,7.289,0.524,2.1100000000000003,2.2,2.02,0.09000000000000008,13.8,16.7,10.9,2.8999999999999995,1.1119034040593223
Pt3Au,111,Au3Pt9,hollow|A_A_A|FCC,1.42002647523606,1.4439539892781568,3.0,2,4.675254392360772,AuPt3,198.25,209.0,166.0,18.619546181365433,195.5516425,196.96657,195.08,0.8169087730087946,0.0,0,0,0.0,9.25,10,9,0.4330127018922193,2.1732500000000003,2.309,2.128,0.07837529904249171,20.915499999999998,21.46,19.282,0.943101664721254,10.25,11,10,0.4330127018922193,1865.495,2041.55,1337.33,304.9362049265387,9.0565,9.226,9.0,0.09786087062764194,2.3449999999999998,2.54,2.28,0.11258330249197712,18.125,20.0,12.5,3.247595264191645,-0.023927514042096698
Ru3Pd,111,Pd3Ru9,hollow|A_A_A|FCC,-0.4300874868606,-0.2891888460172822,3.0,2,4.675254392360772,PdRu3,205.75,207.0,202.0,2.165063509461097,102.42999999999999,106.42,101.1,2.3036275740666103,0.0,0,0,0.0,7.75,10,7,1.299038105676658,0.9267500000000001,1.05,0.557,0.21347526203286413,12.075,12.1,12.0,0.04330127018922177,8.5,10,8,0.8660254037844386,2412.2625,2607.0,1828.05,337.29524413894427,7.6049999999999995,8.337,7.361,0.42262039704680604,2.2,2.2,2.2,0.0,23.45,25.7,16.7,3.897114317029974,-0.14089864084331782
Pt3Cu,111,Cu3Pt9,hollow|A_A_B|FCC,1.23414864133866,0.7871456058754802,3.0,2,4.675254392360772,CuPt3,191.75,209.0,140.0,29.877876430563134,162.1975,195.08,63.55,56.954160679883614,0.0,0,0,0.0,9.25,10,9,0.4330127018922193,1.903,2.128,1.228,0.38971143170299744,18.328249999999997,21.46,8.933,5.424350116603832,10.25,11,10,0.4330127018922193,1870.605,2041.55,1357.77,296.0854252998617,8.6815,9.0,7.726,0.5516581822106874,2.185,2.28,1.9,0.1645448267190433,18.275,20.0,13.1,2.9877876430563135,0.44700303546317977
HEO-44-Fe3.0Ni3.0Cr3.0Mn3.0Co2.0Zn2.0,100,Co3Cr2Fe2Mn2Ni2Zn3O20,Co,2.89834855000001,1.4345174199999915,1.0,7,11.699451309662274,Co3Cr2Fe2Mn2Ni2Zn3O20,162.3235294117647,197.0,139.0,18.974782937974616,33.409225000000006,65.4,15.999,20.996988695434016,2.3529411764705883,4,0,1.9686118271390012,2.911764705882353,10,0,3.673174993499761,,1.461,0.163,,3.2494876470588236,8.912,0.001429,3.913931263920593,13.088235294117649,16,6,3.7129950417325897,674.86,2180.0,54.36,805.1688948289047,11.284441176470589,13.618,6.767,2.8403269197832977,2.7438235294117646,3.44,1.55,0.8363366009177179,6.014411764705883,20.5,0.222,7.440007349449433,1.4638311300000184
Tc,111,Tc12,top|A,-0.110626384561499,0.1033857072806085,1.0,1,-0.0,Tc,209.0,209.0,209.0,0.0,96.90636,96.90636,96.90636,0.0,0.0,0,0,0.0,5.0,5,5,0.0,0.55,0.55,0.55,0.0,11.0,11.0,11.0,0.0,7.0,7,7,0.0,2430.0,2430.0,2430.0,0.0,7.28,7.28,7.28,0.0,1.9,1.9,1.9,0.0,23.0,23.0,23.0,0.0,-0.2140120918421075
Os3Rh,111,Os9Rh3,hollow|A_A_A|FCC,-0.108983905364028,0.1649264288797667,3.0,2,4.675254392360772,Os3Rh,210.75,216.0,195.0,9.093266739736606,168.37637499999997,190.2,102.9055,37.79962730533033,0.0,0,0,0.0,6.5,8,6,0.8660254037844386,1.10925,1.137,1.1,0.01602146997001208,20.027500000000003,22.57,12.4,4.40373917824387,8.25,9,8,0.4330127018922193,3038.75,3306.0,2237.0,462.89057832278246,8.38975,8.7,7.459,0.537368763048244,2.22,2.28,2.2,0.034641016151377386,28.675,31.0,21.7,4.02701812759764,-0.2739103342437947
Tc3Pt,111,Pt3Tc9,top|B,2.4674647503378,1.4222014810774226,1.0,2,4.675254392360772,PtTc3,209.0,209.0,209.0,0.0,121.44977,195.08,96.90636,42.51043311099406,0.0,0,0,0.0,6.0,9,5,1.7320508075688772,0.9445000000000001,2.128,0.55,0.6832940435859222,13.615,21.46,11.0,4.529312861792614,7.75,10,7,1.299038105676658,2332.8875,2430.0,2041.55,168.20378405003262,7.71,9.0,7.28,0.7447818472546172,1.9949999999999997,2.28,1.9,0.1645448267190433,22.25,23.0,20.0,1.299038105676658,1.0452632692603774
Ag3Ru,111,Ag9Ru3,top|B,-0.0435658337630116,-0.2817163279206625,1.0,2,4.675254392360772,Ag3Ru,180.75,207.0,172.0,15.155444566227676,106.17599999999999,107.868,101.1,2.9306299664065407,0.0,0,0,0.0,9.25,10,7,1.299038105676658,1.239,1.302,1.05,0.10911920087683927,10.90075,12.1,10.501,0.6923873103256588,10.25,11,8,1.299038105676658,1577.9475,2607.0,1234.93,594.1237378852574,7.52225,7.576,7.361,0.0930977309068271,1.9975,2.2,1.93,0.11691342951089932,14.900000000000002,25.7,11.3,6.235382907247958,0.23815049415765088
Bi,111,Bi12,bridge|A_A|A,0.936682228438997,0.130991520182647,2.0,1,-0.0,Bi,207.0,207.0,207.0,0.0,208.9804,208.9804,208.9804,0.0,3.0,3,3,0.0,10.0,10,10,0.0,0.946,0.946,0.946,0.0,9.807,9.807,9.807,0.0,15.0,15,15,0.0,544.55,544.55,544.55,0.0,7.289,7.289,7.289,0.0,2.02,2.02,2.02,0.0,10.9,10.9,10.9,0.0,0.8056907082563499
PdRh,101,Pd6Rh6,hollow|A_A_B|FCC,1.12011824873827,0.5201536298781093,4.0,2,5.762825659175385,PdRh,198.5,202.0,195.0,3.5,104.66275,106.42,102.9055,1.757249999999999,0.0,0,0,0.0,9.0,10,8,1.0,0.847,1.137,0.557,0.29,12.2,12.4,12.0,0.20000000000000018,9.5,10,9,0.5,2032.525,2237.0,1828.05,204.47500000000002,7.898,8.337,7.459,0.43900000000000006,2.24,2.28,2.2,0.039999999999999813,19.2,21.7,16.7,2.5,0.5999646188601606
Pd3Tc,111,Pd9Tc3,top|B,-0.611439931461234,-0.4929036059212421,1.0,2,4.675254392360772,Pd3Tc,203.75,209.0,202.0,3.031088913245535,104.04159,106.42,96.90636,4.119526961229892,0.0,0,0,0.0,8.75,10,5,2.165063509461097,0.55525,0.557,0.55,0.003031088913245538,11.75,12.0,11.0,0.4330127018922193,9.25,10,7,1.299038105676658,1978.5375,2430.0,1828.05,260.6519959040214,8.07275,8.337,7.28,0.45769442590007564,2.125,2.2,1.9,0.1299038105676659,18.275,23.0,16.7,2.727980021920982,-0.11853632553999188
IrO2-columbite,101,Ir18O38,O1C-bridge-like,2.57743198999998,0.851554120000003,2.0,2,5.220706368783579,Ir9O19,168.07142857142858,202.0,152.0,23.351244340396466,72.64146428571429,192.22,15.999,82.29959257818011,2.7142857142857144,4,0,1.8680995472317174,2.25,7,0,3.2691742076555053,1.4944285714285714,1.565,1.461,0.04857058822802459,7.207398250000002,22.42,0.001429,10.470030583670528,13.75,16,9,3.2691742076555053,910.8514285714286,2719.0,54.36,1244.4531943838808,12.165785714285716,13.618,9.1,2.110018438598225,3.041428571428572,3.44,2.2,0.5791108596418323,8.507785714285715,26.0,0.222,12.038967532134802,1.725877869999977
Cu3Pd,111,Cu9Pd3,hollow|A_A_B|FCC,1.2000805329406,0.504621644181384,3.0,2,4.675254392360772,Cu3Pd,155.5,202.0,140.0,26.846787517317598,74.2675,106.42,63.55,18.563254530119444,0.0,0,0,0.0,10.0,10,10,0.0,1.0602500000000001,1.228,0.557,0.2905515229696791,9.69975,12.0,8.933,1.3280499567034367,10.75,11,10,0.4330127018922193,1475.34,1828.05,1357.77,203.6372134458729,7.87875,8.337,7.726,0.2645707608561459,1.9749999999999999,2.2,1.9,0.1299038105676659,14.0,16.7,13.1,1.5588457268119895,0.6954588887592159
Os3Pd,111,Os9Pd3,top|B,3.07781404963663,1.6053980412806368,1.0,2,4.675254392360772,Os3Pd,212.5,216.0,202.0,6.06217782649107,169.25499999999997,190.2,106.42,36.27780416453013,0.0,0,0,0.0,7.0,10,6,1.7320508075688772,0.96425,1.1,0.557,0.23512589712747511,19.927500000000002,22.57,12.0,4.576944259000759,8.5,10,8,0.8660254037844386,2936.5125,3306.0,1828.05,639.9711227616056,8.60925,8.7,8.337,0.15718361078687543,2.2,2.2,2.2,0.0,27.425,31.0,16.7,6.192081637058736,1.4724160083559932
Re3Rh,111,Re9Rh3,hollow|A_A_A|HCP,-1.46895485636213,-0.9217852203211124,3.0,2,4.675254392360772,Re3Rh,211.5,217.0,195.0,9.526279441628825,165.38162499999999,186.207,102.9055,36.070607586674704,0.0,0,0,0.0,5.75,8,5,1.299038105676658,0.39675,1.137,0.15,0.4273835367676205,18.700000000000003,20.8,12.4,3.6373066958946425,7.5,9,7,0.8660254037844386,3153.5,3459.0,2237.0,529.141521712292,7.77475,7.88,7.459,0.18229834749662444,1.9949999999999997,2.28,1.9,0.1645448267190433,30.175,33.0,21.7,4.893043531382078,-0.5471696360410175
BiIr,101,Bi6Ir6,bridge|B_B|A,0.722464690635945,0.3509273942771642,2.0,2,5.762825659175385,BiIr,204.5,207.0,202.0,2.5,200.6002,208.9804,192.22,8.380200000000002,1.5,3,0,1.5,8.5,10,7,1.5,1.2555,1.565,0.946,0.3095,16.113500000000002,22.42,9.807,6.306500000000001,12.0,15,9,3.0,1631.775,2719.0,544.55,1087.2250000000001,8.1945,9.1,7.289,0.9055,2.1100000000000003,2.2,2.02,0.09000000000000008,18.45,26.0,10.9,7.55,0.3715372963587808
Pt3Re,111,Pt9Re3,hollow|A_A_A|FCC,2.190673955043,1.152596259886991,3.0,2,4.675254392360772,Pt3Re,211.0,217.0,209.0,3.4641016151377544,192.86175,195.08,186.207,3.8421217038896702,0.0,0,0,0.0,8.0,9,5,1.7320508075688772,1.6335000000000002,2.128,0.15,0.85649912434281,21.294999999999998,21.46,20.8,0.2857883832488648,9.25,10,7,1.299038105676658,2395.9125,3459.0,2041.55,613.7738542971263,8.72,9.0,7.88,0.48497422611928565,2.185,2.28,1.9,0.1645448267190433,23.25,33.0,20.0,5.629165124598851,1.0380776951560091
Zn-HESO32-MnNiFeCrZn,100,Co9CrFeMnNiZnO20,Co,3.30366097999999,1.73557224999999,1.0,7,9.831694087825896,Co9CrFeMnNiZnO20,166.1764705882353,197.0,139.0,19.565080821280873,33.448404411764706,65.4,15.999,20.934279736317823,2.3529411764705883,4,0,1.9686118271390012,2.852941176470588,10,0,3.4905953726210264,,1.461,0.163,,3.474664117647059,8.912,0.001429,4.175328912739702,13.058823529411764,16,6,3.6132206301026386,733.2317647058824,2180.0,54.36,835.2070519636595,11.247823529411766,13.618,6.767,2.8524749467434956,2.7741176470588234,3.44,1.55,0.7989777205428669,6.537941176470588,20.5,0.222,7.754352166748138,1.56808873
Rh3Cu,111,Cu3Rh9,hollow|A_A_A|FCC,0.294120637135904,0.4403366545783456,3.0,2,4.675254392360772,CuRh3,181.25,195.0,140.0,23.81569860407206,93.066625,102.9055,63.55,17.04143138931924,0.0,0,0,0.0,8.5,10,8,0.8660254037844386,1.15975,1.228,1.137,0.03940415587219195,11.53325,12.4,8.933,1.5012550374603246,9.5,11,9,0.8660254037844386,2017.1925,2237.0,1357.77,380.717757884696,7.5257499999999995,7.726,7.459,0.11561439140522271,2.185,2.28,1.9,0.1645448267190433,19.549999999999997,21.7,13.1,3.7239092362730863,-0.14621601744244161
Pd3Zn,111,Pd9Zn3,top|B,2.94802704123487,1.0479765162789365,1.0,2,4.675254392360772,Pd3Zn,186.25,202.0,139.0,27.279800219209818,96.16499999999999,106.42,65.4,17.762181031618834,0.0,0,0,0.0,10.0,10,10,0.0,,0.557,0.557,,10.7835,12.0,7.134,2.1070398074075394,10.5,12,10,0.8660254037844386,1544.2075,1828.05,692.68,491.62963134736907,8.60125,9.394,8.337,0.457694425900076,2.0625,2.2,1.65,0.23815698604072075,14.362499999999999,16.7,7.35,4.048668762692251,1.9000505249559334
Pt3Ir,111,Ir3Pt9,bridge|A_A|A,1.94305362723736,0.8595478872783815,2.0,2,4.675254392360772,IrPt3,207.25,209.0,202.0,3.031088913245535,194.365,195.08,192.22,1.2384163274117532,0.0,0,0,0.0,8.5,9,7,0.8660254037844386,1.98725,2.128,1.565,0.24378615116531957,21.7,22.42,21.46,0.41569219381653094,9.75,10,9,0.4330127018922193,2210.9125,2719.0,2041.55,293.34445489688403,9.025,9.1,9.0,0.04330127018922177,2.26,2.28,2.2,0.034641016151377386,21.5,26.0,20.0,2.598076211353316,1.0835057399589785
Tc3Re,111,Re3Tc9,hollow|A_A_B|HCP,-1.34171932346015,-0.757077707020585,3.0,2,4.675254392360772,ReTc3,211.0,217.0,209.0,3.4641016151377544,119.23152,186.207,96.90636,38.66831140710439,0.0,0,0,0.0,5.0,5,5,0.0,0.45,0.55,0.15,0.17320508075688776,13.45,20.8,11.0,4.24352447854375,7.0,7,7,0.0,2687.25,3459.0,2430.0,445.57007024709367,7.43,7.88,7.28,0.25980762113533146,1.9,1.9,1.9,0.0,25.5,33.0,23.0,4.330127018922194,-0.5846416164395651
BiIr,101,Bi6Ir6,hollow-tilt|A_A_B|FCC,1.00143375713725,0.05942734937787,4.0,2,5.762825659175385,BiIr,204.5,207.0,202.0,2.5,200.6002,208.9804,192.22,8.380200000000002,1.5,3,0,1.5,8.5,10,7,1.5,1.2555,1.565,0.946,0.3095,16.113500000000002,22.42,9.807,6.306500000000001,12.0,15,9,3.0,1631.775,2719.0,544.55,1087.2250000000001,8.1945,9.1,7.289,0.9055,2.1100000000000003,2.2,2.02,0.09000000000000008,18.45,26.0,10.9,7.55,0.94200640775938
Ru3Rh,111,Rh3Ru9,hollow|A_A_A|FCC,-0.160193824962505,-0.2083917165210778,3.0,2,4.675254392360772,RhRu3,204.0,207.0,195.0,5.196152422706632,101.551375,102.9055,101.1,0.781804433266406,0.0,0,0,0.0,7.25,8,7,0.4330127018922193,1.0717500000000002,1.137,1.05,0.03767210506462307,12.174999999999999,12.4,12.1,0.12990381056766612,8.25,9,8,0.4330127018922193,2514.5,2607.0,2237.0,160.21469970012114,7.3854999999999995,7.459,7.361,0.042435244785437434,2.22,2.28,2.2,0.034641016151377386,24.7,25.7,21.7,1.7320508075688772,0.04819789155857279
Os3Pd,111,Os9Pd3,hollow|A_A_A|FCC,-0.378573888159906,0.1682361494794122,3.0,2,4.675254392360772,Os3Pd,212.5,216.0,202.0,6.06217782649107,169.25499999999997,190.2,106.42,36.27780416453013,0.0,0,0,0.0,7.0,10,6,1.7320508075688772,0.96425,1.1,0.557,0.23512589712747511,19.927500000000002,22.57,12.0,4.576944259000759,8.5,10,8,0.8660254037844386,2936.5125,3306.0,1828.05,639.9711227616056,8.60925,8.7,8.337,0.15718361078687543,2.2,2.2,2.2,0.0,27.425,31.0,16.7,6.192081637058736,-0.5468100376393182
Pt3Tc,111,Pt9Tc3,hollow|A_A_A|HCP,2.18345069323897,1.63458755668114,3.0,2,4.675254392360772,Pt3Tc,209.0,209.0,209.0,0.0,170.53659,195.08,96.90636,42.510433110994065,0.0,0,0,0.0,8.0,9,5,1.7320508075688772,1.7335,2.128,0.55,0.6832940435859222,18.845,21.46,11.0,4.529312861792614,9.25,10,7,1.299038105676658,2138.6625,2430.0,2041.55,168.20378405003262,8.57,9.0,7.28,0.7447818472546172,2.185,2.28,1.9,0.1645448267190433,20.75,23.0,20.0,1.299038105676658,0.5488631365578298
Li0.5CoO2,11-20,Co21Li12H5O47,,2.51854087,0.476573925,,4,9.279145750027112,Co21Li12H5O47,164.23529411764707,192.0,120.0,20.805908130836034,24.453999882352946,58.93319,1.008,20.21335480237759,2.211764705882353,4,0,1.9887573279167474,1.7294117647058824,7,0,3.0191086931473774,1.1027529411764707,1.461,0.618,0.39938263845980365,2.265124851764706,8.86,8.988e-05,3.7819950656628496,11.270588235294118,16,1,5.893941526075973,531.7149411764706,1768.0,13.81,721.2771084902497,11.038129411764707,13.618,5.392,3.3209605619219316,2.634352941176471,3.44,0.98,0.9470827618457994,4.581458823529411,16.2,0.222,6.720454420127434,2.041966945
Cu3Bi,111,Bi3Cu9,hollow|A_A_A|FCC,0.87959696283707,0.2103044046788227,3.0,2,4.675254392360772,BiCu3,156.75,207.0,140.0,29.011851026778693,99.9076,208.9804,63.55,62.97321044126622,0.75,3,0,1.299038105676658,10.0,10,10,0.0,1.1575,1.228,0.946,0.12210958193360585,9.1515,9.807,8.933,0.3784531014537999,12.0,15,11,1.7320508075688772,1154.465,1357.77,544.55,352.1345894327906,7.61675,7.726,7.289,0.18922655072689995,1.9299999999999997,2.02,1.9,0.05196152422706637,12.549999999999999,13.1,10.9,0.9526279441628822,0.6692925581582473
AuPt,101,Au6Pt6,hollow|A_A_B|FCC,2.10634165873836,1.4911703661790623,4.0,2,5.762825659175385,AuPt,187.5,209.0,166.0,21.5,196.023285,196.96657,195.08,0.9432849999999888,0.0,0,0,0.0,9.5,10,9,0.5,2.2185,2.309,2.128,0.09050000000000002,20.371000000000002,21.46,19.282,1.0890000000000004,10.5,11,10,0.5,1689.44,2041.55,1337.33,352.11,9.113,9.226,9.0,0.11300000000000043,2.41,2.54,2.28,0.13000000000000012,16.25,20.0,12.5,3.75,0.6151712925592976
RuTc,101,Ru6Tc6,hollow|A_A_B|HCP,-0.79775056246234,-0.3343594711178639,4.0,2,5.762825659175385,RuTc,208.0,209.0,207.0,1.0,99.00318,101.1,96.90636,2.096819999999994,0.0,0,0,0.0,6.0,7,5,1.0,0.8,1.05,0.55,0.25,11.55,12.1,11.0,0.5499999999999998,7.5,8,7,0.5,2518.5,2607.0,2430.0,88.5,7.3205,7.361,7.28,0.04049999999999976,2.05,2.2,1.9,0.15000000000000013,24.35,25.7,23.0,1.3499999999999996,-0.4633910913444761
Au3Pd,111,Au9Pd3,hollow|A_A_A|HCP,2.8571086376358,1.6062338389791648,3.0,2,4.675254392360772,Au3Pd,175.0,202.0,166.0,15.588457268119896,174.32992749999997,196.96657,106.42,39.20781492277297,0.0,0,0,0.0,10.0,10,10,0.0,1.8710000000000002,2.309,0.557,0.7586382537151682,17.4615,19.282,12.0,3.153198495179141,10.75,11,10,0.4330127018922193,1460.01,1828.05,1337.33,212.48799307254987,9.00375,9.226,8.337,0.38494829198218344,2.455,2.54,2.2,0.1472243186433545,13.55,16.7,12.5,1.8186533479473208,1.250874798656635
Bi3Ru,111,Bi9Ru3,hollow|A_A_A|FCC,1.69544744943761,0.2865614507799137,3.0,2,4.675254392360772,Bi3Ru,207.0,207.0,207.0,0.0,182.0103,208.9804,101.1,46.713583485213384,2.25,3,0,1.299038105676658,9.25,10,7,1.299038105676658,0.972,1.05,0.946,0.04503332099679085,10.38025,12.1,9.807,0.9928981254388586,13.25,15,8,3.031088913245535,1060.1625,2607.0,544.55,893.0670470176077,7.3069999999999995,7.361,7.289,0.03117691453623982,2.0650000000000004,2.2,2.02,0.07794228634059955,14.600000000000001,25.7,10.9,6.408587988004846,1.4088859986576963
CuPt,101,Cu6Pt6,hollow|A_A_B|FCC,1.17069373503529,0.4517384965773772,4.0,2,5.762825659175385,CuPt,174.5,209.0,140.0,34.5,129.315,195.08,63.55,65.76500000000001,0.0,0,0,0.0,9.5,10,9,0.5,1.678,2.128,1.228,0.45000000000000007,15.1965,21.46,8.933,6.2635000000000005,10.5,11,10,0.5,1699.6599999999999,2041.55,1357.77,341.89,8.363,9.0,7.726,0.637,2.09,2.28,1.9,0.18999999999999995,16.55,20.0,13.1,3.45,0.7189552384579128
Pd3Cu,111,Cu3Pd9,hollow|A_A_B|HCP,1.4257859006355,0.6355696261788353,3.0,2,4.675254392360772,CuPd3,186.5,202.0,140.0,26.846787517317598,95.7025,106.42,63.55,18.563254530119444,0.0,0,0,0.0,10.0,10,10,0.0,0.72475,1.228,0.557,0.2905515229696791,11.23325,12.0,8.933,1.3280499567034367,10.25,11,10,0.4330127018922193,1710.48,1828.05,1357.77,203.6372134458729,8.18425,8.337,7.726,0.2645707608561459,2.125,2.2,1.9,0.1299038105676659,15.799999999999999,16.7,13.1,1.5588457268119895,0.7902162744566648
PtRh,101,Pt6Rh6,hollow|A_B_B|FCC,0.720528056437445,0.5644366196801229,4.0,2,5.762825659175385,PtRh,202.0,209.0,195.0,7.0,148.99275,195.08,102.9055,46.087250000000004,0.0,0,0,0.0,8.5,9,8,0.5,1.6325,2.128,1.137,0.49550000000000005,16.93,21.46,12.4,4.53,9.5,10,9,0.5,2139.275,2237.0,2041.55,97.72500000000002,8.2295,9.0,7.459,0.7705000000000002,2.28,2.28,2.28,0.0,20.85,21.7,20.0,0.8499999999999996,0.15609143675732207
Cu3Pd,111,Cu9Pd3,hollow|A_A_A|HCP,1.09839131933751,0.3459953309837829,3.0,2,4.675254392360772,Cu3Pd,155.5,202.0,140.0,26.846787517317598,74.2675,106.42,63.55,18.563254530119444,0.0,0,0,0.0,10.0,10,10,0.0,1.0602500000000001,1.228,0.557,0.2905515229696791,9.69975,12.0,8.933,1.3280499567034367,10.75,11,10,0.4330127018922193,1475.34,1828.05,1357.77,203.6372134458729,7.87875,8.337,7.726,0.2645707608561459,1.9749999999999999,2.2,1.9,0.1299038105676659,14.0,16.7,13.1,1.5588457268119895,0.7523959883537272
Au3Pd,111,Au9Pd3,hollow|A_A_B|FCC,2.31164284233802,1.359169983978859,3.0,2,4.675254392360772,Au3Pd,175.0,202.0,166.0,15.588457268119896,174.32992749999997,196.96657,106.42,39.20781492277297,0.0,0,0,0.0,10.0,10,10,0.0,1.8710000000000002,2.309,0.557,0.7586382537151682,17.4615,19.282,12.0,3.153198495179141,10.75,11,10,0.4330127018922193,1460.01,1828.05,1337.33,212.48799307254987,9.00375,9.226,8.337,0.38494829198218344,2.455,2.54,2.2,0.1472243186433545,13.55,16.7,12.5,1.8186533479473208,0.9524728583591613
OsRh,101,Os6Rh6,bridge|A_A|B,-0.0163144491600065,-0.1641183868188136,2.0,2,5.762825659175385,OsRh,205.5,216.0,195.0,10.5,146.55275,190.2,102.9055,43.64724999999999,0.0,0,0,0.0,7.0,8,6,1.0,1.1185,1.137,1.1,0.01849999999999996,17.485,22.57,12.4,5.085,8.5,9,8,0.5,2771.5,3306.0,2237.0,534.5,8.0795,8.7,7.459,0.6204999999999998,2.24,2.28,2.2,0.039999999999999813,26.35,31.0,21.7,4.65,0.14780393765880712
Li0.5CoO2,10-14,Co36Li18O77,,3.29454069,1.183650625,,3,7.815442957157031,Co36Li18O77,167.1145038167939,192.0,152.0,18.300561548708746,26.56120488549618,58.93319,7.0,20.152794520435734,2.351145038167939,4,0,1.9689330009347796,1.9236641221374047,7,0,3.1249264311601257,1.125320610687023,1.461,0.618,0.40105316064931174,2.509023152671756,8.86,0.001429,3.913616603654998,12.015267175572518,16,1,5.338874760400657,580.1482442748091,1768.0,54.36,743.2682083246112,10.911129770992366,13.618,5.392,3.3189546648197767,2.673282442748092,3.44,0.98,0.9552158484723016,4.994610687022901,16.2,0.222,6.959913059442646,2.1108900649999995
Ir3Ag,111,Ag3Ir9,top|B,3.99302799284106,1.99393728248549,1.0,2,4.675254392360772,AgIr3,194.5,202.0,172.0,12.99038105676658,171.132,192.22,107.868,36.52548743001249,0.0,0,0,0.0,7.75,10,7,1.299038105676658,1.49925,1.565,1.302,0.11388234059765365,19.440250000000002,22.42,10.501,5.161078393853363,9.5,11,9,0.8660254037844386,2347.9825,2719.0,1234.93,642.621160497186,8.719,9.1,7.576,0.6599113576837422,2.1325000000000003,2.2,1.93,0.11691342951089932,22.325,26.0,11.3,6.365286717815624,1.9990907103555702
Ir3Re,111,Ir9Re3,hollow|A_A_A|HCP,1.27933545723846,1.0757179779801618,3.0,2,4.675254392360772,Ir3Re,205.75,217.0,202.0,6.49519052838329,190.71675,192.22,186.207,2.603705376477917,0.0,0,0,0.0,6.5,7,5,0.8660254037844386,1.2112500000000002,1.565,0.15,0.6127129731774903,22.015,22.42,20.8,0.7014805770653957,8.5,9,7,0.8660254037844386,2904.0,3459.0,2719.0,320.4293994002423,8.795,9.1,7.88,0.5282754963085075,2.125,2.2,1.9,0.1299038105676659,27.75,33.0,26.0,3.031088913245535,0.20361747925829832
Pd3Os,111,Os3Pd9,top|B,-0.231816908461212,-0.3643468243236611,1.0,2,4.675254392360772,OsPd3,205.5,216.0,202.0,6.06217782649107,127.365,190.2,106.42,36.27780416453013,0.0,0,0,0.0,9.0,10,6,1.7320508075688772,0.6927500000000001,1.1,0.557,0.23512589712747511,14.6425,22.57,12.0,4.576944259000759,9.5,10,8,0.8660254037844386,2197.5375,3306.0,1828.05,639.9711227616056,8.42775,8.7,8.337,0.15718361078687543,2.2,2.2,2.2,0.0,20.275,31.0,16.7,6.192081637058736,0.1325299158624491
AuPd,101,Au6Pd6,hollow|A_B_B|FCC,1.87030997903622,1.0876998305801635,4.0,2,5.762825659175385,AuPd,184.0,202.0,166.0,18.0,151.693285,196.96657,106.42,45.273284999999994,0.0,0,0,0.0,10.0,10,10,0.0,1.433,2.309,0.557,0.876,15.641,19.282,12.0,3.641,10.5,11,10,0.5,1582.69,1828.05,1337.33,245.36,8.781500000000001,9.226,8.337,0.44450000000000056,2.37,2.54,2.2,0.16999999999999993,14.6,16.7,12.5,2.0999999999999996,0.7826101484560566
Cu3Au,111,Au3Cu9,hollow|A_A_A|FCC,0.856096667539362,0.1634561978834199,3.0,2,4.675254392360772,AuCu3,146.5,166.0,140.0,11.258330249197702,96.90414249999999,196.96657,63.55,57.771069452892405,0.0,0,0,0.0,10.0,10,10,0.0,1.49825,2.309,1.228,0.4680867307454892,11.52025,19.282,8.933,4.4812484518825775,11.0,11,11,0.0,1352.6599999999999,1357.77,1337.33,8.850779626676987,8.101,9.226,7.726,0.6495190528383293,2.0599999999999996,2.54,1.9,0.2771281292110204,12.95,13.1,12.5,0.25980762113533146,0.6926404696559421
Cu3Pt,111,Cu9Pt3,hollow|A_A_B|FCC,1.18974741803305,0.605624858774604,3.0,2,4.675254392360772,Cu3Pt,157.25,209.0,140.0,29.877876430563134,96.4325,195.08,63.55,56.954160679883614,0.0,0,0,0.0,9.75,10,9,0.4330127018922193,1.453,2.128,1.228,0.38971143170299744,12.06475,21.46,8.933,5.424350116603832,10.75,11,10,0.4330127018922193,1528.715,2041.55,1357.77,296.0854252998617,8.0445,9.0,7.726,0.5516581822106874,1.9949999999999997,2.28,1.9,0.1645448267190433,14.825,20.0,13.1,2.9877876430563135,0.584122559258446
Pt3Cu,111,Cu3Pt9,hollow|A_A_A|FCC,1.59144513214034,1.5619218690816297,3.0,2,4.675254392360772,CuPt3,191.75,209.0,140.0,29.877876430563134,162.1975,195.08,63.55,56.954160679883614,0.0,0,0,0.0,9.25,10,9,0.4330127018922193,1.903,2.128,1.228,0.38971143170299744,18.328249999999997,21.46,8.933,5.424350116603832,10.25,11,10,0.4330127018922193,1870.605,2041.55,1357.77,296.0854252998617,8.6815,9.0,7.726,0.5516581822106874,2.185,2.28,1.9,0.1645448267190433,18.275,20.0,13.1,2.9877876430563135,0.029523263058710336
CuRu,101,Cu6Ru6,hollow|A_A_B|FCC,0.840189164638844,0.5100628324843228,4.0,2,5.762825659175385,CuRu,173.5,207.0,140.0,33.5,82.32499999999999,101.1,63.55,18.775,0.0,0,0,0.0,8.5,10,7,1.5,1.139,1.228,1.05,0.08899999999999997,10.5165,12.1,8.933,1.5835,9.5,11,8,1.5,1982.385,2607.0,1357.77,624.615,7.5435,7.726,7.361,0.1825000000000001,2.05,2.2,1.9,0.15000000000000013,19.4,25.7,13.1,6.3,0.33012633215452114
Pd3Ru,111,Pd9Ru3,top|B,0.473006505933711,-0.0697958391239126,1.0,2,4.675254392360772,Pd3Ru,203.25,207.0,202.0,2.165063509461097,105.09,106.42,101.1,2.3036275740666103,0.0,0,0,0.0,9.25,10,7,1.299038105676658,0.68025,1.05,0.557,0.21347526203286413,12.025,12.1,12.0,0.04330127018922177,9.5,10,8,0.8660254037844386,2022.7875,2607.0,1828.05,337.29524413894427,8.093,8.337,7.361,0.42262039704680604,2.2,2.2,2.2,0.0,18.95,25.7,16.7,3.897114317029974,0.5428023450576236
Tc3Pt,111,Pt3Tc9,hollow|A_A_A|HCP,-1.36325686166327,-1.1732043933217255,3.0,2,4.675254392360772,PtTc3,209.0,209.0,209.0,0.0,121.44977,195.08,96.90636,42.51043311099406,0.0,0,0,0.0,6.0,9,5,1.7320508075688772,0.9445000000000001,2.128,0.55,0.6832940435859222,13.615,21.46,11.0,4.529312861792614,7.75,10,7,1.299038105676658,2332.8875,2430.0,2041.55,168.20378405003262,7.71,9.0,7.28,0.7447818472546172,1.9949999999999997,2.28,1.9,0.1645448267190433,22.25,23.0,20.0,1.299038105676658,-0.19005246834154454
Bi,111,Bi12,hollow|A_A_A|HCP,0.980499495340894,0.4168032973801701,3.0,1,-0.0,Bi,207.0,207.0,207.0,0.0,208.9804,208.9804,208.9804,0.0,3.0,3,3,0.0,10.0,10,10,0.0,0.946,0.946,0.946,0.0,9.807,9.807,9.807,0.0,15.0,15,15,0.0,544.55,544.55,544.55,0.0,7.289,7.289,7.289,0.0,2.02,2.02,2.02,0.0,10.9,10.9,10.9,0.0,0.5636961979607239
Pd3Pt,111,Pd9Pt3,hollow|A_A_A|HCP,1.78622068034366,0.983303084180875,3.0,2,4.675254392360772,Pd3Pt,203.75,209.0,202.0,3.031088913245535,128.585,195.08,106.42,38.39090614976417,0.0,0,0,0.0,9.75,10,9,0.4330127018922193,0.9497500000000001,2.128,0.557,0.6802629546726766,14.365,21.46,12.0,4.096300159900395,10.0,10,10,0.0,1881.425,2041.55,1828.05,92.44821185398882,8.502749999999999,9.0,8.337,0.2870874213545415,2.22,2.28,2.2,0.034641016151377386,17.525,20.0,16.7,1.4289419162443242,0.802917596162785
Rh3Zn,111,Rh9Zn3,hollow|A_A_A|FCC,0.395051197436089,0.6481721703793255,3.0,2,4.675254392360772,Rh3Zn,181.0,195.0,139.0,24.24871130596428,93.529125,102.9055,65.4,16.24035789081863,0.0,0,0,0.0,8.5,10,8,0.8660254037844386,,1.137,1.137,,11.0835,12.4,7.134,2.280244888164427,9.75,12,9,1.299038105676658,1850.92,2237.0,692.68,668.7101757861922,7.94275,9.394,7.459,0.8378795781614446,2.1225,2.28,1.65,0.27279800219209815,18.112499999999997,21.7,7.35,6.213732272153347,-0.2531209729432365
Rh3Ru,111,Rh9Ru3,bridge|A_B|A,0.505401114238168,0.0377681762810198,2.0,2,4.675254392360772,Rh3Ru,198.0,207.0,195.0,5.196152422706632,102.454125,102.9055,101.1,0.781804433266406,0.0,0,0,0.0,7.75,8,7,0.4330127018922193,1.11525,1.137,1.05,0.03767210506462307,12.325000000000001,12.4,12.1,0.12990381056766612,8.75,9,8,0.4330127018922193,2329.5,2607.0,2237.0,160.21469970012114,7.4345,7.459,7.361,0.042435244785437434,2.26,2.28,2.2,0.034641016151377386,22.7,25.7,21.7,1.7320508075688772,0.4676329379571482
Cu3Tc,111,Cu9Tc3,top|B,-0.76808307905975,-0.5928031268150562,1.0,2,4.675254392360772,Cu3Tc,157.25,209.0,140.0,29.877876430563134,71.88909,96.90636,63.55,14.443727568889553,0.0,0,0,0.0,8.75,10,5,2.165063509461097,1.0585,1.228,0.55,0.29358261188292467,9.44975,11.0,8.933,0.8950372548112175,10.0,11,7,1.7320508075688772,1625.8274999999999,2430.0,1357.77,464.2892093498943,7.6145000000000005,7.726,7.28,0.1931236650439297,1.9,1.9,1.9,0.0,15.575,23.0,13.1,4.286825748732972,-0.17527995224469384
V,111,V12,hollow|A_A_A|HCP,-3.16748957326143,-2.3632254219220385,3.0,1,-0.0,V,179.0,179.0,179.0,0.0,50.9415,50.9415,50.9415,0.0,0.0,0,0,0.0,3.0,3,3,0.0,0.525,0.525,0.525,0.0,6.0,6.0,6.0,0.0,5.0,5,5,0.0,2183.0,2183.0,2183.0,0.0,6.746,6.746,6.746,0.0,1.63,1.63,1.63,0.0,22.8,22.8,22.8,0.0,-0.8042641513393916
Rh3Os,111,Os3Rh9,hollow|A_A_B|FCC,0.0790994112356316,0.4041770792799752,3.0,2,4.675254392360772,OsRh3,200.25,216.0,195.0,9.093266739736606,124.729125,190.2,102.9055,37.79962730533033,0.0,0,0,0.0,7.5,8,6,0.8660254037844386,1.12775,1.137,1.1,0.01602146997001208,14.9425,22.57,12.4,4.40373917824387,8.75,9,8,0.4330127018922193,2504.25,3306.0,2237.0,462.89057832278246,7.7692499999999995,8.7,7.459,0.537368763048244,2.26,2.28,2.2,0.034641016151377386,24.025,31.0,21.7,4.02701812759764,-0.32507766804434357
W,111,W12,hollow|A_A_A|FCC,-2.1336002543614,-1.2727696223183784,3.0,1,-0.0,W,210.0,210.0,210.0,0.0,183.84,183.84,183.84,0.0,0.0,0,0,0.0,4.0,4,4,0.0,0.815,0.815,0.815,0.0,19.3,19.3,19.3,0.0,6.0,6,6,0.0,3695.0,3695.0,3695.0,0.0,7.98,7.98,7.98,0.0,2.36,2.36,2.36,0.0,35.0,35.0,35.0,0.0,-0.8608306320430215
Rh3Pt,111,Pt3Rh9,hollow|A_A_A|HCP,0.626189590038678,0.4778138050795633,3.0,2,4.675254392360772,PtRh3,198.5,209.0,195.0,6.06217782649107,125.94912500000001,195.08,102.9055,39.91272929056437,0.0,0,0,0.0,8.25,9,8,0.4330127018922193,1.38475,2.128,1.137,0.4291155875751894,14.665000000000001,21.46,12.4,3.9230950791435073,9.25,10,9,0.4330127018922193,2188.1375,2237.0,2041.55,84.63233258483429,7.84425,9.0,7.459,0.6672725736159102,2.28,2.28,2.28,0.0,21.275,21.7,20.0,0.7361215932167725,0.14837578495911474
Pd3Au,111,Au3Pd9,top|B,3.40722689923842,1.9679675539817936,1.0,2,4.675254392360772,AuPd3,193.0,202.0,166.0,15.588457268119896,129.0566425,196.96657,106.42,39.20781492277297,0.0,0,0,0.0,10.0,10,10,0.0,0.9950000000000001,2.309,0.557,0.7586382537151684,13.8205,19.282,12.0,3.153198495179141,10.25,11,10,0.4330127018922193,1705.37,1828.05,1337.33,212.48799307254987,8.55925,9.226,8.337,0.38494829198218344,2.285,2.54,2.2,0.1472243186433545,15.649999999999999,16.7,12.5,1.8186533479473208,1.4392593452566262
Zn3Pt,111,Pt3Zn9,hollow|A_A_A|FCC,0.493215992635498,0.1288203238844971,3.0,2,4.675254392360772,PtZn3,156.5,209.0,139.0,30.31088913245535,97.82000000000001,195.08,65.4,56.15308718138301,0.0,0,0,0.0,9.75,10,9,0.4330127018922193,,2.128,2.128,,10.7155,21.46,7.134,6.203339967307935,11.5,12,10,0.8660254037844386,1029.8975,2041.55,692.68,584.0778432013578,9.2955,9.394,9.0,0.17060700454553449,1.8074999999999997,2.28,1.65,0.27279800219209815,10.5125,20.0,7.35,5.477610678936575,0.3643956687510009
ReTc,101,Re6Tc6,hollow|A_A_B|FCC,-0.835093969061006,-0.3847156335169757,4.0,2,5.762825659175385,ReTc,213.0,217.0,209.0,4.0,141.55668,186.207,96.90636,44.650319999999994,0.0,0,0,0.0,5.0,5,5,0.0,0.35000000000000003,0.55,0.15,0.2,15.9,20.8,11.0,4.9,7.0,7,7,0.0,2944.5,3459.0,2430.0,514.5,7.58,7.88,7.28,0.2999999999999998,1.9,1.9,1.9,0.0,28.0,33.0,23.0,5.0,-0.4503783355440303
HEO-5-Fe3.0Zn2.0Cr3.0Mn3.0Co3.0Ni2.0,100,Co3Cr2Fe2Mn2Ni3Zn2O20,Co,2.73791052999999,0.7470639699999992,1.0,7,11.699451309662274,Co3Cr2Fe2Mn2Ni3Zn2O20,163.02941176470588,197.0,139.0,18.535316519485406,33.21196029411765,65.4,15.999,20.725259314462217,2.3529411764705883,4,0,1.9686118271390012,2.8529411764705883,10,0,3.573862245453925,,1.461,0.163,,3.3017817647058822,8.912,0.001429,3.976855101346208,13.029411764705882,16,6,3.745470159112574,705.3105882352942,2180.0,54.36,824.6096487748582,11.232852941176471,13.618,6.767,2.889693838172775,2.751470588235294,3.44,1.55,0.8274416004021823,6.304117647058824,20.5,0.222,7.674453618278004,1.9908465599999907
Pt3Cu,111,Cu3Pt9,hollow|A_A_B|HCP,1.59109900334062,0.9864417812758576,3.0,2,4.675254392360772,CuPt3,191.75,209.0,140.0,29.877876430563134,162.1975,195.08,63.55,56.954160679883614,0.0,0,0,0.0,9.25,10,9,0.4330127018922193,1.903,2.128,1.228,0.38971143170299744,18.328249999999997,21.46,8.933,5.424350116603832,10.25,11,10,0.4330127018922193,1870.605,2041.55,1357.77,296.0854252998617,8.6815,9.0,7.726,0.5516581822106874,2.185,2.28,1.9,0.1645448267190433,18.275,20.0,13.1,2.9877876430563135,0.6046572220647625
Re3Ru,111,Re9Ru3,hollow|A_A_A|HCP,-1.34796977826062,-0.6820570101182284,3.0,2,4.675254392360772,Re3Ru,214.5,217.0,207.0,4.330127018922194,164.93025,186.207,101.1,36.85241201994111,0.0,0,0,0.0,5.5,7,5,0.8660254037844386,0.375,1.05,0.15,0.3897114317029974,18.625,20.8,12.1,3.7672105064623085,7.25,8,7,0.4330127018922193,3246.0,3459.0,2607.0,368.9268220121709,7.75025,7.88,7.361,0.22473359228206188,1.9749999999999999,2.2,1.9,0.1299038105676659,31.175,33.0,25.7,3.160992723813201,-0.6659127681423915
Au3Ru,111,Au9Ru3,hollow|A_A_A|FCC,2.35910493813554,1.2602586444780854,3.0,2,4.675254392360772,Au3Ru,176.25,207.0,166.0,17.75352077758099,172.99992749999998,196.96657,101.1,41.51144249683958,0.0,0,0,0.0,9.25,10,7,1.299038105676658,1.99425,2.309,1.05,0.5451629916823042,17.4865,19.282,12.1,3.1098972249899193,10.25,11,8,1.299038105676658,1654.7475,2607.0,1337.33,549.7832372114941,8.75975,9.226,7.361,0.8075686890289895,2.455,2.54,2.2,0.1472243186433545,15.8,25.7,12.5,5.715767664977295,1.0988462936574543
CuNi-MOF,100,Cu6Ni3C96H48N48,M2,3.37833455000009,1.6336982099999204,1.0,5,10.014240688946913,Cu2NiC32H16N16,153.4776119402985,170.0,120.0,20.133404490714508,12.095298507462687,63.55,1.008,11.902633878859621,1.671641791044776,3,0,1.1248623093383148,0.417910447761194,10,0,1.9405281150023888,,1.263,0.754,,1.4827380250746267,8.933,8.988e-05,1.9553893674025478,10.985074626865671,15,1,5.658153639339527,1910.610447761194,3823.0,13.81,1852.1930768608981,12.44065671641791,14.534,7.64,1.7434447078472444,2.5544776119402983,3.04,1.9,0.32449401982434106,51.01623880597014,105.0,0.36,51.697761399061704,1.7446363400001696
Tc,111,Tc12,hollow|A_A_A|HCP,-1.28720716636252,-0.8103178680204337,3.0,1,-0.0,Tc,209.0,209.0,209.0,0.0,96.90636,96.90636,96.90636,0.0,0.0,0,0,0.0,5.0,5,5,0.0,0.55,0.55,0.55,0.0,11.0,11.0,11.0,0.0,7.0,7,7,0.0,2430.0,2430.0,2430.0,0.0,7.28,7.28,7.28,0.0,1.9,1.9,1.9,0.0,23.0,23.0,23.0,0.0,-0.47688929834208627
OsRu,101,Os6Ru6,hollow|A_B_B|FCC,0.222749122938524,0.183795074580189,4.0,2,5.762825659175385,OsRu,211.5,216.0,207.0,4.5,145.64999999999998,190.2,101.1,44.55,0.0,0,0,0.0,6.5,7,6,0.5,1.0750000000000002,1.1,1.05,0.025000000000000022,17.335,22.57,12.1,5.235,8.0,8,8,0.0,2956.5,3306.0,2607.0,349.5,8.0305,8.7,7.361,0.6694999999999998,2.2,2.2,2.2,0.0,28.35,31.0,25.7,2.6500000000000004,0.03895404835833499
CuOs,101,Cu6Os6,hollow|A_A_B|FCC,0.897038779537809,0.7221635966824351,4.0,2,5.762825659175385,CuOs,178.0,216.0,140.0,38.0,126.875,190.2,63.55,63.324999999999996,0.0,0,0,0.0,8.0,10,6,2.0,1.1640000000000001,1.228,1.1,0.06399999999999995,15.7515,22.57,8.933,6.8185,9.5,11,8,1.5,2331.885,3306.0,1357.77,974.115,8.213,8.7,7.726,0.48699999999999966,2.05,2.2,1.9,0.15000000000000013,22.05,31.0,13.1,8.950000000000001,0.17487518285537385
Rh3Zn,111,Rh9Zn3,hollow|A_A_A|HCP,0.376103502636227,0.2438661092791108,3.0,2,4.675254392360772,Rh3Zn,181.0,195.0,139.0,24.24871130596428,93.529125,102.9055,65.4,16.24035789081863,0.0,0,0,0.0,8.5,10,8,0.8660254037844386,,1.137,1.137,,11.0835,12.4,7.134,2.280244888164427,9.75,12,9,1.299038105676658,1850.92,2237.0,692.68,668.7101757861922,7.94275,9.394,7.459,0.8378795781614446,2.1225,2.28,1.65,0.27279800219209815,18.112499999999997,21.7,7.35,6.213732272153347,0.1322373933571162
IrRh,101,Ir6Rh6,hollow|A_B_B|FCC,0.736266712737972,0.4001044874829631,4.0,2,5.762825659175385,IrRh,198.5,202.0,195.0,3.5,147.56275,192.22,102.9055,44.65725,0.0,0,0,0.0,7.5,8,7,0.5,1.351,1.565,1.137,0.21399999999999997,17.41,22.42,12.4,5.010000000000001,9.0,9,9,0.0,2478.0,2719.0,2237.0,241.0,8.279499999999999,9.1,7.459,0.8205,2.24,2.28,2.2,0.039999999999999813,23.85,26.0,21.7,2.1500000000000004,0.33616222525500883
Pd3Rh,111,Pd9Rh3,hollow|A_A_B|FCC,0.901709477635279,0.6951865028794373,3.0,2,4.675254392360772,Pd3Rh,200.25,202.0,195.0,3.031088913245535,105.541375,106.42,102.9055,1.521823140800204,0.0,0,0,0.0,9.5,10,8,0.8660254037844386,0.7020000000000001,1.137,0.557,0.2511473670974872,12.1,12.4,12.0,0.1732050807568879,9.75,10,9,0.4330127018922193,1930.2875,2237.0,1828.05,177.08054443882313,8.1175,8.337,7.459,0.3801851522613686,2.22,2.28,2.2,0.034641016151377386,17.95,21.7,16.7,2.165063509461097,0.2065229747558417
Tc3Rh,111,Rh3Tc9,hollow|A_A_A|FCC,-1.03605738596178,-0.8617560911217197,3.0,2,4.675254392360772,RhTc3,205.5,209.0,195.0,6.06217782649107,98.40614500000001,102.9055,96.90636,2.5977038204296874,0.0,0,0,0.0,5.75,8,5,1.299038105676658,0.69675,1.137,0.55,0.25417845601073275,11.35,12.4,11.0,0.6062177826491072,7.5,9,7,0.8660254037844386,2381.75,2430.0,2237.0,83.57145146519834,7.32475,7.459,7.28,0.077509273638707,1.9949999999999997,2.28,1.9,0.1645448267190433,22.675,23.0,21.7,0.5629165124598854,-0.1743012948400604
Os3Re,111,Os9Re3,hollow|A_A_B|HCP,-0.618358425861686,0.1745255165777735,3.0,2,4.675254392360772,Os3Re,216.25,217.0,216.0,0.4330127018922193,189.20174999999998,190.2,186.207,1.7290197186556295,0.0,0,0,0.0,5.75,6,5,0.4330127018922193,0.8625,1.1,0.15,0.4113620667976084,22.1275,22.57,20.8,0.766432482349228,7.75,8,7,0.4330127018922193,3344.25,3459.0,3306.0,66.25094338950956,8.495,8.7,7.88,0.35507041555161956,2.125,2.2,1.9,0.1299038105676659,31.5,33.0,31.0,0.8660254037844386,-0.7928839424394595
HEO-18-Fe3.0Zn2.0Cr3.0Mn2.0Co3.0Ni3.0,100,Co3Cr2Fe2Mn2Ni3Zn2O20,Co,3.32228803999999,1.4282558600000073,1.0,7,11.699451309662274,Co3Cr2Fe2Mn2Ni3Zn2O20,163.02941176470588,197.0,139.0,18.535316519485406,33.21196029411765,65.4,15.999,20.725259314462217,2.3529411764705883,4,0,1.9686118271390012,2.8529411764705883,10,0,3.573862245453925,,1.461,0.163,,3.3017817647058822,8.912,0.001429,3.976855101346208,13.029411764705882,16,6,3.745470159112574,705.3105882352942,2180.0,54.36,824.6096487748582,11.232852941176471,13.618,6.767,2.889693838172775,2.751470588235294,3.44,1.55,0.8274416004021823,6.304117647058824,20.5,0.222,7.674453618278004,1.8940321799999826
Ir3Au,111,Au3Ir9,hollow|A_A_A|HCP,0.278824574139264,0.6034675402814855,3.0,2,4.675254392360772,AuIr3,193.0,202.0,166.0,15.588457268119896,193.40664249999998,196.96657,192.22,2.0553251004205477,0.0,0,0,0.0,7.75,10,7,1.299038105676658,1.7510000000000001,2.309,1.565,0.3221614502078113,21.6355,22.42,19.282,1.358793858537785,9.5,11,9,0.8660254037844386,2373.5825,2719.0,1337.33,598.2806598234228,9.131499999999999,9.226,9.1,0.05455960043842016,2.285,2.54,2.2,0.1472243186433545,22.625,26.0,12.5,5.845671475544961,-0.32464296614222155
Pb,111,Pb12,hollow|A_A_A|HCP,0.905549684139089,0.2294540079791431,3.0,1,-0.0,Pb,202.0,202.0,202.0,0.0,207.0,207.0,207.0,0.0,2.0,2,2,0.0,10.0,10,10,0.0,0.36,0.36,0.36,0.0,11.342,11.342,11.342,0.0,14.0,14,14,0.0,600.61,600.61,600.61,0.0,7.417,7.417,7.417,0.0,2.33,2.33,2.33,0.0,4.77,4.77,4.77,0.0,0.6760956761599459
Pd3Au,111,Au3Pd9,hollow|A_A_A|FCC,1.40228465283855,0.736902506680849,3.0,2,4.675254392360772,AuPd3,193.0,202.0,166.0,15.588457268119896,129.0566425,196.96657,106.42,39.20781492277297,0.0,0,0,0.0,10.0,10,10,0.0,0.9950000000000001,2.309,0.557,0.7586382537151684,13.8205,19.282,12.0,3.153198495179141,10.25,11,10,0.4330127018922193,1705.37,1828.05,1337.33,212.48799307254987,8.55925,9.226,8.337,0.38494829198218344,2.285,2.54,2.2,0.1472243186433545,15.649999999999999,16.7,12.5,1.8186533479473208,0.665382146157701
CuC39N15H21,active_site,CuC39H21N15,,2.60019298499998,0.3282446224999944,,4,8.937670930847224,CuC39H21N15,152.82894736842107,170.0,120.0,21.264863630123667,10.042789473684211,63.55,1.008,8.081820198373418,1.618421052631579,3,0,1.099845745920738,0.13157894736842105,10,0,1.1395071102426824,,1.263,0.754,,1.2811400852631583,8.933,8.988e-05,1.4303591279652976,10.56578947368421,15,1,5.9345897883239305,1995.947763157895,3823.0,13.81,1881.823815376986,12.505710526315791,14.534,7.726,1.496179439841688,2.5414473684210526,3.04,1.9,0.29448752965898867,54.279184210526324,105.0,0.36,52.0932393978918,2.2719483624999857
Zn-HESO56-MnNiFeCrZn,100,Co9CrFeMnNiZnO20,Co,2.94383307999999,0.914962900000006,1.0,7,9.831694087825896,Co9CrFeMnNiZnO20,166.1764705882353,197.0,139.0,19.565080821280873,33.448404411764706,65.4,15.999,20.934279736317823,2.3529411764705883,4,0,1.9686118271390012,2.852941176470588,10,0,3.4905953726210264,,1.461,0.163,,3.474664117647059,8.912,0.001429,4.175328912739702,13.058823529411764,16,6,3.6132206301026386,733.2317647058824,2180.0,54.36,835.2070519636595,11.247823529411766,13.618,6.767,2.8524749467434956,2.7741176470588234,3.44,1.55,0.7989777205428669,6.537941176470588,20.5,0.222,7.754352166748138,2.0288701799999838
Ru3Cu,111,Cu3Ru9,hollow|A_A_B|HCP,0.230316200639038,0.722586053478949,3.0,2,4.675254392360772,CuRu3,190.25,207.0,140.0,29.011851026778693,91.71249999999999,101.1,63.55,16.259626956052834,0.0,0,0,0.0,7.75,10,7,1.299038105676658,1.0945,1.228,1.05,0.07707626093681501,11.30825,12.1,8.933,1.3713512268926586,8.75,11,8,1.299038105676658,2294.6925,2607.0,1357.77,540.9324575848171,7.452249999999999,7.726,7.361,0.15804963619066015,2.125,2.2,1.9,0.1299038105676659,22.549999999999997,25.7,13.1,5.455960043841963,-0.492269852839911
PtTc,101,Pt6Tc6,top|B,-0.0065405282622919,-0.2065967176196181,1.0,2,5.762825659175385,PtTc,209.0,209.0,209.0,0.0,145.99318,195.08,96.90636,49.08682,0.0,0,0,0.0,7.0,9,5,2.0,1.339,2.128,0.55,0.789,16.23,21.46,11.0,5.23,8.5,10,7,1.5,2235.775,2430.0,2041.55,194.22500000000002,8.14,9.0,7.28,0.8599999999999999,2.09,2.28,1.9,0.18999999999999995,21.5,23.0,20.0,1.5,0.2000561893573262
Os3Cu,111,Cu3Os9,top|B,3.12332223193863,1.5096263511776442,1.0,2,4.675254392360772,CuOs3,197.0,216.0,140.0,32.90896534380867,158.53749999999997,190.2,63.55,54.841058694649576,0.0,0,0,0.0,7.0,10,6,1.7320508075688772,1.1320000000000001,1.228,1.1,0.05542562584220403,19.16075,22.57,8.933,5.904994215704195,8.75,11,8,1.299038105676658,2818.9425,3306.0,1357.77,843.6083362074784,8.4565,8.7,7.726,0.4217543716430213,2.125,2.2,1.9,0.1299038105676659,26.525,31.0,13.1,7.750927363870726,1.6136958807609858
ReRh,101,Re6Rh6,top|A,-0.530262931162895,-0.3187134696191833,1.0,2,5.762825659175385,ReRh,206.0,217.0,195.0,11.0,144.55625,186.207,102.9055,41.650749999999995,0.0,0,0,0.0,6.5,8,5,1.5,0.6435,1.137,0.15,0.4935,16.6,20.8,12.4,4.2,8.0,9,7,1.0,2848.0,3459.0,2237.0,611.0,7.669499999999999,7.88,7.459,0.21050000000000013,2.09,2.28,1.9,0.18999999999999995,27.35,33.0,21.7,5.65,-0.21154946154371174
Zr,111,Zr12,hollow|A_A_A|FCC,-3.42584778526197,-2.4462944297202966,3.0,1,-0.0,Zr,186.0,186.0,186.0,0.0,91.22,91.22,91.22,0.0,0.0,0,0,0.0,2.0,2,2,0.0,0.426,0.426,0.426,0.0,6.52,6.52,6.52,0.0,4.0,4,4,0.0,2128.0,2128.0,2128.0,0.0,6.634,6.634,6.634,0.0,1.33,1.33,1.33,0.0,21.0,21.0,21.0,0.0,-0.9795533555416736
Zn,111,Zn12,hollow|A_A_A|HCP,0.0787245744321012,-0.0068714186228362,3.0,1,-0.0,Zn,139.0,139.0,139.0,0.0,65.4,65.4,65.4,0.0,0.0,0,0,0.0,10.0,10,10,0.0,,,,,7.134,7.134,7.134,0.0,12.0,12,12,0.0,692.68,692.68,692.68,0.0,9.394,9.394,9.394,0.0,1.65,1.65,1.65,0.0,7.35,7.35,7.35,0.0,0.0855959930549374
Tc3Ru,111,Ru3Tc9,hollow|A_A_B|FCC,-0.573341681163754,-0.345293277218957,3.0,2,4.675254392360772,RuTc3,208.5,209.0,207.0,0.8660254037844386,97.95477,101.1,96.90636,1.8158993871632814,0.0,0,0,0.0,5.5,7,5,0.8660254037844386,0.675,1.05,0.55,0.21650635094610965,11.275,12.1,11.0,0.4763139720814411,7.25,8,7,0.4330127018922193,2474.25,2607.0,2430.0,76.64324823492282,7.30025,7.361,7.28,0.03507402885326956,1.9749999999999999,2.2,1.9,0.1299038105676659,23.675,25.7,23.0,1.1691342951089918,-0.22804840394479697
RuTc,101,Ru6Tc6,hollow|A_B_B|HCP,-1.08053956305974,-0.6480301270195241,4.0,2,5.762825659175385,RuTc,208.0,209.0,207.0,1.0,99.00318,101.1,96.90636,2.096819999999994,0.0,0,0,0.0,6.0,7,5,1.0,0.8,1.05,0.55,0.25,11.55,12.1,11.0,0.5499999999999998,7.5,8,7,0.5,2518.5,2607.0,2430.0,88.5,7.3205,7.361,7.28,0.04049999999999976,2.05,2.2,1.9,0.15000000000000013,24.35,25.7,23.0,1.3499999999999996,-0.43250943604021597
RhZn,101,Rh6Zn6,hollow|A_A_B|FCC,0.741982055736855,0.3607953304789362,4.0,2,5.762825659175385,RhZn,167.0,195.0,139.0,28.0,84.15275,102.9055,65.4,18.75275,0.0,0,0,0.0,9.0,10,8,1.0,,1.137,1.137,,9.767,12.4,7.134,2.633,10.5,12,9,1.5,1464.84,2237.0,692.68,772.1600000000001,8.4265,9.394,7.459,0.9675000000000002,1.9649999999999999,2.28,1.65,0.31499999999999995,14.524999999999999,21.7,7.35,7.175,0.38118672525791886
Au3Cu,111,Au9Cu3,hollow|A_A_A|FCC,2.53158728793989,1.4355247188804017,3.0,2,4.675254392360772,Au3Cu,159.5,166.0,140.0,11.258330249197702,163.61242749999997,196.96657,63.55,57.771069452892405,0.0,0,0,0.0,10.0,10,10,0.0,2.0387500000000003,2.309,1.228,0.4680867307454892,16.69475,19.282,8.933,4.4812484518825775,11.0,11,11,0.0,1342.44,1357.77,1337.33,8.850779626676987,8.851,9.226,7.726,0.6495190528383293,2.38,2.54,1.9,0.2771281292110204,12.65,13.1,12.5,0.25980762113533146,1.0960625690594885
CuRh,101,Cu6Rh6,hollow|A_A_B|FCC,0.976194654434778,0.3588438661798818,4.0,2,5.762825659175385,CuRh,167.5,195.0,140.0,27.5,83.22775,102.9055,63.55,19.677750000000003,0.0,0,0,0.0,9.0,10,8,1.0,1.1825,1.228,1.137,0.04549999999999998,10.6665,12.4,8.933,1.7335000000000003,10.0,11,9,1.0,1797.385,2237.0,1357.77,439.615,7.592499999999999,7.726,7.459,0.13350000000000017,2.09,2.28,1.9,0.18999999999999995,17.4,21.7,13.1,4.3,0.6173507882548963
BiTc,101,Bi6Tc6,bridge|A_A|B,2.00188722423974,0.885057199081416,2.0,2,5.762825659175385,BiTc,208.0,209.0,207.0,1.0,152.94338,208.9804,96.90636,56.03702,1.5,3,0,1.5,7.5,10,5,2.5,0.748,0.946,0.55,0.19799999999999995,10.403500000000001,11.0,9.807,0.5964999999999998,11.0,15,7,4.0,1487.275,2430.0,544.55,942.725,7.2844999999999995,7.289,7.28,0.0044999999999997264,1.96,2.02,1.9,0.06000000000000005,16.95,23.0,10.9,6.049999999999999,1.116830025158324
Rh3Cu,111,Cu3Rh9,hollow|A_A_B|FCC,0.800441224036888,0.3824652520823974,3.0,2,4.675254392360772,CuRh3,181.25,195.0,140.0,23.81569860407206,93.066625,102.9055,63.55,17.04143138931924,0.0,0,0,0.0,8.5,10,8,0.8660254037844386,1.15975,1.228,1.137,0.03940415587219195,11.53325,12.4,8.933,1.5012550374603246,9.5,11,9,0.8660254037844386,2017.1925,2237.0,1357.77,380.717757884696,7.5257499999999995,7.726,7.459,0.11561439140522271,2.185,2.28,1.9,0.1645448267190433,19.549999999999997,21.7,13.1,3.7239092362730863,0.4179759719544906
Ag3Rh,111,Ag9Rh3,top|B,1.32372076184021,0.2639973631856946,1.0,2,4.675254392360772,Ag3Rh,177.75,195.0,172.0,9.959292143521045,106.627375,107.868,102.9055,2.1488255331401347,0.0,0,0,0.0,9.5,10,8,0.8660254037844386,1.26075,1.302,1.137,0.0714470958122162,10.97575,12.4,10.501,0.8222911208933249,10.5,11,9,0.8660254037844386,1485.4475,2237.0,1234.93,433.90903818513624,7.546749999999999,7.576,7.459,0.050662486121389655,2.0175,2.28,1.93,0.15155444566227672,13.900000000000002,21.7,11.3,4.50333209967908,1.0597233986545154
Rh3Re,111,Re3Rh9,top|B,-0.742682068561578,-0.5212586842200153,1.0,2,4.675254392360772,ReRh3,200.5,217.0,195.0,9.526279441628825,123.730875,186.207,102.9055,36.070607586674704,0.0,0,0,0.0,7.25,8,5,1.299038105676658,0.89025,1.137,0.15,0.4273835367676204,14.5,20.8,12.4,3.6373066958946425,8.5,9,7,0.8660254037844386,2542.5,3459.0,2237.0,529.141521712292,7.5642499999999995,7.88,7.459,0.18229834749662444,2.185,2.28,1.9,0.1645448267190433,24.525,33.0,21.7,4.893043531382078,-0.22142338434156272
CoNi-MOF,100,Co6Ni3C96H48N48,M1,2.46207314000003,0.7928901499999483,1.0,5,10.014240688946913,Co2NiC32H16N16,155.02985074626864,192.0,120.0,21.01951484823889,11.95748328358209,58.93319,1.008,11.318457691320013,1.671641791044776,3,0,1.1248623093383148,0.3283582089552239,8,0,1.5198984618628022,,1.263,0.661,,1.4805589205970149,8.912,8.988e-05,1.947108652803842,10.925373134328359,15,1,5.668223636125252,1922.8561194029853,3823.0,13.81,1849.8521492778623,12.445283582089552,14.534,7.64,1.7310883972184046,2.5538805970149254,3.04,1.88,0.32571370646435505,51.10877611940298,105.0,0.36,51.63254305612319,1.6691829900000816
RuZn,101,Ru6Zn6,hollow|A_A_B|HCP,-0.128667940163894,-0.0254324396183847,4.0,2,5.762825659175385,RuZn,173.0,207.0,139.0,34.0,83.25,101.1,65.4,17.849999999999994,0.0,0,0,0.0,8.5,10,7,1.5,,1.05,1.05,,9.617,12.1,7.134,2.4829999999999997,10.0,12,8,2.0,1649.84,2607.0,692.68,957.16,8.3775,9.394,7.361,1.0165000000000002,1.925,2.2,1.65,0.27500000000000013,16.525,25.7,7.35,9.174999999999999,-0.10323550054550928
Ru3Zn,111,Ru9Zn3,bridge|A_A|A,0.300164149437308,-0.1572204371215093,2.0,2,4.675254392360772,Ru3Zn,190.0,207.0,139.0,29.444863728670914,92.17499999999998,101.1,65.4,15.458553457552226,0.0,0,0,0.0,7.75,10,7,1.299038105676658,,1.05,1.05,,10.8585,12.1,7.134,2.1503410775967606,9.0,12,8,1.7320508075688772,2128.42,2607.0,692.68,828.9248754863133,7.869249999999999,9.394,7.361,0.8803148229468821,2.0625,2.2,1.65,0.23815698604072075,21.112499999999997,25.7,7.35,7.945783079722224,0.4573845865588173
Zn-HESO35-MnNiFeCrZn,100,Co9CrFeMnNiZnO20,Co,3.37016805999997,0.9622240599999828,1.0,7,9.831694087825896,Co9CrFeMnNiZnO20,166.1764705882353,197.0,139.0,19.565080821280873,33.448404411764706,65.4,15.999,20.934279736317823,2.3529411764705883,4,0,1.9686118271390012,2.852941176470588,10,0,3.4905953726210264,,1.461,0.163,,3.474664117647059,8.912,0.001429,4.175328912739702,13.058823529411764,16,6,3.6132206301026386,733.2317647058824,2180.0,54.36,835.2070519636595,11.247823529411766,13.618,6.767,2.8524749467434956,2.7741176470588234,3.44,1.55,0.7989777205428669,6.537941176470588,20.5,0.222,7.754352166748138,2.407943999999987
Au3Pd,111,Au9Pd3,hollow|A_A_A|FCC,2.46588104783569,1.3773692295807225,3.0,2,4.675254392360772,Au3Pd,175.0,202.0,166.0,15.588457268119896,174.32992749999997,196.96657,106.42,39.20781492277297,0.0,0,0,0.0,10.0,10,10,0.0,1.8710000000000002,2.309,0.557,0.7586382537151682,17.4615,19.282,12.0,3.153198495179141,10.75,11,10,0.4330127018922193,1460.01,1828.05,1337.33,212.48799307254987,9.00375,9.226,8.337,0.38494829198218344,2.455,2.54,2.2,0.1472243186433545,13.55,16.7,12.5,1.8186533479473208,1.0885118182549676
Ru3Au,111,Au3Ru9,hollow|A_A_A|HCP,-0.687100504059515,-0.2242574500188539,3.0,2,4.675254392360772,AuRu3,196.75,207.0,166.0,17.75352077758099,125.06664249999999,196.96657,101.1,41.51144249683957,0.0,0,0,0.0,7.75,10,7,1.299038105676658,1.3647500000000001,2.309,1.05,0.5451629916823042,13.895499999999998,19.282,12.1,3.1098972249899193,8.75,11,8,1.299038105676658,2289.5825,2607.0,1337.33,549.7832372114941,7.827249999999999,9.226,7.361,0.8075686890289895,2.285,2.54,2.2,0.1472243186433545,22.4,25.7,12.5,5.715767664977295,-0.46284305404066106
CuPt,101,Cu6Pt6,hollow|A_B_B|HCP,1.2151891096326,0.7416273553798192,4.0,2,5.762825659175385,CuPt,174.5,209.0,140.0,34.5,129.315,195.08,63.55,65.76500000000001,0.0,0,0,0.0,9.5,10,9,0.5,1.678,2.128,1.228,0.45000000000000007,15.1965,21.46,8.933,6.2635000000000005,10.5,11,10,0.5,1699.6599999999999,2041.55,1357.77,341.89,8.363,9.0,7.726,0.637,2.09,2.28,1.9,0.18999999999999995,16.55,20.0,13.1,3.45,0.4735617542527808
Pt3Ru,111,Pt9Ru3,hollow|A_A_B|FCC,0.70876648003815,0.8779084964816093,3.0,2,4.675254392360772,Pt3Ru,208.5,209.0,207.0,0.8660254037844386,171.585,195.08,101.1,40.69453372383078,0.0,0,0,0.0,8.5,9,7,0.8660254037844386,1.8585,2.128,1.05,0.46678769263981246,19.119999999999997,21.46,12.1,4.052998889711174,9.5,10,8,0.8660254037844386,2182.9125,2607.0,2041.55,244.84703228495545,8.59025,9.0,7.361,0.7097078184013476,2.26,2.28,2.2,0.034641016151377386,21.425,25.7,20.0,2.4681724007856496,-0.16914201644345928
RhRu,101,Rh6Ru6,hollow|A_B_B|HCP,-0.140506524862019,0.1927205444816309,4.0,2,5.762825659175385,RhRu,201.0,207.0,195.0,6.0,102.00274999999999,102.9055,101.1,0.9027500000000046,0.0,0,0,0.0,7.5,8,7,0.5,1.0935000000000001,1.137,1.05,0.04349999999999998,12.25,12.4,12.1,0.15000000000000036,8.5,9,8,0.5,2422.0,2607.0,2237.0,185.0,7.41,7.459,7.361,0.04899999999999993,2.24,2.28,2.2,0.039999999999999813,23.7,25.7,21.7,2.0,-0.3332270693436499
Tc3Au,111,Au3Tc9,hollow|A_A_A|HCP,-1.36272066136388,-1.1641650437187536,3.0,2,4.675254392360772,AuTc3,198.25,209.0,166.0,18.619546181365433,121.9214125,196.96657,96.90636,43.327341884002855,0.0,0,0,0.0,6.25,10,5,2.165063509461097,0.9897500000000001,2.309,0.55,0.7616693426284138,13.0705,19.282,11.0,3.5862111970713606,8.0,11,7,1.7320508075688772,2156.8325,2430.0,1337.33,473.1399889765713,7.766500000000001,9.226,7.28,0.8426427178822591,2.0599999999999996,2.54,1.9,0.2771281292110204,20.375,23.0,12.5,4.546633369868303,-0.19855561764512641
Cu3Re,111,Cu9Re3,top|B,-1.45118718326211,-1.0278568273234896,1.0,2,4.675254392360772,Cu3Re,159.25,217.0,140.0,33.34197804570089,94.21424999999999,186.207,63.55,53.11203897599394,0.0,0,0,0.0,8.75,10,5,2.165063509461097,0.9585,1.228,0.15,0.4667876926398124,11.899750000000001,20.8,8.933,5.138561733354967,10.0,11,7,1.7320508075688772,1883.0774999999999,3459.0,1357.77,909.859279596988,7.7645,7.88,7.726,0.06668395609140174,1.9,1.9,1.9,0.0,18.075,33.0,13.1,8.616952767655164,-0.42333035593862034
Pd3Cu,111,Cu3Pd9,hollow|A_A_A|HCP,1.52607345593771,0.7205722749757797,3.0,2,4.675254392360772,CuPd3,186.5,202.0,140.0,26.846787517317598,95.7025,106.42,63.55,18.563254530119444,0.0,0,0,0.0,10.0,10,10,0.0,0.72475,1.228,0.557,0.2905515229696791,11.23325,12.0,8.933,1.3280499567034367,10.25,11,10,0.4330127018922193,1710.48,1828.05,1357.77,203.6372134458729,8.18425,8.337,7.726,0.2645707608561459,2.125,2.2,1.9,0.1299038105676659,15.799999999999999,16.7,13.1,1.5588457268119895,0.8055011809619304
Pd3Ir,111,Ir3Pd9,hollow|A_A_B|FCC,0.711984226137986,0.8816078840799264,3.0,2,4.675254392360772,IrPd3,202.0,202.0,202.0,0.0,127.87,192.22,106.42,37.152489822352415,0.0,0,0,0.0,9.25,10,7,1.299038105676658,0.809,1.565,0.557,0.436476803507357,14.605,22.42,12.0,4.511992353716926,9.75,10,9,0.4330127018922193,2050.7875,2719.0,1828.05,385.79266675087285,8.52775,9.1,8.337,0.3303886915437633,2.2,2.2,2.2,0.0,19.025,26.0,16.7,4.02701812759764,-0.16962365794194045
Ru3Zn,111,Ru9Zn3,hollow|A_A_A|FCC,-0.608897707967287,-0.1332714260234979,3.0,2,4.675254392360772,Ru3Zn,190.0,207.0,139.0,29.444863728670914,92.17499999999998,101.1,65.4,15.458553457552226,0.0,0,0,0.0,7.75,10,7,1.299038105676658,,1.05,1.05,,10.8585,12.1,7.134,2.1503410775967606,9.0,12,8,1.7320508075688772,2128.42,2607.0,692.68,828.9248754863133,7.869249999999999,9.394,7.361,0.8803148229468821,2.0625,2.2,1.65,0.23815698604072075,21.112499999999997,25.7,7.35,7.945783079722224,-0.47562628194378914
Cu3Tc,111,Cu9Tc3,hollow|A_A_A|FCC,0.770206111239361,0.145371376082835,3.0,2,4.675254392360772,Cu3Tc,157.25,209.0,140.0,29.877876430563134,71.88909,96.90636,63.55,14.443727568889553,0.0,0,0,0.0,8.75,10,5,2.165063509461097,1.0585,1.228,0.55,0.29358261188292467,9.44975,11.0,8.933,0.8950372548112175,10.0,11,7,1.7320508075688772,1625.8274999999999,2430.0,1357.77,464.2892093498943,7.6145000000000005,7.726,7.28,0.1931236650439297,1.9,1.9,1.9,0.0,15.575,23.0,13.1,4.286825748732972,0.624834735156526
Ag3Au,111,Ag9Au3,hollow|A_A_A|FCC,2.20836298734122,0.6606996112794832,3.0,2,4.675254392360772,Ag3Au,170.5,172.0,166.0,2.598076211353316,130.1426425,196.96657,107.868,38.580812530433036,0.0,0,0,0.0,10.0,10,10,0.0,1.55375,2.309,1.302,0.4360437908054649,12.69625,19.282,10.501,3.802284535315578,11.0,11,11,0.0,1260.53,1337.33,1234.93,44.3405006737632,7.9885,9.226,7.576,0.7144709581221624,2.0825,2.54,1.93,0.26413774815425384,11.600000000000001,12.5,11.3,0.5196152422706629,1.5476633760617369
Tc3Re,111,Re3Tc9,top|B,-0.478021700062698,-0.0218465235185476,1.0,2,4.675254392360772,ReTc3,211.0,217.0,209.0,3.4641016151377544,119.23152,186.207,96.90636,38.66831140710439,0.0,0,0,0.0,5.0,5,5,0.0,0.45,0.55,0.15,0.17320508075688776,13.45,20.8,11.0,4.24352447854375,7.0,7,7,0.0,2687.25,3459.0,2430.0,445.57007024709367,7.43,7.88,7.28,0.25980762113533146,1.9,1.9,1.9,0.0,25.5,33.0,23.0,4.330127018922194,-0.4561751765441504
Rh3Tc,111,Rh9Tc3,bridge|A_B|A,-0.102785832365214,-0.1930327951223489,2.0,2,4.675254392360772,Rh3Tc,198.5,209.0,195.0,6.06217782649107,101.405715,102.9055,96.90636,2.5977038204296874,0.0,0,0,0.0,7.25,8,5,1.299038105676658,0.9902500000000001,1.137,0.55,0.25417845601073275,12.05,12.4,11.0,0.6062177826491072,8.5,9,7,0.8660254037844386,2285.25,2430.0,2237.0,83.57145146519834,7.41425,7.459,7.28,0.077509273638707,2.185,2.28,1.9,0.1645448267190433,22.025,23.0,21.7,0.5629165124598854,0.09024696275713488
Au3Pd,111,Au9Pd3,hollow|A_A_B|HCP,2.45249331903671,1.3349311716782497,3.0,2,4.675254392360772,Au3Pd,175.0,202.0,166.0,15.588457268119896,174.32992749999997,196.96657,106.42,39.20781492277297,0.0,0,0,0.0,10.0,10,10,0.0,1.8710000000000002,2.309,0.557,0.7586382537151682,17.4615,19.282,12.0,3.153198495179141,10.75,11,10,0.4330127018922193,1460.01,1828.05,1337.33,212.48799307254987,9.00375,9.226,8.337,0.38494829198218344,2.455,2.54,2.2,0.1472243186433545,13.55,16.7,12.5,1.8186533479473208,1.1175621473584603
Ru3Os,111,Os3Ru9,top|A,1.22930760003857,0.3590274068818644,1.0,2,4.675254392360772,OsRu3,209.25,216.0,207.0,3.897114317029974,123.37499999999999,190.2,101.1,38.58143173859674,0.0,0,0,0.0,6.75,7,6,0.4330127018922193,1.0625,1.1,1.05,0.021650635094610987,14.7175,22.57,12.1,4.533642988811536,8.0,8,8,0.0,2781.75,3306.0,2607.0,302.6758786226613,7.695749999999999,8.7,7.361,0.5798040078336815,2.2,2.2,2.2,0.0,27.025,31.0,25.7,2.294967320028763,0.8702801931567057
Pd3Re,111,Pd9Re3,hollow|A_A_A|HCP,2.30635050033726,1.336622359079115,3.0,2,4.675254392360772,Pd3Re,205.75,217.0,202.0,6.49519052838329,126.36675,186.207,106.42,34.5487844458745,0.0,0,0,0.0,8.75,10,5,2.165063509461097,0.45525000000000004,0.557,0.15,0.17623616967013328,14.2,20.8,12.0,3.8105117766515306,9.25,10,7,1.299038105676658,2235.7875,3459.0,1828.05,706.2220661511151,8.22275,8.337,7.88,0.19788680476474416,2.125,2.2,1.9,0.1299038105676659,20.775,33.0,16.7,7.058107040843175,0.9697281412581451
Re3Zn,111,Re9Zn3,hollow|A_A_A|FCC,-0.996133387761972,-0.2895545670209003,3.0,2,4.675254392360772,Re3Zn,197.5,217.0,139.0,33.77499074759311,156.00525,186.207,65.4,52.31096547749333,0.0,0,0,0.0,6.25,10,5,2.165063509461097,,0.15,0.15,,17.3835,20.8,7.134,5.917551584059069,8.25,12,7,2.165063509461097,2767.42,3459.0,692.68,1197.8516974984843,8.2585,9.394,7.88,0.6555812306648202,1.8375,1.9,1.65,0.10825317547305482,26.5875,33.0,7.35,11.106775803535426,-0.7065788207410717
AgAu,101,Ag6Au6,hollow|A_B_B|FCC,2.17172830113469,1.1019678475757928,4.0,2,5.762825659175385,AgAu,169.0,172.0,166.0,3.0,152.417285,196.96657,107.868,44.549285,0.0,0,0,0.0,10.0,10,10,0.0,1.8055,2.309,1.302,0.5035000000000001,14.8915,19.282,10.501,4.3905,11.0,11,11,0.0,1286.13,1337.33,1234.93,51.19999999999993,8.401,9.226,7.576,0.8250000000000006,2.235,2.54,1.93,0.30500000000000005,11.9,12.5,11.3,0.5999999999999996,1.0697604535588972
Ag3Re,111,Ag9Re3,hollow|A_A_A|HCP,2.94698226014208,1.2364143971834665,3.0,2,4.675254392360772,Ag3Re,183.25,217.0,172.0,19.48557158514987,127.45275,186.207,107.868,33.92178205353457,0.0,0,0,0.0,8.75,10,5,2.165063509461097,1.014,1.302,0.15,0.4988306325798367,13.07575,20.8,10.501,4.4595978167879675,10.0,11,7,1.7320508075688772,1790.9475,3459.0,1234.93,963.0505598974282,7.651999999999999,7.88,7.576,0.13163586137523478,1.9224999999999999,1.93,1.9,0.012990381056766592,16.725,33.0,11.3,9.396375631061158,1.7105678629586136
Cu3Pt,111,Cu9Pt3,hollow|A_A_A|FCC,0.975990977134472,0.1964544905757748,3.0,2,4.675254392360772,Cu3Pt,157.25,209.0,140.0,29.877876430563134,96.4325,195.08,63.55,56.954160679883614,0.0,0,0,0.0,9.75,10,9,0.4330127018922193,1.453,2.128,1.228,0.38971143170299744,12.06475,21.46,8.933,5.424350116603832,10.75,11,10,0.4330127018922193,1528.715,2041.55,1357.77,296.0854252998617,8.0445,9.0,7.726,0.5516581822106874,1.9949999999999997,2.28,1.9,0.1645448267190433,14.825,20.0,13.1,2.9877876430563135,0.7795364865586972
Bi3Au,111,Au3Bi9,hollow|A_A_B|HCP,1.2538152608393,0.4779997948797927,3.0,2,4.675254392360772,AuBi3,196.75,207.0,166.0,17.75352077758099,205.9769425,208.9804,196.96657,5.202140988373807,2.25,3,0,1.299038105676658,10.0,10,10,0.0,1.28675,2.309,0.946,0.590196312679095,12.17575,19.282,9.807,4.102795350428778,14.0,15,11,1.7320508075688772,742.7449999999999,1337.33,544.55,343.28380980611365,7.773249999999999,9.226,7.289,0.8387456035652293,2.1500000000000004,2.54,2.02,0.22516660498395408,11.3,12.5,10.9,0.6928203230275508,0.7758154659595073
Ag3Pd,111,Ag9Pd3,top|B,2.76765447853887,1.2875079881822558,1.0,2,4.675254392360772,Ag3Pd,179.5,202.0,172.0,12.99038105676658,107.506,107.868,106.42,0.6270023923399307,0.0,0,0,0.0,10.0,10,10,0.0,1.11575,1.302,0.557,0.3225944629097034,10.87575,12.0,10.501,0.649086040136437,10.75,11,10,0.4330127018922193,1383.21,1828.05,1234.93,256.8284937463131,7.766249999999999,8.337,7.576,0.329522666139979,1.9975,2.2,1.93,0.11691342951089932,12.650000000000002,16.7,11.3,2.3382685902179836,1.4801464903566144
Tc3Cu,111,Cu3Tc9,hollow|A_A_A|HCP,-1.37117006816351,-1.0040001988191989,3.0,2,4.675254392360772,CuTc3,191.75,209.0,140.0,29.877876430563134,88.56727000000001,96.90636,63.55,14.443727568889553,0.0,0,0,0.0,6.25,10,5,2.165063509461097,0.7195,1.228,0.55,0.29358261188292467,10.48325,11.0,8.933,0.8950372548112175,8.0,11,7,1.7320508075688772,2161.9425,2430.0,1357.77,464.2892093498943,7.3915,7.726,7.28,0.1931236650439297,1.9,1.9,1.9,0.0,20.525,23.0,13.1,4.286825748732972,-0.36716986934431106
CuIr,101,Cu6Ir6,hollow|A_A_B|FCC,1.09483628804065,0.5398763048841602,4.0,2,5.762825659175385,CuIr,171.0,202.0,140.0,31.0,127.88499999999999,192.22,63.55,64.335,0.0,0,0,0.0,8.5,10,7,1.5,1.3965,1.565,1.228,0.16849999999999998,15.6765,22.42,8.933,6.743500000000001,10.0,11,9,1.0,2038.385,2719.0,1357.77,680.615,8.413,9.1,7.726,0.6869999999999998,2.05,2.2,1.9,0.15000000000000013,19.55,26.0,13.1,6.45,0.5549599831564898
Re3Pd,111,Pd3Re9,hollow|A_A_A|HCP,-1.59713897806085,-1.086236810518244,3.0,2,4.675254392360772,PdRe3,213.25,217.0,202.0,6.49519052838329,166.26024999999998,186.207,106.42,34.5487844458745,0.0,0,0,0.0,6.25,10,5,2.165063509461097,0.25175000000000003,0.557,0.15,0.17623616967013328,18.6,20.8,12.0,3.8105117766515306,7.75,10,7,1.299038105676658,3051.2625,3459.0,1828.05,706.2220661511151,7.99425,8.337,7.88,0.19788680476474416,1.9749999999999999,2.2,1.9,0.1299038105676659,28.925,33.0,16.7,7.058107040843175,-0.510902167542606
Pd,111,Pd12,hollow|A_A_A|HCP,1.49908955924167,0.7836409157833941,3.0,1,-0.0,Pd,202.0,202.0,202.0,0.0,106.42,106.42,106.42,0.0,0.0,0,0,0.0,10.0,10,10,0.0,0.557,0.557,0.557,0.0,12.0,12.0,12.0,0.0,10.0,10,10,0.0,1828.05,1828.05,1828.05,0.0,8.337,8.337,8.337,0.0,2.2,2.2,2.2,0.0,16.7,16.7,16.7,0.0,0.7154486434582759
Ir3Pd,111,Ir9Pd3,top|B,3.0168657198372,1.6893428474803611,1.0,2,4.675254392360772,Ir3Pd,202.0,202.0,202.0,0.0,170.76999999999998,192.22,106.42,37.152489822352415,0.0,0,0,0.0,7.75,10,7,1.299038105676658,1.3130000000000002,1.565,0.557,0.436476803507357,19.815,22.42,12.0,4.511992353716926,9.25,10,9,0.4330127018922193,2496.2625,2719.0,1828.05,385.7926667508728,8.90925,9.1,8.337,0.3303886915437633,2.2,2.2,2.2,0.0,23.675,26.0,16.7,4.02701812759764,1.327522872356839
Pd3Zn,111,Pd9Zn3,hollow|A_A_B|FCC,1.30657758993385,0.4859774923796749,3.0,2,4.675254392360772,Pd3Zn,186.25,202.0,139.0,27.279800219209818,96.16499999999999,106.42,65.4,17.762181031618834,0.0,0,0,0.0,10.0,10,10,0.0,,0.557,0.557,,10.7835,12.0,7.134,2.1070398074075394,10.5,12,10,0.8660254037844386,1544.2075,1828.05,692.68,491.62963134736907,8.60125,9.394,8.337,0.457694425900076,2.0625,2.2,1.65,0.23815698604072075,14.362499999999999,16.7,7.35,4.048668762692251,0.8206000975541752
Pd3Cu,111,Cu3Pd9,hollow|A_A_A|FCC,1.49117948203258,0.8793033519804112,3.0,2,4.675254392360772,CuPd3,186.5,202.0,140.0,26.846787517317598,95.7025,106.42,63.55,18.563254530119444,0.0,0,0,0.0,10.0,10,10,0.0,0.72475,1.228,0.557,0.2905515229696791,11.23325,12.0,8.933,1.3280499567034367,10.25,11,10,0.4330127018922193,1710.48,1828.05,1357.77,203.6372134458729,8.18425,8.337,7.726,0.2645707608561459,2.125,2.2,1.9,0.1299038105676659,15.799999999999999,16.7,13.1,1.5588457268119895,0.6118761300521689
RuTc,101,Ru6Tc6,hollow|A_B_B|FCC,-0.653871458762467,-0.4951644637177423,4.0,2,5.762825659175385,RuTc,208.0,209.0,207.0,1.0,99.00318,101.1,96.90636,2.096819999999994,0.0,0,0,0.0,6.0,7,5,1.0,0.8,1.05,0.55,0.25,11.55,12.1,11.0,0.5499999999999998,7.5,8,7,0.5,2518.5,2607.0,2430.0,88.5,7.3205,7.361,7.28,0.04049999999999976,2.05,2.2,1.9,0.15000000000000013,24.35,25.7,23.0,1.3499999999999996,-0.15870699504472469
Re3Tc,111,Re9Tc3,hollow|A_A_A|FCC,-0.791513032960381,-0.2836239819181401,3.0,2,4.675254392360772,Re3Tc,215.0,217.0,209.0,3.4641016151377544,163.88184,186.207,96.90636,38.66831140710439,0.0,0,0,0.0,5.0,5,5,0.0,0.25,0.55,0.15,0.17320508075688776,18.35,20.8,11.0,4.24352447854375,7.0,7,7,0.0,3201.75,3459.0,2430.0,445.57007024709367,7.73,7.88,7.28,0.25980762113533146,1.9,1.9,1.9,0.0,30.5,33.0,23.0,4.330127018922194,-0.5078890510422409
Bi3Pt,111,Bi9Pt3,hollow|A_A_A|FCC,1.1211447982385,-0.0168042541182558,3.0,2,4.675254392360772,Bi3Pt,207.5,209.0,207.0,0.8660254037844386,205.5053,208.9804,195.08,6.019049761382601,2.25,3,0,1.299038105676658,9.75,10,9,0.4330127018922193,1.2415,2.128,0.946,0.5118210136366033,12.72025,21.46,9.807,5.045897015150032,13.75,15,10,2.165063509461097,918.8,2041.55,544.55,648.2200147326523,7.716749999999999,9.0,7.289,0.7408847329375874,2.085,2.28,2.02,0.11258330249197693,13.175,20.0,10.9,3.9404155872191957,1.137949052356756
AgPd,101,Ag6Pd6,top|B,2.66695711983977,0.8869045799773403,1.0,2,5.762825659175385,AgPd,187.0,202.0,172.0,15.0,107.144,107.868,106.42,0.7239999999999966,0.0,0,0,0.0,10.0,10,10,0.0,0.9295,1.302,0.557,0.37250000000000005,11.250499999999999,12.0,10.501,0.7495000000000003,10.5,11,10,0.5,1531.49,1828.05,1234.93,296.55999999999995,7.9565,8.337,7.576,0.38050000000000006,2.065,2.2,1.93,0.13500000000000012,14.0,16.7,11.3,2.6999999999999993,1.7800525398624298
PtRu,101,Pt6Ru6,hollow|A_A_B|FCC,1.08915931314169,0.8488934059831763,4.0,2,5.762825659175385,PtRu,208.0,209.0,207.0,1.0,148.09,195.08,101.1,46.99000000000001,0.0,0,0,0.0,8.0,9,7,1.0,1.589,2.128,1.05,0.539,16.78,21.46,12.1,4.680000000000001,9.0,10,8,1.0,2324.275,2607.0,2041.55,282.725,8.1805,9.0,7.361,0.8195,2.24,2.28,2.2,0.039999999999999813,22.85,25.7,20.0,2.8499999999999996,0.2402659071585136
Bi,111,Bi12,hollow|A_A_A|FCC,0.992384339340617,0.3785997389830982,3.0,1,-0.0,Bi,207.0,207.0,207.0,0.0,208.9804,208.9804,208.9804,0.0,3.0,3,3,0.0,10.0,10,10,0.0,0.946,0.946,0.946,0.0,9.807,9.807,9.807,0.0,15.0,15,15,0.0,544.55,544.55,544.55,0.0,7.289,7.289,7.289,0.0,2.02,2.02,2.02,0.0,10.9,10.9,10.9,0.0,0.6137846003575188
Zn3Re,111,Re3Zn9,hollow|A_A_B|FCC,-0.0091088747687422,-0.0521804137271146,3.0,2,4.675254392360772,ReZn3,158.5,217.0,139.0,33.77499074759311,95.60175000000001,186.207,65.4,52.31096547749333,0.0,0,0,0.0,8.75,10,5,2.165063509461097,,0.15,0.15,,10.5505,20.8,7.134,5.917551584059069,10.75,12,7,2.165063509461097,1384.26,3459.0,692.68,1197.851697498484,9.015500000000001,9.394,7.88,0.6555812306648202,1.7125,1.9,1.65,0.10825317547305482,13.7625,33.0,7.35,11.106775803535426,0.0430715389583724
Rh3Bi,111,Bi3Rh9,hollow|A_A_A|FCC,0.985404755538013,0.7865572957824725,3.0,2,4.675254392360772,BiRh3,198.0,207.0,195.0,5.196152422706632,129.424225,208.9804,102.9055,45.931779051946975,0.75,3,0,1.299038105676658,8.5,10,8,0.8660254037844386,1.08925,1.137,0.946,0.08270542606141391,11.751750000000001,12.4,9.807,1.1228019360065247,10.5,15,9,2.598076211353316,1813.8875,2237.0,544.55,732.8523473174866,7.416499999999999,7.459,7.289,0.07361215932167725,2.215,2.28,2.02,0.11258330249197693,19.0,21.7,10.9,4.676537180435968,0.19884745975554052
AgPt,101,Ag6Pt6,top|B,2.31064404853879,0.7892557126805286,1.0,2,5.762825659175385,AgPt,190.5,209.0,172.0,18.5,151.474,195.08,107.868,43.60600000000001,0.0,0,0,0.0,9.5,10,9,0.5,1.715,2.128,1.302,0.41300000000000003,15.9805,21.46,10.501,5.479500000000001,10.5,11,10,0.5,1638.24,2041.55,1234.93,403.30999999999995,8.288,9.0,7.576,0.7120000000000002,2.105,2.28,1.93,0.17499999999999993,15.65,20.0,11.3,4.35,1.5213883358582612
Ag3Cu,111,Ag9Cu3,hollow|A_A_A|FCC,2.13930552913718,0.6571138311745699,3.0,2,4.675254392360772,Ag3Cu,164.0,172.0,140.0,13.856406460551018,96.7885,107.868,63.55,19.190256922459376,0.0,0,0,0.0,10.0,10,10,0.0,1.2835,1.302,1.228,0.03204293994002426,10.109,10.501,8.933,0.6789639165669997,11.0,11,11,0.0,1265.6399999999999,1357.77,1234.93,53.19128030044019,7.613499999999999,7.726,7.576,0.06495190528383306,1.9224999999999999,1.93,1.9,0.012990381056766592,11.750000000000002,13.1,11.3,0.7794228634059943,1.4821916979626102
BiRu,101,Bi6Ru6,bridge|A_A|B,2.07105665723776,0.9283396262807172,2.0,2,5.762825659175385,BiRu,207.0,207.0,207.0,0.0,155.0402,208.9804,101.1,53.940200000000004,1.5,3,0,1.5,8.5,10,7,1.5,0.998,1.05,0.946,0.052000000000000046,10.9535,12.1,9.807,1.1464999999999996,11.5,15,8,3.5,1575.775,2607.0,544.55,1031.2250000000001,7.324999999999999,7.361,7.289,0.03600000000000003,2.1100000000000003,2.2,2.02,0.09000000000000008,18.3,25.7,10.9,7.3999999999999995,1.1427170309570425
Ag3Tc,111,Ag9Tc3,top|B,-1.24075161966556,-0.8302231313165294,1.0,2,4.675254392360772,Ag3Tc,181.25,209.0,172.0,16.021469970012117,105.12759,107.868,96.90636,4.746529353569822,0.0,0,0,0.0,8.75,10,5,2.165063509461097,1.114,1.302,0.55,0.3256255518229489,10.62575,11.0,10.501,0.21607333824421768,10.0,11,7,1.7320508075688772,1533.6975,2430.0,1234.93,517.4804896503346,7.502,7.576,7.28,0.12817175976009665,1.9224999999999999,1.93,1.9,0.012990381056766592,14.225000000000001,23.0,11.3,5.066248612138966,-0.41052848834903055
Re3Pt,111,Pt3Re9,top|B,2.82881315223841,1.6922801803819991,1.0,2,4.675254392360772,PtRe3,215.0,217.0,209.0,3.4641016151377544,188.42525,195.08,186.207,3.8421217038896702,0.0,0,0,0.0,6.0,9,5,1.7320508075688772,0.6445000000000001,2.128,0.15,0.8564991243428098,20.965000000000003,21.46,20.8,0.2857883832488648,7.75,10,7,1.299038105676658,3104.6375,3459.0,2041.55,613.7738542971263,8.16,9.0,7.88,0.4849742261192857,1.9949999999999997,2.28,1.9,0.1645448267190433,29.75,33.0,20.0,5.629165124598851,1.136532971856411
Pd,111,Pd12,top|A,2.65083832063812,1.4289848709821626,1.0,1,-0.0,Pd,202.0,202.0,202.0,0.0,106.42,106.42,106.42,0.0,0.0,0,0,0.0,10.0,10,10,0.0,0.557,0.557,0.557,0.0,12.0,12.0,12.0,0.0,10.0,10,10,0.0,1828.05,1828.05,1828.05,0.0,8.337,8.337,8.337,0.0,2.2,2.2,2.2,0.0,16.7,16.7,16.7,0.0,1.2218534496559572
Cu3Bi,111,Bi3Cu9,hollow|A_A_A|HCP,0.501382128833768,-0.1284763720206001,3.0,2,4.675254392360772,BiCu3,156.75,207.0,140.0,29.011851026778693,99.9076,208.9804,63.55,62.97321044126622,0.75,3,0,1.299038105676658,10.0,10,10,0.0,1.1575,1.228,0.946,0.12210958193360585,9.1515,9.807,8.933,0.3784531014537999,12.0,15,11,1.7320508075688772,1154.465,1357.77,544.55,352.1345894327906,7.61675,7.726,7.289,0.18922655072689995,1.9299999999999997,2.02,1.9,0.05196152422706637,12.549999999999999,13.1,10.9,0.9526279441628822,0.6298585008543681
Cu3Ru,111,Cu9Ru3,top|B,0.382522804134908,0.2838067062810978,1.0,2,4.675254392360772,Cu3Ru,156.75,207.0,140.0,29.011851026778693,72.9375,101.1,63.55,16.259626956052834,0.0,0,0,0.0,9.25,10,7,1.299038105676658,1.1835,1.228,1.05,0.07707626093681501,9.72475,12.1,8.933,1.3713512268926586,10.25,11,8,1.299038105676658,1670.0774999999999,2607.0,1357.77,540.9324575848171,7.63475,7.726,7.361,0.15804963619066015,1.9749999999999999,2.2,1.9,0.1299038105676659,16.25,25.7,13.1,5.455960043841963,0.09871609785381025
AgBi,101,Ag6Bi6,hollow|A_B_B|HCP,1.47067924173808,0.4717709730801971,4.0,2,5.762825659175385,AgBi,189.5,207.0,172.0,17.5,158.42419999999998,208.9804,107.868,50.556200000000004,1.5,3,0,1.5,10.0,10,10,0.0,1.124,1.302,0.946,0.17800000000000005,10.154,10.501,9.807,0.34699999999999953,13.0,15,11,2.0,889.74,1234.93,544.55,345.19000000000005,7.432499999999999,7.576,7.289,0.14349999999999996,1.975,2.02,1.93,0.04500000000000004,11.100000000000001,11.3,10.9,0.20000000000000018,0.998908268657883
NiCu-MOF,100,Cu3Ni6C96H48N48,M1,3.91957531999992,1.4275020400000358,1.0,5,10.014240688946913,CuNi2C32H16N16,153.82089552238804,170.0,120.0,20.096725338902687,12.022805970149253,63.55,1.008,11.59997287083653,1.671641791044776,3,0,1.1248623093383148,0.3880597014925373,10,0,1.8034396975514289,,1.263,0.754,,1.482424592238806,8.933,8.988e-05,1.9541964457350562,10.970149253731343,15,1,5.659413368823297,1916.1362686567165,3823.0,13.81,1851.0874342798515,12.439373134328358,14.534,7.64,1.7469434700746462,2.5546268656716418,3.04,1.9,0.3241951151869372,51.077432835820886,105.0,0.36,51.655253262265326,2.492073279999884
Ir3Rh,111,Ir9Rh3,hollow|A_A_A|FCC,0.596961026239853,0.697817027380438,3.0,2,4.675254392360772,Ir3Rh,200.25,202.0,195.0,3.031088913245535,169.89137499999998,192.22,102.9055,38.67431296315262,0.0,0,0,0.0,7.25,8,7,0.4330127018922193,1.4580000000000002,1.565,1.137,0.18532943640986985,19.915000000000003,22.42,12.4,4.3387872729600385,9.0,9,9,0.0,2598.5,2719.0,2237.0,208.7121223120497,8.68975,9.1,7.459,0.7105738438051319,2.22,2.28,2.2,0.034641016151377386,24.925,26.0,21.7,1.8619546181365434,-0.10085600114058502
CuZn,101,Cu6Zn6,hollow|A_B_B|FCC,0.640969725227308,0.174174625874798,4.0,2,5.762825659175385,CuZn,139.5,140.0,139.0,0.5,64.475,65.4,63.55,0.9250000000000043,0.0,0,0,0.0,10.0,10,10,0.0,,1.228,1.228,,8.0335,8.933,7.134,0.8994999999999997,11.5,12,11,0.5,1025.225,1357.77,692.68,332.545,8.56,9.394,7.726,0.8340000000000001,1.775,1.9,1.65,0.125,10.225,13.1,7.35,2.875,0.46679509935250996
Pt3Ru,111,Pt9Ru3,top|A,2.44175774784145,0.7528825278831164,1.0,2,4.675254392360772,Pt3Ru,208.5,209.0,207.0,0.8660254037844386,171.585,195.08,101.1,40.69453372383078,0.0,0,0,0.0,8.5,9,7,0.8660254037844386,1.8585,2.128,1.05,0.46678769263981246,19.119999999999997,21.46,12.1,4.052998889711174,9.5,10,8,0.8660254037844386,2182.9125,2607.0,2041.55,244.84703228495545,8.59025,9.0,7.361,0.7097078184013476,2.26,2.28,2.2,0.034641016151377386,21.425,25.7,20.0,2.4681724007856496,1.6888752199583337
Pt3Rh,111,Pt9Rh3,hollow|A_A_A|HCP,1.70999587973694,1.352738165177357,3.0,2,4.675254392360772,Pt3Rh,205.5,209.0,195.0,6.06217782649107,172.036375,195.08,102.9055,39.91272929056437,0.0,0,0,0.0,8.75,9,8,0.4330127018922193,1.8802500000000002,2.128,1.137,0.4291155875751894,19.195,21.46,12.4,3.9230950791435073,9.75,10,9,0.4330127018922193,2090.4125,2237.0,2041.55,84.63233258483429,8.61475,9.0,7.459,0.6672725736159102,2.28,2.28,2.28,0.0,20.425,21.7,20.0,0.7361215932167725,0.357257714559583
surface-Cr-doped-IrO2-rutile,100,CrIr19O43,Ir-site--Cr-nonadjacent,1.62361550000003,-0.0929750599999579,1.0,3,5.719707646271807,CrIr19O43,167.66666666666666,202.0,152.0,23.027244043827046,69.71639682539683,192.22,15.999,80.6253889392444,2.7301587301587302,4,0,1.8619527998241499,2.1904761904761907,7,0,3.2212446714833836,1.4797460317460318,1.565,0.666,0.11376597648193362,6.876054714285714,22.42,0.001429,10.253103360226055,13.730158730158731,16,6,3.3485668538652082,891.7219047619047,2719.0,54.36,1229.5962895386297,12.146682539682539,13.618,6.767,2.1763137891266413,3.0377777777777775,3.44,1.66,0.593489664917019,8.318190476190475,26.0,0.222,11.890542303914449,1.716590559999988
HEO-8-Fe3.0Zn2.0Cr3.0Mn3.0Co2.0Ni3.0,100,Co3Cr2Fe2Mn2Ni3Zn2O20,Co,3.04203536999998,1.4400607099999831,1.0,7,11.699451309662274,Co3Cr2Fe2Mn2Ni3Zn2O20,163.02941176470588,197.0,139.0,18.535316519485406,33.21196029411765,65.4,15.999,20.725259314462217,2.3529411764705883,4,0,1.9686118271390012,2.8529411764705883,10,0,3.573862245453925,,1.461,0.163,,3.3017817647058822,8.912,0.001429,3.976855101346208,13.029411764705882,16,6,3.745470159112574,705.3105882352942,2180.0,54.36,824.6096487748582,11.232852941176471,13.618,6.767,2.889693838172775,2.751470588235294,3.44,1.55,0.8274416004021823,6.304117647058824,20.5,0.222,7.674453618278004,1.6019746599999967
Cu3Pt,111,Cu9Pt3,hollow|A_A_A|HCP,1.45706225703526,0.5119553841767583,3.0,2,4.675254392360772,Cu3Pt,157.25,209.0,140.0,29.877876430563134,96.4325,195.08,63.55,56.954160679883614,0.0,0,0,0.0,9.75,10,9,0.4330127018922193,1.453,2.128,1.228,0.38971143170299744,12.06475,21.46,8.933,5.424350116603832,10.75,11,10,0.4330127018922193,1528.715,2041.55,1357.77,296.0854252998617,8.0445,9.0,7.726,0.5516581822106874,1.9949999999999997,2.28,1.9,0.1645448267190433,14.825,20.0,13.1,2.9877876430563135,0.9451068728585017
Cd,111,Cd12,hollow|A_A_A|FCC,1.025209023537,0.2482208829795809,3.0,1,-0.0,Cd,158.0,158.0,158.0,0.0,112.41,112.41,112.41,0.0,0.0,0,0,0.0,10.0,10,10,0.0,,,,,8.69,8.69,8.69,0.0,12.0,12,12,0.0,594.22,594.22,594.22,0.0,8.994,8.994,8.994,0.0,1.69,1.69,1.69,0.0,6.3,6.3,6.3,0.0,0.776988140557419
RhZn,101,Rh6Zn6,bridge|A_A|B,0.993629396241715,0.5521127199798457,2.0,2,5.762825659175385,RhZn,167.0,195.0,139.0,28.0,84.15275,102.9055,65.4,18.75275,0.0,0,0,0.0,9.0,10,8,1.0,,1.137,1.137,,9.767,12.4,7.134,2.633,10.5,12,9,1.5,1464.84,2237.0,692.68,772.1600000000001,8.4265,9.394,7.459,0.9675000000000002,1.9649999999999999,2.28,1.65,0.31499999999999995,14.524999999999999,21.7,7.35,7.175,0.4415166762618693
Pd3Pt,111,Pd9Pt3,hollow|A_A_A|FCC,1.44742820263838,0.6798258126844985,3.0,2,4.675254392360772,Pd3Pt,203.75,209.0,202.0,3.031088913245535,128.585,195.08,106.42,38.39090614976417,0.0,0,0,0.0,9.75,10,9,0.4330127018922193,0.9497500000000001,2.128,0.557,0.6802629546726766,14.365,21.46,12.0,4.096300159900395,10.0,10,10,0.0,1881.425,2041.55,1828.05,92.44821185398882,8.502749999999999,9.0,8.337,0.2870874213545415,2.22,2.28,2.2,0.034641016151377386,17.525,20.0,16.7,1.4289419162443242,0.7676023899538815
Re3Ag,111,Ag3Re9,hollow|A_A_A|HCP,-1.58877542316276,-1.0053560060215432,3.0,2,4.675254392360772,AgRe3,205.75,217.0,172.0,19.48557158514987,166.62225,186.207,107.868,33.92178205353457,0.0,0,0,0.0,6.25,10,5,2.165063509461097,0.438,1.302,0.15,0.49883063257983673,18.225250000000003,20.8,10.501,4.4595978167879675,8.0,11,7,1.7320508075688772,2902.9825,3459.0,1234.93,963.0505598974282,7.804,7.88,7.576,0.13163586137523478,1.9074999999999998,1.93,1.9,0.012990381056766592,27.575,33.0,11.3,9.396375631061158,-0.5834194171412168
Au3Re,111,Au9Re3,hollow|A_A_A|FCC,2.3178611877409,1.1512505208819448,3.0,2,4.675254392360772,Au3Re,178.75,217.0,166.0,22.083647796503186,194.27667749999998,196.96657,186.207,4.659030476898465,0.0,0,0,0.0,8.75,10,5,2.165063509461097,1.7692500000000002,2.309,0.15,0.9348744233853017,19.6615,20.8,19.282,0.6573132814723892,10.0,11,7,1.7320508075688772,1867.7475,3459.0,1337.33,918.710059223665,8.889500000000002,9.226,7.88,0.5828350967469276,2.38,2.54,1.9,0.2771281292110204,17.625,33.0,12.5,8.876760388790496,1.166610666858955
Ru3Bi,111,Bi3Ru9,hollow|A_A_A|HCP,-0.45095616926136,-0.1105669276213348,3.0,2,4.675254392360772,BiRu3,207.0,207.0,207.0,0.0,128.0701,208.9804,101.1,46.713583485213384,0.75,3,0,1.299038105676658,7.75,10,7,1.299038105676658,1.024,1.05,0.946,0.04503332099679085,11.52675,12.1,9.807,0.9928981254388586,9.75,15,8,3.031088913245535,2091.3875,2607.0,544.55,893.0670470176077,7.343,7.361,7.289,0.03117691453623982,2.1550000000000002,2.2,2.02,0.07794228634059955,22.0,25.7,10.9,6.408587988004846,-0.3403892416400252
Pd3Bi,111,Bi3Pd9,hollow|A_A_B|FCC,1.7084612937395,0.7348533534794797,3.0,2,4.675254392360772,BiPd3,203.25,207.0,202.0,2.165063509461097,132.0601,208.9804,106.42,44.409955911146774,0.75,3,0,1.299038105676658,10.0,10,10,0.0,0.65425,0.946,0.557,0.16844194103607327,11.45175,12.0,9.807,0.9495968552496369,11.25,15,10,2.165063509461097,1507.175,1828.05,544.55,555.7718028786635,8.075,8.337,7.289,0.45379731158304587,2.1550000000000002,2.2,2.02,0.07794228634059955,15.249999999999998,16.7,10.9,2.5114736709748717,0.9736079402600204
Ag,111,Ag12,hollow|A_A_A|HCP,2.05068050093888,0.5899550472794317,3.0,1,-0.0,Ag,172.0,172.0,172.0,0.0,107.868,107.868,107.868,0.0,0.0,0,0,0.0,10.0,10,10,0.0,1.302,1.302,1.302,0.0,10.501,10.501,10.501,0.0,11.0,11,11,0.0,1234.93,1234.93,1234.93,0.0,7.576,7.576,7.576,0.0,1.93,1.93,1.93,0.0,11.3,11.3,11.3,0.0,1.4607254536594483
Zn-HESO2-MnNiFeCrZn,100,Co9CrFeMnNiZnO20,Co,3.3287306,1.2534312999999884,1.0,7,9.831694087825896,Co9CrFeMnNiZnO20,166.1764705882353,197.0,139.0,19.565080821280873,33.448404411764706,65.4,15.999,20.934279736317823,2.3529411764705883,4,0,1.9686118271390012,2.852941176470588,10,0,3.4905953726210264,,1.461,0.163,,3.474664117647059,8.912,0.001429,4.175328912739702,13.058823529411764,16,6,3.6132206301026386,733.2317647058824,2180.0,54.36,835.2070519636595,11.247823529411766,13.618,6.767,2.8524749467434956,2.7741176470588234,3.44,1.55,0.7989777205428669,6.537941176470588,20.5,0.222,7.754352166748138,2.0752993000000117
Ru3Ag,111,Ag3Ru9,hollow|A_A_A|HCP,-0.90358951215984,-0.4268501485158822,3.0,2,4.675254392360772,AgRu3,198.25,207.0,172.0,15.155444566227676,102.79199999999999,107.868,101.1,2.9306299664065407,0.0,0,0,0.0,7.75,10,7,1.299038105676658,1.113,1.302,1.05,0.10911920087683927,11.700249999999999,12.1,10.501,0.6923873103256588,8.75,11,8,1.299038105676658,2263.9825,2607.0,1234.93,594.1237378852574,7.41475,7.576,7.361,0.0930977309068271,2.1325000000000003,2.2,1.93,0.11691342951089932,22.099999999999998,25.7,11.3,6.235382907247958,-0.47673936364395775
Au3Ag,111,Ag3Au9,top|B,4.01755279674018,1.796723458181873,1.0,2,4.675254392360772,AgAu3,167.5,172.0,166.0,2.598076211353316,174.69192749999996,196.96657,107.868,38.580812530433036,0.0,0,0,0.0,10.0,10,10,0.0,2.0572500000000002,2.309,1.302,0.4360437908054649,17.086750000000002,19.282,10.501,3.8022845353155783,11.0,11,11,0.0,1311.73,1337.33,1234.93,44.3405006737632,8.813500000000001,9.226,7.576,0.7144709581221623,2.3875,2.54,1.93,0.26413774815425384,12.2,12.5,11.3,0.5196152422706629,2.220829338558307
Cu3Re,111,Cu9Re3,hollow|A_A_A|HCP,1.81285259773341,0.9191268040784736,3.0,2,4.675254392360772,Cu3Re,159.25,217.0,140.0,33.34197804570089,94.21424999999999,186.207,63.55,53.11203897599394,0.0,0,0,0.0,8.75,10,5,2.165063509461097,0.9585,1.228,0.15,0.4667876926398124,11.899750000000001,20.8,8.933,5.138561733354967,10.0,11,7,1.7320508075688772,1883.0774999999999,3459.0,1357.77,909.859279596988,7.7645,7.88,7.726,0.06668395609140174,1.9,1.9,1.9,0.0,18.075,33.0,13.1,8.616952767655164,0.8937257936549364
Ag3Rh,111,Ag9Rh3,hollow|A_A_A|HCP,2.72544798953805,1.0801758829810524,3.0,2,4.675254392360772,Ag3Rh,177.75,195.0,172.0,9.959292143521045,106.627375,107.868,102.9055,2.1488255331401347,0.0,0,0,0.0,9.5,10,8,0.8660254037844386,1.26075,1.302,1.137,0.0714470958122162,10.97575,12.4,10.501,0.8222911208933249,10.5,11,9,0.8660254037844386,1485.4475,2237.0,1234.93,433.90903818513624,7.546749999999999,7.576,7.459,0.050662486121389655,2.0175,2.28,1.93,0.15155444566227672,13.900000000000002,21.7,11.3,4.50333209967908,1.6452721065569977
ReRu,101,Re6Ru6,hollow|A_B_B|HCP,-0.735125467261412,-0.2412291900210448,4.0,2,5.762825659175385,ReRu,212.0,217.0,207.0,5.0,143.6535,186.207,101.1,42.5535,0.0,0,0,0.0,6.0,7,5,1.0,0.6,1.05,0.15,0.45,16.45,20.8,12.1,4.3500000000000005,7.5,8,7,0.5,3033.0,3459.0,2607.0,426.0,7.6205,7.88,7.361,0.25950000000000006,2.05,2.2,1.9,0.15000000000000013,29.35,33.0,25.7,3.6500000000000004,-0.4938962772403672
Pt-fcc,111,Pt16,fcc,1.69756432999999,1.1867352539557032,3.0,1,-0.0,Pt,209.0,209.0,209.0,0.0,195.08,195.08,195.08,0.0,0.0,0,0,0.0,9.0,9,9,0.0,2.128,2.128,2.128,0.0,21.46,21.46,21.46,0.0,10.0,10,10,0.0,2041.55,2041.55,2041.55,0.0,9.0,9.0,9.0,0.0,2.28,2.28,2.28,0.0,20.0,20.0,20.0,0.0,0.5108290760442868
Pt3Rh,111,Pt9Rh3,hollow|A_A_A|FCC,1.43782625773366,1.1188760491758103,3.0,2,4.675254392360772,Pt3Rh,205.5,209.0,195.0,6.06217782649107,172.036375,195.08,102.9055,39.91272929056437,0.0,0,0,0.0,8.75,9,8,0.4330127018922193,1.8802500000000002,2.128,1.137,0.4291155875751894,19.195,21.46,12.4,3.9230950791435073,9.75,10,9,0.4330127018922193,2090.4125,2237.0,2041.55,84.63233258483429,8.61475,9.0,7.459,0.6672725736159102,2.28,2.28,2.28,0.0,20.425,21.7,20.0,0.7361215932167725,0.3189502085578497
OsPt,101,Os6Pt6,hollow|A_B_B|FCC,1.06529356893935,0.9989945287787804,4.0,2,5.762825659175385,OsPt,212.5,216.0,209.0,3.5,192.64,195.08,190.2,2.440000000000012,0.0,0,0,0.0,7.5,9,6,1.5,1.614,2.128,1.1,0.514,22.015,22.57,21.46,0.5549999999999997,9.0,10,8,1.0,2673.775,3306.0,2041.55,632.225,8.85,9.0,8.7,0.15000000000000036,2.24,2.28,2.2,0.039999999999999813,25.5,31.0,20.0,5.5,0.06629904016056953
Au3Ir,111,Au9Ir3,hollow|A_A_A|HCP,3.28266189153857,1.8444241976802689,3.0,2,4.675254392360772,Au3Ir,175.0,202.0,166.0,15.588457268119896,195.77992749999999,196.96657,192.22,2.0553251004205477,0.0,0,0,0.0,9.25,10,7,1.299038105676658,2.123,2.309,1.565,0.3221614502078113,20.0665,22.42,19.282,1.358793858537785,10.5,11,9,0.8660254037844386,1682.7475,2719.0,1337.33,598.2806598234228,9.194500000000001,9.226,9.1,0.05455960043842016,2.455,2.54,2.2,0.1472243186433545,15.875,26.0,12.5,5.845671475544961,1.4382376938583012
NiNi-MOF,100,Ni9C96H48N48,M1,3.9423177000001,1.611057020000089,1.0,4,9.777286414534835,Ni3C32H16N16,154.1641791044776,170.0,120.0,20.054103696560443,11.95031343283582,58.693,1.008,11.28873498750758,1.671641791044776,3,0,1.1248623093383148,0.3582089552238806,8,0,1.6544962937971364,,1.263,0.754,,1.482111159402985,8.912,8.988e-05,1.953002745112211,10.955223880597014,15,1,5.660633464421998,1921.662089552239,3823.0,13.81,1849.964625427456,12.438089552238806,14.534,7.64,1.7504342977633773,2.554776119402985,3.04,1.91,0.3238958659307502,51.13862686567163,105.0,0.36,51.61263756178957,2.3312606800000113
Ru3Bi,111,Bi3Ru9,hollow|A_A_A|FCC,-0.220511122661435,0.2975149851816923,3.0,2,4.675254392360772,BiRu3,207.0,207.0,207.0,0.0,128.0701,208.9804,101.1,46.713583485213384,0.75,3,0,1.299038105676658,7.75,10,7,1.299038105676658,1.024,1.05,0.946,0.04503332099679085,11.52675,12.1,9.807,0.9928981254388586,9.75,15,8,3.031088913245535,2091.3875,2607.0,544.55,893.0670470176077,7.343,7.361,7.289,0.03117691453623982,2.1550000000000002,2.2,2.02,0.07794228634059955,22.0,25.7,10.9,6.408587988004846,-0.5180261078431273
Os3Cu,111,Cu3Os9,hollow|A_A_A|HCP,-0.739883105667275,0.2834770403759421,3.0,2,4.675254392360772,CuOs3,197.0,216.0,140.0,32.90896534380867,158.53749999999997,190.2,63.55,54.841058694649576,0.0,0,0,0.0,7.0,10,6,1.7320508075688772,1.1320000000000001,1.228,1.1,0.05542562584220403,19.16075,22.57,8.933,5.904994215704195,8.75,11,8,1.299038105676658,2818.9425,3306.0,1357.77,843.6083362074784,8.4565,8.7,7.726,0.4217543716430213,2.125,2.2,1.9,0.1299038105676659,26.525,31.0,13.1,7.750927363870726,-1.0233601460432171
CuRe,101,Cu6Re6,top|B,-0.711462856063179,-0.516833977223655,1.0,2,5.762825659175385,CuRe,178.5,217.0,140.0,38.5,124.8785,186.207,63.55,61.3285,0.0,0,0,0.0,7.5,10,5,2.5,0.689,1.228,0.15,0.5389999999999999,14.8665,20.8,8.933,5.9335,9.0,11,7,2.0,2408.385,3459.0,1357.77,1050.615,7.803,7.88,7.726,0.07699999999999996,1.9,1.9,1.9,0.0,23.05,33.0,13.1,9.95,-0.19462887883952407
Ag3Bi,111,Ag9Bi3,top|B,2.41553944343815,1.0560895903807932,1.0,2,4.675254392360772,Ag3Bi,180.75,207.0,172.0,15.155444566227676,133.1461,208.9804,107.868,43.78295351880684,0.75,3,0,1.299038105676658,10.0,10,10,0.0,1.213,1.302,0.946,0.1541525218736301,10.3275,10.501,9.807,0.3005108151131998,12.0,15,11,1.7320508075688772,1062.335,1234.93,544.55,298.9433091323504,7.504249999999999,7.576,7.289,0.1242746454430669,1.9525000000000001,2.02,1.93,0.038971143170299774,11.200000000000001,11.3,10.9,0.1732050807568879,1.3594498530573569
IrRe,101,Ir6Re6,hollow|A_A_B|HCP,0.290742207838605,0.7446038725801145,4.0,2,5.762825659175385,IrRe,209.5,217.0,202.0,7.5,189.2135,192.22,186.207,3.0065000000000026,0.0,0,0,0.0,6.0,7,5,1.0,0.8574999999999999,1.565,0.15,0.7074999999999999,21.61,22.42,20.8,0.8100000000000005,8.0,9,7,1.0,3089.0,3459.0,2719.0,370.0,8.49,9.1,7.88,0.6099999999999999,2.05,2.2,1.9,0.15000000000000013,29.5,33.0,26.0,3.5,-0.4538616647415095
Sn,111,Sn12,hollow|A_A_A|FCC,0.488000794837546,0.2811489704807854,3.0,1,-0.0,Sn,217.0,217.0,217.0,0.0,118.71,118.71,118.71,0.0,2.0,2,2,0.0,10.0,10,10,0.0,1.2,1.2,1.2,0.0,7.287,7.287,7.287,0.0,14.0,14,14,0.0,505.08,505.08,505.08,0.0,7.344,7.344,7.344,0.0,1.96,1.96,1.96,0.0,7.0,7.0,7.0,0.0,0.20685182435676058
Pd3Bi,111,Bi3Pd9,hollow|A_A_A|FCC,1.96700563163887,0.9138495643791202,3.0,2,4.675254392360772,BiPd3,203.25,207.0,202.0,2.165063509461097,132.0601,208.9804,106.42,44.409955911146774,0.75,3,0,1.299038105676658,10.0,10,10,0.0,0.65425,0.946,0.557,0.16844194103607327,11.45175,12.0,9.807,0.9495968552496369,11.25,15,10,2.165063509461097,1507.175,1828.05,544.55,555.7718028786635,8.075,8.337,7.289,0.45379731158304587,2.1550000000000002,2.2,2.02,0.07794228634059955,15.249999999999998,16.7,10.9,2.5114736709748717,1.0531560672597498
In,111,In12,hollow|A_A_A|FCC,0.544134614337793,0.1977309766779171,3.0,1,-0.0,In,193.0,193.0,193.0,0.0,114.818,114.818,114.818,0.0,1.0,1,1,0.0,10.0,10,10,0.0,0.3,0.3,0.3,0.0,7.31,7.31,7.31,0.0,13.0,13,13,0.0,429.75,429.75,429.75,0.0,5.786,5.786,5.786,0.0,1.78,1.78,1.78,0.0,3.26,3.26,3.26,0.0,0.3464036376598759
CoCo-MOF,100,Co9C96H48N48,M1,2.89384158000007,1.1190924900001846,1.0,4,9.777286414534835,Co3C32H16N16,155.46268656716416,192.0,120.0,21.472876579612066,11.961068208955224,58.93319,1.008,11.333288110744517,1.671641791044776,3,0,1.1248623093383148,0.3134328358208955,7,0,1.4476842570724944,,1.263,0.661,,1.4797828011940297,8.86,8.988e-05,1.944154440995748,10.91044776119403,15,1,5.671956000722924,1923.4531343283584,3823.0,13.81,1849.7956196117862,12.448880597014925,14.534,7.881,1.721322639000014,2.5534328358208955,3.04,1.88,0.3266179119618919,51.09385074626865,105.0,0.36,51.642486455640444,1.7747490899998852
subcus--subsurface-Cr-doped-IrO2-rutile,110,CrIr15O33,CUS-Ir-site,1.58644706000001,-0.1257429300000012,1.0,3,5.886599098113728,CrIr15O33,168.0612244897959,202.0,152.0,23.13616143286443,70.67883673469387,192.22,15.999,80.88781017402347,2.693877551020408,4,0,1.8757755580532338,2.2448979591836733,7,0,3.2358364041597705,1.4766122448979593,1.565,0.666,0.12635563938805625,7.01014606122449,22.42,0.001429,10.284725473504231,13.653061224489797,16,6,3.3959821422583003,913.4465306122449,2719.0,54.36,1236.019670495267,12.095122448979593,13.618,6.767,2.210745627589074,3.0240816326530613,3.44,1.66,0.6019692797346664,8.527061224489797,26.0,0.222,11.951473727601867,1.7121899900000113
Zn-HESO105-MnNiFeCrZn,100,Co9CrFeMnNiZnO20,Co,3.22582168999998,1.8275013599999852,1.0,7,9.831694087825896,Co9CrFeMnNiZnO20,166.1764705882353,197.0,139.0,19.565080821280873,33.448404411764706,65.4,15.999,20.934279736317823,2.3529411764705883,4,0,1.9686118271390012,2.852941176470588,10,0,3.4905953726210264,,1.461,0.163,,3.474664117647059,8.912,0.001429,4.175328912739702,13.058823529411764,16,6,3.6132206301026386,733.2317647058824,2180.0,54.36,835.2070519636595,11.247823529411766,13.618,6.767,2.8524749467434956,2.7741176470588234,3.44,1.55,0.7989777205428669,6.537941176470588,20.5,0.222,7.754352166748138,1.398320329999995
Re3Ir,111,Ir3Re9,top|A,-0.329325092960232,-0.2000979588184464,1.0,2,4.675254392360772,IrRe3,213.25,217.0,202.0,6.49519052838329,187.71025,192.22,186.207,2.603705376477917,0.0,0,0,0.0,5.5,7,5,0.8660254037844386,0.5037499999999999,1.565,0.15,0.6127129731774903,21.205000000000002,22.42,20.8,0.7014805770653957,7.5,9,7,0.8660254037844386,3274.0,3459.0,2719.0,320.4293994002423,8.185,9.1,7.88,0.5282754963085075,1.9749999999999999,2.2,1.9,0.1299038105676659,31.25,33.0,26.0,3.031088913245535,-0.1292271341417856
Zn3Rh,111,Rh3Zn9,hollow|A_A_A|FCC,0.672603639231795,0.2361144022769394,3.0,2,4.675254392360772,RhZn3,153.0,195.0,139.0,24.24871130596428,74.776375,102.9055,65.4,16.24035789081863,0.0,0,0,0.0,9.5,10,8,0.8660254037844386,,1.137,1.137,,8.4505,12.4,7.134,2.280244888164427,11.25,12,9,1.299038105676658,1078.76,2237.0,692.68,668.7101757861922,8.910250000000001,9.394,7.459,0.8378795781614446,1.8074999999999997,2.28,1.65,0.27279800219209815,10.9375,21.7,7.35,6.213732272153347,0.43648923695485564
Re3Zn,111,Re9Zn3,top|B,3.45367224163402,1.458328674879226,1.0,2,4.675254392360772,Re3Zn,197.5,217.0,139.0,33.77499074759311,156.00525,186.207,65.4,52.31096547749333,0.0,0,0,0.0,6.25,10,5,2.165063509461097,,0.15,0.15,,17.3835,20.8,7.134,5.917551584059069,8.25,12,7,2.165063509461097,2767.42,3459.0,692.68,1197.8516974984843,8.2585,9.394,7.88,0.6555812306648202,1.8375,1.9,1.65,0.10825317547305482,26.5875,33.0,7.35,11.106775803535426,1.995343566754794
CuRh,101,Cu6Rh6,hollow|A_A_B|HCP,0.91490005993893,0.4917426322762139,4.0,2,5.762825659175385,CuRh,167.5,195.0,140.0,27.5,83.22775,102.9055,63.55,19.677750000000003,0.0,0,0,0.0,9.0,10,8,1.0,1.1825,1.228,1.137,0.04549999999999998,10.6665,12.4,8.933,1.7335000000000003,10.0,11,9,1.0,1797.385,2237.0,1357.77,439.615,7.592499999999999,7.726,7.459,0.13350000000000017,2.09,2.28,1.9,0.18999999999999995,17.4,21.7,13.1,4.3,0.4231574276627161
Ru3Cu,111,Cu3Ru9,hollow|A_A_A|FCC,-0.636776723066021,-0.3096184726192632,3.0,2,4.675254392360772,CuRu3,190.25,207.0,140.0,29.011851026778693,91.71249999999999,101.1,63.55,16.259626956052834,0.0,0,0,0.0,7.75,10,7,1.299038105676658,1.0945,1.228,1.05,0.07707626093681501,11.30825,12.1,8.933,1.3713512268926586,8.75,11,8,1.299038105676658,2294.6925,2607.0,1357.77,540.9324575848171,7.452249999999999,7.726,7.361,0.15804963619066015,2.125,2.2,1.9,0.1299038105676659,22.549999999999997,25.7,13.1,5.455960043841963,-0.3271582504467578
Ru3Au,111,Au3Ru9,hollow|A_A_A|FCC,-0.518419040261676,-0.2675390608193311,3.0,2,4.675254392360772,AuRu3,196.75,207.0,166.0,17.75352077758099,125.06664249999999,196.96657,101.1,41.51144249683957,0.0,0,0,0.0,7.75,10,7,1.299038105676658,1.3647500000000001,2.309,1.05,0.5451629916823042,13.895499999999998,19.282,12.1,3.1098972249899193,8.75,11,8,1.299038105676658,2289.5825,2607.0,1337.33,549.7832372114941,7.827249999999999,9.226,7.361,0.8075686890289895,2.285,2.54,2.2,0.1472243186433545,22.4,25.7,12.5,5.715767664977295,-0.25087997944234486
Cu3Ir,111,Cu9Ir3,hollow|A_A_A|HCP,1.67304145983854,0.7500778505826702,3.0,2,4.675254392360772,Cu3Ir,155.5,202.0,140.0,26.846787517317598,95.7175,192.22,63.55,55.715744352471866,0.0,0,0,0.0,9.25,10,7,1.299038105676658,1.3122500000000001,1.565,1.228,0.1459252805376779,12.30475,22.42,8.933,5.840042310420363,10.5,11,9,0.8660254037844386,1698.0774999999999,2719.0,1357.77,589.4298801967457,8.0695,9.1,7.726,0.5949594523999092,1.9749999999999999,2.2,1.9,0.1299038105676659,16.325,26.0,13.1,5.585863854409629,0.9229636092558697
Re3Ag,111,Ag3Re9,hollow|A_A_A|FCC,-0.80701100456298,-0.2583120887239829,3.0,2,4.675254392360772,AgRe3,205.75,217.0,172.0,19.48557158514987,166.62225,186.207,107.868,33.92178205353457,0.0,0,0,0.0,6.25,10,5,2.165063509461097,0.438,1.302,0.15,0.49883063257983673,18.225250000000003,20.8,10.501,4.4595978167879675,8.0,11,7,1.7320508075688772,2902.9825,3459.0,1234.93,963.0505598974282,7.804,7.88,7.576,0.13163586137523478,1.9074999999999998,1.93,1.9,0.012990381056766592,27.575,33.0,11.3,9.396375631061158,-0.5486989158389971
ReTc,101,Re6Tc6,hollow|A_A_B|HCP,-1.34952245985932,-0.6700844094185641,4.0,2,5.762825659175385,ReTc,213.0,217.0,209.0,4.0,141.55668,186.207,96.90636,44.650319999999994,0.0,0,0,0.0,5.0,5,5,0.0,0.35000000000000003,0.55,0.15,0.2,15.9,20.8,11.0,4.9,7.0,7,7,0.0,2944.5,3459.0,2430.0,514.5,7.58,7.88,7.28,0.2999999999999998,1.9,1.9,1.9,0.0,28.0,33.0,23.0,5.0,-0.679438050440756
AgPd,101,Ag6Pd6,hollow|A_A_B|FCC,1.95678748483971,0.6663779467825179,4.0,2,5.762825659175385,AgPd,187.0,202.0,172.0,15.0,107.144,107.868,106.42,0.7239999999999966,0.0,0,0,0.0,10.0,10,10,0.0,0.9295,1.302,0.557,0.37250000000000005,11.250499999999999,12.0,10.501,0.7495000000000003,10.5,11,10,0.5,1531.49,1828.05,1234.93,296.55999999999995,7.9565,8.337,7.576,0.38050000000000006,2.065,2.2,1.93,0.13500000000000012,14.0,16.7,11.3,2.6999999999999993,1.290409538057192
PtZn,101,Pt6Zn6,hollow|A_B_B|FCC,1.02398818484272,0.287190305881154,4.0,2,5.762825659175385,PtZn,174.0,209.0,139.0,35.0,130.24,195.08,65.4,64.84,0.0,0,0,0.0,9.5,10,9,0.5,,2.128,2.128,,14.297,21.46,7.134,7.163,11.0,12,10,1.0,1367.115,2041.55,692.68,674.435,9.197,9.394,9.0,0.19700000000000006,1.9649999999999999,2.28,1.65,0.31499999999999995,13.675,20.0,7.35,6.325,0.7367978789615659
Ru3Ag,111,Ag3Ru9,hollow|A_A_A|FCC,-0.566767546861399,-0.3243621447210216,3.0,2,4.675254392360772,AgRu3,198.25,207.0,172.0,15.155444566227676,102.79199999999999,107.868,101.1,2.9306299664065407,0.0,0,0,0.0,7.75,10,7,1.299038105676658,1.113,1.302,1.05,0.10911920087683927,11.700249999999999,12.1,10.501,0.6923873103256588,8.75,11,8,1.299038105676658,2263.9825,2607.0,1234.93,594.1237378852574,7.41475,7.576,7.361,0.0930977309068271,2.1325000000000003,2.2,1.93,0.11691342951089932,22.099999999999998,25.7,11.3,6.235382907247958,-0.24240540214037737
CuZn,101,Cu6Zn6,hollow|A_B_B|HCP,0.673092355736856,0.1557944244676719,4.0,2,5.762825659175385,CuZn,139.5,140.0,139.0,0.5,64.475,65.4,63.55,0.9250000000000043,0.0,0,0,0.0,10.0,10,10,0.0,,1.228,1.228,,8.0335,8.933,7.134,0.8994999999999997,11.5,12,11,0.5,1025.225,1357.77,692.68,332.545,8.56,9.394,7.726,0.8340000000000001,1.775,1.9,1.65,0.125,10.225,13.1,7.35,2.875,0.5172979312691841
Ag3Os,111,Ag9Os3,hollow|A_A_A|FCC,2.18489575384211,0.6967168710806391,3.0,2,4.675254392360772,Ag3Os,183.0,216.0,172.0,19.05255888325765,128.451,190.2,107.868,35.6508017721902,0.0,0,0,0.0,9.0,10,6,1.7320508075688772,1.2515,1.302,1.1,0.08746856578222828,13.51825,22.57,10.501,5.226030299137196,10.25,11,8,1.299038105676658,1752.6975,3306.0,1234.93,896.7996165079187,7.856999999999999,8.7,7.576,0.48670627692685436,1.9975,2.2,1.93,0.11691342951089932,16.225,31.0,11.3,8.53035022727672,1.488178882761471
IrPd,101,Ir6Pd6,hollow|A_B_B|FCC,1.15170712793753,0.8242767636810413,4.0,2,5.762825659175385,IrPd,202.0,202.0,202.0,0.0,149.32,192.22,106.42,42.9,0.0,0,0,0.0,8.5,10,7,1.5,1.061,1.565,0.557,0.504,17.21,22.42,12.0,5.210000000000001,9.5,10,9,0.5,2273.525,2719.0,1828.05,445.475,8.718499999999999,9.1,8.337,0.3815,2.2,2.2,2.2,0.0,21.35,26.0,16.7,4.65,0.32743036425648864
Pt3Ru,111,Pt9Ru3,hollow|A_A_A|HCP,1.92654692964044,1.493721977681048,3.0,2,4.675254392360772,Pt3Ru,208.5,209.0,207.0,0.8660254037844386,171.585,195.08,101.1,40.69453372383078,0.0,0,0,0.0,8.5,9,7,0.8660254037844386,1.8585,2.128,1.05,0.46678769263981246,19.119999999999997,21.46,12.1,4.052998889711174,9.5,10,8,0.8660254037844386,2182.9125,2607.0,2041.55,244.84703228495545,8.59025,9.0,7.361,0.7097078184013476,2.26,2.28,2.2,0.034641016151377386,21.425,25.7,20.0,2.4681724007856496,0.4328249519593921
BiTc,101,Bi6Tc6,bridge|B_B|A,-0.0854985762600222,-0.1892166707176557,2.0,2,5.762825659175385,BiTc,208.0,209.0,207.0,1.0,152.94338,208.9804,96.90636,56.03702,1.5,3,0,1.5,7.5,10,5,2.5,0.748,0.946,0.55,0.19799999999999995,10.403500000000001,11.0,9.807,0.5964999999999998,11.0,15,7,4.0,1487.275,2430.0,544.55,942.725,7.2844999999999995,7.289,7.28,0.0044999999999997264,1.96,2.02,1.9,0.06000000000000005,16.95,23.0,10.9,6.049999999999999,0.10371809445763348
Ir-fcc,111,Ir16,fcc,1.09508070000001,0.7625588960436289,3.0,1,-0.0,Ir,202.0,202.0,202.0,0.0,192.22,192.22,192.22,0.0,0.0,0,0,0.0,7.0,7,7,0.0,1.565,1.565,1.565,0.0,22.42,22.42,22.42,0.0,9.0,9,9,0.0,2719.0,2719.0,2719.0,0.0,9.1,9.1,9.1,0.0,2.2,2.2,2.2,0.0,26.0,26.0,26.0,0.0,0.3325218039563811
Cu3Ir,111,Cu9Ir3,hollow|A_A_B|HCP,0.434131234538484,0.3211790930844245,3.0,2,4.675254392360772,Cu3Ir,155.5,202.0,140.0,26.846787517317598,95.7175,192.22,63.55,55.715744352471866,0.0,0,0,0.0,9.25,10,7,1.299038105676658,1.3122500000000001,1.565,1.228,0.1459252805376779,12.30475,22.42,8.933,5.840042310420363,10.5,11,9,0.8660254037844386,1698.0774999999999,2719.0,1357.77,589.4298801967457,8.0695,9.1,7.726,0.5949594523999092,1.9749999999999999,2.2,1.9,0.1299038105676659,16.325,26.0,13.1,5.585863854409629,0.11295214145405952
Pd3Au,111,Au3Pd9,hollow|A_A_A|HCP,1.63489490923877,0.8327161021815073,3.0,2,4.675254392360772,AuPd3,193.0,202.0,166.0,15.588457268119896,129.0566425,196.96657,106.42,39.20781492277297,0.0,0,0,0.0,10.0,10,10,0.0,0.9950000000000001,2.309,0.557,0.7586382537151684,13.8205,19.282,12.0,3.153198495179141,10.25,11,10,0.4330127018922193,1705.37,1828.05,1337.33,212.48799307254987,8.55925,9.226,8.337,0.38494829198218344,2.285,2.54,2.2,0.1472243186433545,15.649999999999999,16.7,12.5,1.8186533479473208,0.8021788070572626
Pd3Ru,111,Pd9Ru3,hollow|A_A_A|HCP,1.86816300073389,1.0627079431804989,3.0,2,4.675254392360772,Pd3Ru,203.25,207.0,202.0,2.165063509461097,105.09,106.42,101.1,2.3036275740666103,0.0,0,0,0.0,9.25,10,7,1.299038105676658,0.68025,1.05,0.557,0.21347526203286413,12.025,12.1,12.0,0.04330127018922177,9.5,10,8,0.8660254037844386,2022.7875,2607.0,1828.05,337.29524413894427,8.093,8.337,7.361,0.42262039704680604,2.2,2.2,2.2,0.0,18.95,25.7,16.7,3.897114317029974,0.8054550575533912
Re3Pt,111,Pt3Re9,hollow|A_A_A|HCP,-1.4699037172615,-1.0220153594192425,3.0,2,4.675254392360772,PtRe3,215.0,217.0,209.0,3.4641016151377544,188.42525,195.08,186.207,3.8421217038896702,0.0,0,0,0.0,6.0,9,5,1.7320508075688772,0.6445000000000001,2.128,0.15,0.8564991243428098,20.965000000000003,21.46,20.8,0.2857883832488648,7.75,10,7,1.299038105676658,3104.6375,3459.0,2041.55,613.7738542971263,8.16,9.0,7.88,0.4849742261192857,1.9949999999999997,2.28,1.9,0.1645448267190433,29.75,33.0,20.0,5.629165124598851,-0.44788835784225745
Os3Ag,111,Ag3Os9,top|B,3.8388594485402896,1.919074819784214,1.0,2,4.675254392360772,AgOs3,205.0,216.0,172.0,19.05255888325765,169.61699999999996,190.2,107.868,35.6508017721902,0.0,0,0,0.0,7.0,10,6,1.7320508075688772,1.1505,1.302,1.1,0.08746856578222828,19.552750000000003,22.57,10.501,5.226030299137196,8.75,11,8,1.299038105676658,2788.2325,3306.0,1234.93,896.7996165079187,8.418999999999999,8.7,7.576,0.48670627692685436,2.1325000000000003,2.2,1.93,0.11691342951089932,26.075,31.0,11.3,8.53035022727672,1.9197846287560756
IrO2-columbite-exp-strain,100,Ir10O23,O1C,1.46623468999999,-0.0914935200000002,1.0,2,5.099891151185989,Ir10O23,167.15151515151516,202.0,152.0,22.97841043651985,69.39930303030303,192.22,15.999,80.9855693106793,2.787878787878788,4,0,1.838272834921588,2.121212121212121,7,0,3.216977461112779,1.4925151515151516,1.565,1.461,0.04779509370796123,6.794935363636364,22.42,0.001429,10.302862516765225,13.878787878787879,16,9,3.216977461112779,861.8266666666667,2719.0,54.36,1224.583831711365,12.248909090909091,13.618,9.1,2.076329167043934,3.0642424242424244,3.44,2.2,0.5698645788256922,8.033515151515152,26.0,0.222,11.846749284652173,1.5577282099999903
Zn-HESO53-MnNiFeCrZn,100,Co9CrFeMnNiZnO20,Co,3.38534142999998,1.2967675399999905,1.0,7,9.831694087825896,Co9CrFeMnNiZnO20,166.1764705882353,197.0,139.0,19.565080821280873,33.448404411764706,65.4,15.999,20.934279736317823,2.3529411764705883,4,0,1.9686118271390012,2.852941176470588,10,0,3.4905953726210264,,1.461,0.163,,3.474664117647059,8.912,0.001429,4.175328912739702,13.058823529411764,16,6,3.6132206301026386,733.2317647058824,2180.0,54.36,835.2070519636595,11.247823529411766,13.618,6.767,2.8524749467434956,2.7741176470588234,3.44,1.55,0.7989777205428669,6.537941176470588,20.5,0.222,7.754352166748138,2.0885738899999895
Bi3Ag,111,Ag3Bi9,hollow|A_A_A|FCC,0.987068051235667,0.2734210734751059,3.0,2,4.675254392360772,AgBi3,198.25,207.0,172.0,15.155444566227676,183.70229999999998,208.9804,107.868,43.78295351880684,2.25,3,0,1.299038105676658,10.0,10,10,0.0,1.0350000000000001,1.302,0.946,0.15415252187363013,9.9805,10.501,9.807,0.3005108151131998,14.0,15,11,1.7320508075688772,717.145,1234.93,544.55,298.9433091323504,7.3607499999999995,7.576,7.289,0.1242746454430669,1.9975,2.02,1.93,0.038971143170299774,11.0,11.3,10.9,0.1732050807568879,0.7136469777605611
Zn-HESO59-MnNiFeCrZn,100,Co9CrFeMnNiZnO20,Co,3.28283441999997,1.2569621199999972,1.0,7,9.831694087825896,Co9CrFeMnNiZnO20,166.1764705882353,197.0,139.0,19.565080821280873,33.448404411764706,65.4,15.999,20.934279736317823,2.3529411764705883,4,0,1.9686118271390012,2.852941176470588,10,0,3.4905953726210264,,1.461,0.163,,3.474664117647059,8.912,0.001429,4.175328912739702,13.058823529411764,16,6,3.6132206301026386,733.2317647058824,2180.0,54.36,835.2070519636595,11.247823529411766,13.618,6.767,2.8524749467434956,2.7741176470588234,3.44,1.55,0.7989777205428669,6.537941176470588,20.5,0.222,7.754352166748138,2.025872299999973
Au3Pd,111,Au9Pd3,top|A,3.69346861633659,1.3966053649791093,1.0,2,4.675254392360772,Au3Pd,175.0,202.0,166.0,15.588457268119896,174.32992749999997,196.96657,106.42,39.20781492277297,0.0,0,0,0.0,10.0,10,10,0.0,1.8710000000000002,2.309,0.557,0.7586382537151682,17.4615,19.282,12.0,3.153198495179141,10.75,11,10,0.4330127018922193,1460.01,1828.05,1337.33,212.48799307254987,9.00375,9.226,8.337,0.38494829198218344,2.455,2.54,2.2,0.1472243186433545,13.55,16.7,12.5,1.8186533479473208,2.2968632513574807
OsRh,101,Os6Rh6,hollow|A_B_B|FCC,0.645319601036874,0.6083951136796486,4.0,2,5.762825659175385,OsRh,205.5,216.0,195.0,10.5,146.55275,190.2,102.9055,43.64724999999999,0.0,0,0,0.0,7.0,8,6,1.0,1.1185,1.137,1.1,0.01849999999999996,17.485,22.57,12.4,5.085,8.5,9,8,0.5,2771.5,3306.0,2237.0,534.5,8.0795,8.7,7.459,0.6204999999999998,2.24,2.28,2.2,0.039999999999999813,26.35,31.0,21.7,4.65,0.03692448735722542
Au3Cu,111,Au9Cu3,hollow|A_A_B|FCC,1.90663214233774,0.983006888281011,3.0,2,4.675254392360772,Au3Cu,159.5,166.0,140.0,11.258330249197702,163.61242749999997,196.96657,63.55,57.771069452892405,0.0,0,0,0.0,10.0,10,10,0.0,2.0387500000000003,2.309,1.228,0.4680867307454892,16.69475,19.282,8.933,4.4812484518825775,11.0,11,11,0.0,1342.44,1357.77,1337.33,8.850779626676987,8.851,9.226,7.726,0.6495190528383293,2.38,2.54,1.9,0.2771281292110204,12.65,13.1,12.5,0.25980762113533146,0.9236252540567289
Pt3Ru,111,Pt9Ru3,hollow|A_A_A|FCC,1.68356246924287,1.0613660137795478,3.0,2,4.675254392360772,Pt3Ru,208.5,209.0,207.0,0.8660254037844386,171.585,195.08,101.1,40.69453372383078,0.0,0,0,0.0,8.5,9,7,0.8660254037844386,1.8585,2.128,1.05,0.46678769263981246,19.119999999999997,21.46,12.1,4.052998889711174,9.5,10,8,0.8660254037844386,2182.9125,2607.0,2041.55,244.84703228495545,8.59025,9.0,7.361,0.7097078184013476,2.26,2.28,2.2,0.034641016151377386,21.425,25.7,20.0,2.4681724007856496,0.6221964554633221
MoP,0.5H,Mo16H2P16,,-0.218188436491,-0.547261226209,,3,7.283827998929352,Mo8HP8,190.11764705882354,209.0,120.0,22.475823227588027,59.788123294117646,95.95,1.008,34.775492421689506,1.4117647058823528,3,0,1.4974025954538652,2.3529411764705883,5,0,2.4956709924231086,0.7464705882352941,0.754,0.746,0.0018823529411764722,5.6564758752941176,10.2,8.988e-05,4.30384213735577,9.941176470588236,15,1,4.904626726041372,1512.9535294117645,2896.0,13.81,1305.794113565702,9.07235294117647,13.598,7.092,1.9980236394166664,2.1764705882352944,2.2,2.16,0.015696075369560317,17.275176470588235,36.0,0.558,17.65394288315784,0.32907278971799997
Cu3Ru,111,Cu9Ru3,hollow|A_A_B|FCC,0.129282645237083,0.1026701839772386,3.0,2,4.675254392360772,Cu3Ru,156.75,207.0,140.0,29.011851026778693,72.9375,101.1,63.55,16.259626956052834,0.0,0,0,0.0,9.25,10,7,1.299038105676658,1.1835,1.228,1.05,0.07707626093681501,9.72475,12.1,8.933,1.3713512268926586,10.25,11,8,1.299038105676658,1670.0774999999999,2607.0,1357.77,540.9324575848171,7.63475,7.726,7.361,0.15804963619066015,1.9749999999999999,2.2,1.9,0.1299038105676659,16.25,25.7,13.1,5.455960043841963,0.0266124612598444
Pt3Zn,111,Pt9Zn3,hollow|A_A_B|HCP,1.46916397583465,0.8346751857797017,3.0,2,4.675254392360772,Pt3Zn,191.5,209.0,139.0,30.31088913245535,162.66,195.08,65.4,56.15308718138301,0.0,0,0,0.0,9.25,10,9,0.4330127018922193,,2.128,2.128,,17.8785,21.46,7.134,6.203339967307935,10.5,12,10,0.8660254037844386,1704.3325,2041.55,692.68,584.0778432013578,9.0985,9.394,9.0,0.17060700454553449,2.1225,2.28,1.65,0.27279800219209815,16.8375,20.0,7.35,5.477610678936575,0.6344887900549483
AuPd,101,Au6Pd6,hollow|A_A_B|FCC,2.19826511483899,1.2806859581804702,4.0,2,5.762825659175385,AuPd,184.0,202.0,166.0,18.0,151.693285,196.96657,106.42,45.273284999999994,0.0,0,0,0.0,10.0,10,10,0.0,1.433,2.309,0.557,0.876,15.641,19.282,12.0,3.641,10.5,11,10,0.5,1582.69,1828.05,1337.33,245.36,8.781500000000001,9.226,8.337,0.44450000000000056,2.37,2.54,2.2,0.16999999999999993,14.6,16.7,12.5,2.0999999999999996,0.9175791566585199
Tc3Pd,111,Pd3Tc9,hollow|A_A_A|HCP,-1.51165550416425,-1.2677274890221495,3.0,2,4.675254392360772,PdTc3,207.25,209.0,202.0,3.031088913245535,99.28477000000001,106.42,96.90636,4.119526961229892,0.0,0,0,0.0,6.25,10,5,2.165063509461097,0.5517500000000001,0.557,0.55,0.003031088913245538,11.25,12.0,11.0,0.4330127018922193,7.75,10,7,1.299038105676658,2279.5125,2430.0,1828.05,260.6519959040214,7.54425,8.337,7.28,0.4576944259000756,1.9749999999999999,2.2,1.9,0.1299038105676659,21.425,23.0,16.7,2.727980021920982,-0.2439280151421006
Ag3Ir,111,Ag9Ir3,top|B,0.681139170137442,0.0017770394741773,1.0,2,4.675254392360772,Ag3Ir,179.5,202.0,172.0,12.99038105676658,128.956,192.22,107.868,36.52548743001249,0.0,0,0,0.0,9.25,10,7,1.299038105676658,1.36775,1.565,1.302,0.11388234059765365,13.48075,22.42,10.501,5.161078393853363,10.5,11,9,0.8660254037844386,1605.9475,2719.0,1234.93,642.621160497186,7.956999999999999,9.1,7.576,0.6599113576837422,1.9975,2.2,1.93,0.11691342951089932,14.975000000000001,26.0,11.3,6.365286717815624,0.6793621306632647
Al,111,Al12,hollow|A_A_A|HCP,-1.58891637818209,-0.5158698778399184,3.0,1,-0.0,Al,184.0,184.0,184.0,0.0,26.981538,26.981538,26.981538,0.0,1.0,1,1,0.0,0.0,0,0,0.0,0.441,0.441,0.441,0.0,2.7,2.7,2.7,0.0,13.0,13,13,0.0,933.437,933.437,933.437,0.0,5.986,5.986,5.986,0.0,1.61,1.61,1.61,0.0,10.7,10.7,10.7,0.0,-1.0730465003421716
Au3Re,111,Au9Re3,hollow|A_A_A|HCP,3.43230545484022,1.8695974488808815,3.0,2,4.675254392360772,Au3Re,178.75,217.0,166.0,22.083647796503186,194.27667749999998,196.96657,186.207,4.659030476898465,0.0,0,0,0.0,8.75,10,5,2.165063509461097,1.7692500000000002,2.309,0.15,0.9348744233853017,19.6615,20.8,19.282,0.6573132814723892,10.0,11,7,1.7320508075688772,1867.7475,3459.0,1337.33,918.710059223665,8.889500000000002,9.226,7.88,0.5828350967469276,2.38,2.54,1.9,0.2771281292110204,17.625,33.0,12.5,8.876760388790496,1.5627080059593386
Hf,111,Hf12,hollow|A_A_A|FCC,-3.73090195656204,-2.579290068420164,3.0,1,-0.0,Hf,212.0,212.0,212.0,0.0,178.49,178.49,178.49,0.0,0.0,0,0,0.0,2.0,2,2,0.0,,,,,13.3,13.3,13.3,0.0,4.0,4,4,0.0,2506.0,2506.0,2506.0,0.0,6.825,6.825,6.825,0.0,1.3,1.3,1.3,0.0,25.5,25.5,25.5,0.0,-1.151611888141876
Pt3Au,111,Au3Pt9,top|B,3.81809702653828,1.5503054652807575,1.0,2,4.675254392360772,AuPt3,198.25,209.0,166.0,18.619546181365433,195.5516425,196.96657,195.08,0.8169087730087946,0.0,0,0,0.0,9.25,10,9,0.4330127018922193,2.1732500000000003,2.309,2.128,0.07837529904249171,20.915499999999998,21.46,19.282,0.943101664721254,10.25,11,10,0.4330127018922193,1865.495,2041.55,1337.33,304.9362049265387,9.0565,9.226,9.0,0.09786087062764194,2.3449999999999998,2.54,2.28,0.11258330249197712,18.125,20.0,12.5,3.247595264191645,2.267791561257522
Au3Pt,111,Au9Pt3,hollow|A_A_A|HCP,3.07057759023866,1.6919234390778684,3.0,2,4.675254392360772,Au3Pt,176.75,209.0,166.0,18.619546181365433,196.4949275,196.96657,195.08,0.8169087730087946,0.0,0,0,0.0,9.75,10,9,0.4330127018922193,2.26375,2.309,2.128,0.07837529904249171,19.826500000000003,21.46,19.282,0.943101664721254,10.75,11,10,0.4330127018922193,1513.385,2041.55,1337.33,304.9362049265387,9.169500000000001,9.226,9.0,0.09786087062764194,2.475,2.54,2.28,0.11258330249197712,14.375,20.0,12.5,3.247595264191645,1.3786541511607915
