,surfaceComposition,Facet,ChemicalComposition,Site,O*_energy,OH*_energy,CoordinationNumber,ReducedComposition,meanAtomicRadius,maxAtomicRadius,minAtomicRadius,stdAtomicRadius,meanAtomicMass,maxAtomicMass,minAtomicMass,stdAtomicMass,meanAffinity,maxAffinity,minAffinity,stdAffinity,meanDensity,maxDensity,minDensity,stdDensity,meanGroup,maxGroup,minGroup,stdGroup,meanMeltingP,maxMeltingP,minMeltingP,stdMeltingP,meanIon,maxIon,minIon,stdIon,meanElectronegativity,maxElectronegativity,minElectronegativity,stdElectronegativity,meanPcount,maxPcount,minPcount,stdPcount,meanDcount,maxDcount,minDcount,stdDcount,meanEnthalpy,maxEnthalpy,minEnthalpy,stdEnthalpy,PseudoLabelled,ReactionEnergy,NumElementsSurface
2,Ag,111,Ag12,hollow|A_A_A|FCC,1.96179968563575,0.5630175459781412,3.0,Ag,172.0,172.0,172.0,0.0,107.868,107.868,107.868,0.0,1.302,1.302,1.302,0.0,10.501,10.501,10.501,0.0,11.0,11,11,0.0,1234.93,1234.93,1234.93,0.0,7.576,7.576,7.576,0.0,1.93,1.93,1.93,0.0,0.0,0,0,0.0,10.0,10,10,0.0,11.3,11.3,11.3,0.0,0,1.3987821396576088,1
3,Ag,111,Ag12,hollow|A_A_A|HCP,2.05068050093888,0.5899550472794317,3.0,Ag,172.0,172.0,172.0,0.0,107.868,107.868,107.868,0.0,1.302,1.302,1.302,0.0,10.501,10.501,10.501,0.0,11.0,11,11,0.0,1234.93,1234.93,1234.93,0.0,7.576,7.576,7.576,0.0,1.93,1.93,1.93,0.0,0.0,0,0,0.0,10.0,10,10,0.0,11.3,11.3,11.3,0.0,0,1.4607254536594483,1
4,Ag,111,Ag12,top|A,3.42680848324,1.3874351285820694,1.0,Ag,172.0,172.0,172.0,0.0,107.868,107.868,107.868,0.0,1.302,1.302,1.302,0.0,10.501,10.501,10.501,0.0,11.0,11,11,0.0,1234.93,1234.93,1234.93,0.0,7.576,7.576,7.576,0.0,1.93,1.93,1.93,0.0,0.0,0,0,0.0,10.0,10,10,0.0,11.3,11.3,11.3,0.0,0,2.0393733546579305,1
9,Ag-fcc,111,Ag16,fcc,2.25866811,0.7180485551725724,3.0,Ag,172.0,172.0,172.0,0.0,107.868,107.868,107.868,0.0,1.302,1.302,1.302,0.0,10.501,10.501,10.501,0.0,11.0,11,11,0.0,1234.93,1234.93,1234.93,0.0,7.576,7.576,7.576,0.0,1.93,1.93,1.93,0.0,0.0,0,0,0.0,10.0,10,10,0.0,11.3,11.3,11.3,0.0,0,1.5406195548274275,1
26,Ag3Au,111,Ag9Au3,hollow|A_A_A|FCC,2.20836298734122,0.6606996112794832,3.0,Ag3Au,170.5,172.0,166.0,2.598076211353316,130.1426425,196.96657,107.868,38.580812530433036,1.55375,2.309,1.302,0.4360437908054649,12.69625,19.282,10.501,3.802284535315578,11.0,11,11,0.0,1260.53,1337.33,1234.93,44.3405006737632,7.9885,9.226,7.576,0.7144709581221624,2.0825,2.54,1.93,0.26413774815425384,0.0,0,0,0.0,10.0,10,10,0.0,11.600000000000001,12.5,11.3,0.5196152422706629,0,1.5476633760617369,2
27,Ag3Au,111,Ag9Au3,hollow|A_A_A|HCP,2.31125644073819,0.7265883037806589,3.0,Ag3Au,170.5,172.0,166.0,2.598076211353316,130.1426425,196.96657,107.868,38.580812530433036,1.55375,2.309,1.302,0.4360437908054649,12.69625,19.282,10.501,3.802284535315578,11.0,11,11,0.0,1260.53,1337.33,1234.93,44.3405006737632,7.9885,9.226,7.576,0.7144709581221624,2.0825,2.54,1.93,0.26413774815425384,0.0,0,0,0.0,10.0,10,10,0.0,11.600000000000001,12.5,11.3,0.5196152422706629,0,1.5846681369575313,2
28,Ag3Au,111,Ag9Au3,hollow|A_A_B|FCC,2.10328173864019,0.8570795427848452,3.0,Ag3Au,170.5,172.0,166.0,2.598076211353316,130.1426425,196.96657,107.868,38.580812530433036,1.55375,2.309,1.302,0.4360437908054649,12.69625,19.282,10.501,3.802284535315578,11.0,11,11,0.0,1260.53,1337.33,1234.93,44.3405006737632,7.9885,9.226,7.576,0.7144709581221624,2.0825,2.54,1.93,0.26413774815425384,0.0,0,0,0.0,10.0,10,10,0.0,11.600000000000001,12.5,11.3,0.5196152422706629,0,1.2462021958553446,2
29,Ag3Au,111,Ag9Au3,hollow|A_A_B|HCP,2.22520424883606,1.001232392981251,3.0,Ag3Au,170.5,172.0,166.0,2.598076211353316,130.1426425,196.96657,107.868,38.580812530433036,1.55375,2.309,1.302,0.4360437908054649,12.69625,19.282,10.501,3.802284535315578,11.0,11,11,0.0,1260.53,1337.33,1234.93,44.3405006737632,7.9885,9.226,7.576,0.7144709581221624,2.0825,2.54,1.93,0.26413774815425384,0.0,0,0,0.0,10.0,10,10,0.0,11.600000000000001,12.5,11.3,0.5196152422706629,0,1.223971855854809,2
30,Ag3Au,111,Ag9Au3,top|B,3.29476483483796,1.7235165360806377,1.0,Ag3Au,170.5,172.0,166.0,2.598076211353316,130.1426425,196.96657,107.868,38.580812530433036,1.55375,2.309,1.302,0.4360437908054649,12.69625,19.282,10.501,3.802284535315578,11.0,11,11,0.0,1260.53,1337.33,1234.93,44.3405006737632,7.9885,9.226,7.576,0.7144709581221624,2.0825,2.54,1.93,0.26413774815425384,0.0,0,0,0.0,10.0,10,10,0.0,11.600000000000001,12.5,11.3,0.5196152422706629,0,1.5712482987573222,2
32,Ag3Bi,111,Ag9Bi3,hollow|A_A_A|FCC,1.93845435914028,0.489941646778675,3.0,Ag3Bi,180.75,207.0,172.0,15.155444566227676,133.1461,208.9804,107.868,43.78295351880684,1.213,1.302,0.946,0.1541525218736301,10.3275,10.501,9.807,0.3005108151131998,12.0,15,11,1.7320508075688772,1062.335,1234.93,544.55,298.9433091323504,7.504249999999999,7.576,7.289,0.1242746454430669,1.9525000000000001,2.02,1.93,0.038971143170299774,0.75,3,0,1.299038105676658,10.0,10,10,0.0,11.200000000000001,11.3,10.9,0.1732050807568879,0,1.448512712361605,2
33,Ag3Bi,111,Ag9Bi3,hollow|A_A_A|HCP,1.88486820544114,0.4048664795817558,3.0,Ag3Bi,180.75,207.0,172.0,15.155444566227676,133.1461,208.9804,107.868,43.78295351880684,1.213,1.302,0.946,0.1541525218736301,10.3275,10.501,9.807,0.3005108151131998,12.0,15,11,1.7320508075688772,1062.335,1234.93,544.55,298.9433091323504,7.504249999999999,7.576,7.289,0.1242746454430669,1.9525000000000001,2.02,1.93,0.038971143170299774,0.75,3,0,1.299038105676658,10.0,10,10,0.0,11.200000000000001,11.3,10.9,0.1732050807568879,0,1.4800017258593843,2
34,Ag3Bi,111,Ag9Bi3,hollow|A_A_B|FCC,1.71657463993671,0.6129463536825597,3.0,Ag3Bi,180.75,207.0,172.0,15.155444566227676,133.1461,208.9804,107.868,43.78295351880684,1.213,1.302,0.946,0.1541525218736301,10.3275,10.501,9.807,0.3005108151131998,12.0,15,11,1.7320508075688772,1062.335,1234.93,544.55,298.9433091323504,7.504249999999999,7.576,7.289,0.1242746454430669,1.9525000000000001,2.02,1.93,0.038971143170299774,0.75,3,0,1.299038105676658,10.0,10,10,0.0,11.200000000000001,11.3,10.9,0.1732050807568879,0,1.1036282862541502,2
35,Ag3Bi,111,Ag9Bi3,hollow|A_A_B|HCP,1.66637031694319,0.6645350557854499,3.0,Ag3Bi,180.75,207.0,172.0,15.155444566227676,133.1461,208.9804,107.868,43.78295351880684,1.213,1.302,0.946,0.1541525218736301,10.3275,10.501,9.807,0.3005108151131998,12.0,15,11,1.7320508075688772,1062.335,1234.93,544.55,298.9433091323504,7.504249999999999,7.576,7.289,0.1242746454430669,1.9525000000000001,2.02,1.93,0.038971143170299774,0.75,3,0,1.299038105676658,10.0,10,10,0.0,11.200000000000001,11.3,10.9,0.1732050807568879,0,1.0018352611577401,2
36,Ag3Bi,111,Ag9Bi3,top|B,2.41553944343815,1.0560895903807932,1.0,Ag3Bi,180.75,207.0,172.0,15.155444566227676,133.1461,208.9804,107.868,43.78295351880684,1.213,1.302,0.946,0.1541525218736301,10.3275,10.501,9.807,0.3005108151131998,12.0,15,11,1.7320508075688772,1062.335,1234.93,544.55,298.9433091323504,7.504249999999999,7.576,7.289,0.1242746454430669,1.9525000000000001,2.02,1.93,0.038971143170299774,0.75,3,0,1.299038105676658,10.0,10,10,0.0,11.200000000000001,11.3,10.9,0.1732050807568879,0,1.3594498530573569,2
37,Ag3Cu,111,Ag9Cu3,hollow|A_A_A|FCC,2.13930552913718,0.6571138311745699,3.0,Ag3Cu,164.0,172.0,140.0,13.856406460551018,96.7885,107.868,63.55,19.190256922459376,1.2835,1.302,1.228,0.03204293994002426,10.109,10.501,8.933,0.6789639165669997,11.0,11,11,0.0,1265.6399999999999,1357.77,1234.93,53.19128030044019,7.613499999999999,7.726,7.576,0.06495190528383306,1.9224999999999999,1.93,1.9,0.012990381056766592,0.0,0,0,0.0,10.0,10,10,0.0,11.750000000000002,13.1,11.3,0.7794228634059943,0,1.4821916979626102,2
38,Ag3Cu,111,Ag9Cu3,hollow|A_A_A|HCP,2.23105279153589,0.7084841619770259,3.0,Ag3Cu,164.0,172.0,140.0,13.856406460551018,96.7885,107.868,63.55,19.190256922459376,1.2835,1.302,1.228,0.03204293994002426,10.109,10.501,8.933,0.6789639165669997,11.0,11,11,0.0,1265.6399999999999,1357.77,1234.93,53.19128030044019,7.613499999999999,7.726,7.576,0.06495190528383306,1.9224999999999999,1.93,1.9,0.012990381056766592,0.0,0,0,0.0,10.0,10,10,0.0,11.750000000000002,13.1,11.3,0.7794228634059943,0,1.5225686295588643,2
39,Ag3Cu,111,Ag9Cu3,hollow|A_A_B|FCC,1.36886580813353,0.2957799873810245,3.0,Ag3Cu,164.0,172.0,140.0,13.856406460551018,96.7885,107.868,63.55,19.190256922459376,1.2835,1.302,1.228,0.03204293994002426,10.109,10.501,8.933,0.6789639165669997,11.0,11,11,0.0,1265.6399999999999,1357.77,1234.93,53.19128030044019,7.613499999999999,7.726,7.576,0.06495190528383306,1.9224999999999999,1.93,1.9,0.012990381056766592,0.0,0,0,0.0,10.0,10,10,0.0,11.750000000000002,13.1,11.3,0.7794228634059943,0,1.0730858207525056,2
40,Ag3Cu,111,Ag9Cu3,hollow|A_A_B|HCP,1.44296948143511,0.3185133298801474,3.0,Ag3Cu,164.0,172.0,140.0,13.856406460551018,96.7885,107.868,63.55,19.190256922459376,1.2835,1.302,1.228,0.03204293994002426,10.109,10.501,8.933,0.6789639165669997,11.0,11,11,0.0,1265.6399999999999,1357.77,1234.93,53.19128030044019,7.613499999999999,7.726,7.576,0.06495190528383306,1.9224999999999999,1.93,1.9,0.012990381056766592,0.0,0,0,0.0,10.0,10,10,0.0,11.750000000000002,13.1,11.3,0.7794228634059943,0,1.1244561515549625,2
41,Ag3Cu,111,Ag9Cu3,top|B,2.30904116193761,0.7860828652745795,1.0,Ag3Cu,164.0,172.0,140.0,13.856406460551018,96.7885,107.868,63.55,19.190256922459376,1.2835,1.302,1.228,0.03204293994002426,10.109,10.501,8.933,0.6789639165669997,11.0,11,11,0.0,1265.6399999999999,1357.77,1234.93,53.19128030044019,7.613499999999999,7.726,7.576,0.06495190528383306,1.9224999999999999,1.93,1.9,0.012990381056766592,0.0,0,0,0.0,10.0,10,10,0.0,11.750000000000002,13.1,11.3,0.7794228634059943,0,1.5229582966630306,2
46,Ag3Ir,111,Ag9Ir3,hollow|A_A_A|FCC,2.32136016363421,0.7691523504735187,3.0,Ag3Ir,179.5,202.0,172.0,12.99038105676658,128.956,192.22,107.868,36.52548743001249,1.36775,1.565,1.302,0.11388234059765365,13.48075,22.42,10.501,5.161078393853363,10.5,11,9,0.8660254037844386,1605.9475,2719.0,1234.93,642.621160497186,7.956999999999999,9.1,7.576,0.6599113576837422,1.9975,2.2,1.93,0.11691342951089932,0.0,0,0,0.0,9.25,10,7,1.299038105676658,14.975000000000001,26.0,11.3,6.365286717815624,0,1.5522078131606913,2
49,Ag3Ir,111,Ag9Ir3,top|B,0.681139170137442,0.0017770394741773,1.0,Ag3Ir,179.5,202.0,172.0,12.99038105676658,128.956,192.22,107.868,36.52548743001249,1.36775,1.565,1.302,0.11388234059765365,13.48075,22.42,10.501,5.161078393853363,10.5,11,9,0.8660254037844386,1605.9475,2719.0,1234.93,642.621160497186,7.956999999999999,9.1,7.576,0.6599113576837422,1.9975,2.2,1.93,0.11691342951089932,0.0,0,0,0.0,9.25,10,7,1.299038105676658,14.975000000000001,26.0,11.3,6.365286717815624,0,0.6793621306632647,2
50,Ag3Os,111,Ag9Os3,hollow|A_A_A|FCC,2.18489575384211,0.6967168710806391,3.0,Ag3Os,183.0,216.0,172.0,19.05255888325765,128.451,190.2,107.868,35.6508017721902,1.2515,1.302,1.1,0.08746856578222828,13.51825,22.57,10.501,5.226030299137196,10.25,11,8,1.299038105676658,1752.6975,3306.0,1234.93,896.7996165079187,7.856999999999999,8.7,7.576,0.48670627692685436,1.9975,2.2,1.93,0.11691342951089932,0.0,0,0,0.0,9.0,10,6,1.7320508075688772,16.225,31.0,11.3,8.53035022727672,0,1.488178882761471,2
52,Ag3Os,111,Ag9Os3,top|B,-0.797905395160512,-0.6007632729189254,1.0,Ag3Os,183.0,216.0,172.0,19.05255888325765,128.451,190.2,107.868,35.6508017721902,1.2515,1.302,1.1,0.08746856578222828,13.51825,22.57,10.501,5.226030299137196,10.25,11,8,1.299038105676658,1752.6975,3306.0,1234.93,896.7996165079187,7.856999999999999,8.7,7.576,0.48670627692685436,1.9975,2.2,1.93,0.11691342951089932,0.0,0,0,0.0,9.0,10,6,1.7320508075688772,16.225,31.0,11.3,8.53035022727672,0,-0.19714212224158656,2
54,Ag3Pd,111,Ag9Pd3,hollow|A_A_A|FCC,2.22858172573962,0.6618731021779922,3.0,Ag3Pd,179.5,202.0,172.0,12.99038105676658,107.506,107.868,106.42,0.6270023923399307,1.11575,1.302,0.557,0.3225944629097034,10.87575,12.0,10.501,0.649086040136437,10.75,11,10,0.4330127018922193,1383.21,1828.05,1234.93,256.8284937463131,7.766249999999999,8.337,7.576,0.329522666139979,1.9975,2.2,1.93,0.11691342951089932,0.0,0,0,0.0,10.0,10,10,0.0,12.650000000000002,16.7,11.3,2.3382685902179836,0,1.5667086235616279,2
55,Ag3Pd,111,Ag9Pd3,hollow|A_A_A|HCP,2.53889925893947,0.8663557673834248,3.0,Ag3Pd,179.5,202.0,172.0,12.99038105676658,107.506,107.868,106.42,0.6270023923399307,1.11575,1.302,0.557,0.3225944629097034,10.87575,12.0,10.501,0.649086040136437,10.75,11,10,0.4330127018922193,1383.21,1828.05,1234.93,256.8284937463131,7.766249999999999,8.337,7.576,0.329522666139979,1.9975,2.2,1.93,0.11691342951089932,0.0,0,0,0.0,10.0,10,10,0.0,12.650000000000002,16.7,11.3,2.3382685902179836,0,1.6725434915560453,2
56,Ag3Pd,111,Ag9Pd3,hollow|A_A_B|FCC,1.95659101863913,0.7241181903781353,3.0,Ag3Pd,179.5,202.0,172.0,12.99038105676658,107.506,107.868,106.42,0.6270023923399307,1.11575,1.302,0.557,0.3225944629097034,10.87575,12.0,10.501,0.649086040136437,10.75,11,10,0.4330127018922193,1383.21,1828.05,1234.93,256.8284937463131,7.766249999999999,8.337,7.576,0.329522666139979,1.9975,2.2,1.93,0.11691342951089932,0.0,0,0,0.0,10.0,10,10,0.0,12.650000000000002,16.7,11.3,2.3382685902179836,0,1.2324728282609947,2
57,Ag3Pd,111,Ag9Pd3,hollow|A_A_B|HCP,1.97960463833789,0.7383972279830004,3.0,Ag3Pd,179.5,202.0,172.0,12.99038105676658,107.506,107.868,106.42,0.6270023923399307,1.11575,1.302,0.557,0.3225944629097034,10.87575,12.0,10.501,0.649086040136437,10.75,11,10,0.4330127018922193,1383.21,1828.05,1234.93,256.8284937463131,7.766249999999999,8.337,7.576,0.329522666139979,1.9975,2.2,1.93,0.11691342951089932,0.0,0,0,0.0,10.0,10,10,0.0,12.650000000000002,16.7,11.3,2.3382685902179836,0,1.2412074103548896,2
59,Ag3Pd,111,Ag9Pd3,top|B,2.76765447853887,1.2875079881822558,1.0,Ag3Pd,179.5,202.0,172.0,12.99038105676658,107.506,107.868,106.42,0.6270023923399307,1.11575,1.302,0.557,0.3225944629097034,10.87575,12.0,10.501,0.649086040136437,10.75,11,10,0.4330127018922193,1383.21,1828.05,1234.93,256.8284937463131,7.766249999999999,8.337,7.576,0.329522666139979,1.9975,2.2,1.93,0.11691342951089932,0.0,0,0,0.0,10.0,10,10,0.0,12.650000000000002,16.7,11.3,2.3382685902179836,0,1.4801464903566144,2
61,Ag3Pt,111,Ag9Pt3,hollow|A_A_A|FCC,2.38981516164114,0.7573574399838208,3.0,Ag3Pt,181.25,209.0,172.0,16.021469970012117,129.671,195.08,107.868,37.76390375742424,1.5085000000000002,2.128,1.302,0.3576684917629732,13.24075,21.46,10.501,4.745386200036832,10.75,11,10,0.4330127018922193,1436.585,2041.55,1234.93,349.2767056003019,7.9319999999999995,9.0,7.576,0.6166100874945204,2.0175,2.28,1.93,0.15155444566227672,0.0,0,0,0.0,9.75,10,9,0.4330127018922193,13.475000000000001,20.0,11.3,3.767210506462308,0,1.6324577216573193,2
62,Ag3Pt,111,Ag9Pt3,hollow|A_A_A|HCP,2.82847709163963,1.00314848248388,3.0,Ag3Pt,181.25,209.0,172.0,16.021469970012117,129.671,195.08,107.868,37.76390375742424,1.5085000000000002,2.128,1.302,0.3576684917629732,13.24075,21.46,10.501,4.745386200036832,10.75,11,10,0.4330127018922193,1436.585,2041.55,1234.93,349.2767056003019,7.9319999999999995,9.0,7.576,0.6166100874945204,2.0175,2.28,1.93,0.15155444566227672,0.0,0,0,0.0,9.75,10,9,0.4330127018922193,13.475000000000001,20.0,11.3,3.767210506462308,0,1.82532860915575,2
66,Ag3Pt,111,Ag9Pt3,top|B,2.19592235073998,0.6598892562805077,1.0,Ag3Pt,181.25,209.0,172.0,16.021469970012117,129.671,195.08,107.868,37.76390375742424,1.5085000000000002,2.128,1.302,0.3576684917629732,13.24075,21.46,10.501,4.745386200036832,10.75,11,10,0.4330127018922193,1436.585,2041.55,1234.93,349.2767056003019,7.9319999999999995,9.0,7.576,0.6166100874945204,2.0175,2.28,1.93,0.15155444566227672,0.0,0,0,0.0,9.75,10,9,0.4330127018922193,13.475000000000001,20.0,11.3,3.767210506462308,0,1.5360330944594724,2
67,Ag3Re,111,Ag9Re3,hollow|A_A_A|FCC,2.04493114364215,0.6052921995841416,3.0,Ag3Re,183.25,217.0,172.0,19.48557158514987,127.45275,186.207,107.868,33.92178205353457,1.014,1.302,0.15,0.4988306325798367,13.07575,20.8,10.501,4.4595978167879675,10.0,11,7,1.7320508075688772,1790.9475,3459.0,1234.93,963.0505598974282,7.651999999999999,7.88,7.576,0.13163586137523478,1.9224999999999999,1.93,1.9,0.012990381056766592,0.0,0,0,0.0,8.75,10,5,2.165063509461097,16.725,33.0,11.3,9.396375631061158,0,1.4396389440580082,2
68,Ag3Re,111,Ag9Re3,hollow|A_A_A|HCP,2.94698226014208,1.2364143971834665,3.0,Ag3Re,183.25,217.0,172.0,19.48557158514987,127.45275,186.207,107.868,33.92178205353457,1.014,1.302,0.15,0.4988306325798367,13.07575,20.8,10.501,4.4595978167879675,10.0,11,7,1.7320508075688772,1790.9475,3459.0,1234.93,963.0505598974282,7.651999999999999,7.88,7.576,0.13163586137523478,1.9224999999999999,1.93,1.9,0.012990381056766592,0.0,0,0,0.0,8.75,10,5,2.165063509461097,16.725,33.0,11.3,9.396375631061158,0,1.7105678629586136,2
71,Ag3Rh,111,Ag9Rh3,hollow|A_A_A|FCC,2.25136595363784,0.6994604588807078,3.0,Ag3Rh,177.75,195.0,172.0,9.959292143521045,106.627375,107.868,102.9055,2.1488255331401347,1.26075,1.302,1.137,0.0714470958122162,10.97575,12.4,10.501,0.8222911208933249,10.5,11,9,0.8660254037844386,1485.4475,2237.0,1234.93,433.90903818513624,7.546749999999999,7.576,7.459,0.050662486121389655,2.0175,2.28,1.93,0.15155444566227672,0.0,0,0,0.0,9.5,10,8,0.8660254037844386,13.900000000000002,21.7,11.3,4.50333209967908,0,1.5519054947571322,2
72,Ag3Rh,111,Ag9Rh3,hollow|A_A_A|HCP,2.72544798953805,1.0801758829810524,3.0,Ag3Rh,177.75,195.0,172.0,9.959292143521045,106.627375,107.868,102.9055,2.1488255331401347,1.26075,1.302,1.137,0.0714470958122162,10.97575,12.4,10.501,0.8222911208933249,10.5,11,9,0.8660254037844386,1485.4475,2237.0,1234.93,433.90903818513624,7.546749999999999,7.576,7.459,0.050662486121389655,2.0175,2.28,1.93,0.15155444566227672,0.0,0,0,0.0,9.5,10,8,0.8660254037844386,13.900000000000002,21.7,11.3,4.50333209967908,0,1.6452721065569977,2
76,Ag3Rh,111,Ag9Rh3,top|B,1.32372076184021,0.2639973631856946,1.0,Ag3Rh,177.75,195.0,172.0,9.959292143521045,106.627375,107.868,102.9055,2.1488255331401347,1.26075,1.302,1.137,0.0714470958122162,10.97575,12.4,10.501,0.8222911208933249,10.5,11,9,0.8660254037844386,1485.4475,2237.0,1234.93,433.90903818513624,7.546749999999999,7.576,7.459,0.050662486121389655,2.0175,2.28,1.93,0.15155444566227672,0.0,0,0,0.0,9.5,10,8,0.8660254037844386,13.900000000000002,21.7,11.3,4.50333209967908,0,1.0597233986545154,2
78,Ag3Ru,111,Ag9Ru3,hollow|A_A_A|FCC,2.15278999434287,0.6498040370832996,3.0,Ag3Ru,180.75,207.0,172.0,15.155444566227676,106.17599999999999,107.868,101.1,2.9306299664065407,1.239,1.302,1.05,0.10911920087683927,10.90075,12.1,10.501,0.6923873103256588,10.25,11,8,1.299038105676658,1577.9475,2607.0,1234.93,594.1237378852574,7.52225,7.576,7.361,0.0930977309068271,1.9975,2.2,1.93,0.11691342951089932,0.0,0,0,0.0,9.25,10,7,1.299038105676658,14.900000000000002,25.7,11.3,6.235382907247958,0,1.5029859572595705,2
79,Ag3Ru,111,Ag9Ru3,hollow|A_A_A|HCP,2.77061290014154,1.141720822179991,3.0,Ag3Ru,180.75,207.0,172.0,15.155444566227676,106.17599999999999,107.868,101.1,2.9306299664065407,1.239,1.302,1.05,0.10911920087683927,10.90075,12.1,10.501,0.6923873103256588,10.25,11,8,1.299038105676658,1577.9475,2607.0,1234.93,594.1237378852574,7.52225,7.576,7.361,0.0930977309068271,1.9975,2.2,1.93,0.11691342951089932,0.0,0,0,0.0,9.25,10,7,1.299038105676658,14.900000000000002,25.7,11.3,6.235382907247958,0,1.6288920779615488,2
81,Ag3Ru,111,Ag9Ru3,top|B,-0.0435658337630116,-0.2817163279206625,1.0,Ag3Ru,180.75,207.0,172.0,15.155444566227676,106.17599999999999,107.868,101.1,2.9306299664065407,1.239,1.302,1.05,0.10911920087683927,10.90075,12.1,10.501,0.6923873103256588,10.25,11,8,1.299038105676658,1577.9475,2607.0,1234.93,594.1237378852574,7.52225,7.576,7.361,0.0930977309068271,1.9975,2.2,1.93,0.11691342951089932,0.0,0,0,0.0,9.25,10,7,1.299038105676658,14.900000000000002,25.7,11.3,6.235382907247958,0,0.23815049415765088,2
86,Ag3Tc,111,Ag9Tc3,hollow|A_A_A|FCC,2.03890613514142,0.5765621484796384,3.0,Ag3Tc,181.25,209.0,172.0,16.021469970012117,105.12759,107.868,96.90636,4.746529353569822,1.114,1.302,0.55,0.3256255518229489,10.62575,11.0,10.501,0.21607333824421768,10.0,11,7,1.7320508075688772,1533.6975,2430.0,1234.93,517.4804896503346,7.502,7.576,7.28,0.12817175976009665,1.9224999999999999,1.93,1.9,0.012990381056766592,0.0,0,0,0.0,8.75,10,5,2.165063509461097,14.225000000000001,23.0,11.3,5.066248612138966,0,1.4623439866617818,2
88,Ag3Tc,111,Ag9Tc3,top|B,-1.24075161966556,-0.8302231313165294,1.0,Ag3Tc,181.25,209.0,172.0,16.021469970012117,105.12759,107.868,96.90636,4.746529353569822,1.114,1.302,0.55,0.3256255518229489,10.62575,11.0,10.501,0.21607333824421768,10.0,11,7,1.7320508075688772,1533.6975,2430.0,1234.93,517.4804896503346,7.502,7.576,7.28,0.12817175976009665,1.9224999999999999,1.93,1.9,0.012990381056766592,0.0,0,0,0.0,8.75,10,5,2.165063509461097,14.225000000000001,23.0,11.3,5.066248612138966,0,-0.41052848834903055,2
94,Ag3Zn,111,Ag9Zn3,hollow|A_A_A|FCC,2.12129649104082,0.6005755143822853,3.0,Ag3Zn,163.75,172.0,139.0,14.289419162443238,97.251,107.868,65.4,18.389183423958766,,1.302,1.302,,9.65925,10.501,7.134,1.457953767271102,11.25,12,11,0.4330127018922193,1099.3675,1234.93,692.68,234.80113760105598,8.0305,9.394,7.576,0.787217092040055,1.8599999999999999,1.93,1.65,0.12124355652982143,0.0,0,0,0.0,10.0,10,10,0.0,10.312500000000002,11.3,7.35,1.710400172474267,0,1.5207209766585348,2
96,Ag3Zn,111,Ag9Zn3,hollow|A_A_B|FCC,1.16888200104205,0.1828890714795079,3.0,Ag3Zn,163.75,172.0,139.0,14.289419162443238,97.251,107.868,65.4,18.389183423958766,,1.302,1.302,,9.65925,10.501,7.134,1.457953767271102,11.25,12,11,0.4330127018922193,1099.3675,1234.93,692.68,234.80113760105598,8.0305,9.394,7.576,0.787217092040055,1.8599999999999999,1.93,1.65,0.12124355652982143,0.0,0,0,0.0,10.0,10,10,0.0,10.312500000000002,11.3,7.35,1.710400172474267,0,0.985992929562542,2
97,Ag3Zn,111,Ag9Zn3,hollow|A_A_B|HCP,1.21103501974341,0.178110072182676,3.0,Ag3Zn,163.75,172.0,139.0,14.289419162443238,97.251,107.868,65.4,18.389183423958766,,1.302,1.302,,9.65925,10.501,7.134,1.457953767271102,11.25,12,11,0.4330127018922193,1099.3675,1234.93,692.68,234.80113760105598,8.0305,9.394,7.576,0.787217092040055,1.8599999999999999,1.93,1.65,0.12124355652982143,0.0,0,0,0.0,10.0,10,10,0.0,10.312500000000002,11.3,7.35,1.710400172474267,0,1.032924947560734,2
98,Ag3Zn,111,Ag9Zn3,top|B,2.23951607614055,0.6107064485812543,1.0,Ag3Zn,163.75,172.0,139.0,14.289419162443238,97.251,107.868,65.4,18.389183423958766,,1.302,1.302,,9.65925,10.501,7.134,1.457953767271102,11.25,12,11,0.4330127018922193,1099.3675,1234.93,692.68,234.80113760105598,8.0305,9.394,7.576,0.787217092040055,1.8599999999999999,1.93,1.65,0.12124355652982143,0.0,0,0,0.0,10.0,10,10,0.0,10.312500000000002,11.3,7.35,1.710400172474267,0,1.6288096275592956,2
101,AgAu,101,Ag6Au6,hollow|A_A_B|FCC,2.27274131193173,0.8994113401757886,4.0,AgAu,169.0,172.0,166.0,3.0,152.417285,196.96657,107.868,44.549285,1.8055,2.309,1.302,0.5035000000000001,14.8915,19.282,10.501,4.3905,11.0,11,11,0.0,1286.13,1337.33,1234.93,51.19999999999993,8.401,9.226,7.576,0.8250000000000006,2.235,2.54,1.93,0.30500000000000005,0.0,0,0,0.0,10.0,10,10,0.0,11.9,12.5,11.3,0.5999999999999996,0,1.3733299717559415,2
102,AgAu,101,Ag6Au6,hollow|A_A_B|HCP,2.43148694703615,0.9083320481776128,4.0,AgAu,169.0,172.0,166.0,3.0,152.417285,196.96657,107.868,44.549285,1.8055,2.309,1.302,0.5035000000000001,14.8915,19.282,10.501,4.3905,11.0,11,11,0.0,1286.13,1337.33,1234.93,51.19999999999993,8.401,9.226,7.576,0.8250000000000006,2.235,2.54,1.93,0.30500000000000005,0.0,0,0,0.0,10.0,10,10,0.0,11.9,12.5,11.3,0.5999999999999996,0,1.5231548988585373,2
103,AgAu,101,Ag6Au6,hollow|A_B_B|FCC,2.17172830113469,1.1019678475757928,4.0,AgAu,169.0,172.0,166.0,3.0,152.417285,196.96657,107.868,44.549285,1.8055,2.309,1.302,0.5035000000000001,14.8915,19.282,10.501,4.3905,11.0,11,11,0.0,1286.13,1337.33,1234.93,51.19999999999993,8.401,9.226,7.576,0.8250000000000006,2.235,2.54,1.93,0.30500000000000005,0.0,0,0,0.0,10.0,10,10,0.0,11.9,12.5,11.3,0.5999999999999996,0,1.0697604535588972,2
104,AgAu,101,Ag6Au6,hollow|A_B_B|HCP,2.33980825733653,1.169690043073274,4.0,AgAu,169.0,172.0,166.0,3.0,152.417285,196.96657,107.868,44.549285,1.8055,2.309,1.302,0.5035000000000001,14.8915,19.282,10.501,4.3905,11.0,11,11,0.0,1286.13,1337.33,1234.93,51.19999999999993,8.401,9.226,7.576,0.8250000000000006,2.235,2.54,1.93,0.30500000000000005,0.0,0,0,0.0,10.0,10,10,0.0,11.9,12.5,11.3,0.5999999999999996,0,1.170118214263256,2
111,AgBi,101,Ag6Bi6,hollow|A_A_B|FCC,1.3337156391388,0.3125928129855992,4.0,AgBi,189.5,207.0,172.0,17.5,158.42419999999998,208.9804,107.868,50.556200000000004,1.124,1.302,0.946,0.17800000000000005,10.154,10.501,9.807,0.34699999999999953,13.0,15,11,2.0,889.74,1234.93,544.55,345.19000000000005,7.432499999999999,7.576,7.289,0.14349999999999996,1.975,2.02,1.93,0.04500000000000004,1.5,3,0,1.5,10.0,10,10,0.0,11.100000000000001,11.3,10.9,0.20000000000000018,0,1.0211228261532008,2
112,AgBi,101,Ag6Bi6,hollow|A_A_B|HCP,1.3607834829416,0.3676101494828572,4.0,AgBi,189.5,207.0,172.0,17.5,158.42419999999998,208.9804,107.868,50.556200000000004,1.124,1.302,0.946,0.17800000000000005,10.154,10.501,9.807,0.34699999999999953,13.0,15,11,2.0,889.74,1234.93,544.55,345.19000000000005,7.432499999999999,7.576,7.289,0.14349999999999996,1.975,2.02,1.93,0.04500000000000004,1.5,3,0,1.5,10.0,10,10,0.0,11.100000000000001,11.3,10.9,0.20000000000000018,0,0.9931733334587427,2
113,AgBi,101,Ag6Bi6,hollow|A_B_B|FCC,1.28029928444067,0.3601139574865328,4.0,AgBi,189.5,207.0,172.0,17.5,158.42419999999998,208.9804,107.868,50.556200000000004,1.124,1.302,0.946,0.17800000000000005,10.154,10.501,9.807,0.34699999999999953,13.0,15,11,2.0,889.74,1234.93,544.55,345.19000000000005,7.432499999999999,7.576,7.289,0.14349999999999996,1.975,2.02,1.93,0.04500000000000004,1.5,3,0,1.5,10.0,10,10,0.0,11.100000000000001,11.3,10.9,0.20000000000000018,0,0.9201853269541371,2
114,AgBi,101,Ag6Bi6,hollow|A_B_B|HCP,1.47067924173808,0.4717709730801971,4.0,AgBi,189.5,207.0,172.0,17.5,158.42419999999998,208.9804,107.868,50.556200000000004,1.124,1.302,0.946,0.17800000000000005,10.154,10.501,9.807,0.34699999999999953,13.0,15,11,2.0,889.74,1234.93,544.55,345.19000000000005,7.432499999999999,7.576,7.289,0.14349999999999996,1.975,2.02,1.93,0.04500000000000004,1.5,3,0,1.5,10.0,10,10,0.0,11.100000000000001,11.3,10.9,0.20000000000000018,0,0.998908268657883,2
117,AgCu,101,Ag6Cu6,bridge|B_B|A,0.844416180941892,0.0965553778850107,2.0,AgCu,156.0,172.0,140.0,16.0,85.709,107.868,63.55,22.159,1.2650000000000001,1.302,1.228,0.03700000000000003,9.716999999999999,10.501,8.933,0.7839999999999998,11.0,11,11,0.0,1296.35,1357.77,1234.93,61.41999999999996,7.651,7.726,7.576,0.07500000000000018,1.915,1.93,1.9,0.015000000000000013,0.0,0,0,0.0,10.0,10,10,0.0,12.2,13.1,11.3,0.8999999999999995,0,0.7478608030568813,2
119,AgCu,101,Ag6Cu6,hollow|A_A_B|FCC,1.51626606494011,0.3464315293866775,4.0,AgCu,156.0,172.0,140.0,16.0,85.709,107.868,63.55,22.159,1.2650000000000001,1.302,1.228,0.03700000000000003,9.716999999999999,10.501,8.933,0.7839999999999998,11.0,11,11,0.0,1296.35,1357.77,1234.93,61.41999999999996,7.651,7.726,7.576,0.07500000000000018,1.915,1.93,1.9,0.015000000000000013,0.0,0,0,0.0,10.0,10,10,0.0,12.2,13.1,11.3,0.8999999999999995,0,1.1698345355534325,2
120,AgCu,101,Ag6Cu6,hollow|A_A_B|HCP,1.63905131203848,0.4150598639870395,4.0,AgCu,156.0,172.0,140.0,16.0,85.709,107.868,63.55,22.159,1.2650000000000001,1.302,1.228,0.03700000000000003,9.716999999999999,10.501,8.933,0.7839999999999998,11.0,11,11,0.0,1296.35,1357.77,1234.93,61.41999999999996,7.651,7.726,7.576,0.07500000000000018,1.915,1.93,1.9,0.015000000000000013,0.0,0,0,0.0,10.0,10,10,0.0,12.2,13.1,11.3,0.8999999999999995,0,1.2239914480514404,2
123,AgIr,101,Ag6Ir6,bridge|B_B|A,0.507282373236933,0.1676119203810913,2.0,AgIr,187.0,202.0,172.0,15.0,150.04399999999998,192.22,107.868,42.176,1.4335,1.565,1.302,0.13149999999999995,16.4605,22.42,10.501,5.959500000000001,10.0,11,9,1.0,1976.9650000000001,2719.0,1234.93,742.035,8.338,9.1,7.576,0.762,2.065,2.2,1.93,0.13500000000000012,0.0,0,0,0.0,8.5,10,7,1.5,18.65,26.0,11.3,7.35,0,0.33967045285584174,2
130,AgPd,101,Ag6Pd6,bridge|B_B|A,1.68443867583466,0.5666449594763208,2.0,AgPd,187.0,202.0,172.0,15.0,107.144,107.868,106.42,0.7239999999999966,0.9295,1.302,0.557,0.37250000000000005,11.250499999999999,12.0,10.501,0.7495000000000003,10.5,11,10,0.5,1531.49,1828.05,1234.93,296.55999999999995,7.9565,8.337,7.576,0.38050000000000006,2.065,2.2,1.93,0.13500000000000012,0.0,0,0,0.0,10.0,10,10,0.0,14.0,16.7,11.3,2.6999999999999993,0,1.1177937163583391,2
131,AgPd,101,Ag6Pd6,hollow|A_A_B|FCC,1.95678748483971,0.6663779467825179,4.0,AgPd,187.0,202.0,172.0,15.0,107.144,107.868,106.42,0.7239999999999966,0.9295,1.302,0.557,0.37250000000000005,11.250499999999999,12.0,10.501,0.7495000000000003,10.5,11,10,0.5,1531.49,1828.05,1234.93,296.55999999999995,7.9565,8.337,7.576,0.38050000000000006,2.065,2.2,1.93,0.13500000000000012,0.0,0,0,0.0,10.0,10,10,0.0,14.0,16.7,11.3,2.6999999999999993,0,1.290409538057192,2
132,AgPd,101,Ag6Pd6,hollow|A_A_B|HCP,2.10335738624036,0.8786584421803809,4.0,AgPd,187.0,202.0,172.0,15.0,107.144,107.868,106.42,0.7239999999999966,0.9295,1.302,0.557,0.37250000000000005,11.250499999999999,12.0,10.501,0.7495000000000003,10.5,11,10,0.5,1531.49,1828.05,1234.93,296.55999999999995,7.9565,8.337,7.576,0.38050000000000006,2.065,2.2,1.93,0.13500000000000012,0.0,0,0,0.0,10.0,10,10,0.0,14.0,16.7,11.3,2.6999999999999993,0,1.2246989440599791,2
133,AgPd,101,Ag6Pd6,hollow|A_B_B|FCC,1.57583287264043,0.9003042816810876,4.0,AgPd,187.0,202.0,172.0,15.0,107.144,107.868,106.42,0.7239999999999966,0.9295,1.302,0.557,0.37250000000000005,11.250499999999999,12.0,10.501,0.7495000000000003,10.5,11,10,0.5,1531.49,1828.05,1234.93,296.55999999999995,7.9565,8.337,7.576,0.38050000000000006,2.065,2.2,1.93,0.13500000000000012,0.0,0,0,0.0,10.0,10,10,0.0,14.0,16.7,11.3,2.6999999999999993,0,0.6755285909593425,2
134,AgPd,101,Ag6Pd6,hollow|A_B_B|HCP,1.58173801503636,0.5725528230804002,4.0,AgPd,187.0,202.0,172.0,15.0,107.144,107.868,106.42,0.7239999999999966,0.9295,1.302,0.557,0.37250000000000005,11.250499999999999,12.0,10.501,0.7495000000000003,10.5,11,10,0.5,1531.49,1828.05,1234.93,296.55999999999995,7.9565,8.337,7.576,0.38050000000000006,2.065,2.2,1.93,0.13500000000000012,0.0,0,0,0.0,10.0,10,10,0.0,14.0,16.7,11.3,2.6999999999999993,0,1.0091851919559598,2
136,AgPd,101,Ag6Pd6,top|B,2.66695711983977,0.8869045799773403,1.0,AgPd,187.0,202.0,172.0,15.0,107.144,107.868,106.42,0.7239999999999966,0.9295,1.302,0.557,0.37250000000000005,11.250499999999999,12.0,10.501,0.7495000000000003,10.5,11,10,0.5,1531.49,1828.05,1234.93,296.55999999999995,7.9565,8.337,7.576,0.38050000000000006,2.065,2.2,1.93,0.13500000000000012,0.0,0,0,0.0,10.0,10,10,0.0,14.0,16.7,11.3,2.6999999999999993,0,1.7800525398624298,2
141,AgPt,101,Ag6Pt6,hollow|A_A_B|FCC,1.84548013544173,0.6630440080815561,4.0,AgPt,190.5,209.0,172.0,18.5,151.474,195.08,107.868,43.60600000000001,1.715,2.128,1.302,0.41300000000000003,15.9805,21.46,10.501,5.479500000000001,10.5,11,10,0.5,1638.24,2041.55,1234.93,403.30999999999995,8.288,9.0,7.576,0.7120000000000002,2.105,2.28,1.93,0.17499999999999993,0.0,0,0,0.0,9.5,10,9,0.5,15.65,20.0,11.3,4.35,0,1.182436127360174,2
148,AgPt,101,Ag6Pt6,top|B,2.31064404853879,0.7892557126805286,1.0,AgPt,190.5,209.0,172.0,18.5,151.474,195.08,107.868,43.60600000000001,1.715,2.128,1.302,0.41300000000000003,15.9805,21.46,10.501,5.479500000000001,10.5,11,10,0.5,1638.24,2041.55,1234.93,403.30999999999995,8.288,9.0,7.576,0.7120000000000002,2.105,2.28,1.93,0.17499999999999993,0.0,0,0,0.0,9.5,10,9,0.5,15.65,20.0,11.3,4.35,0,1.5213883358582612,2
151,AgRe,101,Ag6Re6,bridge|B_B|B,-1.01023283026387,-0.7449637431228666,2.0,AgRe,194.5,217.0,172.0,22.5,147.0375,186.207,107.868,39.1695,0.726,1.302,0.15,0.5760000000000001,15.650500000000001,20.8,10.501,5.149500000000001,9.0,11,7,2.0,2346.965,3459.0,1234.93,1112.0349999999999,7.728,7.88,7.576,0.15200000000000014,1.915,1.93,1.9,0.015000000000000013,0.0,0,0,0.0,7.5,10,5,2.5,22.15,33.0,11.3,10.85,0,-0.2652690871410033,2
154,AgRh,101,Ag6Rh6,bridge|B_B|A,0.612177904240355,0.0814393180816068,2.0,AgRh,183.5,195.0,172.0,11.5,105.38675,107.868,102.9055,2.4812499999999957,1.2195,1.302,1.137,0.08250000000000002,11.4505,12.4,10.501,0.9495000000000005,10.0,11,9,1.0,1735.9650000000001,2237.0,1234.93,501.03499999999997,7.5175,7.576,7.459,0.058499999999999996,2.105,2.28,1.93,0.17499999999999993,0.0,0,0,0.0,9.0,10,8,1.0,16.5,21.7,11.3,5.199999999999999,0,0.5307385861587482,2
157,AgRh,101,Ag6Rh6,hollow|A_A_B|FCC,1.54953660763914,1.1673755788768858,4.0,AgRh,183.5,195.0,172.0,11.5,105.38675,107.868,102.9055,2.4812499999999957,1.2195,1.302,1.137,0.08250000000000002,11.4505,12.4,10.501,0.9495000000000005,10.0,11,9,1.0,1735.9650000000001,2237.0,1234.93,501.03499999999997,7.5175,7.576,7.459,0.058499999999999996,2.105,2.28,1.93,0.17499999999999993,0.0,0,0,0.0,9.0,10,8,1.0,16.5,21.7,11.3,5.199999999999999,0,0.3821610287622541,2
163,AgRu,101,Ag6Ru6,bridge|B_B|B,0.274504086639183,0.0171005860801187,2.0,AgRu,189.5,207.0,172.0,17.5,104.484,107.868,101.1,3.3840000000000003,1.1760000000000002,1.302,1.05,0.126,11.3005,12.1,10.501,0.7995000000000001,9.5,11,8,1.5,1920.9650000000001,2607.0,1234.93,686.035,7.4685,7.576,7.361,0.10749999999999993,2.065,2.2,1.93,0.13500000000000012,0.0,0,0,0.0,8.5,10,7,1.5,18.5,25.7,11.3,7.199999999999999,0,0.2574035005590643,2
167,AgZn,101,Ag6Zn6,bridge|B_B|A,0.507622787637786,-0.0223786421221348,2.0,AgZn,155.5,172.0,139.0,16.5,86.634,107.868,65.4,21.233999999999995,,1.302,1.302,,8.817499999999999,10.501,7.134,1.6834999999999996,11.5,12,11,0.5,963.8050000000001,1234.93,692.68,271.12500000000006,8.485,9.394,7.576,0.9090000000000003,1.79,1.93,1.65,0.14,0.0,0,0,0.0,10.0,10,10,0.0,9.325,11.3,7.35,1.9750000000000005,0,0.5300014297599208,2
171,Al,111,Al12,hollow|A_A_A|FCC,-2.04037146814193,-0.7693354830199723,3.0,Al,184.0,184.0,184.0,0.0,26.981538,26.981538,26.981538,0.0,0.441,0.441,0.441,0.0,2.7,2.7,2.7,0.0,13.0,13,13,0.0,933.437,933.437,933.437,0.0,5.986,5.986,5.986,0.0,1.61,1.61,1.61,0.0,1.0,1,1,0.0,0.0,0,0,0.0,10.7,10.7,10.7,0.0,0,-1.2710359851219577,1
172,Al,111,Al12,hollow|A_A_A|HCP,-1.58891637818209,-0.5158698778399184,3.0,Al,184.0,184.0,184.0,0.0,26.981538,26.981538,26.981538,0.0,0.441,0.441,0.441,0.0,2.7,2.7,2.7,0.0,13.0,13,13,0.0,933.437,933.437,933.437,0.0,5.986,5.986,5.986,0.0,1.61,1.61,1.61,0.0,1.0,1,1,0.0,0.0,0,0,0.0,10.7,10.7,10.7,0.0,0,-1.0730465003421716,1
240,Au,111,Au12,hollow|A_A_A|FCC,2.41503195113529,1.3747626511802764,3.0,Au,166.0,166.0,166.0,0.0,196.96657,196.96657,196.96657,0.0,2.309,2.309,2.309,0.0,19.282,19.282,19.282,0.0,11.0,11,11,0.0,1337.33,1337.33,1337.33,0.0,9.226,9.226,9.226,0.0,2.54,2.54,2.54,0.0,0.0,0,0,0.0,10.0,10,10,0.0,12.5,12.5,12.5,0.0,0,1.0402692999550136,1
241,Au,111,Au12,hollow|A_A_A|HCP,2.61923161793658,1.4154380916778564,3.0,Au,166.0,166.0,166.0,0.0,196.96657,196.96657,196.96657,0.0,2.309,2.309,2.309,0.0,19.282,19.282,19.282,0.0,11.0,11,11,0.0,1337.33,1337.33,1337.33,0.0,9.226,9.226,9.226,0.0,2.54,2.54,2.54,0.0,0.0,0,0,0.0,10.0,10,10,0.0,12.5,12.5,12.5,0.0,0,1.2037935262587238,1
242,Au,111,Au12,top|A,3.70546121743593,2.035280490378568,1.0,Au,166.0,166.0,166.0,0.0,196.96657,196.96657,196.96657,0.0,2.309,2.309,2.309,0.0,19.282,19.282,19.282,0.0,11.0,11,11,0.0,1337.33,1337.33,1337.33,0.0,9.226,9.226,9.226,0.0,2.54,2.54,2.54,0.0,0.0,0,0,0.0,10.0,10,10,0.0,12.5,12.5,12.5,0.0,0,1.6701807270573616,1
247,Au-fcc,111,Au16,fcc,2.83033630000001,1.5193882991516148,3.0,Au,166.0,166.0,166.0,0.0,196.96657,196.96657,196.96657,0.0,2.309,2.309,2.309,0.0,19.282,19.282,19.282,0.0,11.0,11,11,0.0,1337.33,1337.33,1337.33,0.0,9.226,9.226,9.226,0.0,2.54,2.54,2.54,0.0,0.0,0,0,0.0,10.0,10,10,0.0,12.5,12.5,12.5,0.0,0,1.3109480008483954,1
259,Au3Ag,111,Ag3Au9,hollow|A_A_A|FCC,2.28714552193907,1.3640065352818738,3.0,AgAu3,167.5,172.0,166.0,2.598076211353316,174.69192749999996,196.96657,107.868,38.580812530433036,2.0572500000000002,2.309,1.302,0.4360437908054649,17.086750000000002,19.282,10.501,3.8022845353155783,11.0,11,11,0.0,1311.73,1337.33,1234.93,44.3405006737632,8.813500000000001,9.226,7.576,0.7144709581221623,2.3875,2.54,1.93,0.26413774815425384,0.0,0,0,0.0,10.0,10,10,0.0,12.2,12.5,11.3,0.5196152422706629,0,0.9231389866571962,2
260,Au3Ag,111,Ag3Au9,hollow|A_A_A|HCP,2.48644482663786,1.4356949260808278,3.0,AgAu3,167.5,172.0,166.0,2.598076211353316,174.69192749999996,196.96657,107.868,38.580812530433036,2.0572500000000002,2.309,1.302,0.4360437908054649,17.086750000000002,19.282,10.501,3.8022845353155783,11.0,11,11,0.0,1311.73,1337.33,1234.93,44.3405006737632,8.813500000000001,9.226,7.576,0.7144709581221623,2.3875,2.54,1.93,0.26413774815425384,0.0,0,0,0.0,10.0,10,10,0.0,12.2,12.5,11.3,0.5196152422706629,0,1.0507499005570322,2
261,Au3Ag,111,Ag3Au9,hollow|A_A_B|FCC,2.35964984603908,1.1576560807815213,3.0,AgAu3,167.5,172.0,166.0,2.598076211353316,174.69192749999996,196.96657,107.868,38.580812530433036,2.0572500000000002,2.309,1.302,0.4360437908054649,17.086750000000002,19.282,10.501,3.8022845353155783,11.0,11,11,0.0,1311.73,1337.33,1234.93,44.3405006737632,8.813500000000001,9.226,7.576,0.7144709581221623,2.3875,2.54,1.93,0.26413774815425384,0.0,0,0,0.0,10.0,10,10,0.0,12.2,12.5,11.3,0.5196152422706629,0,1.2019937652575585,2
262,Au3Ag,111,Ag3Au9,hollow|A_A_B|HCP,2.54508386233994,1.192428555780566,3.0,AgAu3,167.5,172.0,166.0,2.598076211353316,174.69192749999996,196.96657,107.868,38.580812530433036,2.0572500000000002,2.309,1.302,0.4360437908054649,17.086750000000002,19.282,10.501,3.8022845353155783,11.0,11,11,0.0,1311.73,1337.33,1234.93,44.3405006737632,8.813500000000001,9.226,7.576,0.7144709581221623,2.3875,2.54,1.93,0.26413774815425384,0.0,0,0,0.0,10.0,10,10,0.0,12.2,12.5,11.3,0.5196152422706629,0,1.3526553065593738,2
264,Au3Ag,111,Ag3Au9,top|B,4.01755279674018,1.796723458181873,1.0,AgAu3,167.5,172.0,166.0,2.598076211353316,174.69192749999996,196.96657,107.868,38.580812530433036,2.0572500000000002,2.309,1.302,0.4360437908054649,17.086750000000002,19.282,10.501,3.8022845353155783,11.0,11,11,0.0,1311.73,1337.33,1234.93,44.3405006737632,8.813500000000001,9.226,7.576,0.7144709581221623,2.3875,2.54,1.93,0.26413774815425384,0.0,0,0,0.0,10.0,10,10,0.0,12.2,12.5,11.3,0.5196152422706629,0,2.220829338558307,2
265,Au3Bi,111,Au9Bi3,hollow|A_A_A|FCC,1.92074954443871,0.955087328177683,3.0,Au3Bi,176.25,207.0,166.0,17.75352077758099,199.9700275,208.9804,196.96657,5.202140988373807,1.96825,2.309,0.946,0.590196312679095,16.91325,19.282,9.807,4.102795350428778,12.0,15,11,1.7320508075688772,1139.135,1337.33,544.55,343.28380980611365,8.741750000000001,9.226,7.289,0.8387456035652293,2.41,2.54,2.02,0.22516660498395405,0.75,3,0,1.299038105676658,10.0,10,10,0.0,12.1,12.5,10.9,0.6928203230275508,0,0.9656622162610269,2
266,Au3Bi,111,Au9Bi3,hollow|A_A_A|HCP,2.02131588023605,1.1357808491783317,3.0,Au3Bi,176.25,207.0,166.0,17.75352077758099,199.9700275,208.9804,196.96657,5.202140988373807,1.96825,2.309,0.946,0.590196312679095,16.91325,19.282,9.807,4.102795350428778,12.0,15,11,1.7320508075688772,1139.135,1337.33,544.55,343.28380980611365,8.741750000000001,9.226,7.289,0.8387456035652293,2.41,2.54,2.02,0.22516660498395405,0.75,3,0,1.299038105676658,10.0,10,10,0.0,12.1,12.5,10.9,0.6928203230275508,0,0.8855350310577181,2
267,Au3Bi,111,Au9Bi3,hollow|A_A_B|FCC,1.79428354943576,0.9496118535797676,3.0,Au3Bi,176.25,207.0,166.0,17.75352077758099,199.9700275,208.9804,196.96657,5.202140988373807,1.96825,2.309,0.946,0.590196312679095,16.91325,19.282,9.807,4.102795350428778,12.0,15,11,1.7320508075688772,1139.135,1337.33,544.55,343.28380980611365,8.741750000000001,9.226,7.289,0.8387456035652293,2.41,2.54,2.02,0.22516660498395405,0.75,3,0,1.299038105676658,10.0,10,10,0.0,12.1,12.5,10.9,0.6928203230275508,0,0.8446716958559924,2
268,Au3Bi,111,Au9Bi3,hollow|A_A_B|HCP,1.86352876613802,0.8797825444788714,3.0,Au3Bi,176.25,207.0,166.0,17.75352077758099,199.9700275,208.9804,196.96657,5.202140988373807,1.96825,2.309,0.946,0.590196312679095,16.91325,19.282,9.807,4.102795350428778,12.0,15,11,1.7320508075688772,1139.135,1337.33,544.55,343.28380980611365,8.741750000000001,9.226,7.289,0.8387456035652293,2.41,2.54,2.02,0.22516660498395405,0.75,3,0,1.299038105676658,10.0,10,10,0.0,12.1,12.5,10.9,0.6928203230275508,0,0.9837462216591486,2
280,Au3Cu,111,Au9Cu3,hollow|A_A_A|FCC,2.53158728793989,1.4355247188804017,3.0,Au3Cu,159.5,166.0,140.0,11.258330249197702,163.61242749999997,196.96657,63.55,57.771069452892405,2.0387500000000003,2.309,1.228,0.4680867307454892,16.69475,19.282,8.933,4.4812484518825775,11.0,11,11,0.0,1342.44,1357.77,1337.33,8.850779626676987,8.851,9.226,7.726,0.6495190528383293,2.38,2.54,1.9,0.2771281292110204,0.0,0,0,0.0,10.0,10,10,0.0,12.65,13.1,12.5,0.25980762113533146,0,1.0960625690594885,2
281,Au3Cu,111,Au9Cu3,hollow|A_A_A|HCP,2.73933817633935,1.5551919495818538,3.0,Au3Cu,159.5,166.0,140.0,11.258330249197702,163.61242749999997,196.96657,63.55,57.771069452892405,2.0387500000000003,2.309,1.228,0.4680867307454892,16.69475,19.282,8.933,4.4812484518825775,11.0,11,11,0.0,1342.44,1357.77,1337.33,8.850779626676987,8.851,9.226,7.726,0.6495190528383293,2.38,2.54,1.9,0.2771281292110204,0.0,0,0,0.0,10.0,10,10,0.0,12.65,13.1,12.5,0.25980762113533146,0,1.184146226757496,2
282,Au3Cu,111,Au9Cu3,hollow|A_A_B|FCC,1.90663214233774,0.983006888281011,3.0,Au3Cu,159.5,166.0,140.0,11.258330249197702,163.61242749999997,196.96657,63.55,57.771069452892405,2.0387500000000003,2.309,1.228,0.4680867307454892,16.69475,19.282,8.933,4.4812484518825775,11.0,11,11,0.0,1342.44,1357.77,1337.33,8.850779626676987,8.851,9.226,7.726,0.6495190528383293,2.38,2.54,1.9,0.2771281292110204,0.0,0,0,0.0,10.0,10,10,0.0,12.65,13.1,12.5,0.25980762113533146,0,0.9236252540567289,2
283,Au3Cu,111,Au9Cu3,hollow|A_A_B|HCP,2.04720479084045,1.0634346231826155,3.0,Au3Cu,159.5,166.0,140.0,11.258330249197702,163.61242749999997,196.96657,63.55,57.771069452892405,2.0387500000000003,2.309,1.228,0.4680867307454892,16.69475,19.282,8.933,4.4812484518825775,11.0,11,11,0.0,1342.44,1357.77,1337.33,8.850779626676987,8.851,9.226,7.726,0.6495190528383293,2.38,2.54,1.9,0.2771281292110204,0.0,0,0,0.0,10.0,10,10,0.0,12.65,13.1,12.5,0.25980762113533146,0,0.9837701676578343,2
286,Au3Cu,111,Au9Cu3,top|B,2.98212195283833,1.1945347167828686,1.0,Au3Cu,159.5,166.0,140.0,11.258330249197702,163.61242749999997,196.96657,63.55,57.771069452892405,2.0387500000000003,2.309,1.228,0.4680867307454892,16.69475,19.282,8.933,4.4812484518825775,11.0,11,11,0.0,1342.44,1357.77,1337.33,8.850779626676987,8.851,9.226,7.726,0.6495190528383293,2.38,2.54,1.9,0.2771281292110204,0.0,0,0,0.0,10.0,10,10,0.0,12.65,13.1,12.5,0.25980762113533146,0,1.7875872360554612,2
290,Au3Ir,111,Au9Ir3,hollow|A_A_A|FCC,2.40279145433652,1.250842961377998,3.0,Au3Ir,175.0,202.0,166.0,15.588457268119896,195.77992749999999,196.96657,192.22,2.0553251004205477,2.123,2.309,1.565,0.3221614502078113,20.0665,22.42,19.282,1.358793858537785,10.5,11,9,0.8660254037844386,1682.7475,2719.0,1337.33,598.2806598234228,9.194500000000001,9.226,9.1,0.05455960043842016,2.455,2.54,2.2,0.1472243186433545,0.0,0,0,0.0,9.25,10,7,1.299038105676658,15.875,26.0,12.5,5.845671475544961,0,1.151948492958522,2
291,Au3Ir,111,Au9Ir3,hollow|A_A_A|HCP,3.28266189153857,1.8444241976802689,3.0,Au3Ir,175.0,202.0,166.0,15.588457268119896,195.77992749999999,196.96657,192.22,2.0553251004205477,2.123,2.309,1.565,0.3221614502078113,20.0665,22.42,19.282,1.358793858537785,10.5,11,9,0.8660254037844386,1682.7475,2719.0,1337.33,598.2806598234228,9.194500000000001,9.226,9.1,0.05455960043842016,2.455,2.54,2.2,0.1472243186433545,0.0,0,0,0.0,9.25,10,7,1.299038105676658,15.875,26.0,12.5,5.845671475544961,0,1.4382376938583012,2
294,Au3Ir,111,Au9Ir3,top|B,1.11251416363649,0.1768707297786704,1.0,Au3Ir,175.0,202.0,166.0,15.588457268119896,195.77992749999999,196.96657,192.22,2.0553251004205477,2.123,2.309,1.565,0.3221614502078113,20.0665,22.42,19.282,1.358793858537785,10.5,11,9,0.8660254037844386,1682.7475,2719.0,1337.33,598.2806598234228,9.194500000000001,9.226,9.1,0.05455960043842016,2.455,2.54,2.2,0.1472243186433545,0.0,0,0,0.0,9.25,10,7,1.299038105676658,15.875,26.0,12.5,5.845671475544961,0,0.9356434338578195,2
296,Au3Os,111,Au9Os3,hollow|A_A_A|FCC,2.33683105983783,1.2353429489784276,3.0,Au3Os,178.5,216.0,166.0,21.650635094610966,195.2749275,196.96657,190.2,2.9300107582428354,2.0067500000000003,2.309,1.1,0.5235123565876932,20.104,22.57,19.282,1.4237457638216173,10.25,11,8,1.299038105676658,1829.4975,3306.0,1337.33,852.4591158341555,9.0945,9.226,8.7,0.22776468119530804,2.455,2.54,2.2,0.1472243186433545,0.0,0,0,0.0,9.0,10,6,1.7320508075688772,17.125,31.0,12.5,8.010734985006058,0,1.1014881108594023,2
299,Au3Os,111,Au9Os3,top|B,-0.274332518864128,-0.377523664820842,1.0,Au3Os,178.5,216.0,166.0,21.650635094610966,195.2749275,196.96657,190.2,2.9300107582428354,2.0067500000000003,2.309,1.1,0.5235123565876932,20.104,22.57,19.282,1.4237457638216173,10.25,11,8,1.299038105676658,1829.4975,3306.0,1337.33,852.4591158341555,9.0945,9.226,8.7,0.22776468119530804,2.455,2.54,2.2,0.1472243186433545,0.0,0,0,0.0,9.0,10,6,1.7320508075688772,17.125,31.0,12.5,8.010734985006058,0,0.10319114595671397,2
302,Au3Pd,111,Au9Pd3,hollow|A_A_A|FCC,2.46588104783569,1.3773692295807225,3.0,Au3Pd,175.0,202.0,166.0,15.588457268119896,174.32992749999997,196.96657,106.42,39.20781492277297,1.8710000000000002,2.309,0.557,0.7586382537151682,17.4615,19.282,12.0,3.153198495179141,10.75,11,10,0.4330127018922193,1460.01,1828.05,1337.33,212.48799307254987,9.00375,9.226,8.337,0.38494829198218344,2.455,2.54,2.2,0.1472243186433545,0.0,0,0,0.0,10.0,10,10,0.0,13.55,16.7,12.5,1.8186533479473208,0,1.0885118182549676,2
303,Au3Pd,111,Au9Pd3,hollow|A_A_A|HCP,2.8571086376358,1.6062338389791648,3.0,Au3Pd,175.0,202.0,166.0,15.588457268119896,174.32992749999997,196.96657,106.42,39.20781492277297,1.8710000000000002,2.309,0.557,0.7586382537151682,17.4615,19.282,12.0,3.153198495179141,10.75,11,10,0.4330127018922193,1460.01,1828.05,1337.33,212.48799307254987,9.00375,9.226,8.337,0.38494829198218344,2.455,2.54,2.2,0.1472243186433545,0.0,0,0,0.0,10.0,10,10,0.0,13.55,16.7,12.5,1.8186533479473208,0,1.250874798656635,2
304,Au3Pd,111,Au9Pd3,hollow|A_A_B|FCC,2.31164284233802,1.359169983978859,3.0,Au3Pd,175.0,202.0,166.0,15.588457268119896,174.32992749999997,196.96657,106.42,39.20781492277297,1.8710000000000002,2.309,0.557,0.7586382537151682,17.4615,19.282,12.0,3.153198495179141,10.75,11,10,0.4330127018922193,1460.01,1828.05,1337.33,212.48799307254987,9.00375,9.226,8.337,0.38494829198218344,2.455,2.54,2.2,0.1472243186433545,0.0,0,0,0.0,10.0,10,10,0.0,13.55,16.7,12.5,1.8186533479473208,0,0.9524728583591613,2
305,Au3Pd,111,Au9Pd3,hollow|A_A_B|HCP,2.45249331903671,1.3349311716782497,3.0,Au3Pd,175.0,202.0,166.0,15.588457268119896,174.32992749999997,196.96657,106.42,39.20781492277297,1.8710000000000002,2.309,0.557,0.7586382537151682,17.4615,19.282,12.0,3.153198495179141,10.75,11,10,0.4330127018922193,1460.01,1828.05,1337.33,212.48799307254987,9.00375,9.226,8.337,0.38494829198218344,2.455,2.54,2.2,0.1472243186433545,0.0,0,0,0.0,10.0,10,10,0.0,13.55,16.7,12.5,1.8186533479473208,0,1.1175621473584603,2
306,Au3Pd,111,Au9Pd3,top|A,3.69346861633659,1.3966053649791093,1.0,Au3Pd,175.0,202.0,166.0,15.588457268119896,174.32992749999997,196.96657,106.42,39.20781492277297,1.8710000000000002,2.309,0.557,0.7586382537151682,17.4615,19.282,12.0,3.153198495179141,10.75,11,10,0.4330127018922193,1460.01,1828.05,1337.33,212.48799307254987,9.00375,9.226,8.337,0.38494829198218344,2.455,2.54,2.2,0.1472243186433545,0.0,0,0,0.0,10.0,10,10,0.0,13.55,16.7,12.5,1.8186533479473208,0,2.2968632513574807,2
307,Au3Pd,111,Au9Pd3,top|B,3.1466086458384,1.103435629579394,1.0,Au3Pd,175.0,202.0,166.0,15.588457268119896,174.32992749999997,196.96657,106.42,39.20781492277297,1.8710000000000002,2.309,0.557,0.7586382537151682,17.4615,19.282,12.0,3.153198495179141,10.75,11,10,0.4330127018922193,1460.01,1828.05,1337.33,212.48799307254987,9.00375,9.226,8.337,0.38494829198218344,2.455,2.54,2.2,0.1472243186433545,0.0,0,0,0.0,10.0,10,10,0.0,13.55,16.7,12.5,1.8186533479473208,0,2.043173016259006,2
309,Au3Pt,111,Au9Pt3,hollow|A_A_A|FCC,2.49001496023612,1.3676334045784415,3.0,Au3Pt,176.75,209.0,166.0,18.619546181365433,196.4949275,196.96657,195.08,0.8169087730087946,2.26375,2.309,2.128,0.07837529904249171,19.826500000000003,21.46,19.282,0.943101664721254,10.75,11,10,0.4330127018922193,1513.385,2041.55,1337.33,304.9362049265387,9.169500000000001,9.226,9.0,0.09786087062764194,2.475,2.54,2.28,0.11258330249197712,0.0,0,0,0.0,9.75,10,9,0.4330127018922193,14.375,20.0,12.5,3.247595264191645,0,1.1223815556576784,2
310,Au3Pt,111,Au9Pt3,hollow|A_A_A|HCP,3.07057759023866,1.6919234390778684,3.0,Au3Pt,176.75,209.0,166.0,18.619546181365433,196.4949275,196.96657,195.08,0.8169087730087946,2.26375,2.309,2.128,0.07837529904249171,19.826500000000003,21.46,19.282,0.943101664721254,10.75,11,10,0.4330127018922193,1513.385,2041.55,1337.33,304.9362049265387,9.169500000000001,9.226,9.0,0.09786087062764194,2.475,2.54,2.28,0.11258330249197712,0.0,0,0,0.0,9.75,10,9,0.4330127018922193,14.375,20.0,12.5,3.247595264191645,0,1.3786541511607915,2
311,Au3Pt,111,Au9Pt3,hollow|A_A_B|FCC,2.05786403413714,1.5161456545801002,3.0,Au3Pt,176.75,209.0,166.0,18.619546181365433,196.4949275,196.96657,195.08,0.8169087730087946,2.26375,2.309,2.128,0.07837529904249171,19.826500000000003,21.46,19.282,0.943101664721254,10.75,11,10,0.4330127018922193,1513.385,2041.55,1337.33,304.9362049265387,9.169500000000001,9.226,9.0,0.09786087062764194,2.475,2.54,2.28,0.11258330249197712,0.0,0,0,0.0,9.75,10,9,0.4330127018922193,14.375,20.0,12.5,3.247595264191645,0,0.5417183795570399,2
314,Au3Pt,111,Au9Pt3,top|B,2.47823297523775,0.7720943091779873,1.0,Au3Pt,176.75,209.0,166.0,18.619546181365433,196.4949275,196.96657,195.08,0.8169087730087946,2.26375,2.309,2.128,0.07837529904249171,19.826500000000003,21.46,19.282,0.943101664721254,10.75,11,10,0.4330127018922193,1513.385,2041.55,1337.33,304.9362049265387,9.169500000000001,9.226,9.0,0.09786087062764194,2.475,2.54,2.28,0.11258330249197712,0.0,0,0,0.0,9.75,10,9,0.4330127018922193,14.375,20.0,12.5,3.247595264191645,0,1.7061386660597626,2
315,Au3Re,111,Au9Re3,hollow|A_A_A|FCC,2.3178611877409,1.1512505208819448,3.0,Au3Re,178.75,217.0,166.0,22.083647796503186,194.27667749999998,196.96657,186.207,4.659030476898465,1.7692500000000002,2.309,0.15,0.9348744233853017,19.6615,20.8,19.282,0.6573132814723892,10.0,11,7,1.7320508075688772,1867.7475,3459.0,1337.33,918.710059223665,8.889500000000002,9.226,7.88,0.5828350967469276,2.38,2.54,1.9,0.2771281292110204,0.0,0,0,0.0,8.75,10,5,2.165063509461097,17.625,33.0,12.5,8.876760388790496,0,1.166610666858955,2
316,Au3Re,111,Au9Re3,hollow|A_A_A|HCP,3.43230545484022,1.8695974488808815,3.0,Au3Re,178.75,217.0,166.0,22.083647796503186,194.27667749999998,196.96657,186.207,4.659030476898465,1.7692500000000002,2.309,0.15,0.9348744233853017,19.6615,20.8,19.282,0.6573132814723892,10.0,11,7,1.7320508075688772,1867.7475,3459.0,1337.33,918.710059223665,8.889500000000002,9.226,7.88,0.5828350967469276,2.38,2.54,1.9,0.2771281292110204,0.0,0,0,0.0,8.75,10,5,2.165063509461097,17.625,33.0,12.5,8.876760388790496,0,1.5627080059593386,2
318,Au3Re,111,Au9Re3,top|B,-1.46896084285999,-0.9614596901184314,1.0,Au3Re,178.75,217.0,166.0,22.083647796503186,194.27667749999998,196.96657,186.207,4.659030476898465,1.7692500000000002,2.309,0.15,0.9348744233853017,19.6615,20.8,19.282,0.6573132814723892,10.0,11,7,1.7320508075688772,1867.7475,3459.0,1337.33,918.710059223665,8.889500000000002,9.226,7.88,0.5828350967469276,2.38,2.54,1.9,0.2771281292110204,0.0,0,0,0.0,8.75,10,5,2.165063509461097,17.625,33.0,12.5,8.876760388790496,0,-0.5075011527415587,2
320,Au3Rh,111,Au9Rh3,hollow|A_A_A|FCC,2.42749803023963,1.35220604648282,3.0,Au3Rh,173.25,195.0,166.0,12.55736835487436,173.45130249999997,196.96657,102.9055,40.72963806357317,2.016,2.309,1.137,0.5074908866176812,17.561500000000002,19.282,12.4,2.9799934144222533,10.5,11,9,0.8660254037844386,1562.2475,2237.0,1337.33,389.56853751137294,8.78425,9.226,7.459,0.7651334442435521,2.475,2.54,2.28,0.11258330249197712,0.0,0,0,0.0,9.5,10,8,0.8660254037844386,14.8,21.7,12.5,3.9837168574084174,0,1.0752919837568098,2
321,Au3Rh,111,Au9Rh3,hollow|A_A_A|HCP,3.0912529357409,1.7846084057827056,3.0,Au3Rh,173.25,195.0,166.0,12.55736835487436,173.45130249999997,196.96657,102.9055,40.72963806357317,2.016,2.309,1.137,0.5074908866176812,17.561500000000002,19.282,12.4,2.9799934144222533,10.5,11,9,0.8660254037844386,1562.2475,2237.0,1337.33,389.56853751137294,8.78425,9.226,7.459,0.7651334442435521,2.475,2.54,2.28,0.11258330249197712,0.0,0,0,0.0,9.5,10,8,0.8660254037844386,14.8,21.7,12.5,3.9837168574084174,0,1.3066445299581946,2
323,Au3Rh,111,Au9Rh3,hollow|A_A_B|HCP,1.61858522204039,1.2571547778833292,3.0,Au3Rh,173.25,195.0,166.0,12.55736835487436,173.45130249999997,196.96657,102.9055,40.72963806357317,2.016,2.309,1.137,0.5074908866176812,17.561500000000002,19.282,12.4,2.9799934144222533,10.5,11,9,0.8660254037844386,1562.2475,2237.0,1337.33,389.56853751137294,8.78425,9.226,7.459,0.7651334442435521,2.475,2.54,2.28,0.11258330249197712,0.0,0,0,0.0,9.5,10,8,0.8660254037844386,14.8,21.7,12.5,3.9837168574084174,0,0.3614304441570608,2
325,Au3Rh,111,Au9Rh3,top|B,1.73200880073983,0.4782090503803147,1.0,Au3Rh,173.25,195.0,166.0,12.55736835487436,173.45130249999997,196.96657,102.9055,40.72963806357317,2.016,2.309,1.137,0.5074908866176812,17.561500000000002,19.282,12.4,2.9799934144222533,10.5,11,9,0.8660254037844386,1562.2475,2237.0,1337.33,389.56853751137294,8.78425,9.226,7.459,0.7651334442435521,2.475,2.54,2.28,0.11258330249197712,0.0,0,0,0.0,9.5,10,8,0.8660254037844386,14.8,21.7,12.5,3.9837168574084174,0,1.2537997503595153,2
326,Au3Ru,111,Au9Ru3,hollow|A_A_A|FCC,2.35910493813554,1.2602586444780854,3.0,Au3Ru,176.25,207.0,166.0,17.75352077758099,172.99992749999998,196.96657,101.1,41.51144249683958,1.99425,2.309,1.05,0.5451629916823042,17.4865,19.282,12.1,3.1098972249899193,10.25,11,8,1.299038105676658,1654.7475,2607.0,1337.33,549.7832372114941,8.75975,9.226,7.361,0.8075686890289895,2.455,2.54,2.2,0.1472243186433545,0.0,0,0,0.0,9.25,10,7,1.299038105676658,15.8,25.7,12.5,5.715767664977295,0,1.0988462936574543,2
327,Au3Ru,111,Au9Ru3,hollow|A_A_A|HCP,3.19540981373558,1.8226276071771963,3.0,Au3Ru,176.25,207.0,166.0,17.75352077758099,172.99992749999998,196.96657,101.1,41.51144249683958,1.99425,2.309,1.05,0.5451629916823042,17.4865,19.282,12.1,3.1098972249899193,10.25,11,8,1.299038105676658,1654.7475,2607.0,1337.33,549.7832372114941,8.75975,9.226,7.361,0.8075686890289895,2.455,2.54,2.2,0.1472243186433545,0.0,0,0,0.0,9.25,10,7,1.299038105676658,15.8,25.7,12.5,5.715767664977295,0,1.3727822065583837,2
330,Au3Ru,111,Au9Ru3,top|B,0.419291506335696,-0.0345644440232035,1.0,Au3Ru,176.25,207.0,166.0,17.75352077758099,172.99992749999998,196.96657,101.1,41.51144249683958,1.99425,2.309,1.05,0.5451629916823042,17.4865,19.282,12.1,3.1098972249899193,10.25,11,8,1.299038105676658,1654.7475,2607.0,1337.33,549.7832372114941,8.75975,9.226,7.361,0.8075686890289895,2.455,2.54,2.2,0.1472243186433545,0.0,0,0,0.0,9.25,10,7,1.299038105676658,15.8,25.7,12.5,5.715767664977295,0,0.45385595035889953,2
331,Au3Tc,111,Au9Tc3,hollow|A_A_A|FCC,2.32542159863789,1.1740015507792805,3.0,Au3Tc,176.75,209.0,166.0,18.619546181365433,171.95151749999997,196.96657,96.90636,43.327341884002855,1.86925,2.309,0.55,0.7616693426284138,17.2115,19.282,11.0,3.5862111970713606,10.0,11,7,1.7320508075688772,1610.4975,2430.0,1337.33,473.1399889765713,8.739500000000001,9.226,7.28,0.8426427178822591,2.38,2.54,1.9,0.2771281292110204,0.0,0,0,0.0,8.75,10,5,2.165063509461097,15.125,23.0,12.5,4.546633369868303,0,1.1514200478586094,2
332,Au3Tc,111,Au9Tc3,hollow|A_A_A|HCP,3.25620997743664,1.8241243692799571,3.0,Au3Tc,176.75,209.0,166.0,18.619546181365433,171.95151749999997,196.96657,96.90636,43.327341884002855,1.86925,2.309,0.55,0.7616693426284138,17.2115,19.282,11.0,3.5862111970713606,10.0,11,7,1.7320508075688772,1610.4975,2430.0,1337.33,473.1399889765713,8.739500000000001,9.226,7.28,0.8426427178822591,2.38,2.54,1.9,0.2771281292110204,0.0,0,0,0.0,8.75,10,5,2.165063509461097,15.125,23.0,12.5,4.546633369868303,0,1.432085608156683,2
335,Au3Tc,111,Au9Tc3,top|B,-0.79094839676344,-0.5578129607193887,1.0,Au3Tc,176.75,209.0,166.0,18.619546181365433,171.95151749999997,196.96657,96.90636,43.327341884002855,1.86925,2.309,0.55,0.7616693426284138,17.2115,19.282,11.0,3.5862111970713606,10.0,11,7,1.7320508075688772,1610.4975,2430.0,1337.33,473.1399889765713,8.739500000000001,9.226,7.28,0.8426427178822591,2.38,2.54,1.9,0.2771281292110204,0.0,0,0,0.0,8.75,10,5,2.165063509461097,15.125,23.0,12.5,4.546633369868303,0,-0.2331354360440513,2
347,Au3Zn,111,Au9Zn3,hollow|A_A_A|HCP,2.70396637063442,1.5227269998766817,3.0,Au3Zn,159.25,166.0,139.0,11.691342951089922,164.07492749999997,196.96657,65.4,56.9699959543918,,2.309,2.309,,16.245,19.282,7.134,5.26023830258668,11.25,12,11,0.4330127018922193,1176.1675,1337.33,692.68,279.1416382748192,9.268,9.394,9.226,0.07274613391789252,2.3175,2.54,1.65,0.3853813046840752,0.0,0,0,0.0,10.0,10,10,0.0,11.2125,12.5,7.35,2.23001541474493,0,1.1812393707577382,2
355,AuBi,101,Au6Bi6,hollow|A_B_B|FCC,1.35619060953815,0.4554755719808554,4.0,AuBi,186.5,207.0,166.0,20.5,202.97348499999998,208.9804,196.96657,6.006915000000006,1.6275,2.309,0.946,0.6815000000000001,14.5445,19.282,9.807,4.7375,13.0,15,11,2.0,940.9399999999999,1337.33,544.55,396.39,8.2575,9.226,7.289,0.9685000000000006,2.2800000000000002,2.54,2.02,0.26,1.5,3,0,1.5,10.0,10,10,0.0,11.7,12.5,10.9,0.7999999999999998,0,0.9007150375572945,2
368,AuIr,101,Au6Ir6,top|B,1.58175121263758,0.5522452394806123,1.0,AuIr,184.0,202.0,166.0,18.0,194.59328499999998,196.96657,192.22,2.3732849999999956,1.937,2.309,1.565,0.3720000000000001,20.851,22.42,19.282,1.5690000000000008,10.0,11,9,1.0,2028.165,2719.0,1337.33,690.835,9.163,9.226,9.1,0.06300000000000061,2.37,2.54,2.2,0.16999999999999993,0.0,0,0,0.0,8.5,10,7,1.5,19.25,26.0,12.5,6.75,0,1.0295059731569676,2
370,AuPd,101,Au6Pd6,hollow|A_A_B|FCC,2.19826511483899,1.2806859581804702,4.0,AuPd,184.0,202.0,166.0,18.0,151.693285,196.96657,106.42,45.273284999999994,1.433,2.309,0.557,0.876,15.641,19.282,12.0,3.641,10.5,11,10,0.5,1582.69,1828.05,1337.33,245.36,8.781500000000001,9.226,8.337,0.44450000000000056,2.37,2.54,2.2,0.16999999999999993,0.0,0,0,0.0,10.0,10,10,0.0,14.6,16.7,12.5,2.0999999999999996,0,0.9175791566585199,2
372,AuPd,101,Au6Pd6,hollow|A_B_B|FCC,1.87030997903622,1.0876998305801635,4.0,AuPd,184.0,202.0,166.0,18.0,151.693285,196.96657,106.42,45.273284999999994,1.433,2.309,0.557,0.876,15.641,19.282,12.0,3.641,10.5,11,10,0.5,1582.69,1828.05,1337.33,245.36,8.781500000000001,9.226,8.337,0.44450000000000056,2.37,2.54,2.2,0.16999999999999993,0.0,0,0,0.0,10.0,10,10,0.0,14.6,16.7,12.5,2.0999999999999996,0,0.7826101484560566,2
378,AuPt,101,Au6Pt6,hollow|A_A_B|FCC,2.10634165873836,1.4911703661790623,4.0,AuPt,187.5,209.0,166.0,21.5,196.023285,196.96657,195.08,0.9432849999999888,2.2185,2.309,2.128,0.09050000000000002,20.371000000000002,21.46,19.282,1.0890000000000004,10.5,11,10,0.5,1689.44,2041.55,1337.33,352.11,9.113,9.226,9.0,0.11300000000000043,2.41,2.54,2.28,0.13000000000000012,0.0,0,0,0.0,9.5,10,9,0.5,16.25,20.0,12.5,3.75,0,0.6151712925592976,2
385,AuRe,101,Au6Re6,top|B,0.619271912040688,0.5934319818815084,1.0,AuRe,191.5,217.0,166.0,25.5,191.586785,196.96657,186.207,5.379784999999998,1.2295,2.309,0.15,1.0795000000000001,20.041,20.8,19.282,0.7590000000000003,9.0,11,7,2.0,2398.165,3459.0,1337.33,1060.835,8.553,9.226,7.88,0.6730000000000005,2.2199999999999998,2.54,1.9,0.32000000000000006,0.0,0,0,0.0,7.5,10,5,2.5,22.75,33.0,12.5,10.25,0,0.025839930159179625,2
389,AuRh,101,Au6Rh6,hollow|A_A_B|FCC,1.86634432793636,1.5874480518804148,4.0,AuRh,180.5,195.0,166.0,14.5,149.936035,196.96657,102.9055,47.030534999999986,1.723,2.309,1.137,0.5860000000000001,15.841000000000001,19.282,12.4,3.4410000000000003,10.0,11,9,1.0,1787.165,2237.0,1337.33,449.83500000000004,8.342500000000001,9.226,7.459,0.8835000000000006,2.41,2.54,2.28,0.13000000000000012,0.0,0,0,0.0,9.0,10,8,1.0,17.1,21.7,12.5,4.6,0,0.27889627605594525,2
397,AuRu,101,Au6Ru6,top|B,1.64956973653517,0.5651348638792797,1.0,AuRu,186.5,207.0,166.0,20.5,149.03328499999998,196.96657,101.1,47.933285,1.6795,2.309,1.05,0.6295000000000001,15.690999999999999,19.282,12.1,3.591,9.5,11,8,1.5,1972.165,2607.0,1337.33,634.835,8.2935,9.226,7.361,0.9325000000000006,2.37,2.54,2.2,0.16999999999999993,0.0,0,0,0.0,8.5,10,7,1.5,19.1,25.7,12.5,6.6,0,1.0844348726558903,2
403,Bi,111,Bi12,bridge|A_A|A,0.936682228438997,0.130991520182647,2.0,Bi,207.0,207.0,207.0,0.0,208.9804,208.9804,208.9804,0.0,0.946,0.946,0.946,0.0,9.807,9.807,9.807,0.0,15.0,15,15,0.0,544.55,544.55,544.55,0.0,7.289,7.289,7.289,0.0,2.02,2.02,2.02,0.0,3.0,3,3,0.0,10.0,10,10,0.0,10.9,10.9,10.9,0.0,0,0.8056907082563499,1
404,Bi,111,Bi12,hollow|A_A_A|FCC,0.992384339340617,0.3785997389830982,3.0,Bi,207.0,207.0,207.0,0.0,208.9804,208.9804,208.9804,0.0,0.946,0.946,0.946,0.0,9.807,9.807,9.807,0.0,15.0,15,15,0.0,544.55,544.55,544.55,0.0,7.289,7.289,7.289,0.0,2.02,2.02,2.02,0.0,3.0,3,3,0.0,10.0,10,10,0.0,10.9,10.9,10.9,0.0,0,0.6137846003575188,1
405,Bi,111,Bi12,hollow|A_A_A|HCP,0.980499495340894,0.4168032973801701,3.0,Bi,207.0,207.0,207.0,0.0,208.9804,208.9804,208.9804,0.0,0.946,0.946,0.946,0.0,9.807,9.807,9.807,0.0,15.0,15,15,0.0,544.55,544.55,544.55,0.0,7.289,7.289,7.289,0.0,2.02,2.02,2.02,0.0,3.0,3,3,0.0,10.0,10,10,0.0,10.9,10.9,10.9,0.0,0,0.5636961979607239,1
409,Bi3Ag,111,Ag3Bi9,hollow|A_A_A|FCC,0.987068051235667,0.2734210734751059,3.0,AgBi3,198.25,207.0,172.0,15.155444566227676,183.70229999999998,208.9804,107.868,43.78295351880684,1.0350000000000001,1.302,0.946,0.15415252187363013,9.9805,10.501,9.807,0.3005108151131998,14.0,15,11,1.7320508075688772,717.145,1234.93,544.55,298.9433091323504,7.3607499999999995,7.576,7.289,0.1242746454430669,1.9975,2.02,1.93,0.038971143170299774,2.25,3,0,1.299038105676658,10.0,10,10,0.0,11.0,11.3,10.9,0.1732050807568879,0,0.7136469777605611,2
410,Bi3Ag,111,Ag3Bi9,hollow|A_A_A|HCP,1.44534762023596,0.7102768478770258,3.0,AgBi3,198.25,207.0,172.0,15.155444566227676,183.70229999999998,208.9804,107.868,43.78295351880684,1.0350000000000001,1.302,0.946,0.15415252187363013,9.9805,10.501,9.807,0.3005108151131998,14.0,15,11,1.7320508075688772,717.145,1234.93,544.55,298.9433091323504,7.3607499999999995,7.576,7.289,0.1242746454430669,1.9975,2.02,1.93,0.038971143170299774,2.25,3,0,1.299038105676658,10.0,10,10,0.0,11.0,11.3,10.9,0.1732050807568879,0,0.7350707723589343,2
415,Bi3Au,111,Au3Bi9,hollow|A_A_A|FCC,0.816997582340093,0.2224598658802961,3.0,AuBi3,196.75,207.0,166.0,17.75352077758099,205.9769425,208.9804,196.96657,5.202140988373807,1.28675,2.309,0.946,0.590196312679095,12.17575,19.282,9.807,4.102795350428778,14.0,15,11,1.7320508075688772,742.7449999999999,1337.33,544.55,343.28380980611365,7.773249999999999,9.226,7.289,0.8387456035652293,2.1500000000000004,2.54,2.02,0.22516660498395408,2.25,3,0,1.299038105676658,10.0,10,10,0.0,11.3,12.5,10.9,0.6928203230275508,0,0.5945377164597969,2
416,Bi3Au,111,Au3Bi9,hollow|A_A_A|HCP,1.44175435703784,0.7128592081797933,3.0,AuBi3,196.75,207.0,166.0,17.75352077758099,205.9769425,208.9804,196.96657,5.202140988373807,1.28675,2.309,0.946,0.590196312679095,12.17575,19.282,9.807,4.102795350428778,14.0,15,11,1.7320508075688772,742.7449999999999,1337.33,544.55,343.28380980611365,7.773249999999999,9.226,7.289,0.8387456035652293,2.1500000000000004,2.54,2.02,0.22516660498395408,2.25,3,0,1.299038105676658,10.0,10,10,0.0,11.3,12.5,10.9,0.6928203230275508,0,0.7288951488580466,2
417,Bi3Au,111,Au3Bi9,hollow|A_A_B|HCP,1.2538152608393,0.4779997948797927,3.0,AuBi3,196.75,207.0,166.0,17.75352077758099,205.9769425,208.9804,196.96657,5.202140988373807,1.28675,2.309,0.946,0.590196312679095,12.17575,19.282,9.807,4.102795350428778,14.0,15,11,1.7320508075688772,742.7449999999999,1337.33,544.55,343.28380980611365,7.773249999999999,9.226,7.289,0.8387456035652293,2.1500000000000004,2.54,2.02,0.22516660498395408,2.25,3,0,1.299038105676658,10.0,10,10,0.0,11.3,12.5,10.9,0.6928203230275508,0,0.7758154659595073,2
423,Bi3Cu,111,Bi9Cu3,hollow|A_A_A|HCP,1.54945130004108,0.6776446842821997,3.0,Bi3Cu,190.25,207.0,140.0,29.011851026778693,172.62279999999998,208.9804,63.55,62.97321044126622,1.0165,1.228,0.946,0.12210958193360585,9.5885,9.807,8.933,0.3784531014537999,14.0,15,11,1.7320508075688772,747.855,1357.77,544.55,352.1345894327906,7.398249999999999,7.726,7.289,0.18922655072689995,1.9900000000000002,2.02,1.9,0.05196152422706637,2.25,3,0,1.299038105676658,10.0,10,10,0.0,11.450000000000001,13.1,10.9,0.9526279441628822,0,0.8718066157588802,2
431,Bi3Pd,111,Bi9Pd3,hollow|A_A_A|FCC,1.2507539801407,0.3509169178804541,3.0,Bi3Pd,205.75,207.0,202.0,2.165063509461097,183.34029999999998,208.9804,106.42,44.409955911146774,0.84875,0.946,0.557,0.16844194103607327,10.35525,12.0,9.807,0.9495968552496369,13.75,15,10,2.165063509461097,865.425,1828.05,544.55,555.7718028786635,7.550999999999999,8.337,7.289,0.45379731158304587,2.0650000000000004,2.2,2.02,0.07794228634059955,2.25,3,0,1.299038105676658,10.0,10,10,0.0,12.350000000000001,16.7,10.9,2.5114736709748717,0,0.8998370622602458,2
432,Bi3Pd,111,Bi9Pd3,hollow|A_A_A|HCP,1.51828161214127,0.7794729479800253,3.0,Bi3Pd,205.75,207.0,202.0,2.165063509461097,183.34029999999998,208.9804,106.42,44.409955911146774,0.84875,0.946,0.557,0.16844194103607327,10.35525,12.0,9.807,0.9495968552496369,13.75,15,10,2.165063509461097,865.425,1828.05,544.55,555.7718028786635,7.550999999999999,8.337,7.289,0.45379731158304587,2.0650000000000004,2.2,2.02,0.07794228634059955,2.25,3,0,1.299038105676658,10.0,10,10,0.0,12.350000000000001,16.7,10.9,2.5114736709748717,0,0.7388086641612448,2
442,Bi3Pt,111,Bi9Pt3,hollow|A_A_A|FCC,1.1211447982385,-0.0168042541182558,3.0,Bi3Pt,207.5,209.0,207.0,0.8660254037844386,205.5053,208.9804,195.08,6.019049761382601,1.2415,2.128,0.946,0.5118210136366033,12.72025,21.46,9.807,5.045897015150032,13.75,15,10,2.165063509461097,918.8,2041.55,544.55,648.2200147326523,7.716749999999999,9.0,7.289,0.7408847329375874,2.085,2.28,2.02,0.11258330249197693,2.25,3,0,1.299038105676658,9.75,10,9,0.4330127018922193,13.175,20.0,10.9,3.9404155872191957,0,1.137949052356756,2
443,Bi3Pt,111,Bi9Pt3,hollow|A_A_A|HCP,1.50647459273733,0.3984630967796647,3.0,Bi3Pt,207.5,209.0,207.0,0.8660254037844386,205.5053,208.9804,195.08,6.019049761382601,1.2415,2.128,0.946,0.5118210136366033,12.72025,21.46,9.807,5.045897015150032,13.75,15,10,2.165063509461097,918.8,2041.55,544.55,648.2200147326523,7.716749999999999,9.0,7.289,0.7408847329375874,2.085,2.28,2.02,0.11258330249197693,2.25,3,0,1.299038105676658,9.75,10,9,0.4330127018922193,13.175,20.0,10.9,3.9404155872191957,0,1.1080114959576652,2
448,Bi3Re,111,Bi9Re3,hollow|A_A_A|HCP,1.36224038043639,0.7740167934797455,3.0,Bi3Re,209.5,217.0,207.0,4.330127018922194,203.28705,208.9804,186.207,9.861171465272271,0.747,0.946,0.15,0.3446781107062066,12.555250000000001,20.8,9.807,4.760108631901168,13.0,15,7,3.4641016151377544,1273.1625,3459.0,544.55,1261.9938690297786,7.436749999999999,7.88,7.289,0.2559105068183017,1.9900000000000002,2.02,1.9,0.05196152422706637,2.25,3,0,1.299038105676658,8.75,10,5,2.165063509461097,16.425,33.0,10.9,9.569580711818046,0,0.5882235869566446,2
454,Bi3Rh,111,Bi9Rh3,hollow|A_A_A|FCC,1.56719747613516,0.5511597773773929,3.0,Bi3Rh,204.0,207.0,195.0,5.196152422706632,182.46167499999999,208.9804,102.9055,45.931779051946975,0.99375,1.137,0.946,0.08270542606141391,10.45525,12.4,9.807,1.1228019360065247,13.5,15,9,2.598076211353316,967.6624999999999,2237.0,544.55,732.8523473174866,7.331499999999999,7.459,7.289,0.07361215932167725,2.085,2.28,2.02,0.11258330249197693,2.25,3,0,1.299038105676658,9.5,10,8,0.8660254037844386,13.600000000000001,21.7,10.9,4.676537180435968,0,1.016037698757767,2
455,Bi3Rh,111,Bi9Rh3,hollow|A_A_A|HCP,1.49185827003731,0.7811094406796428,3.0,Bi3Rh,204.0,207.0,195.0,5.196152422706632,182.46167499999999,208.9804,102.9055,45.931779051946975,0.99375,1.137,0.946,0.08270542606141391,10.45525,12.4,9.807,1.1228019360065247,13.5,15,9,2.598076211353316,967.6624999999999,2237.0,544.55,732.8523473174866,7.331499999999999,7.459,7.289,0.07361215932167725,2.085,2.28,2.02,0.11258330249197693,2.25,3,0,1.299038105676658,9.5,10,8,0.8660254037844386,13.600000000000001,21.7,10.9,4.676537180435968,0,0.7107488293576671,2
463,Bi3Ru,111,Bi9Ru3,hollow|A_A_A|FCC,1.69544744943761,0.2865614507799137,3.0,Bi3Ru,207.0,207.0,207.0,0.0,182.0103,208.9804,101.1,46.713583485213384,0.972,1.05,0.946,0.04503332099679085,10.38025,12.1,9.807,0.9928981254388586,13.25,15,8,3.031088913245535,1060.1625,2607.0,544.55,893.0670470176077,7.3069999999999995,7.361,7.289,0.03117691453623982,2.0650000000000004,2.2,2.02,0.07794228634059955,2.25,3,0,1.299038105676658,9.25,10,7,1.299038105676658,14.600000000000001,25.7,10.9,6.408587988004846,0,1.4088859986576963,2
464,Bi3Ru,111,Bi9Ru3,hollow|A_A_A|HCP,1.43311610323491,0.3386958771778836,3.0,Bi3Ru,207.0,207.0,207.0,0.0,182.0103,208.9804,101.1,46.713583485213384,0.972,1.05,0.946,0.04503332099679085,10.38025,12.1,9.807,0.9928981254388586,13.25,15,8,3.031088913245535,1060.1625,2607.0,544.55,893.0670470176077,7.3069999999999995,7.361,7.289,0.03117691453623982,2.0650000000000004,2.2,2.02,0.07794228634059955,2.25,3,0,1.299038105676658,9.25,10,7,1.299038105676658,14.600000000000001,25.7,10.9,6.408587988004846,0,1.0944202260570264,2
469,BiCu,101,Bi6Cu6,bridge|B_B|A,0.806257385240144,0.0845551575811214,2.0,BiCu,173.5,207.0,140.0,33.5,136.2652,208.9804,63.55,72.7152,1.087,1.228,0.946,0.14100000000000001,9.370000000000001,9.807,8.933,0.4370000000000003,13.0,15,11,2.0,951.16,1357.77,544.55,406.61,7.5075,7.726,7.289,0.21850000000000014,1.96,2.02,1.9,0.06000000000000005,1.5,3,0,1.5,10.0,10,10,0.0,12.0,13.1,10.9,1.0999999999999996,0,0.7217022276590226,2
475,BiIr,101,Bi6Ir6,bridge|B_B|A,0.722464690635945,0.3509273942771642,2.0,BiIr,204.5,207.0,202.0,2.5,200.6002,208.9804,192.22,8.380200000000002,1.2555,1.565,0.946,0.3095,16.113500000000002,22.42,9.807,6.306500000000001,12.0,15,9,3.0,1631.775,2719.0,544.55,1087.2250000000001,8.1945,9.1,7.289,0.9055,2.1100000000000003,2.2,2.02,0.09000000000000008,1.5,3,0,1.5,8.5,10,7,1.5,18.45,26.0,10.9,7.55,0,0.3715372963587808,2
476,BiIr,101,Bi6Ir6,hollow-tilt|A_A_B|FCC,1.00143375713725,0.05942734937787,4.0,BiIr,204.5,207.0,202.0,2.5,200.6002,208.9804,192.22,8.380200000000002,1.2555,1.565,0.946,0.3095,16.113500000000002,22.42,9.807,6.306500000000001,12.0,15,9,3.0,1631.775,2719.0,544.55,1087.2250000000001,8.1945,9.1,7.289,0.9055,2.1100000000000003,2.2,2.02,0.09000000000000008,1.5,3,0,1.5,8.5,10,7,1.5,18.45,26.0,10.9,7.55,0,0.94200640775938,2
478,BiOs,101,Bi6Os6,bridge|A_A|B,2.19772741793696,0.9526871480783256,2.0,BiOs,211.5,216.0,207.0,4.5,199.59019999999998,208.9804,190.2,9.390200000000007,1.0230000000000001,1.1,0.946,0.07700000000000007,16.1885,22.57,9.807,6.3815,11.5,15,8,3.5,1925.275,3306.0,544.55,1380.7250000000001,7.9944999999999995,8.7,7.289,0.7054999999999998,2.1100000000000003,2.2,2.02,0.09000000000000008,1.5,3,0,1.5,8.0,10,6,2.0,20.95,31.0,10.9,10.05,0,1.2450402698586345,2
485,BiPd,101,Bi6Pd6,bridge|B_B|A,1.93514382213817,0.6939217176812917,2.0,BiPd,204.5,207.0,202.0,2.5,157.7002,208.9804,106.42,51.2802,0.7515000000000001,0.946,0.557,0.19449999999999995,10.903500000000001,12.0,9.807,1.0964999999999998,12.5,15,10,2.5,1186.3,1828.05,544.55,641.75,7.813,8.337,7.289,0.524,2.1100000000000003,2.2,2.02,0.09000000000000008,1.5,3,0,1.5,10.0,10,10,0.0,13.8,16.7,10.9,2.8999999999999995,0,1.2412221044568783,2
486,BiPd,101,Bi6Pd6,hollow|A_A_B|FCC,1.87467590943908,0.7627725053797576,4.0,BiPd,204.5,207.0,202.0,2.5,157.7002,208.9804,106.42,51.2802,0.7515000000000001,0.946,0.557,0.19449999999999995,10.903500000000001,12.0,9.807,1.0964999999999998,12.5,15,10,2.5,1186.3,1828.05,544.55,641.75,7.813,8.337,7.289,0.524,2.1100000000000003,2.2,2.02,0.09000000000000008,1.5,3,0,1.5,10.0,10,10,0.0,13.8,16.7,10.9,2.8999999999999995,0,1.1119034040593223,2
487,BiPd,101,Bi6Pd6,hollow|A_B_B|HCP,1.87352010593878,0.7007520471823909,4.0,BiPd,204.5,207.0,202.0,2.5,157.7002,208.9804,106.42,51.2802,0.7515000000000001,0.946,0.557,0.19449999999999995,10.903500000000001,12.0,9.807,1.0964999999999998,12.5,15,10,2.5,1186.3,1828.05,544.55,641.75,7.813,8.337,7.289,0.524,2.1100000000000003,2.2,2.02,0.09000000000000008,1.5,3,0,1.5,10.0,10,10,0.0,13.8,16.7,10.9,2.8999999999999995,0,1.1727680587563891,2
491,BiPt,101,Bi6Pt6,bridge|B_B|A,1.56346339394059,0.8213617441805354,2.0,BiPt,208.0,209.0,207.0,1.0,202.0302,208.9804,195.08,6.950199999999995,1.537,2.128,0.946,0.5910000000000001,15.633500000000002,21.46,9.807,5.8265,12.5,15,10,2.5,1293.05,2041.55,544.55,748.5,8.1445,9.0,7.289,0.8555000000000001,2.15,2.28,2.02,0.1299999999999999,1.5,3,0,1.5,9.5,10,9,0.5,15.45,20.0,10.9,4.55,0,0.7421016497600545,2
497,BiRe,101,Bi6Re6,top|B,-0.712971727262072,-0.5932795981199206,1.0,BiRe,212.0,217.0,207.0,5.0,197.5937,208.9804,186.207,11.386700000000005,0.5479999999999999,0.946,0.15,0.39799999999999996,15.3035,20.8,9.807,5.4965,11.0,15,7,4.0,2001.775,3459.0,544.55,1457.225,7.5845,7.88,7.289,0.2955000000000001,1.96,2.02,1.9,0.06000000000000005,1.5,3,0,1.5,7.5,10,5,2.5,21.95,33.0,10.9,11.049999999999999,0,-0.11969212914215144,2
499,BiRh,101,Bi6Rh6,bridge|B_B|A,1.30198621314031,0.7089429458800396,2.0,BiRh,201.0,207.0,195.0,6.0,155.94295,208.9804,102.9055,53.03745,1.0415,1.137,0.946,0.09550000000000003,11.1035,12.4,9.807,1.2965,12.0,15,9,3.0,1390.775,2237.0,544.55,846.225,7.374,7.459,7.289,0.08499999999999996,2.15,2.28,2.02,0.1299999999999999,1.5,3,0,1.5,9.0,10,8,1.0,16.3,21.7,10.9,5.3999999999999995,0,0.5930432672602703,2
500,BiRh,101,Bi6Rh6,hollow-tilt|A_A_B|FCC,1.46297066493918,0.4230302144795814,4.0,BiRh,201.0,207.0,195.0,6.0,155.94295,208.9804,102.9055,53.03745,1.0415,1.137,0.946,0.09550000000000003,11.1035,12.4,9.807,1.2965,12.0,15,9,3.0,1390.775,2237.0,544.55,846.225,7.374,7.459,7.289,0.08499999999999996,2.15,2.28,2.02,0.1299999999999999,1.5,3,0,1.5,9.0,10,8,1.0,16.3,21.7,10.9,5.3999999999999995,0,1.0399404504595986,2
504,BiRu,101,Bi6Ru6,bridge|A_A|B,2.07105665723776,0.9283396262807172,2.0,BiRu,207.0,207.0,207.0,0.0,155.0402,208.9804,101.1,53.940200000000004,0.998,1.05,0.946,0.052000000000000046,10.9535,12.1,9.807,1.1464999999999996,11.5,15,8,3.5,1575.775,2607.0,544.55,1031.2250000000001,7.324999999999999,7.361,7.289,0.03600000000000003,2.1100000000000003,2.2,2.02,0.09000000000000008,1.5,3,0,1.5,8.5,10,7,1.5,18.3,25.7,10.9,7.3999999999999995,0,1.1427170309570425,2
505,BiRu,101,Bi6Ru6,bridge|B_B|A,0.954816302739175,0.4033874048808457,2.0,BiRu,207.0,207.0,207.0,0.0,155.0402,208.9804,101.1,53.940200000000004,0.998,1.05,0.946,0.052000000000000046,10.9535,12.1,9.807,1.1464999999999996,11.5,15,8,3.5,1575.775,2607.0,544.55,1031.2250000000001,7.324999999999999,7.361,7.289,0.03600000000000003,2.1100000000000003,2.2,2.02,0.09000000000000008,1.5,3,0,1.5,8.5,10,7,1.5,18.3,25.7,10.9,7.3999999999999995,0,0.5514288978583293,2
506,BiRu,101,Bi6Ru6,top-tilt|B,1.13650834553829,0.245489812482333,1.0,BiRu,207.0,207.0,207.0,0.0,155.0402,208.9804,101.1,53.940200000000004,0.998,1.05,0.946,0.052000000000000046,10.9535,12.1,9.807,1.1464999999999996,11.5,15,8,3.5,1575.775,2607.0,544.55,1031.2250000000001,7.324999999999999,7.361,7.289,0.03600000000000003,2.1100000000000003,2.2,2.02,0.09000000000000008,1.5,3,0,1.5,8.5,10,7,1.5,18.3,25.7,10.9,7.3999999999999995,0,0.891018533055957,2
508,BiTc,101,Bi6Tc6,bridge|A_A|B,2.00188722423974,0.885057199081416,2.0,BiTc,208.0,209.0,207.0,1.0,152.94338,208.9804,96.90636,56.03702,0.748,0.946,0.55,0.19799999999999995,10.403500000000001,11.0,9.807,0.5964999999999998,11.0,15,7,4.0,1487.275,2430.0,544.55,942.725,7.2844999999999995,7.289,7.28,0.0044999999999997264,1.96,2.02,1.9,0.06000000000000005,1.5,3,0,1.5,7.5,10,5,2.5,16.95,23.0,10.9,6.049999999999999,0,1.116830025158324,2
509,BiTc,101,Bi6Tc6,bridge|B_B|A,-0.0854985762600222,-0.1892166707176557,2.0,BiTc,208.0,209.0,207.0,1.0,152.94338,208.9804,96.90636,56.03702,0.748,0.946,0.55,0.19799999999999995,10.403500000000001,11.0,9.807,0.5964999999999998,11.0,15,7,4.0,1487.275,2430.0,544.55,942.725,7.2844999999999995,7.289,7.28,0.0044999999999997264,1.96,2.02,1.9,0.06000000000000005,1.5,3,0,1.5,7.5,10,5,2.5,16.95,23.0,10.9,6.049999999999999,0,0.10371809445763348,2
513,Cd,111,Cd12,hollow|A_A_A|FCC,1.025209023537,0.2482208829795809,3.0,Cd,158.0,158.0,158.0,0.0,112.41,112.41,112.41,0.0,,,,,8.69,8.69,8.69,0.0,12.0,12,12,0.0,594.22,594.22,594.22,0.0,8.994,8.994,8.994,0.0,1.69,1.69,1.69,0.0,0.0,0,0,0.0,10.0,10,10,0.0,6.3,6.3,6.3,0.0,0,0.776988140557419,1
514,Cd,111,Cd12,hollow|A_A_A|HCP,0.90444041203574,0.2294330550802215,3.0,Cd,158.0,158.0,158.0,0.0,112.41,112.41,112.41,0.0,,,,,8.69,8.69,8.69,0.0,12.0,12,12,0.0,594.22,594.22,594.22,0.0,8.994,8.994,8.994,0.0,1.69,1.69,1.69,0.0,0.0,0,0,0.0,10.0,10,10,0.0,6.3,6.3,6.3,0.0,0,0.6750073569555185,1
541,Co,111,Co12,hollow|A_A_A|FCC,-0.201434990263977,-0.2314417995177109,3.0,Co,192.0,192.0,192.0,0.0,58.93319,58.93319,58.93319,0.0,0.661,0.661,0.661,0.0,8.86,8.86,8.86,0.0,9.0,9,9,0.0,1768.0,1768.0,1768.0,0.0,7.881,7.881,7.881,0.0,1.88,1.88,1.88,0.0,0.0,0,0,0.0,7.0,7,7,0.0,16.2,16.2,16.2,0.0,0,0.030006809253733918,1
542,Co,111,Co12,hollow|A_A_A|HCP,-0.253032127864742,-0.243848285822537,3.0,Co,192.0,192.0,192.0,0.0,58.93319,58.93319,58.93319,0.0,0.661,0.661,0.661,0.0,8.86,8.86,8.86,0.0,9.0,9,9,0.0,1768.0,1768.0,1768.0,0.0,7.881,7.881,7.881,0.0,1.88,1.88,1.88,0.0,0.0,0,0,0.0,7.0,7,7,0.0,16.2,16.2,16.2,0.0,0,-0.009183842042204987,1
543,Co,111,Co12,top|A,1.33240377824023,0.6621178685790028,1.0,Co,192.0,192.0,192.0,0.0,58.93319,58.93319,58.93319,0.0,0.661,0.661,0.661,0.0,8.86,8.86,8.86,0.0,9.0,9,9,0.0,1768.0,1768.0,1768.0,0.0,7.881,7.881,7.881,0.0,1.88,1.88,1.88,0.0,0.0,0,0,0.0,7.0,7,7,0.0,16.2,16.2,16.2,0.0,0,0.6702859096612273,1
575,CoCo-MOF,100,Co9C96H48N48,M1,2.89384158000007,1.1190924900001846,1.0,Co3C32H16N16,155.46268656716416,192.0,120.0,21.472876579612066,11.961068208955224,58.93319,1.008,11.333288110744517,,1.263,0.661,,1.4797828011940297,8.86,8.988e-05,1.944154440995748,10.91044776119403,15,1,5.671956000722924,1923.4531343283584,3823.0,13.81,1849.7956196117862,12.448880597014925,14.534,7.881,1.721322639000014,2.5534328358208955,3.04,1.88,0.3266179119618919,1.671641791044776,3,0,1.1248623093383148,0.3134328358208955,7,0,1.4476842570724944,51.09385074626865,105.0,0.36,51.642486455640444,0,1.7747490899998852,4
576,CoCo-MOF,100,Co9C96H48N48,M2,2.99508519000005,0.932594390000304,1.0,Co3C32H16N16,155.46268656716416,192.0,120.0,21.472876579612066,11.961068208955224,58.93319,1.008,11.333288110744517,,1.263,0.661,,1.4797828011940297,8.86,8.988e-05,1.944154440995748,10.91044776119403,15,1,5.671956000722924,1923.4531343283584,3823.0,13.81,1849.7956196117862,12.448880597014925,14.534,7.881,1.721322639000014,2.5534328358208955,3.04,1.88,0.3266179119618919,1.671641791044776,3,0,1.1248623093383148,0.3134328358208955,7,0,1.4476842570724944,51.09385074626865,105.0,0.36,51.642486455640444,0,2.062490799999746,4
577,CoCu-MOF,100,Co6Cu3C96H48N48,M1,2.86166525999988,1.117932939999946,1.0,Co2CuC32H16N16,154.68656716417908,192.0,120.0,21.074288610874724,12.029975820895523,63.55,1.008,11.62885540261041,,1.263,0.661,,1.4808723534328359,8.933,8.988e-05,1.9483062143760947,10.940298507462686,15,1,5.667083792998251,1917.3302985074629,3823.0,13.81,1850.978590960452,12.446567164179104,14.534,7.726,1.7275531330695812,2.553731343283582,3.04,1.88,0.32601087712325366,1.671641791044776,3,0,1.1248623093383148,0.3582089552238806,10,0,1.6813417930315155,51.047582089552236,105.0,0.36,51.67510699139015,0,1.7437323199999342,5
578,CoCu-MOF,100,Co6Cu3C96H48N48,M2,4.15476841999998,1.3989138800000092,1.0,Co2CuC32H16N16,154.68656716417908,192.0,120.0,21.074288610874724,12.029975820895523,63.55,1.008,11.62885540261041,,1.263,0.661,,1.4808723534328359,8.933,8.988e-05,1.9483062143760947,10.940298507462686,15,1,5.667083792998251,1917.3302985074629,3823.0,13.81,1850.978590960452,12.446567164179104,14.534,7.726,1.7275531330695812,2.553731343283582,3.04,1.88,0.32601087712325366,1.671641791044776,3,0,1.1248623093383148,0.3582089552238806,10,0,1.6813417930315155,51.047582089552236,105.0,0.36,51.67510699139015,0,2.755854539999971,5
582,CoNi-MOF,100,Co6Ni3C96H48N48,M1,2.46207314000003,0.7928901499999483,1.0,Co2NiC32H16N16,155.02985074626864,192.0,120.0,21.01951484823889,11.95748328358209,58.93319,1.008,11.318457691320013,,1.263,0.661,,1.4805589205970149,8.912,8.988e-05,1.947108652803842,10.925373134328359,15,1,5.668223636125252,1922.8561194029853,3823.0,13.81,1849.8521492778623,12.445283582089552,14.534,7.64,1.7310883972184046,2.5538805970149254,3.04,1.88,0.32571370646435505,1.671641791044776,3,0,1.1248623093383148,0.3283582089552239,8,0,1.5198984618628022,51.10877611940298,105.0,0.36,51.63254305612319,0,1.6691829900000816,5
583,CoNi-MOF,100,Co6Ni3C96H48N48,M2,2.91098222000005,1.284505210000134,1.0,Co2NiC32H16N16,155.02985074626864,192.0,120.0,21.01951484823889,11.95748328358209,58.93319,1.008,11.318457691320013,,1.263,0.661,,1.4805589205970149,8.912,8.988e-05,1.947108652803842,10.925373134328359,15,1,5.668223636125252,1922.8561194029853,3823.0,13.81,1849.8521492778623,12.445283582089552,14.534,7.64,1.7310883972184046,2.5538805970149254,3.04,1.88,0.32571370646435505,1.671641791044776,3,0,1.1248623093383148,0.3283582089552239,8,0,1.5198984618628022,51.10877611940298,105.0,0.36,51.63254305612319,0,1.626477009999916,5
596,Cr,111,Cr12,hollow|A_A_A|FCC,-2.49942533696247,-1.8000708665196044,3.0,Cr,189.0,189.0,189.0,0.0,51.996,51.996,51.996,0.0,0.666,0.666,0.666,0.0,7.15,7.15,7.15,0.0,6.0,6,6,0.0,2180.0,2180.0,2180.0,0.0,6.767,6.767,6.767,0.0,1.66,1.66,1.66,0.0,0.0,0,0,0.0,5.0,5,5,0.0,20.5,20.5,20.5,0.0,0,-0.6993544704428656,1
597,Cr,111,Cr12,hollow|A_A_A|HCP,-2.50085162166232,-1.819625239021775,3.0,Cr,189.0,189.0,189.0,0.0,51.996,51.996,51.996,0.0,0.666,0.666,0.666,0.0,7.15,7.15,7.15,0.0,6.0,6,6,0.0,2180.0,2180.0,2180.0,0.0,6.767,6.767,6.767,0.0,1.66,1.66,1.66,0.0,0.0,0,0,0.0,5.0,5,5,0.0,20.5,20.5,20.5,0.0,0,-0.6812263826405447,1
598,Cr,111,Cr12,top|A,-0.926688303461731,-0.9990341212206886,1.0,Cr,189.0,189.0,189.0,0.0,51.996,51.996,51.996,0.0,0.666,0.666,0.666,0.0,7.15,7.15,7.15,0.0,6.0,6,6,0.0,2180.0,2180.0,2180.0,0.0,6.767,6.767,6.767,0.0,1.66,1.66,1.66,0.0,0.0,0,0,0.0,5.0,5,5,0.0,20.5,20.5,20.5,0.0,0,0.07234581775895754,1
616,Cu,111,Cu12,hollow|A_A_A|FCC,0.815140813636219,0.189503614686032,3.0,Cu,140.0,140.0,140.0,0.0,63.55,63.55,63.55,0.0,1.228,1.228,1.228,0.0,8.933,8.933,8.933,0.0,11.0,11,11,0.0,1357.77,1357.77,1357.77,0.0,7.726,7.726,7.726,0.0,1.9,1.9,1.9,0.0,0.0,0,0,0.0,10.0,10,10,0.0,13.1,13.1,13.1,0.0,0,0.625637198950187,1
617,Cu,111,Cu12,hollow|A_A_A|HCP,0.927200285634001,0.2249078020803381,3.0,Cu,140.0,140.0,140.0,0.0,63.55,63.55,63.55,0.0,1.228,1.228,1.228,0.0,8.933,8.933,8.933,0.0,11.0,11,11,0.0,1357.77,1357.77,1357.77,0.0,7.726,7.726,7.726,0.0,1.9,1.9,1.9,0.0,0.0,0,0,0.0,10.0,10,10,0.0,13.1,13.1,13.1,0.0,0,0.7022924835536629,1
618,Cu,111,Cu12,top|A,2.56081870894178,0.9692630985781534,1.0,Cu,140.0,140.0,140.0,0.0,63.55,63.55,63.55,0.0,1.228,1.228,1.228,0.0,8.933,8.933,8.933,0.0,11.0,11,11,0.0,1357.77,1357.77,1357.77,0.0,7.726,7.726,7.726,0.0,1.9,1.9,1.9,0.0,0.0,0,0,0.0,10.0,10,10,0.0,13.1,13.1,13.1,0.0,0,1.5915556103636268,1
645,Cu-fcc,111,Cu16,fcc,1.09266451,0.1419359387946315,3.0,Cu,140.0,140.0,140.0,0.0,63.55,63.55,63.55,0.0,1.228,1.228,1.228,0.0,8.933,8.933,8.933,0.0,11.0,11,11,0.0,1357.77,1357.77,1357.77,0.0,7.726,7.726,7.726,0.0,1.9,1.9,1.9,0.0,0.0,0,0,0.0,10.0,10,10,0.0,13.1,13.1,13.1,0.0,0,0.9507285712053686,1
656,Cu3Ag,111,Ag3Cu9,bridge|A_A|B,0.990585122632012,0.1959592433748866,2.0,AgCu3,148.0,172.0,140.0,13.856406460551018,74.6295,107.868,63.55,19.190256922459376,1.2465000000000002,1.302,1.228,0.03204293994002426,9.325,10.501,8.933,0.6789639165669997,11.0,11,11,0.0,1327.06,1357.77,1234.93,53.19128030044019,7.6885,7.726,7.576,0.06495190528383306,1.9074999999999998,1.93,1.9,0.012990381056766592,0.0,0,0,0.0,10.0,10,10,0.0,12.649999999999999,13.1,11.3,0.7794228634059943,0,0.7946258792571255,2
657,Cu3Ag,111,Ag3Cu9,hollow|A_A_A|FCC,0.633847553737553,0.122962121179512,3.0,AgCu3,148.0,172.0,140.0,13.856406460551018,74.6295,107.868,63.55,19.190256922459376,1.2465000000000002,1.302,1.228,0.03204293994002426,9.325,10.501,8.933,0.6789639165669997,11.0,11,11,0.0,1327.06,1357.77,1234.93,53.19128030044019,7.6885,7.726,7.576,0.06495190528383306,1.9074999999999998,1.93,1.9,0.012990381056766592,0.0,0,0,0.0,10.0,10,10,0.0,12.649999999999999,13.1,11.3,0.7794228634059943,0,0.510885432558041,2
658,Cu3Ag,111,Ag3Cu9,hollow|A_A_A|HCP,0.660178649337297,0.0618273934786657,3.0,AgCu3,148.0,172.0,140.0,13.856406460551018,74.6295,107.868,63.55,19.190256922459376,1.2465000000000002,1.302,1.228,0.03204293994002426,9.325,10.501,8.933,0.6789639165669997,11.0,11,11,0.0,1327.06,1357.77,1234.93,53.19128030044019,7.6885,7.726,7.576,0.06495190528383306,1.9074999999999998,1.93,1.9,0.012990381056766592,0.0,0,0,0.0,10.0,10,10,0.0,12.649999999999999,13.1,11.3,0.7794228634059943,0,0.5983512558586312,2
659,Cu3Ag,111,Ag3Cu9,top|B,3.62409196863501,1.5527089107753227,1.0,AgCu3,148.0,172.0,140.0,13.856406460551018,74.6295,107.868,63.55,19.190256922459376,1.2465000000000002,1.302,1.228,0.03204293994002426,9.325,10.501,8.933,0.6789639165669997,11.0,11,11,0.0,1327.06,1357.77,1234.93,53.19128030044019,7.6885,7.726,7.576,0.06495190528383306,1.9074999999999998,1.93,1.9,0.012990381056766592,0.0,0,0,0.0,10.0,10,10,0.0,12.649999999999999,13.1,11.3,0.7794228634059943,0,2.0713830578596872,2
667,Cu3Au,111,Au3Cu9,hollow|A_A_A|FCC,0.856096667539362,0.1634561978834199,3.0,AuCu3,146.5,166.0,140.0,11.258330249197702,96.90414249999999,196.96657,63.55,57.771069452892405,1.49825,2.309,1.228,0.4680867307454892,11.52025,19.282,8.933,4.4812484518825775,11.0,11,11,0.0,1352.6599999999999,1357.77,1337.33,8.850779626676987,8.101,9.226,7.726,0.6495190528383293,2.0599999999999996,2.54,1.9,0.2771281292110204,0.0,0,0,0.0,10.0,10,10,0.0,12.95,13.1,12.5,0.25980762113533146,0,0.6926404696559421,2
668,Cu3Au,111,Au3Cu9,hollow|A_A_A|HCP,0.998740646540512,0.1474231143846509,3.0,AuCu3,146.5,166.0,140.0,11.258330249197702,96.90414249999999,196.96657,63.55,57.771069452892405,1.49825,2.309,1.228,0.4680867307454892,11.52025,19.282,8.933,4.4812484518825775,11.0,11,11,0.0,1352.6599999999999,1357.77,1337.33,8.850779626676987,8.101,9.226,7.726,0.6495190528383293,2.0599999999999996,2.54,1.9,0.2771281292110204,0.0,0,0,0.0,10.0,10,10,0.0,12.95,13.1,12.5,0.25980762113533146,0,0.851317532155861,2
670,Cu3Au,111,Au3Cu9,top|B,3.47155352234023,1.8310132032828503,1.0,AuCu3,146.5,166.0,140.0,11.258330249197702,96.90414249999999,196.96657,63.55,57.771069452892405,1.49825,2.309,1.228,0.4680867307454892,11.52025,19.282,8.933,4.4812484518825775,11.0,11,11,0.0,1352.6599999999999,1357.77,1337.33,8.850779626676987,8.101,9.226,7.726,0.6495190528383293,2.0599999999999996,2.54,1.9,0.2771281292110204,0.0,0,0,0.0,10.0,10,10,0.0,12.95,13.1,12.5,0.25980762113533146,0,1.6405403190573795,2
671,Cu3Bi,111,Bi3Cu9,hollow|A_A_A|FCC,0.87959696283707,0.2103044046788227,3.0,BiCu3,156.75,207.0,140.0,29.011851026778693,99.9076,208.9804,63.55,62.97321044126622,1.1575,1.228,0.946,0.12210958193360585,9.1515,9.807,8.933,0.3784531014537999,12.0,15,11,1.7320508075688772,1154.465,1357.77,544.55,352.1345894327906,7.61675,7.726,7.289,0.18922655072689995,1.9299999999999997,2.02,1.9,0.05196152422706637,0.75,3,0,1.299038105676658,10.0,10,10,0.0,12.549999999999999,13.1,10.9,0.9526279441628822,0,0.6692925581582473,2
672,Cu3Bi,111,Bi3Cu9,hollow|A_A_A|HCP,0.501382128833768,-0.1284763720206001,3.0,BiCu3,156.75,207.0,140.0,29.011851026778693,99.9076,208.9804,63.55,62.97321044126622,1.1575,1.228,0.946,0.12210958193360585,9.1515,9.807,8.933,0.3784531014537999,12.0,15,11,1.7320508075688772,1154.465,1357.77,544.55,352.1345894327906,7.61675,7.726,7.289,0.18922655072689995,1.9299999999999997,2.02,1.9,0.05196152422706637,0.75,3,0,1.299038105676658,10.0,10,10,0.0,12.549999999999999,13.1,10.9,0.9526279441628822,0,0.6298585008543681,2
692,Cu3Ir,111,Cu9Ir3,hollow|A_A_A|FCC,0.971496200840022,0.2389862917815435,3.0,Cu3Ir,155.5,202.0,140.0,26.846787517317598,95.7175,192.22,63.55,55.715744352471866,1.3122500000000001,1.565,1.228,0.1459252805376779,12.30475,22.42,8.933,5.840042310420363,10.5,11,9,0.8660254037844386,1698.0774999999999,2719.0,1357.77,589.4298801967457,8.0695,9.1,7.726,0.5949594523999092,1.9749999999999999,2.2,1.9,0.1299038105676659,0.0,0,0,0.0,9.25,10,7,1.299038105676658,16.325,26.0,13.1,5.585863854409629,0,0.7325099090584785,2
693,Cu3Ir,111,Cu9Ir3,hollow|A_A_A|HCP,1.67304145983854,0.7500778505826702,3.0,Cu3Ir,155.5,202.0,140.0,26.846787517317598,95.7175,192.22,63.55,55.715744352471866,1.3122500000000001,1.565,1.228,0.1459252805376779,12.30475,22.42,8.933,5.840042310420363,10.5,11,9,0.8660254037844386,1698.0774999999999,2719.0,1357.77,589.4298801967457,8.0695,9.1,7.726,0.5949594523999092,1.9749999999999999,2.2,1.9,0.1299038105676659,0.0,0,0,0.0,9.25,10,7,1.299038105676658,16.325,26.0,13.1,5.585863854409629,0,0.9229636092558697,2
694,Cu3Ir,111,Cu9Ir3,hollow|A_A_B|FCC,0.582256538644117,0.3849659782835033,3.0,Cu3Ir,155.5,202.0,140.0,26.846787517317598,95.7175,192.22,63.55,55.715744352471866,1.3122500000000001,1.565,1.228,0.1459252805376779,12.30475,22.42,8.933,5.840042310420363,10.5,11,9,0.8660254037844386,1698.0774999999999,2719.0,1357.77,589.4298801967457,8.0695,9.1,7.726,0.5949594523999092,1.9749999999999999,2.2,1.9,0.1299038105676659,0.0,0,0,0.0,9.25,10,7,1.299038105676658,16.325,26.0,13.1,5.585863854409629,0,0.19729056036061365,2
695,Cu3Ir,111,Cu9Ir3,hollow|A_A_B|HCP,0.434131234538484,0.3211790930844245,3.0,Cu3Ir,155.5,202.0,140.0,26.846787517317598,95.7175,192.22,63.55,55.715744352471866,1.3122500000000001,1.565,1.228,0.1459252805376779,12.30475,22.42,8.933,5.840042310420363,10.5,11,9,0.8660254037844386,1698.0774999999999,2719.0,1357.77,589.4298801967457,8.0695,9.1,7.726,0.5949594523999092,1.9749999999999999,2.2,1.9,0.1299038105676659,0.0,0,0,0.0,9.25,10,7,1.299038105676658,16.325,26.0,13.1,5.585863854409629,0,0.11295214145405952,2
697,Cu3Ir,111,Cu9Ir3,top|B,1.06957936183954,0.7672965340797191,1.0,Cu3Ir,155.5,202.0,140.0,26.846787517317598,95.7175,192.22,63.55,55.715744352471866,1.3122500000000001,1.565,1.228,0.1459252805376779,12.30475,22.42,8.933,5.840042310420363,10.5,11,9,0.8660254037844386,1698.0774999999999,2719.0,1357.77,589.4298801967457,8.0695,9.1,7.726,0.5949594523999092,1.9749999999999999,2.2,1.9,0.1299038105676659,0.0,0,0,0.0,9.25,10,7,1.299038105676658,16.325,26.0,13.1,5.585863854409629,0,0.30228282775982085,2
702,Cu3Os,111,Cu9Os3,hollow|A_A_A|FCC,0.933695234841991,0.2565822609802808,3.0,Cu3Os,159.0,216.0,140.0,32.90896534380867,95.21249999999999,190.2,63.55,54.841058694649576,1.1960000000000002,1.228,1.1,0.05542562584220403,12.34225,22.57,8.933,5.904994215704195,10.25,11,8,1.299038105676658,1844.8274999999999,3306.0,1357.77,843.6083362074784,7.9695,8.7,7.726,0.4217543716430213,1.9749999999999999,2.2,1.9,0.1299038105676659,0.0,0,0,0.0,9.0,10,6,1.7320508075688772,17.575,31.0,13.1,7.750927363870726,0,0.6771129738617102,2
705,Cu3Os,111,Cu9Os3,hollow|A_A_B|HCP,-0.412813972561878,-0.0910019426183907,3.0,Cu3Os,159.0,216.0,140.0,32.90896534380867,95.21249999999999,190.2,63.55,54.841058694649576,1.1960000000000002,1.228,1.1,0.05542562584220403,12.34225,22.57,8.933,5.904994215704195,10.25,11,8,1.299038105676658,1844.8274999999999,3306.0,1357.77,843.6083362074784,7.9695,8.7,7.726,0.4217543716430213,1.9749999999999999,2.2,1.9,0.1299038105676659,0.0,0,0,0.0,9.0,10,6,1.7320508075688772,17.575,31.0,13.1,7.750927363870726,0,-0.32181202994348734,2
708,Cu3Os,111,Cu9Os3,top|B,-0.349865061860498,0.044769529279506,1.0,Cu3Os,159.0,216.0,140.0,32.90896534380867,95.21249999999999,190.2,63.55,54.841058694649576,1.1960000000000002,1.228,1.1,0.05542562584220403,12.34225,22.57,8.933,5.904994215704195,10.25,11,8,1.299038105676658,1844.8274999999999,3306.0,1357.77,843.6083362074784,7.9695,8.7,7.726,0.4217543716430213,1.9749999999999999,2.2,1.9,0.1299038105676659,0.0,0,0,0.0,9.0,10,6,1.7320508075688772,17.575,31.0,13.1,7.750927363870726,0,-0.394634591140004,2
710,Cu3Pd,111,Cu9Pd3,hollow|A_A_A|FCC,0.809942759038506,0.1171707222791837,3.0,Cu3Pd,155.5,202.0,140.0,26.846787517317598,74.2675,106.42,63.55,18.563254530119444,1.0602500000000001,1.228,0.557,0.2905515229696791,9.69975,12.0,8.933,1.3280499567034367,10.75,11,10,0.4330127018922193,1475.34,1828.05,1357.77,203.6372134458729,7.87875,8.337,7.726,0.2645707608561459,1.9749999999999999,2.2,1.9,0.1299038105676659,0.0,0,0,0.0,10.0,10,10,0.0,14.0,16.7,13.1,1.5588457268119895,0,0.6927720367593223,2
711,Cu3Pd,111,Cu9Pd3,hollow|A_A_A|HCP,1.09839131933751,0.3459953309837829,3.0,Cu3Pd,155.5,202.0,140.0,26.846787517317598,74.2675,106.42,63.55,18.563254530119444,1.0602500000000001,1.228,0.557,0.2905515229696791,9.69975,12.0,8.933,1.3280499567034367,10.75,11,10,0.4330127018922193,1475.34,1828.05,1357.77,203.6372134458729,7.87875,8.337,7.726,0.2645707608561459,1.9749999999999999,2.2,1.9,0.1299038105676659,0.0,0,0,0.0,10.0,10,10,0.0,14.0,16.7,13.1,1.5588457268119895,0,0.7523959883537272,2
712,Cu3Pd,111,Cu9Pd3,hollow|A_A_B|FCC,1.2000805329406,0.504621644181384,3.0,Cu3Pd,155.5,202.0,140.0,26.846787517317598,74.2675,106.42,63.55,18.563254530119444,1.0602500000000001,1.228,0.557,0.2905515229696791,9.69975,12.0,8.933,1.3280499567034367,10.75,11,10,0.4330127018922193,1475.34,1828.05,1357.77,203.6372134458729,7.87875,8.337,7.726,0.2645707608561459,1.9749999999999999,2.2,1.9,0.1299038105676659,0.0,0,0,0.0,10.0,10,10,0.0,14.0,16.7,13.1,1.5588457268119895,0,0.6954588887592159,2
715,Cu3Pd,111,Cu9Pd3,top|B,2.96914171464215,1.4177743249791774,1.0,Cu3Pd,155.5,202.0,140.0,26.846787517317598,74.2675,106.42,63.55,18.563254530119444,1.0602500000000001,1.228,0.557,0.2905515229696791,9.69975,12.0,8.933,1.3280499567034367,10.75,11,10,0.4330127018922193,1475.34,1828.05,1357.77,203.6372134458729,7.87875,8.337,7.726,0.2645707608561459,1.9749999999999999,2.2,1.9,0.1299038105676659,0.0,0,0,0.0,10.0,10,10,0.0,14.0,16.7,13.1,1.5588457268119895,0,1.5513673896629725,2
717,Cu3Pt,111,Cu9Pt3,hollow|A_A_A|FCC,0.975990977134472,0.1964544905757748,3.0,Cu3Pt,157.25,209.0,140.0,29.877876430563134,96.4325,195.08,63.55,56.954160679883614,1.453,2.128,1.228,0.38971143170299744,12.06475,21.46,8.933,5.424350116603832,10.75,11,10,0.4330127018922193,1528.715,2041.55,1357.77,296.0854252998617,8.0445,9.0,7.726,0.5516581822106874,1.9949999999999997,2.28,1.9,0.1645448267190433,0.0,0,0,0.0,9.75,10,9,0.4330127018922193,14.825,20.0,13.1,2.9877876430563135,0,0.7795364865586972,2
718,Cu3Pt,111,Cu9Pt3,hollow|A_A_A|HCP,1.45706225703526,0.5119553841767583,3.0,Cu3Pt,157.25,209.0,140.0,29.877876430563134,96.4325,195.08,63.55,56.954160679883614,1.453,2.128,1.228,0.38971143170299744,12.06475,21.46,8.933,5.424350116603832,10.75,11,10,0.4330127018922193,1528.715,2041.55,1357.77,296.0854252998617,8.0445,9.0,7.726,0.5516581822106874,1.9949999999999997,2.28,1.9,0.1645448267190433,0.0,0,0,0.0,9.75,10,9,0.4330127018922193,14.825,20.0,13.1,2.9877876430563135,0,0.9451068728585017,2
719,Cu3Pt,111,Cu9Pt3,hollow|A_A_B|FCC,1.18974741803305,0.605624858774604,3.0,Cu3Pt,157.25,209.0,140.0,29.877876430563134,96.4325,195.08,63.55,56.954160679883614,1.453,2.128,1.228,0.38971143170299744,12.06475,21.46,8.933,5.424350116603832,10.75,11,10,0.4330127018922193,1528.715,2041.55,1357.77,296.0854252998617,8.0445,9.0,7.726,0.5516581822106874,1.9949999999999997,2.28,1.9,0.1645448267190433,0.0,0,0,0.0,9.75,10,9,0.4330127018922193,14.825,20.0,13.1,2.9877876430563135,0,0.584122559258446,2
722,Cu3Pt,111,Cu9Pt3,top|B,2.43069278273816,1.402606835680558,1.0,Cu3Pt,157.25,209.0,140.0,29.877876430563134,96.4325,195.08,63.55,56.954160679883614,1.453,2.128,1.228,0.38971143170299744,12.06475,21.46,8.933,5.424350116603832,10.75,11,10,0.4330127018922193,1528.715,2041.55,1357.77,296.0854252998617,8.0445,9.0,7.726,0.5516581822106874,1.9949999999999997,2.28,1.9,0.1645448267190433,0.0,0,0,0.0,9.75,10,9,0.4330127018922193,14.825,20.0,13.1,2.9877876430563135,0,1.028085947057602,2
723,Cu3Re,111,Cu9Re3,hollow|A_A_A|FCC,0.817871476039557,0.1204397618756729,3.0,Cu3Re,159.25,217.0,140.0,33.34197804570089,94.21424999999999,186.207,63.55,53.11203897599394,0.9585,1.228,0.15,0.4667876926398124,11.899750000000001,20.8,8.933,5.138561733354967,10.0,11,7,1.7320508075688772,1883.0774999999999,3459.0,1357.77,909.859279596988,7.7645,7.88,7.726,0.06668395609140174,1.9,1.9,1.9,0.0,0.0,0,0,0.0,8.75,10,5,2.165063509461097,18.075,33.0,13.1,8.616952767655164,0,0.6974317141638842,2
724,Cu3Re,111,Cu9Re3,hollow|A_A_A|HCP,1.81285259773341,0.9191268040784736,3.0,Cu3Re,159.25,217.0,140.0,33.34197804570089,94.21424999999999,186.207,63.55,53.11203897599394,0.9585,1.228,0.15,0.4667876926398124,11.899750000000001,20.8,8.933,5.138561733354967,10.0,11,7,1.7320508075688772,1883.0774999999999,3459.0,1357.77,909.859279596988,7.7645,7.88,7.726,0.06668395609140174,1.9,1.9,1.9,0.0,0.0,0,0,0.0,8.75,10,5,2.165063509461097,18.075,33.0,13.1,8.616952767655164,0,0.8937257936549364,2
727,Cu3Re,111,Cu9Re3,top|B,-1.45118718326211,-1.0278568273234896,1.0,Cu3Re,159.25,217.0,140.0,33.34197804570089,94.21424999999999,186.207,63.55,53.11203897599394,0.9585,1.228,0.15,0.4667876926398124,11.899750000000001,20.8,8.933,5.138561733354967,10.0,11,7,1.7320508075688772,1883.0774999999999,3459.0,1357.77,909.859279596988,7.7645,7.88,7.726,0.06668395609140174,1.9,1.9,1.9,0.0,0.0,0,0,0.0,8.75,10,5,2.165063509461097,18.075,33.0,13.1,8.616952767655164,0,-0.42333035593862034,2
728,Cu3Rh,111,Cu9Rh3,hollow|A_A_A|FCC,0.851170046433083,0.1429007183731983,3.0,Cu3Rh,153.75,195.0,140.0,23.81569860407206,73.388875,102.9055,63.55,17.04143138931924,1.20525,1.228,1.137,0.03940415587219195,9.79975,12.4,8.933,1.5012550374603246,10.5,11,9,0.8660254037844386,1577.5774999999999,2237.0,1357.77,380.717757884696,7.65925,7.726,7.459,0.11561439140522271,1.9949999999999997,2.28,1.9,0.1645448267190433,0.0,0,0,0.0,9.5,10,8,0.8660254037844386,15.25,21.7,13.1,3.7239092362730863,0,0.7082693280598847,2
729,Cu3Rh,111,Cu9Rh3,hollow|A_A_A|HCP,1.37612308423178,0.6197560025801749,3.0,Cu3Rh,153.75,195.0,140.0,23.81569860407206,73.388875,102.9055,63.55,17.04143138931924,1.20525,1.228,1.137,0.03940415587219195,9.79975,12.4,8.933,1.5012550374603246,10.5,11,9,0.8660254037844386,1577.5774999999999,2237.0,1357.77,380.717757884696,7.65925,7.726,7.459,0.11561439140522271,1.9949999999999997,2.28,1.9,0.1645448267190433,0.0,0,0,0.0,9.5,10,8,0.8660254037844386,15.25,21.7,13.1,3.7239092362730863,0,0.756367081651605,2
730,Cu3Rh,111,Cu9Rh3,hollow|A_A_B|FCC,0.729778702432498,0.3443208783763793,3.0,Cu3Rh,153.75,195.0,140.0,23.81569860407206,73.388875,102.9055,63.55,17.04143138931924,1.20525,1.228,1.137,0.03940415587219195,9.79975,12.4,8.933,1.5012550374603246,10.5,11,9,0.8660254037844386,1577.5774999999999,2237.0,1357.77,380.717757884696,7.65925,7.726,7.459,0.11561439140522271,1.9949999999999997,2.28,1.9,0.1645448267190433,0.0,0,0,0.0,9.5,10,8,0.8660254037844386,15.25,21.7,13.1,3.7239092362730863,0,0.38545782405611867,2
731,Cu3Rh,111,Cu9Rh3,hollow|A_A_B|HCP,0.619073404933999,0.2754333553792776,3.0,Cu3Rh,153.75,195.0,140.0,23.81569860407206,73.388875,102.9055,63.55,17.04143138931924,1.20525,1.228,1.137,0.03940415587219195,9.79975,12.4,8.933,1.5012550374603246,10.5,11,9,0.8660254037844386,1577.5774999999999,2237.0,1357.77,380.717757884696,7.65925,7.726,7.459,0.11561439140522271,1.9949999999999997,2.28,1.9,0.1645448267190433,0.0,0,0,0.0,9.5,10,8,0.8660254037844386,15.25,21.7,13.1,3.7239092362730863,0,0.3436400495547214,2
733,Cu3Rh,111,Cu9Rh3,top|B,1.66367911113394,0.8784751735773852,1.0,Cu3Rh,153.75,195.0,140.0,23.81569860407206,73.388875,102.9055,63.55,17.04143138931924,1.20525,1.228,1.137,0.03940415587219195,9.79975,12.4,8.933,1.5012550374603246,10.5,11,9,0.8660254037844386,1577.5774999999999,2237.0,1357.77,380.717757884696,7.65925,7.726,7.459,0.11561439140522271,1.9949999999999997,2.28,1.9,0.1645448267190433,0.0,0,0,0.0,9.5,10,8,0.8660254037844386,15.25,21.7,13.1,3.7239092362730863,0,0.7852039375565547,2
734,Cu3Ru,111,Cu9Ru3,hollow|A_A_A|FCC,0.838451853738491,0.1595052408782749,3.0,Cu3Ru,156.75,207.0,140.0,29.011851026778693,72.9375,101.1,63.55,16.259626956052834,1.1835,1.228,1.05,0.07707626093681501,9.72475,12.1,8.933,1.3713512268926586,10.25,11,8,1.299038105676658,1670.0774999999999,2607.0,1357.77,540.9324575848171,7.63475,7.726,7.361,0.15804963619066015,1.9749999999999999,2.2,1.9,0.1299038105676659,0.0,0,0,0.0,9.25,10,7,1.299038105676658,16.25,25.7,13.1,5.455960043841963,0,0.6789466128602161,2
735,Cu3Ru,111,Cu9Ru3,hollow|A_A_A|HCP,1.51226667173961,0.7419937565763348,3.0,Cu3Ru,156.75,207.0,140.0,29.011851026778693,72.9375,101.1,63.55,16.259626956052834,1.1835,1.228,1.05,0.07707626093681501,9.72475,12.1,8.933,1.3713512268926586,10.25,11,8,1.299038105676658,1670.0774999999999,2607.0,1357.77,540.9324575848171,7.63475,7.726,7.361,0.15804963619066015,1.9749999999999999,2.2,1.9,0.1299038105676659,0.0,0,0,0.0,9.25,10,7,1.299038105676658,16.25,25.7,13.1,5.455960043841963,0,0.7702729151632752,2
736,Cu3Ru,111,Cu9Ru3,hollow|A_A_B|FCC,0.129282645237083,0.1026701839772386,3.0,Cu3Ru,156.75,207.0,140.0,29.011851026778693,72.9375,101.1,63.55,16.259626956052834,1.1835,1.228,1.05,0.07707626093681501,9.72475,12.1,8.933,1.3713512268926586,10.25,11,8,1.299038105676658,1670.0774999999999,2607.0,1357.77,540.9324575848171,7.63475,7.726,7.361,0.15804963619066015,1.9749999999999999,2.2,1.9,0.1299038105676659,0.0,0,0,0.0,9.25,10,7,1.299038105676658,16.25,25.7,13.1,5.455960043841963,0,0.0266124612598444,2
737,Cu3Ru,111,Cu9Ru3,hollow|A_A_B|HCP,-0.0645858114623366,-0.0510244741191172,3.0,Cu3Ru,156.75,207.0,140.0,29.011851026778693,72.9375,101.1,63.55,16.259626956052834,1.1835,1.228,1.05,0.07707626093681501,9.72475,12.1,8.933,1.3713512268926586,10.25,11,8,1.299038105676658,1670.0774999999999,2607.0,1357.77,540.9324575848171,7.63475,7.726,7.361,0.15804963619066015,1.9749999999999999,2.2,1.9,0.1299038105676659,0.0,0,0,0.0,9.25,10,7,1.299038105676658,16.25,25.7,13.1,5.455960043841963,0,-0.013561337343219404,2
739,Cu3Ru,111,Cu9Ru3,top|B,0.382522804134908,0.2838067062810978,1.0,Cu3Ru,156.75,207.0,140.0,29.011851026778693,72.9375,101.1,63.55,16.259626956052834,1.1835,1.228,1.05,0.07707626093681501,9.72475,12.1,8.933,1.3713512268926586,10.25,11,8,1.299038105676658,1670.0774999999999,2607.0,1357.77,540.9324575848171,7.63475,7.726,7.361,0.15804963619066015,1.9749999999999999,2.2,1.9,0.1299038105676659,0.0,0,0,0.0,9.25,10,7,1.299038105676658,16.25,25.7,13.1,5.455960043841963,0,0.09871609785381025,2
746,Cu3Tc,111,Cu9Tc3,hollow|A_A_A|FCC,0.770206111239361,0.145371376082835,3.0,Cu3Tc,157.25,209.0,140.0,29.877876430563134,71.88909,96.90636,63.55,14.443727568889553,1.0585,1.228,0.55,0.29358261188292467,9.44975,11.0,8.933,0.8950372548112175,10.0,11,7,1.7320508075688772,1625.8274999999999,2430.0,1357.77,464.2892093498943,7.6145000000000005,7.726,7.28,0.1931236650439297,1.9,1.9,1.9,0.0,0.0,0,0,0.0,8.75,10,5,2.165063509461097,15.575,23.0,13.1,4.286825748732972,0,0.624834735156526,2
749,Cu3Tc,111,Cu9Tc3,hollow|A_A_B|HCP,-0.76686441725559,-0.358037728819113,3.0,Cu3Tc,157.25,209.0,140.0,29.877876430563134,71.88909,96.90636,63.55,14.443727568889553,1.0585,1.228,0.55,0.29358261188292467,9.44975,11.0,8.933,0.8950372548112175,10.0,11,7,1.7320508075688772,1625.8274999999999,2430.0,1357.77,464.2892093498943,7.6145000000000005,7.726,7.28,0.1931236650439297,1.9,1.9,1.9,0.0,0.0,0,0,0.0,8.75,10,5,2.165063509461097,15.575,23.0,13.1,4.286825748732972,0,-0.40882668843647696,2
751,Cu3Tc,111,Cu9Tc3,top|B,-0.76808307905975,-0.5928031268150562,1.0,Cu3Tc,157.25,209.0,140.0,29.877876430563134,71.88909,96.90636,63.55,14.443727568889553,1.0585,1.228,0.55,0.29358261188292467,9.44975,11.0,8.933,0.8950372548112175,10.0,11,7,1.7320508075688772,1625.8274999999999,2430.0,1357.77,464.2892093498943,7.6145000000000005,7.726,7.28,0.1931236650439297,1.9,1.9,1.9,0.0,0.0,0,0,0.0,8.75,10,5,2.165063509461097,15.575,23.0,13.1,4.286825748732972,0,-0.17527995224469384,2
752,Cu3Zn,111,Cu9Zn3,hollow|A_A_A|FCC,0.981923603136067,0.2403167923883984,3.0,Cu3Zn,139.75,140.0,139.0,0.4330127018922193,64.01249999999999,65.4,63.55,0.8010734985006094,,1.228,1.228,,8.48325,8.933,7.134,0.7789898507041023,11.25,12,11,0.4330127018922193,1191.4975,1357.77,692.68,287.9924179014962,8.143,9.394,7.726,0.7222651867562219,1.8375,1.9,1.65,0.10825317547305482,0.0,0,0,0.0,10.0,10,10,0.0,11.6625,13.1,7.35,2.4898230358802613,0,0.7416068107476685,2
753,Cu3Zn,111,Cu9Zn3,hollow|A_A_A|HCP,0.980518135143768,0.2342077006877616,3.0,Cu3Zn,139.75,140.0,139.0,0.4330127018922193,64.01249999999999,65.4,63.55,0.8010734985006094,,1.228,1.228,,8.48325,8.933,7.134,0.7789898507041023,11.25,12,11,0.4330127018922193,1191.4975,1357.77,692.68,287.9924179014962,8.143,9.394,7.726,0.7222651867562219,1.8375,1.9,1.65,0.10825317547305482,0.0,0,0,0.0,10.0,10,10,0.0,11.6625,13.1,7.35,2.4898230358802613,0,0.7463104344560063,2
754,Cu3Zn,111,Cu9Zn3,hollow|A_A_B|FCC,0.761222136836125,0.1391888135811996,3.0,Cu3Zn,139.75,140.0,139.0,0.4330127018922193,64.01249999999999,65.4,63.55,0.8010734985006094,,1.228,1.228,,8.48325,8.933,7.134,0.7789898507041023,11.25,12,11,0.4330127018922193,1191.4975,1357.77,692.68,287.9924179014962,8.143,9.394,7.726,0.7222651867562219,1.8375,1.9,1.65,0.10825317547305482,0.0,0,0,0.0,10.0,10,10,0.0,11.6625,13.1,7.35,2.4898230358802613,0,0.6220333232549254,2
755,Cu3Zn,111,Cu9Zn3,hollow|A_A_B|HCP,0.862151744647974,0.1582633133920126,3.0,Cu3Zn,139.75,140.0,139.0,0.4330127018922193,64.01249999999999,65.4,63.55,0.8010734985006094,,1.228,1.228,,8.48325,8.933,7.134,0.7789898507041023,11.25,12,11,0.4330127018922193,1191.4975,1357.77,692.68,287.9924179014962,8.143,9.394,7.726,0.7222651867562219,1.8375,1.9,1.65,0.10825317547305482,0.0,0,0,0.0,10.0,10,10,0.0,11.6625,13.1,7.35,2.4898230358802613,0,0.7038884312559613,2
760,CuCo-MOF,100,Co3Cu6C96H48N48,M1,3.64378149999993,1.043833749999976,1.0,CoCu2C32H16N16,153.910447761194,192.0,120.0,20.63885000794027,12.09888343283582,63.55,1.008,11.916695852061215,,1.263,0.661,,1.4819619056716418,8.933,8.988e-05,1.9524485512456824,10.970149253731343,15,1,5.662050019691147,1911.2074626865674,3823.0,13.81,1852.1405658901676,12.444253731343283,14.534,7.726,1.7337581502851278,2.5540298507462684,3.04,1.88,0.3254024360351189,1.671641791044776,3,0,1.1248623093383148,0.4029850746268656,10,0,1.8852111128666043,51.001313432835815,105.0,0.36,51.707665546271215,0,2.599947749999954,5
761,CuCo-MOF,100,Co3Cu6C96H48N48,M2,2.28464852999991,0.4922212999999829,1.0,CoCu2C32H16N16,153.910447761194,192.0,120.0,20.63885000794027,12.09888343283582,63.55,1.008,11.916695852061215,,1.263,0.661,,1.4819619056716418,8.933,8.988e-05,1.9524485512456824,10.970149253731343,15,1,5.662050019691147,1911.2074626865674,3823.0,13.81,1852.1405658901676,12.444253731343283,14.534,7.726,1.7337581502851278,2.5540298507462684,3.04,1.88,0.3254024360351189,1.671641791044776,3,0,1.1248623093383148,0.4029850746268656,10,0,1.8852111128666043,51.001313432835815,105.0,0.36,51.707665546271215,0,1.792427229999927,5
762,CuCu-MOF,100,Cu9C96H48N48,M1,4.10631149999995,1.481537489999937,1.0,Cu3C32H16N16,153.13432835820893,170.0,120.0,20.1641735806526,12.167791044776118,63.55,1.008,12.197356499187764,,1.263,0.754,,1.4830514579104477,8.933,8.988e-05,1.9565815115394654,11.0,15,1,5.65685424949238,1905.0846268656717,3823.0,13.81,1853.281583894088,12.441940298507463,14.534,7.726,1.7399379632155618,2.5543283582089553,3.04,1.9,0.32479258079441337,1.671641791044776,3,0,1.1248623093383148,0.4477611940298507,10,0,2.068120367246421,50.955044776119394,105.0,0.36,51.74016223729183,0,2.6247740100000128,4
763,CuCu-MOF,100,Cu9C96H48N48,M2,3.9829944099999506,1.2994102000000112,1.0,Cu3C32H16N16,153.13432835820893,170.0,120.0,20.1641735806526,12.167791044776118,63.55,1.008,12.197356499187764,,1.263,0.754,,1.4830514579104477,8.933,8.988e-05,1.9565815115394654,11.0,15,1,5.65685424949238,1905.0846268656717,3823.0,13.81,1853.281583894088,12.441940298507463,14.534,7.726,1.7399379632155618,2.5543283582089553,3.04,1.9,0.32479258079441337,1.671641791044776,3,0,1.1248623093383148,0.4477611940298507,10,0,2.068120367246421,50.955044776119394,105.0,0.36,51.74016223729183,0,2.6835842099999394,4
765,CuIr,101,Cu6Ir6,hollow|A_A_B|FCC,1.09483628804065,0.5398763048841602,4.0,CuIr,171.0,202.0,140.0,31.0,127.88499999999999,192.22,63.55,64.335,1.3965,1.565,1.228,0.16849999999999998,15.6765,22.42,8.933,6.743500000000001,10.0,11,9,1.0,2038.385,2719.0,1357.77,680.615,8.413,9.1,7.726,0.6869999999999998,2.05,2.2,1.9,0.15000000000000013,0.0,0,0,0.0,8.5,10,7,1.5,19.55,26.0,13.1,6.45,0,0.5549599831564898,2
771,CuNi-MOF,100,Cu6Ni3C96H48N48,M1,4.08384624999985,1.4796173600000202,1.0,Cu2NiC32H16N16,153.4776119402985,170.0,120.0,20.133404490714508,12.095298507462687,63.55,1.008,11.902633878859621,,1.263,0.754,,1.4827380250746267,8.933,8.988e-05,1.9553893674025478,10.985074626865671,15,1,5.658153639339527,1910.610447761194,3823.0,13.81,1852.1930768608981,12.44065671641791,14.534,7.64,1.7434447078472444,2.5544776119402983,3.04,1.9,0.32449401982434106,1.671641791044776,3,0,1.1248623093383148,0.417910447761194,10,0,1.9405281150023888,51.01623880597014,105.0,0.36,51.697761399061704,0,2.6042288899998294,5
772,CuNi-MOF,100,Cu6Ni3C96H48N48,M2,3.37833455000009,1.6336982099999204,1.0,Cu2NiC32H16N16,153.4776119402985,170.0,120.0,20.133404490714508,12.095298507462687,63.55,1.008,11.902633878859621,,1.263,0.754,,1.4827380250746267,8.933,8.988e-05,1.9553893674025478,10.985074626865671,15,1,5.658153639339527,1910.610447761194,3823.0,13.81,1852.1930768608981,12.44065671641791,14.534,7.64,1.7434447078472444,2.5544776119402983,3.04,1.9,0.32449401982434106,1.671641791044776,3,0,1.1248623093383148,0.417910447761194,10,0,1.9405281150023888,51.01623880597014,105.0,0.36,51.697761399061704,0,1.7446363400001696,5
775,CuOs,101,Cu6Os6,hollow|A_A_B|FCC,0.897038779537809,0.7221635966824351,4.0,CuOs,178.0,216.0,140.0,38.0,126.875,190.2,63.55,63.324999999999996,1.1640000000000001,1.228,1.1,0.06399999999999995,15.7515,22.57,8.933,6.8185,9.5,11,8,1.5,2331.885,3306.0,1357.77,974.115,8.213,8.7,7.726,0.48699999999999966,2.05,2.2,1.9,0.15000000000000013,0.0,0,0,0.0,8.0,10,6,2.0,22.05,31.0,13.1,8.950000000000001,0,0.17487518285537385,2
777,CuOs,101,Cu6Os6,hollow|A_B_B|FCC,-0.229970480064537,0.3689605143780454,4.0,CuOs,178.0,216.0,140.0,38.0,126.875,190.2,63.55,63.324999999999996,1.1640000000000001,1.228,1.1,0.06399999999999995,15.7515,22.57,8.933,6.8185,9.5,11,8,1.5,2331.885,3306.0,1357.77,974.115,8.213,8.7,7.726,0.48699999999999966,2.05,2.2,1.9,0.15000000000000013,0.0,0,0,0.0,8.0,10,6,2.0,22.05,31.0,13.1,8.950000000000001,0,-0.5989309944425824,2
780,CuOs,101,Cu6Os6,top-tilt|B,0.435814258536823,0.2177890318824893,1.0,CuOs,178.0,216.0,140.0,38.0,126.875,190.2,63.55,63.324999999999996,1.1640000000000001,1.228,1.1,0.06399999999999995,15.7515,22.57,8.933,6.8185,9.5,11,8,1.5,2331.885,3306.0,1357.77,974.115,8.213,8.7,7.726,0.48699999999999966,2.05,2.2,1.9,0.15000000000000013,0.0,0,0,0.0,8.0,10,6,2.0,22.05,31.0,13.1,8.950000000000001,0,0.2180252266543337,2
782,CuPd,101,Cu6Pd6,bridge|A_A|B,1.13346080664252,0.3664063178847527,2.0,CuPd,171.0,202.0,140.0,31.0,84.985,106.42,63.55,21.435000000000002,0.8925000000000001,1.228,0.557,0.33549999999999996,10.4665,12.0,8.933,1.5335,10.5,11,10,0.5,1592.9099999999999,1828.05,1357.77,235.14,8.0315,8.337,7.726,0.3054999999999999,2.05,2.2,1.9,0.15000000000000013,0.0,0,0,0.0,10.0,10,10,0.0,14.899999999999999,16.7,13.1,1.7999999999999998,0,0.7670544887577673,2
783,CuPd,101,Cu6Pd6,bridge|B_B|A,1.62334149994041,0.7812343408849074,2.0,CuPd,171.0,202.0,140.0,31.0,84.985,106.42,63.55,21.435000000000002,0.8925000000000001,1.228,0.557,0.33549999999999996,10.4665,12.0,8.933,1.5335,10.5,11,10,0.5,1592.9099999999999,1828.05,1357.77,235.14,8.0315,8.337,7.726,0.3054999999999999,2.05,2.2,1.9,0.15000000000000013,0.0,0,0,0.0,10.0,10,10,0.0,14.899999999999999,16.7,13.1,1.7999999999999998,0,0.8421071590555027,2
786,CuPd,101,Cu6Pd6,hollow|A_B_B|FCC,1.39130567584272,0.5780223112786871,4.0,CuPd,171.0,202.0,140.0,31.0,84.985,106.42,63.55,21.435000000000002,0.8925000000000001,1.228,0.557,0.33549999999999996,10.4665,12.0,8.933,1.5335,10.5,11,10,0.5,1592.9099999999999,1828.05,1357.77,235.14,8.0315,8.337,7.726,0.3054999999999999,2.05,2.2,1.9,0.15000000000000013,0.0,0,0,0.0,10.0,10,10,0.0,14.899999999999999,16.7,13.1,1.7999999999999998,0,0.8132833645640329,2
791,CuPt,101,Cu6Pt6,hollow|A_A_B|FCC,1.17069373503529,0.4517384965773772,4.0,CuPt,174.5,209.0,140.0,34.5,129.315,195.08,63.55,65.76500000000001,1.678,2.128,1.228,0.45000000000000007,15.1965,21.46,8.933,6.2635000000000005,10.5,11,10,0.5,1699.6599999999999,2041.55,1357.77,341.89,8.363,9.0,7.726,0.637,2.09,2.28,1.9,0.18999999999999995,0.0,0,0,0.0,9.5,10,9,0.5,16.55,20.0,13.1,3.45,0,0.7189552384579128,2
794,CuPt,101,Cu6Pt6,hollow|A_B_B|HCP,1.2151891096326,0.7416273553798192,4.0,CuPt,174.5,209.0,140.0,34.5,129.315,195.08,63.55,65.76500000000001,1.678,2.128,1.228,0.45000000000000007,15.1965,21.46,8.933,6.2635000000000005,10.5,11,10,0.5,1699.6599999999999,2041.55,1357.77,341.89,8.363,9.0,7.726,0.637,2.09,2.28,1.9,0.18999999999999995,0.0,0,0,0.0,9.5,10,9,0.5,16.55,20.0,13.1,3.45,0,0.4735617542527808,2
800,CuRe,101,Cu6Re6,top|B,-0.711462856063179,-0.516833977223655,1.0,CuRe,178.5,217.0,140.0,38.5,124.8785,186.207,63.55,61.3285,0.689,1.228,0.15,0.5389999999999999,14.8665,20.8,8.933,5.9335,9.0,11,7,2.0,2408.385,3459.0,1357.77,1050.615,7.803,7.88,7.726,0.07699999999999996,1.9,1.9,1.9,0.0,0.0,0,0,0.0,7.5,10,5,2.5,23.05,33.0,13.1,9.95,0,-0.19462887883952407,2
802,CuRh,101,Cu6Rh6,hollow|A_A_B|FCC,0.976194654434778,0.3588438661798818,4.0,CuRh,167.5,195.0,140.0,27.5,83.22775,102.9055,63.55,19.677750000000003,1.1825,1.228,1.137,0.04549999999999998,10.6665,12.4,8.933,1.7335000000000003,10.0,11,9,1.0,1797.385,2237.0,1357.77,439.615,7.592499999999999,7.726,7.459,0.13350000000000017,2.09,2.28,1.9,0.18999999999999995,0.0,0,0,0.0,9.0,10,8,1.0,17.4,21.7,13.1,4.3,0,0.6173507882548963,2
803,CuRh,101,Cu6Rh6,hollow|A_A_B|HCP,0.91490005993893,0.4917426322762139,4.0,CuRh,167.5,195.0,140.0,27.5,83.22775,102.9055,63.55,19.677750000000003,1.1825,1.228,1.137,0.04549999999999998,10.6665,12.4,8.933,1.7335000000000003,10.0,11,9,1.0,1797.385,2237.0,1357.77,439.615,7.592499999999999,7.726,7.459,0.13350000000000017,2.09,2.28,1.9,0.18999999999999995,0.0,0,0,0.0,9.0,10,8,1.0,17.4,21.7,13.1,4.3,0,0.4231574276627161,2
804,CuRh,101,Cu6Rh6,hollow|A_B_B|FCC,0.383054514637308,0.6871445865807573,4.0,CuRh,167.5,195.0,140.0,27.5,83.22775,102.9055,63.55,19.677750000000003,1.1825,1.228,1.137,0.04549999999999998,10.6665,12.4,8.933,1.7335000000000003,10.0,11,9,1.0,1797.385,2237.0,1357.77,439.615,7.592499999999999,7.726,7.459,0.13350000000000017,2.09,2.28,1.9,0.18999999999999995,0.0,0,0,0.0,9.0,10,8,1.0,17.4,21.7,13.1,4.3,0,-0.3040900719434493,2
805,CuRh,101,Cu6Rh6,hollow|A_B_B|HCP,0.506732431236571,0.6214059647799104,4.0,CuRh,167.5,195.0,140.0,27.5,83.22775,102.9055,63.55,19.677750000000003,1.1825,1.228,1.137,0.04549999999999998,10.6665,12.4,8.933,1.7335000000000003,10.0,11,9,1.0,1797.385,2237.0,1357.77,439.615,7.592499999999999,7.726,7.459,0.13350000000000017,2.09,2.28,1.9,0.18999999999999995,0.0,0,0,0.0,9.0,10,8,1.0,17.4,21.7,13.1,4.3,0,-0.11467353354333942,2
808,CuRu,101,Cu6Ru6,hollow|A_A_B|FCC,0.840189164638844,0.5100628324843228,4.0,CuRu,173.5,207.0,140.0,33.5,82.32499999999999,101.1,63.55,18.775,1.139,1.228,1.05,0.08899999999999997,10.5165,12.1,8.933,1.5835,9.5,11,8,1.5,1982.385,2607.0,1357.77,624.615,7.5435,7.726,7.361,0.1825000000000001,2.05,2.2,1.9,0.15000000000000013,0.0,0,0,0.0,8.5,10,7,1.5,19.4,25.7,13.1,6.3,0,0.33012633215452114,2
809,CuRu,101,Cu6Ru6,hollow|A_A_B|HCP,0.595861550343955,0.3232162733810355,4.0,CuRu,173.5,207.0,140.0,33.5,82.32499999999999,101.1,63.55,18.775,1.139,1.228,1.05,0.08899999999999997,10.5165,12.1,8.933,1.5835,9.5,11,8,1.5,1982.385,2607.0,1357.77,624.615,7.5435,7.726,7.361,0.1825000000000001,2.05,2.2,1.9,0.15000000000000013,0.0,0,0,0.0,8.5,10,7,1.5,19.4,25.7,13.1,6.3,0,0.27264527696291957,2
816,CuTc,101,Cu6Tc6,hollow|A_A_B|FCC,0.307686600539284,0.3344543027823192,4.0,CuTc,174.5,209.0,140.0,34.5,80.22818000000001,96.90636,63.55,16.678180000000005,0.889,1.228,0.55,0.33899999999999997,9.9665,11.0,8.933,1.0335,9.0,11,7,2.0,1893.885,2430.0,1357.77,536.115,7.503,7.726,7.28,0.22299999999999986,1.9,1.9,1.9,0.0,0.0,0,0,0.0,7.5,10,5,2.5,18.05,23.0,13.1,4.95,0,-0.026767702243035207,2
821,CuZn,101,Cu6Zn6,hollow|A_A_B|FCC,0.833475708033632,0.2533158064733243,4.0,CuZn,139.5,140.0,139.0,0.5,64.475,65.4,63.55,0.9250000000000043,,1.228,1.228,,8.0335,8.933,7.134,0.8994999999999997,11.5,12,11,0.5,1025.225,1357.77,692.68,332.545,8.56,9.394,7.726,0.8340000000000001,1.775,1.9,1.65,0.125,0.0,0,0,0.0,10.0,10,10,0.0,10.225,13.1,7.35,2.875,0,0.5801599015603077,2
822,CuZn,101,Cu6Zn6,hollow|A_A_B|HCP,0.867430208836424,0.2704068685678749,4.0,CuZn,139.5,140.0,139.0,0.5,64.475,65.4,63.55,0.9250000000000043,,1.228,1.228,,8.0335,8.933,7.134,0.8994999999999997,11.5,12,11,0.5,1025.225,1357.77,692.68,332.545,8.56,9.394,7.726,0.8340000000000001,1.775,1.9,1.65,0.125,0.0,0,0,0.0,10.0,10,10,0.0,10.225,13.1,7.35,2.875,0,0.5970233402685491,2
823,CuZn,101,Cu6Zn6,hollow|A_B_B|FCC,0.640969725227308,0.174174625874798,4.0,CuZn,139.5,140.0,139.0,0.5,64.475,65.4,63.55,0.9250000000000043,,1.228,1.228,,8.0335,8.933,7.134,0.8994999999999997,11.5,12,11,0.5,1025.225,1357.77,692.68,332.545,8.56,9.394,7.726,0.8340000000000001,1.775,1.9,1.65,0.125,0.0,0,0,0.0,10.0,10,10,0.0,10.225,13.1,7.35,2.875,0,0.46679509935250996,2
824,CuZn,101,Cu6Zn6,hollow|A_B_B|HCP,0.673092355736856,0.1557944244676719,4.0,CuZn,139.5,140.0,139.0,0.5,64.475,65.4,63.55,0.9250000000000043,,1.228,1.228,,8.0335,8.933,7.134,0.8994999999999997,11.5,12,11,0.5,1025.225,1357.77,692.68,332.545,8.56,9.394,7.726,0.8340000000000001,1.775,1.9,1.65,0.125,0.0,0,0,0.0,10.0,10,10,0.0,10.225,13.1,7.35,2.875,0,0.5172979312691841,2
830,Fe-bcc,110,Fe16,hollow,-0.781679089999997,-2.7486904569450417,4.0,Fe,194.0,194.0,194.0,0.0,55.84,55.84,55.84,0.0,0.163,0.163,0.163,0.0,7.874,7.874,7.874,0.0,8.0,8,8,0.0,1811.0,1811.0,1811.0,0.0,7.902,7.902,7.902,0.0,1.83,1.83,1.83,0.0,0.0,0,0,0.0,6.0,6,6,0.0,13.8,13.8,13.8,0.0,0,1.9670113669450446,1
853,Ga,111,Ga12,hollow|A_A_A|FCC,0.133682726143718,0.2459182557767008,3.0,Ga,187.0,187.0,187.0,0.0,69.723,69.723,69.723,0.0,0.3,0.3,0.3,0.0,5.91,5.91,5.91,0.0,13.0,13,13,0.0,302.91,302.91,302.91,0.0,5.999,5.999,5.999,0.0,1.81,1.81,1.81,0.0,1.0,1,1,0.0,10.0,10,10,0.0,5.59,5.59,5.59,0.0,0,-0.11223552963298278,1
854,Ga,111,Ga12,hollow|A_A_A|HCP,0.358015687644922,0.360388112178839,3.0,Ga,187.0,187.0,187.0,0.0,69.723,69.723,69.723,0.0,0.3,0.3,0.3,0.0,5.91,5.91,5.91,0.0,13.0,13,13,0.0,302.91,302.91,302.91,0.0,5.999,5.999,5.999,0.0,1.81,1.81,1.81,0.0,1.0,1,1,0.0,10.0,10,10,0.0,5.59,5.59,5.59,0.0,0,-0.002372424533917006,1
876,HEO-18-Fe3.0Zn2.0Cr3.0Mn2.0Co3.0Ni3.0,100,Co3Cr2Fe2Mn2Ni3Zn2O20,Co,3.32228803999999,1.4282558600000073,1.0,Co3Cr2Fe2Mn2Ni3Zn2O20,163.02941176470588,197.0,139.0,18.535316519485406,33.21196029411765,65.4,15.999,20.725259314462217,,1.461,0.163,,3.3017817647058822,8.912,0.001429,3.976855101346208,13.029411764705882,16,6,3.745470159112574,705.3105882352942,2180.0,54.36,824.6096487748582,11.232852941176471,13.618,6.767,2.889693838172775,2.751470588235294,3.44,1.55,0.8274416004021823,2.3529411764705883,4,0,1.9686118271390012,2.8529411764705883,10,0,3.573862245453925,6.304117647058824,20.5,0.222,7.674453618278004,0,1.8940321799999826,7
877,HEO-19-Co3.0Zn2.0Cr3.0Mn3.0Fe3.0Ni2.0-Co-site,100,Co3Cr2Fe2Mn2Ni2Zn2O16,Co,1.75960403999997,-0.1654042100000197,1.0,Co3Cr2Fe2Mn2Ni2Zn2O16,164.55172413793105,197.0,139.0,19.58814949084329,34.707505172413796,65.4,15.999,20.930876657020466,,1.461,0.163,,3.5635470344827587,8.912,0.001429,3.98571513130935,12.724137931034482,16,6,3.8497339964007895,759.831724137931,2180.0,54.36,836.5015839219457,11.027758620689655,13.618,6.767,2.9185913661260776,2.6855172413793102,3.44,1.55,0.8417534498844599,2.206896551724138,4,0,1.9892696692215113,3.0689655172413794,10,0,3.5905146541365847,6.767310344827585,20.5,0.222,7.7227727605169525,0,1.9250082499999897,7
878,HEO-19-Co3.0Zn2.0Cr3.0Mn3.0Fe3.0Ni2.0-Cr-site,100,Co2Cr3Fe2Mn3Ni2Zn2O20,Cr,2.46976595999999,1.561691609999997,1.0,Co2Cr3Fe2Mn3Ni2Zn2O20,163.94117647058823,197.0,139.0,19.282636469221533,32.89748529411765,65.4,15.999,20.37506545299458,,1.461,0.163,,3.2040758823529414,8.912,0.001429,3.8570958901783468,12.852941176470589,16,6,3.971459599376654,711.2811764705882,2180.0,54.36,836.3038666156357,11.194029411764706,13.618,6.767,2.9410462572646225,2.7344117647058823,3.44,1.55,0.8477624222430917,2.3529411764705883,4,0,1.9686118271390012,2.7058823529411766,10,0,3.4259340655437733,6.312941176470589,20.5,0.222,7.736337075740752,0,0.908074349999993,7
879,HEO-19-Co3.0Zn2.0Cr3.0Mn3.0Fe3.0Ni2.0-Fe-site,100,Co2Cr2Fe3Mn2Ni3Zn2O20,Fe,3.77770303,1.6525937899999974,1.0,Co2Cr2Fe3Mn2Ni3Zn2O20,163.08823529411765,197.0,139.0,18.630095271548925,33.12098411764706,65.4,15.999,20.618667884244825,,1.461,0.163,,3.2727817647058823,8.912,0.001429,3.939638668641618,13.0,16,6,3.7807562268756265,706.5752941176471,2180.0,54.36,826.2698317286632,11.233470588235296,13.618,6.767,2.888979498586412,2.75,3.44,1.55,0.8290320365625558,2.3529411764705883,4,0,1.9686118271390012,2.823529411764706,10,0,3.543598936900949,6.233529411764706,20.5,0.222,7.593721199840013,0,2.1251092400000027,7
880,HEO-19-Co3.0Zn2.0Cr3.0Mn3.0Fe3.0Ni2.0-Mn-site,100,Co2Cr3Fe2Mn3Ni2Zn2O20,Mn,3.60021221,1.086742820000012,1.0,Co2Cr3Fe2Mn3Ni2Zn2O20,163.94117647058823,197.0,139.0,19.282636469221533,32.89748529411765,65.4,15.999,20.37506545299458,,1.461,0.163,,3.2040758823529414,8.912,0.001429,3.8570958901783468,12.852941176470589,16,6,3.971459599376654,711.2811764705882,2180.0,54.36,836.3038666156357,11.194029411764706,13.618,6.767,2.9410462572646225,2.7344117647058823,3.44,1.55,0.8477624222430917,2.3529411764705883,4,0,1.9686118271390012,2.7058823529411766,10,0,3.4259340655437733,6.312941176470589,20.5,0.222,7.736337075740752,0,2.513469389999988,7
881,HEO-19-Co3.0Zn2.0Cr3.0Mn3.0Fe3.0Ni2.0-Ni-site,100,Co2Cr2Fe3Mn2Ni3Zn2O20,Ni,4.51945318,2.0085081299999956,1.0,Co2Cr2Fe3Mn2Ni3Zn2O20,163.08823529411765,197.0,139.0,18.630095271548925,33.12098411764706,65.4,15.999,20.618667884244825,,1.461,0.163,,3.2727817647058823,8.912,0.001429,3.939638668641618,13.0,16,6,3.7807562268756265,706.5752941176471,2180.0,54.36,826.2698317286632,11.233470588235296,13.618,6.767,2.888979498586412,2.75,3.44,1.55,0.8290320365625558,2.3529411764705883,4,0,1.9686118271390012,2.823529411764706,10,0,3.543598936900949,6.233529411764706,20.5,0.222,7.593721199840013,0,2.5109450500000046,7
882,HEO-3-Mn3.0Zn2.0Cr3.0Fe2.0Co3.0Ni3.0,100,Co3Cr2Fe2Mn2Ni3Zn2O20,Co,2.68578844999999,1.2388692399999854,1.0,Co3Cr2Fe2Mn2Ni3Zn2O20,163.02941176470588,197.0,139.0,18.535316519485406,33.21196029411765,65.4,15.999,20.725259314462217,,1.461,0.163,,3.3017817647058822,8.912,0.001429,3.976855101346208,13.029411764705882,16,6,3.745470159112574,705.3105882352942,2180.0,54.36,824.6096487748582,11.232852941176471,13.618,6.767,2.889693838172775,2.751470588235294,3.44,1.55,0.8274416004021823,2.3529411764705883,4,0,1.9686118271390012,2.8529411764705883,10,0,3.573862245453925,6.304117647058824,20.5,0.222,7.674453618278004,0,1.4469192100000043,7
883,HEO-43-Ni3.0Zn2.0Cr3.0Mn3.0Fe3.0Co2.0,100,Co3Cr2Fe3Mn2Ni2Zn2O20,Co,3.34600911999999,1.018996279999982,1.0,Co3Cr2Fe3Mn2Ni2Zn2O20,163.94117647058823,197.0,139.0,19.259743411140654,33.128048529411764,65.4,15.999,20.627467481870628,,1.461,0.163,,3.2712523529411763,8.912,0.001429,3.937458654556529,12.970588235294118,16,6,3.8077729643581546,707.7517647058824,2180.0,54.36,827.7504828234974,11.240558823529412,13.618,6.767,2.880437090924759,2.7491176470588234,3.44,1.55,0.8299410597324113,2.3529411764705883,4,0,1.9686118271390012,2.794117647058824,10,0,3.5044460144953167,6.2041176470588235,20.5,0.222,7.55301673958903,0,2.327012840000008,7
884,HEO-44-Fe3.0Ni3.0Cr3.0Mn3.0Co2.0Zn2.0,100,Co3Cr2Fe2Mn2Ni2Zn3O20,Co,2.89834855000001,1.4345174199999915,1.0,Co3Cr2Fe2Mn2Ni2Zn3O20,162.3235294117647,197.0,139.0,18.974782937974616,33.409225000000006,65.4,15.999,20.996988695434016,,1.461,0.163,,3.2494876470588236,8.912,0.001429,3.913931263920593,13.088235294117649,16,6,3.7129950417325897,674.86,2180.0,54.36,805.1688948289047,11.284441176470589,13.618,6.767,2.8403269197832977,2.7438235294117646,3.44,1.55,0.8363366009177179,2.3529411764705883,4,0,1.9686118271390012,2.911764705882353,10,0,3.673174993499761,6.014411764705883,20.5,0.222,7.440007349449433,0,1.4638311300000184,7
885,HEO-5-Fe3.0Zn2.0Cr3.0Mn3.0Co3.0Ni2.0,100,Co3Cr2Fe2Mn2Ni3Zn2O20,Co,2.73791052999999,0.7470639699999992,1.0,Co3Cr2Fe2Mn2Ni3Zn2O20,163.02941176470588,197.0,139.0,18.535316519485406,33.21196029411765,65.4,15.999,20.725259314462217,,1.461,0.163,,3.3017817647058822,8.912,0.001429,3.976855101346208,13.029411764705882,16,6,3.745470159112574,705.3105882352942,2180.0,54.36,824.6096487748582,11.232852941176471,13.618,6.767,2.889693838172775,2.751470588235294,3.44,1.55,0.8274416004021823,2.3529411764705883,4,0,1.9686118271390012,2.8529411764705883,10,0,3.573862245453925,6.304117647058824,20.5,0.222,7.674453618278004,0,1.9908465599999907,7
886,HEO-7-Ni3.0Zn2.0Cr3.0Mn3.0Fe2.0Co3.0,100,Co3Cr2Fe3Mn2Ni2Zn2O20,Co,2.62065207999999,0.5498380399999974,1.0,Co3Cr2Fe3Mn2Ni2Zn2O20,163.94117647058823,197.0,139.0,19.259743411140654,33.128048529411764,65.4,15.999,20.627467481870628,,1.461,0.163,,3.2712523529411763,8.912,0.001429,3.937458654556529,12.970588235294118,16,6,3.8077729643581546,707.7517647058824,2180.0,54.36,827.7504828234974,11.240558823529412,13.618,6.767,2.880437090924759,2.7491176470588234,3.44,1.55,0.8299410597324113,2.3529411764705883,4,0,1.9686118271390012,2.794117647058824,10,0,3.5044460144953167,6.2041176470588235,20.5,0.222,7.55301673958903,0,2.0708140399999926,7
887,HEO-8-Fe3.0Zn2.0Cr3.0Mn3.0Co2.0Ni3.0,100,Co3Cr2Fe2Mn2Ni3Zn2O20,Co,3.04203536999998,1.4400607099999831,1.0,Co3Cr2Fe2Mn2Ni3Zn2O20,163.02941176470588,197.0,139.0,18.535316519485406,33.21196029411765,65.4,15.999,20.725259314462217,,1.461,0.163,,3.3017817647058822,8.912,0.001429,3.976855101346208,13.029411764705882,16,6,3.745470159112574,705.3105882352942,2180.0,54.36,824.6096487748582,11.232852941176471,13.618,6.767,2.889693838172775,2.751470588235294,3.44,1.55,0.8274416004021823,2.3529411764705883,4,0,1.9686118271390012,2.8529411764705883,10,0,3.573862245453925,6.304117647058824,20.5,0.222,7.674453618278004,0,1.6019746599999967,7
888,Hf,111,Hf12,hollow|A_A_A|FCC,-3.73090195656204,-2.579290068420164,3.0,Hf,212.0,212.0,212.0,0.0,178.49,178.49,178.49,0.0,,,,,13.3,13.3,13.3,0.0,4.0,4,4,0.0,2506.0,2506.0,2506.0,0.0,6.825,6.825,6.825,0.0,1.3,1.3,1.3,0.0,0.0,0,0,0.0,2.0,2,2,0.0,25.5,25.5,25.5,0.0,0,-1.151611888141876,1
889,Hf,111,Hf12,hollow|A_A_A|HCP,-3.32505654736104,-2.2831012300185876,3.0,Hf,212.0,212.0,212.0,0.0,178.49,178.49,178.49,0.0,,,,,13.3,13.3,13.3,0.0,4.0,4,4,0.0,2506.0,2506.0,2506.0,0.0,6.825,6.825,6.825,0.0,1.3,1.3,1.3,0.0,0.0,0,0,0.0,2.0,2,2,0.0,25.5,25.5,25.5,0.0,0,-1.0419553173424525,1
890,Hf,111,Hf12,top|A,-0.749242052959914,-1.424037025018265,1.0,Hf,212.0,212.0,212.0,0.0,178.49,178.49,178.49,0.0,,,,,13.3,13.3,13.3,0.0,4.0,4,4,0.0,2506.0,2506.0,2506.0,0.0,6.825,6.825,6.825,0.0,1.3,1.3,1.3,0.0,0.0,0,0,0.0,2.0,2,2,0.0,25.5,25.5,25.5,0.0,0,0.674794972058351,1
921,In,111,In12,hollow|A_A_A|FCC,0.544134614337793,0.1977309766779171,3.0,In,193.0,193.0,193.0,0.0,114.818,114.818,114.818,0.0,0.3,0.3,0.3,0.0,7.31,7.31,7.31,0.0,13.0,13,13,0.0,429.75,429.75,429.75,0.0,5.786,5.786,5.786,0.0,1.78,1.78,1.78,0.0,1.0,1,1,0.0,10.0,10,10,0.0,3.26,3.26,3.26,0.0,0,0.3464036376598759,1
922,In,111,In12,hollow|A_A_A|HCP,0.727110898438525,0.235051933880527,3.0,In,193.0,193.0,193.0,0.0,114.818,114.818,114.818,0.0,0.3,0.3,0.3,0.0,7.31,7.31,7.31,0.0,13.0,13,13,0.0,429.75,429.75,429.75,0.0,5.786,5.786,5.786,0.0,1.78,1.78,1.78,0.0,1.0,1,1,0.0,10.0,10,10,0.0,3.26,3.26,3.26,0.0,0,0.492058964557998,1
941,Ir,111,Ir12,top|A,1.6106365047379,1.1121982393823373,1.0,Ir,202.0,202.0,202.0,0.0,192.22,192.22,192.22,0.0,1.565,1.565,1.565,0.0,22.42,22.42,22.42,0.0,9.0,9,9,0.0,2719.0,2719.0,2719.0,0.0,9.1,9.1,9.1,0.0,2.2,2.2,2.2,0.0,0.0,0,0,0.0,7.0,7,7,0.0,26.0,26.0,26.0,0.0,0,0.4984382653555628,1
946,Ir-fcc,111,Ir16,fcc,1.09508070000001,0.7625588960436289,3.0,Ir,202.0,202.0,202.0,0.0,192.22,192.22,192.22,0.0,1.565,1.565,1.565,0.0,22.42,22.42,22.42,0.0,9.0,9,9,0.0,2719.0,2719.0,2719.0,0.0,9.1,9.1,9.1,0.0,2.2,2.2,2.2,0.0,0.0,0,0,0.0,7.0,7,7,0.0,26.0,26.0,26.0,0.0,0,0.3325218039563811,1
958,Ir3Ag,111,Ag3Ir9,hollow|A_A_A|FCC,0.335996780140533,1.0256527051795956,3.0,AgIr3,194.5,202.0,172.0,12.99038105676658,171.132,192.22,107.868,36.52548743001249,1.49925,1.565,1.302,0.11388234059765365,19.440250000000002,22.42,10.501,5.161078393853363,9.5,11,9,0.8660254037844386,2347.9825,2719.0,1234.93,642.621160497186,8.719,9.1,7.576,0.6599113576837422,2.1325000000000003,2.2,1.93,0.11691342951089932,0.0,0,0,0.0,7.75,10,7,1.299038105676658,22.325,26.0,11.3,6.365286717815624,0,-0.6896559250390626,2
959,Ir3Ag,111,Ag3Ir9,hollow|A_A_A|HCP,0.0386932273430034,0.4875162961806154,3.0,AgIr3,194.5,202.0,172.0,12.99038105676658,171.132,192.22,107.868,36.52548743001249,1.49925,1.565,1.302,0.11388234059765365,19.440250000000002,22.42,10.501,5.161078393853363,9.5,11,9,0.8660254037844386,2347.9825,2719.0,1234.93,642.621160497186,8.719,9.1,7.576,0.6599113576837422,2.1325000000000003,2.2,1.93,0.11691342951089932,0.0,0,0,0.0,7.75,10,7,1.299038105676658,22.325,26.0,11.3,6.365286717815624,0,-0.448823068837612,2
961,Ir3Ag,111,Ag3Ir9,top|B,3.99302799284106,1.99393728248549,1.0,AgIr3,194.5,202.0,172.0,12.99038105676658,171.132,192.22,107.868,36.52548743001249,1.49925,1.565,1.302,0.11388234059765365,19.440250000000002,22.42,10.501,5.161078393853363,9.5,11,9,0.8660254037844386,2347.9825,2719.0,1234.93,642.621160497186,8.719,9.1,7.576,0.6599113576837422,2.1325000000000003,2.2,1.93,0.11691342951089932,0.0,0,0,0.0,7.75,10,7,1.299038105676658,22.325,26.0,11.3,6.365286717815624,0,1.9990907103555702,2
968,Ir3Au,111,Au3Ir9,bridge|A_A|A,1.11850025993755,0.5265572849792761,2.0,AuIr3,193.0,202.0,166.0,15.588457268119896,193.40664249999998,196.96657,192.22,2.0553251004205477,1.7510000000000001,2.309,1.565,0.3221614502078113,21.6355,22.42,19.282,1.358793858537785,9.5,11,9,0.8660254037844386,2373.5825,2719.0,1337.33,598.2806598234228,9.131499999999999,9.226,9.1,0.05455960043842016,2.285,2.54,2.2,0.1472243186433545,0.0,0,0,0.0,7.75,10,7,1.299038105676658,22.625,26.0,12.5,5.845671475544961,0,0.5919429749582739,2
970,Ir3Au,111,Au3Ir9,hollow|A_A_A|FCC,0.332022557438734,0.9044428611786088,3.0,AuIr3,193.0,202.0,166.0,15.588457268119896,193.40664249999998,196.96657,192.22,2.0553251004205477,1.7510000000000001,2.309,1.565,0.3221614502078113,21.6355,22.42,19.282,1.358793858537785,9.5,11,9,0.8660254037844386,2373.5825,2719.0,1337.33,598.2806598234228,9.131499999999999,9.226,9.1,0.05455960043842016,2.285,2.54,2.2,0.1472243186433545,0.0,0,0,0.0,7.75,10,7,1.299038105676658,22.625,26.0,12.5,5.845671475544961,0,-0.5724203037398748,2
971,Ir3Au,111,Au3Ir9,hollow|A_A_A|HCP,0.278824574139264,0.6034675402814855,3.0,AuIr3,193.0,202.0,166.0,15.588457268119896,193.40664249999998,196.96657,192.22,2.0553251004205477,1.7510000000000001,2.309,1.565,0.3221614502078113,21.6355,22.42,19.282,1.358793858537785,9.5,11,9,0.8660254037844386,2373.5825,2719.0,1337.33,598.2806598234228,9.131499999999999,9.226,9.1,0.05455960043842016,2.285,2.54,2.2,0.1472243186433545,0.0,0,0,0.0,7.75,10,7,1.299038105676658,22.625,26.0,12.5,5.845671475544961,0,-0.32464296614222155,2
973,Ir3Au,111,Au3Ir9,top|B,3.6292336957374705,2.2328224839810673,1.0,AuIr3,193.0,202.0,166.0,15.588457268119896,193.40664249999998,196.96657,192.22,2.0553251004205477,1.7510000000000001,2.309,1.565,0.3221614502078113,21.6355,22.42,19.282,1.358793858537785,9.5,11,9,0.8660254037844386,2373.5825,2719.0,1337.33,598.2806598234228,9.131499999999999,9.226,9.1,0.05455960043842016,2.285,2.54,2.2,0.1472243186433545,0.0,0,0,0.0,7.75,10,7,1.299038105676658,22.625,26.0,12.5,5.845671475544961,0,1.3964112117564031,2
980,Ir3Cu,111,Cu3Ir9,hollow|A_A_A|FCC,0.383602551937486,1.0933127226788883,3.0,CuIr3,186.5,202.0,140.0,26.846787517317598,160.05249999999998,192.22,63.55,55.71574435247186,1.48075,1.565,1.228,0.1459252805376779,19.048250000000003,22.42,8.933,5.840042310420363,9.5,11,9,0.8660254037844386,2378.6925,2719.0,1357.77,589.4298801967457,8.756499999999999,9.1,7.726,0.5949594523999092,2.125,2.2,1.9,0.1299038105676659,0.0,0,0,0.0,7.75,10,7,1.299038105676658,22.775,26.0,13.1,5.585863854409629,0,-0.7097101707414024,2
981,Ir3Cu,111,Cu3Ir9,hollow|A_A_A|HCP,0.328452151737849,0.4957112764794829,3.0,CuIr3,186.5,202.0,140.0,26.846787517317598,160.05249999999998,192.22,63.55,55.71574435247186,1.48075,1.565,1.228,0.1459252805376779,19.048250000000003,22.42,8.933,5.840042310420363,9.5,11,9,0.8660254037844386,2378.6925,2719.0,1357.77,589.4298801967457,8.756499999999999,9.1,7.726,0.5949594523999092,2.125,2.2,1.9,0.1299038105676659,0.0,0,0,0.0,7.75,10,7,1.299038105676658,22.775,26.0,13.1,5.585863854409629,0,-0.1672591247416339,2
1011,Ir3Pd,111,Ir9Pd3,hollow|A_A_A|FCC,0.330005785635706,0.7582088841780887,3.0,Ir3Pd,202.0,202.0,202.0,0.0,170.76999999999998,192.22,106.42,37.152489822352415,1.3130000000000002,1.565,0.557,0.436476803507357,19.815,22.42,12.0,4.511992353716926,9.25,10,9,0.4330127018922193,2496.2625,2719.0,1828.05,385.7926667508728,8.90925,9.1,8.337,0.3303886915437633,2.2,2.2,2.2,0.0,0.0,0,0,0.0,7.75,10,7,1.299038105676658,23.675,26.0,16.7,4.02701812759764,0,-0.42820309854238275,2
1012,Ir3Pd,111,Ir9Pd3,hollow|A_A_A|HCP,0.348800688538006,0.5962089035791678,3.0,Ir3Pd,202.0,202.0,202.0,0.0,170.76999999999998,192.22,106.42,37.152489822352415,1.3130000000000002,1.565,0.557,0.436476803507357,19.815,22.42,12.0,4.511992353716926,9.25,10,9,0.4330127018922193,2496.2625,2719.0,1828.05,385.7926667508728,8.90925,9.1,8.337,0.3303886915437633,2.2,2.2,2.2,0.0,0.0,0,0,0.0,7.75,10,7,1.299038105676658,23.675,26.0,16.7,4.02701812759764,0,-0.24740821504116178,2
1014,Ir3Pd,111,Ir9Pd3,top|B,3.0168657198372,1.6893428474803611,1.0,Ir3Pd,202.0,202.0,202.0,0.0,170.76999999999998,192.22,106.42,37.152489822352415,1.3130000000000002,1.565,0.557,0.436476803507357,19.815,22.42,12.0,4.511992353716926,9.25,10,9,0.4330127018922193,2496.2625,2719.0,1828.05,385.7926667508728,8.90925,9.1,8.337,0.3303886915437633,2.2,2.2,2.2,0.0,0.0,0,0,0.0,7.75,10,7,1.299038105676658,23.675,26.0,16.7,4.02701812759764,0,1.327522872356839,2
1017,Ir3Pt,111,Ir9Pt3,hollow|A_A_A|FCC,0.414151411936302,0.677033380478747,3.0,Ir3Pt,203.75,209.0,202.0,3.031088913245535,192.935,195.08,192.22,1.2384163274117532,1.70575,2.128,1.565,0.24378615116531957,22.18,22.42,21.46,0.41569219381653094,9.25,10,9,0.4330127018922193,2549.6375,2719.0,2041.55,293.34445489688403,9.075,9.1,9.0,0.04330127018922177,2.22,2.28,2.2,0.034641016151377386,0.0,0,0,0.0,7.5,9,7,0.8660254037844386,24.5,26.0,20.0,2.598076211353316,0,-0.26288196854244494,2
1018,Ir3Pt,111,Ir9Pt3,hollow|A_A_A|HCP,0.631440162538468,0.7235814457789047,3.0,Ir3Pt,203.75,209.0,202.0,3.031088913245535,192.935,195.08,192.22,1.2384163274117532,1.70575,2.128,1.565,0.24378615116531957,22.18,22.42,21.46,0.41569219381653094,9.25,10,9,0.4330127018922193,2549.6375,2719.0,2041.55,293.34445489688403,9.075,9.1,9.0,0.04330127018922177,2.22,2.28,2.2,0.034641016151377386,0.0,0,0,0.0,7.5,9,7,0.8660254037844386,24.5,26.0,20.0,2.598076211353316,0,-0.09214128324043669,2
1021,Ir3Pt,111,Ir9Pt3,top|B,2.51041506253733,1.6321324095814589,1.0,Ir3Pt,203.75,209.0,202.0,3.031088913245535,192.935,195.08,192.22,1.2384163274117532,1.70575,2.128,1.565,0.24378615116531957,22.18,22.42,21.46,0.41569219381653094,9.25,10,9,0.4330127018922193,2549.6375,2719.0,2041.55,293.34445489688403,9.075,9.1,9.0,0.04330127018922177,2.22,2.28,2.2,0.034641016151377386,0.0,0,0,0.0,7.5,9,7,0.8660254037844386,24.5,26.0,20.0,2.598076211353316,0,0.8782826529558712,2
1022,Ir3Re,111,Ir9Re3,hollow|A_A_A|FCC,1.69530526993896,1.0901070855805983,3.0,Ir3Re,205.75,217.0,202.0,6.49519052838329,190.71675,192.22,186.207,2.603705376477917,1.2112500000000002,1.565,0.15,0.6127129731774903,22.015,22.42,20.8,0.7014805770653957,8.5,9,7,0.8660254037844386,2904.0,3459.0,2719.0,320.4293994002423,8.795,9.1,7.88,0.5282754963085075,2.125,2.2,1.9,0.1299038105676659,0.0,0,0,0.0,6.5,7,5,0.8660254037844386,27.75,33.0,26.0,3.031088913245535,0,0.6051981843583616,2
1023,Ir3Re,111,Ir9Re3,hollow|A_A_A|HCP,1.27933545723846,1.0757179779801618,3.0,Ir3Re,205.75,217.0,202.0,6.49519052838329,190.71675,192.22,186.207,2.603705376477917,1.2112500000000002,1.565,0.15,0.6127129731774903,22.015,22.42,20.8,0.7014805770653957,8.5,9,7,0.8660254037844386,2904.0,3459.0,2719.0,320.4293994002423,8.795,9.1,7.88,0.5282754963085075,2.125,2.2,1.9,0.1299038105676659,0.0,0,0,0.0,6.5,7,5,0.8660254037844386,27.75,33.0,26.0,3.031088913245535,0,0.20361747925829832,2
1027,Ir3Re,111,Ir9Re3,top|B,-0.488757271261591,-0.3884680834190703,1.0,Ir3Re,205.75,217.0,202.0,6.49519052838329,190.71675,192.22,186.207,2.603705376477917,1.2112500000000002,1.565,0.15,0.6127129731774903,22.015,22.42,20.8,0.7014805770653957,8.5,9,7,0.8660254037844386,2904.0,3459.0,2719.0,320.4293994002423,8.795,9.1,7.88,0.5282754963085075,2.125,2.2,1.9,0.1299038105676659,0.0,0,0,0.0,6.5,7,5,0.8660254037844386,27.75,33.0,26.0,3.031088913245535,0,-0.10028918784252072,2
1031,Ir3Rh,111,Ir9Rh3,hollow|A_A_A|FCC,0.596961026239853,0.697817027380438,3.0,Ir3Rh,200.25,202.0,195.0,3.031088913245535,169.89137499999998,192.22,102.9055,38.67431296315262,1.4580000000000002,1.565,1.137,0.18532943640986985,19.915000000000003,22.42,12.4,4.3387872729600385,9.0,9,9,0.0,2598.5,2719.0,2237.0,208.7121223120497,8.68975,9.1,7.459,0.7105738438051319,2.22,2.28,2.2,0.034641016151377386,0.0,0,0,0.0,7.25,8,7,0.4330127018922193,24.925,26.0,21.7,1.8619546181365434,0,-0.10085600114058502,2
1032,Ir3Rh,111,Ir9Rh3,hollow|A_A_A|HCP,0.66051675073669,0.713217173980297,3.0,Ir3Rh,200.25,202.0,195.0,3.031088913245535,169.89137499999998,192.22,102.9055,38.67431296315262,1.4580000000000002,1.565,1.137,0.18532943640986985,19.915000000000003,22.42,12.4,4.3387872729600385,9.0,9,9,0.0,2598.5,2719.0,2237.0,208.7121223120497,8.68975,9.1,7.459,0.7105738438051319,2.22,2.28,2.2,0.034641016151377386,0.0,0,0,0.0,7.25,8,7,0.4330127018922193,24.925,26.0,21.7,1.8619546181365434,0,-0.05270042324360702,2
1035,Ir3Rh,111,Ir9Rh3,top|A,1.50385808213815,0.3160138281790523,1.0,Ir3Rh,200.25,202.0,195.0,3.031088913245535,169.89137499999998,192.22,102.9055,38.67431296315262,1.4580000000000002,1.565,1.137,0.18532943640986985,19.915000000000003,22.42,12.4,4.3387872729600385,9.0,9,9,0.0,2598.5,2719.0,2237.0,208.7121223120497,8.68975,9.1,7.459,0.7105738438051319,2.22,2.28,2.2,0.034641016151377386,0.0,0,0,0.0,7.25,8,7,0.4330127018922193,24.925,26.0,21.7,1.8619546181365434,0,1.1878442539590977,2
1036,Ir3Rh,111,Ir9Rh3,top|B,2.1273310236391,1.2445055661818287,1.0,Ir3Rh,200.25,202.0,195.0,3.031088913245535,169.89137499999998,192.22,102.9055,38.67431296315262,1.4580000000000002,1.565,1.137,0.18532943640986985,19.915000000000003,22.42,12.4,4.3387872729600385,9.0,9,9,0.0,2598.5,2719.0,2237.0,208.7121223120497,8.68975,9.1,7.459,0.7105738438051319,2.22,2.28,2.2,0.034641016151377386,0.0,0,0,0.0,7.25,8,7,0.4330127018922193,24.925,26.0,21.7,1.8619546181365434,0,0.8828254574572711,2
1041,Ir3Ru,111,Ir9Ru3,hollow|A_A_B|FCC,0.519533074337062,0.3968479650801555,3.0,Ir3Ru,203.25,207.0,202.0,2.165063509461097,169.44,192.22,101.1,39.456117396419025,1.43625,1.565,1.05,0.22300154147449291,19.84,22.42,12.1,4.4686910835277045,8.75,9,8,0.4330127018922193,2691.0,2719.0,2607.0,48.49742261192856,8.665249999999999,9.1,7.361,0.7530090885905694,2.2,2.2,2.2,0.0,0.0,0,0,0.0,7.0,7,7,0.0,25.925,26.0,25.7,0.12990381056766612,0,0.12268510925690645,2
1042,Ir3Ru,111,Ir9Ru3,hollow|A_A_B|HCP,0.560752334338588,0.6030272600809212,3.0,Ir3Ru,203.25,207.0,202.0,2.165063509461097,169.44,192.22,101.1,39.456117396419025,1.43625,1.565,1.05,0.22300154147449291,19.84,22.42,12.1,4.4686910835277045,8.75,9,8,0.4330127018922193,2691.0,2719.0,2607.0,48.49742261192856,8.665249999999999,9.1,7.361,0.7530090885905694,2.2,2.2,2.2,0.0,0.0,0,0,0.0,7.0,7,7,0.0,25.925,26.0,25.7,0.12990381056766612,0,-0.04227492574233327,2
1043,Ir3Ru,111,Ir9Ru3,top|A,1.5978913728357,0.3685528878785362,1.0,Ir3Ru,203.25,207.0,202.0,2.165063509461097,169.44,192.22,101.1,39.456117396419025,1.43625,1.565,1.05,0.22300154147449291,19.84,22.42,12.1,4.4686910835277045,8.75,9,8,0.4330127018922193,2691.0,2719.0,2607.0,48.49742261192856,8.665249999999999,9.1,7.361,0.7530090885905694,2.2,2.2,2.2,0.0,0.0,0,0,0.0,7.0,7,7,0.0,25.925,26.0,25.7,0.12990381056766612,0,1.2293384849571638,2
1044,Ir3Ru,111,Ir9Ru3,top|B,1.21346336363769,0.8186506739774586,1.0,Ir3Ru,203.25,207.0,202.0,2.165063509461097,169.44,192.22,101.1,39.456117396419025,1.43625,1.565,1.05,0.22300154147449291,19.84,22.42,12.1,4.4686910835277045,8.75,9,8,0.4330127018922193,2691.0,2719.0,2607.0,48.49742261192856,8.665249999999999,9.1,7.361,0.7530090885905694,2.2,2.2,2.2,0.0,0.0,0,0,0.0,7.0,7,7,0.0,25.925,26.0,25.7,0.12990381056766612,0,0.3948126896602313,2
1068,IrO2-columbite,100,Ir10O23,O1C,1.4961663,-0.058287660000019,1.0,Ir10O23,167.15151515151516,202.0,152.0,22.97841043651985,69.39930303030303,192.22,15.999,80.9855693106793,1.4925151515151516,1.565,1.461,0.04779509370796123,6.794935363636364,22.42,0.001429,10.302862516765225,13.878787878787879,16,9,3.216977461112779,861.8266666666667,2719.0,54.36,1224.583831711365,12.248909090909091,13.618,9.1,2.076329167043934,3.0642424242424244,3.44,2.2,0.5698645788256922,2.787878787878788,4,0,1.838272834921588,2.121212121212121,7,0,3.216977461112779,8.033515151515152,26.0,0.222,11.846749284652173,0,1.5544539600000191,2
1069,IrO2-columbite,100,Ir10O23,O2C,0.929731930000003,-0.4289847100000088,1.0,Ir10O23,167.15151515151516,202.0,152.0,22.97841043651985,69.39930303030303,192.22,15.999,80.9855693106793,1.4925151515151516,1.565,1.461,0.04779509370796123,6.794935363636364,22.42,0.001429,10.302862516765225,13.878787878787879,16,9,3.216977461112779,861.8266666666667,2719.0,54.36,1224.583831711365,12.248909090909091,13.618,9.1,2.076329167043934,3.0642424242424244,3.44,2.2,0.5698645788256922,2.787878787878788,4,0,1.838272834921588,2.121212121212121,7,0,3.216977461112779,8.033515151515152,26.0,0.222,11.846749284652173,0,1.358716640000012,2
1071,IrO2-columbite,101,Ir18O38,O1C-CUS,1.76578904999997,-0.0274333400000159,1.0,Ir9O19,168.07142857142858,202.0,152.0,23.351244340396466,72.64146428571429,192.22,15.999,82.29959257818011,1.4944285714285714,1.565,1.461,0.04857058822802459,7.207398250000002,22.42,0.001429,10.470030583670528,13.75,16,9,3.2691742076555053,910.8514285714286,2719.0,54.36,1244.4531943838808,12.165785714285716,13.618,9.1,2.110018438598225,3.041428571428572,3.44,2.2,0.5791108596418323,2.7142857142857144,4,0,1.8680995472317174,2.25,7,0,3.2691742076555053,8.507785714285715,26.0,0.222,12.038967532134802,0,1.793222389999986,2
1072,IrO2-columbite,101,Ir18O38,O1C-bridge-like,2.57743198999998,0.851554120000003,2.0,Ir9O19,168.07142857142858,202.0,152.0,23.351244340396466,72.64146428571429,192.22,15.999,82.29959257818011,1.4944285714285714,1.565,1.461,0.04857058822802459,7.207398250000002,22.42,0.001429,10.470030583670528,13.75,16,9,3.2691742076555053,910.8514285714286,2719.0,54.36,1244.4531943838808,12.165785714285716,13.618,9.1,2.110018438598225,3.041428571428572,3.44,2.2,0.5791108596418323,2.7142857142857144,4,0,1.8680995472317174,2.25,7,0,3.2691742076555053,8.507785714285715,26.0,0.222,12.038967532134802,0,1.725877869999977,2
1073,IrO2-columbite-exp-strain,100,Ir10O23,O1C,1.46623468999999,-0.0914935200000002,1.0,Ir10O23,167.15151515151516,202.0,152.0,22.97841043651985,69.39930303030303,192.22,15.999,80.9855693106793,1.4925151515151516,1.565,1.461,0.04779509370796123,6.794935363636364,22.42,0.001429,10.302862516765225,13.878787878787879,16,9,3.216977461112779,861.8266666666667,2719.0,54.36,1224.583831711365,12.248909090909091,13.618,9.1,2.076329167043934,3.0642424242424244,3.44,2.2,0.5698645788256922,2.787878787878788,4,0,1.838272834921588,2.121212121212121,7,0,3.216977461112779,8.033515151515152,26.0,0.222,11.846749284652173,0,1.5577282099999903,2
1074,IrO2-rutile,100,Ir20O43,Ir-site,1.58195875000001,-0.0609221699999693,1.0,Ir20O43,167.87301587301587,202.0,152.0,23.27440999780187,71.9421746031746,192.22,15.999,82.02879608445288,1.494015873015873,1.565,1.461,0.04841077279542784,7.1184356666666675,22.42,0.001429,10.435580260376623,13.777777777777779,16,9,3.2584173996922625,900.2774603174603,2719.0,54.36,1240.3584771308556,12.183714285714284,13.618,9.1,2.1030756874013776,3.0463492063492064,3.44,2.2,0.5772053679454864,2.7301587301587302,4,0,1.8619527998241499,2.2222222222222223,7,0,3.258417399692262,8.405492063492062,26.0,0.222,11.999354818466733,0,1.6428809199999794,2
1075,IrO2-rutile,100,Ir20O43,O1C,1.58195875000001,-0.0609221699999693,1.0,Ir20O43,167.87301587301587,202.0,152.0,23.27440999780187,71.9421746031746,192.22,15.999,82.02879608445288,1.494015873015873,1.565,1.461,0.04841077279542784,7.1184356666666675,22.42,0.001429,10.435580260376623,13.777777777777779,16,9,3.2584173996922625,900.2774603174603,2719.0,54.36,1240.3584771308556,12.183714285714284,13.618,9.1,2.1030756874013776,3.0463492063492064,3.44,2.2,0.5772053679454864,2.7301587301587302,4,0,1.8619527998241499,2.2222222222222223,7,0,3.258417399692262,8.405492063492062,26.0,0.222,11.999354818466733,0,1.6428809199999794,2
1077,IrO2-rutile,110,Ir16O33,CUS-Ir-site,1.50305950000001,-0.1076513200000022,1.0,Ir16O33,168.32653061224488,202.0,152.0,23.447194475665423,73.54055102040816,192.22,15.999,82.63776115392473,1.4949591836734695,1.565,1.461,0.04877016450938402,7.321778714285714,22.42,0.001429,10.513051882070263,13.714285714285714,16,9,3.282607226593159,924.4465306122448,2719.0,54.36,1249.5666457527423,12.142734693877552,13.618,9.1,2.1186884928211276,3.0351020408163265,3.44,2.2,0.5814904229965023,2.693877551020408,4,0,1.8757755580532338,2.2857142857142856,7,0,3.282607226593159,8.639306122448978,26.0,0.222,12.088435583874066,0,1.6107108200000122,2
1078,IrO2-rutile,110,Ir16O33,O1C,1.50305950000001,-0.1076513200000022,1.0,Ir16O33,168.32653061224488,202.0,152.0,23.447194475665423,73.54055102040816,192.22,15.999,82.63776115392473,1.4949591836734695,1.565,1.461,0.04877016450938402,7.321778714285714,22.42,0.001429,10.513051882070263,13.714285714285714,16,9,3.282607226593159,924.4465306122448,2719.0,54.36,1249.5666457527423,12.142734693877552,13.618,9.1,2.1186884928211276,3.0351020408163265,3.44,2.2,0.5814904229965023,2.693877551020408,4,0,1.8757755580532338,2.2857142857142856,7,0,3.282607226593159,8.639306122448978,26.0,0.222,12.088435583874066,0,1.6107108200000122,2
1084,IrPd,101,Ir6Pd6,hollow|A_B_B|FCC,1.15170712793753,0.8242767636810413,4.0,IrPd,202.0,202.0,202.0,0.0,149.32,192.22,106.42,42.9,1.061,1.565,0.557,0.504,17.21,22.42,12.0,5.210000000000001,9.5,10,9,0.5,2273.525,2719.0,1828.05,445.475,8.718499999999999,9.1,8.337,0.3815,2.2,2.2,2.2,0.0,0.0,0,0,0.0,8.5,10,7,1.5,21.35,26.0,16.7,4.65,0,0.32743036425648864,2
1094,IrPt,101,Ir6Pt6,top|A,1.44810086813942,0.3086528767825029,1.0,IrPt,205.5,209.0,202.0,3.5,193.65,195.08,192.22,1.4300000000000068,1.8465,2.128,1.565,0.2815000000000001,21.94,22.42,21.46,0.4800000000000004,9.5,10,9,0.5,2380.275,2719.0,2041.55,338.725,9.05,9.1,9.0,0.04999999999999982,2.24,2.28,2.2,0.039999999999999813,0.0,0,0,0.0,8.0,9,7,1.0,23.0,26.0,20.0,3.0,0,1.139447991356917,2
1097,IrRe,101,Ir6Re6,hollow|A_A_B|HCP,0.290742207838605,0.7446038725801145,4.0,IrRe,209.5,217.0,202.0,7.5,189.2135,192.22,186.207,3.0065000000000026,0.8574999999999999,1.565,0.15,0.7074999999999999,21.61,22.42,20.8,0.8100000000000005,8.0,9,7,1.0,3089.0,3459.0,2719.0,370.0,8.49,9.1,7.88,0.6099999999999999,2.05,2.2,1.9,0.15000000000000013,0.0,0,0,0.0,6.0,7,5,1.0,29.5,33.0,26.0,3.5,0,-0.4538616647415095,2
1101,IrRe,101,Ir6Re6,top|B,-0.319340419861135,-0.2027638581195106,1.0,IrRe,209.5,217.0,202.0,7.5,189.2135,192.22,186.207,3.0065000000000026,0.8574999999999999,1.565,0.15,0.7074999999999999,21.61,22.42,20.8,0.8100000000000005,8.0,9,7,1.0,3089.0,3459.0,2719.0,370.0,8.49,9.1,7.88,0.6099999999999999,2.05,2.2,1.9,0.15000000000000013,0.0,0,0,0.0,6.0,7,5,1.0,29.5,33.0,26.0,3.5,0,-0.1165765617416244,2
1107,IrRh,101,Ir6Rh6,hollow|A_B_B|FCC,0.736266712737972,0.4001044874829631,4.0,IrRh,198.5,202.0,195.0,3.5,147.56275,192.22,102.9055,44.65725,1.351,1.565,1.137,0.21399999999999997,17.41,22.42,12.4,5.010000000000001,9.0,9,9,0.0,2478.0,2719.0,2237.0,241.0,8.279499999999999,9.1,7.459,0.8205,2.24,2.28,2.2,0.039999999999999813,0.0,0,0,0.0,7.5,8,7,0.5,23.85,26.0,21.7,2.1500000000000004,0,0.33616222525500883,2
1114,IrRu,101,Ir6Ru6,hollow|A_A_B|FCC,0.742627917937909,0.5393524857798866,4.0,IrRu,204.5,207.0,202.0,2.5,146.66,192.22,101.1,45.56,1.3075,1.565,1.05,0.25749999999999995,17.26,22.42,12.1,5.160000000000001,8.5,9,8,0.5,2663.0,2719.0,2607.0,56.0,8.2305,9.1,7.361,0.8694999999999999,2.2,2.2,2.2,0.0,0.0,0,0,0.0,7.0,7,7,0.0,25.85,26.0,25.7,0.15000000000000036,0,0.20327543215802246,2
1116,IrRu,101,Ir6Ru6,hollow|A_B_B|FCC,0.284866589736168,0.1653767772776291,4.0,IrRu,204.5,207.0,202.0,2.5,146.66,192.22,101.1,45.56,1.3075,1.565,1.05,0.25749999999999995,17.26,22.42,12.1,5.160000000000001,8.5,9,8,0.5,2663.0,2719.0,2607.0,56.0,8.2305,9.1,7.361,0.8694999999999999,2.2,2.2,2.2,0.0,0.0,0,0,0.0,7.0,7,7,0.0,25.85,26.0,25.7,0.15000000000000036,0,0.11948981245853893,2
1120,La,111,La12,hollow|A_A_A|FCC,-3.0047505315635,-2.164155645222422,3.0,La,240.0,240.0,240.0,0.0,138.9055,138.9055,138.9055,0.0,0.5,0.5,0.5,0.0,6.15,6.15,6.15,0.0,4.0,4,4,0.0,1191.0,1191.0,1191.0,0.0,5.577,5.577,5.577,0.0,1.1,1.1,1.1,0.0,0.0,0,0,0.0,1.0,1,1,0.0,6.3,6.3,6.3,0.0,0,-0.8405948863410777,1
1121,La,111,La12,hollow|A_A_A|HCP,-2.91175004886117,-2.104819317820443,3.0,La,240.0,240.0,240.0,0.0,138.9055,138.9055,138.9055,0.0,0.5,0.5,0.5,0.0,6.15,6.15,6.15,0.0,4.0,4,4,0.0,1191.0,1191.0,1191.0,0.0,5.577,5.577,5.577,0.0,1.1,1.1,1.1,0.0,0.0,0,0,0.0,1.0,1,1,0.0,6.3,6.3,6.3,0.0,0,-0.806930731040727,1
1122,La,111,La12,top|A,-0.699858561362078,-1.2737670556226703,1.0,La,240.0,240.0,240.0,0.0,138.9055,138.9055,138.9055,0.0,0.5,0.5,0.5,0.0,6.15,6.15,6.15,0.0,4.0,4,4,0.0,1191.0,1191.0,1191.0,0.0,5.577,5.577,5.577,0.0,1.1,1.1,1.1,0.0,0.0,0,0,0.0,1.0,1,1,0.0,6.3,6.3,6.3,0.0,0,0.5739084942605923,1
1167,Mo-bcc,110,Mo16,hollow,-1.48983924000001,-1.1770971178484615,4.0,Mo,209.0,209.0,209.0,0.0,95.95,95.95,95.95,0.0,0.746,0.746,0.746,0.0,10.2,10.2,10.2,0.0,6.0,6,6,0.0,2896.0,2896.0,2896.0,0.0,7.092,7.092,7.092,0.0,2.16,2.16,2.16,0.0,0.0,0,0,0.0,5.0,5,5,0.0,36.0,36.0,36.0,0.0,0,-0.3127421221515485,1
1185,Nb,111,Nb12,hollow|A_A_A|FCC,-2.97739383886091,-2.130750270017529,3.0,Nb,207.0,207.0,207.0,0.0,92.90637,92.90637,92.90637,0.0,0.893,0.893,0.893,0.0,8.57,8.57,8.57,0.0,5.0,5,5,0.0,2750.0,2750.0,2750.0,0.0,6.759,6.759,6.759,0.0,1.6,1.6,1.6,0.0,0.0,0,0,0.0,4.0,4,4,0.0,26.8,26.8,26.8,0.0,0,-0.8466435688433807,1
1186,Nb,111,Nb12,hollow|A_A_A|HCP,-2.98299924786278,-2.1911787262207554,3.0,Nb,207.0,207.0,207.0,0.0,92.90637,92.90637,92.90637,0.0,0.893,0.893,0.893,0.0,8.57,8.57,8.57,0.0,5.0,5,5,0.0,2750.0,2750.0,2750.0,0.0,6.759,6.759,6.759,0.0,1.6,1.6,1.6,0.0,0.0,0,0,0.0,4.0,4,4,0.0,26.8,26.8,26.8,0.0,0,-0.7918205216420247,1
1187,Nb,111,Nb12,top|A,-0.958595011561727,-1.273559296717508,1.0,Nb,207.0,207.0,207.0,0.0,92.90637,92.90637,92.90637,0.0,0.893,0.893,0.893,0.0,8.57,8.57,8.57,0.0,5.0,5,5,0.0,2750.0,2750.0,2750.0,0.0,6.759,6.759,6.759,0.0,1.6,1.6,1.6,0.0,0.0,0,0,0.0,4.0,4,4,0.0,26.8,26.8,26.8,0.0,0,0.314964285155781,1
1214,Ni-fcc,111,Ni16,fcc,0.351821939999994,0.027117504592752,3.0,Ni,163.0,163.0,163.0,0.0,58.693,58.693,58.693,0.0,1.156,1.156,1.156,0.0,8.912,8.912,8.912,0.0,10.0,10,10,0.0,1728.0,1728.0,1728.0,0.0,7.64,7.64,7.64,0.0,1.91,1.91,1.91,0.0,0.0,0,0,0.0,8.0,8,8,0.0,17.2,17.2,17.2,0.0,0,0.32470443540724203,1
1241,NiCo-MOF,100,Co3Ni6C96H48N48,M1,3.9187312799999696,1.6074597999997875,1.0,CoNi2C32H16N16,154.59701492537312,192.0,120.0,20.54704082372246,11.953898358208955,58.93319,1.008,11.303606677334423,,1.263,0.661,,1.48133504,8.912,8.988e-05,1.9500580802840308,10.940298507462686,15,1,5.664449485218735,1922.259104477612,3823.0,13.81,1849.9084845438322,12.44168656716418,14.534,7.64,1.7407919385732602,2.5543283582089553,3.04,1.88,0.32480636656780015,1.671641791044776,3,0,1.1248623093383148,0.34328358208955223,8,0,1.588693622774349,51.12370149253731,105.0,0.36,51.62259342604066,0,2.3112714800001823,5
1242,NiCo-MOF,100,Co3Ni6C96H48N48,M2,2.91218104999984,0.7593399999998383,1.0,CoNi2C32H16N16,154.59701492537312,192.0,120.0,20.54704082372246,11.953898358208955,58.93319,1.008,11.303606677334423,,1.263,0.661,,1.48133504,8.912,8.988e-05,1.9500580802840308,10.940298507462686,15,1,5.664449485218735,1922.259104477612,3823.0,13.81,1849.9084845438322,12.44168656716418,14.534,7.64,1.7407919385732602,2.5543283582089553,3.04,1.88,0.32480636656780015,1.671641791044776,3,0,1.1248623093383148,0.34328358208955223,8,0,1.588693622774349,51.12370149253731,105.0,0.36,51.62259342604066,0,2.152841050000002,5
1243,NiCu-MOF,100,Cu3Ni6C96H48N48,M1,3.91957531999992,1.4275020400000358,1.0,CuNi2C32H16N16,153.82089552238804,170.0,120.0,20.096725338902687,12.022805970149253,63.55,1.008,11.59997287083653,,1.263,0.754,,1.482424592238806,8.933,8.988e-05,1.9541964457350562,10.970149253731343,15,1,5.659413368823297,1916.1362686567165,3823.0,13.81,1851.0874342798515,12.439373134328358,14.534,7.64,1.7469434700746462,2.5546268656716418,3.04,1.9,0.3241951151869372,1.671641791044776,3,0,1.1248623093383148,0.3880597014925373,10,0,1.8034396975514289,51.077432835820886,105.0,0.36,51.655253262265326,0,2.492073279999884,5
1244,NiCu-MOF,100,Cu3Ni6C96H48N48,M2,4.23663455999986,1.1918850899999145,1.0,CuNi2C32H16N16,153.82089552238804,170.0,120.0,20.096725338902687,12.022805970149253,63.55,1.008,11.59997287083653,,1.263,0.754,,1.482424592238806,8.933,8.988e-05,1.9541964457350562,10.970149253731343,15,1,5.659413368823297,1916.1362686567165,3823.0,13.81,1851.0874342798515,12.439373134328358,14.534,7.64,1.7469434700746462,2.5546268656716418,3.04,1.9,0.3241951151869372,1.671641791044776,3,0,1.1248623093383148,0.3880597014925373,10,0,1.8034396975514289,51.077432835820886,105.0,0.36,51.655253262265326,0,3.044749469999946,5
1245,NiNi-MOF,100,Ni9C96H48N48,M1,3.9423177000001,1.611057020000089,1.0,Ni3C32H16N16,154.1641791044776,170.0,120.0,20.054103696560443,11.95031343283582,58.693,1.008,11.28873498750758,,1.263,0.754,,1.482111159402985,8.912,8.988e-05,1.953002745112211,10.955223880597014,15,1,5.660633464421998,1921.662089552239,3823.0,13.81,1849.964625427456,12.438089552238806,14.534,7.64,1.7504342977633773,2.554776119402985,3.04,1.91,0.3238958659307502,1.671641791044776,3,0,1.1248623093383148,0.3582089552238806,8,0,1.6544962937971364,51.13862686567163,105.0,0.36,51.61263756178957,0,2.3312606800000113,4
1246,NiNi-MOF,100,Ni9C96H48N48,M2,3.23820587,1.5625627599999916,1.0,Ni3C32H16N16,154.1641791044776,170.0,120.0,20.054103696560443,11.95031343283582,58.693,1.008,11.28873498750758,,1.263,0.754,,1.482111159402985,8.912,8.988e-05,1.953002745112211,10.955223880597014,15,1,5.660633464421998,1921.662089552239,3823.0,13.81,1849.964625427456,12.438089552238806,14.534,7.64,1.7504342977633773,2.554776119402985,3.04,1.91,0.3238958659307502,1.671641791044776,3,0,1.1248623093383148,0.3582089552238806,8,0,1.6544962937971364,51.13862686567163,105.0,0.36,51.61263756178957,0,1.6756431100000082,4
1267,Os3Ag,111,Ag3Os9,hollow|A_A_A|FCC,-0.519316743757543,0.2795264917848499,3.0,AgOs3,205.0,216.0,172.0,19.05255888325765,169.61699999999996,190.2,107.868,35.6508017721902,1.1505,1.302,1.1,0.08746856578222828,19.552750000000003,22.57,10.501,5.226030299137196,8.75,11,8,1.299038105676658,2788.2325,3306.0,1234.93,896.7996165079187,8.418999999999999,8.7,7.576,0.48670627692685436,2.1325000000000003,2.2,1.93,0.11691342951089932,0.0,0,0,0.0,7.0,10,6,1.7320508075688772,26.075,31.0,11.3,8.53035022727672,0,-0.7988432355423929,2
1268,Os3Ag,111,Ag3Os9,hollow|A_A_A|HCP,-1.00148491456292,-0.0054591478138945,3.0,AgOs3,205.0,216.0,172.0,19.05255888325765,169.61699999999996,190.2,107.868,35.6508017721902,1.1505,1.302,1.1,0.08746856578222828,19.552750000000003,22.57,10.501,5.226030299137196,8.75,11,8,1.299038105676658,2788.2325,3306.0,1234.93,896.7996165079187,8.418999999999999,8.7,7.576,0.48670627692685436,2.1325000000000003,2.2,1.93,0.11691342951089932,0.0,0,0,0.0,7.0,10,6,1.7320508075688772,26.075,31.0,11.3,8.53035022727672,0,-0.9960257667490257,2
1270,Os3Ag,111,Ag3Os9,top|B,3.8388594485402896,1.919074819784214,1.0,AgOs3,205.0,216.0,172.0,19.05255888325765,169.61699999999996,190.2,107.868,35.6508017721902,1.1505,1.302,1.1,0.08746856578222828,19.552750000000003,22.57,10.501,5.226030299137196,8.75,11,8,1.299038105676658,2788.2325,3306.0,1234.93,896.7996165079187,8.418999999999999,8.7,7.576,0.48670627692685436,2.1325000000000003,2.2,1.93,0.11691342951089932,0.0,0,0,0.0,7.0,10,6,1.7320508075688772,26.075,31.0,11.3,8.53035022727672,0,1.9197846287560756,2
1273,Os3Cu,111,Cu3Os9,hollow|A_A_A|FCC,-0.608818250763022,0.1964583001798701,3.0,CuOs3,197.0,216.0,140.0,32.90896534380867,158.53749999999997,190.2,63.55,54.841058694649576,1.1320000000000001,1.228,1.1,0.05542562584220403,19.16075,22.57,8.933,5.904994215704195,8.75,11,8,1.299038105676658,2818.9425,3306.0,1357.77,843.6083362074784,8.4565,8.7,7.726,0.4217543716430213,2.125,2.2,1.9,0.1299038105676659,0.0,0,0,0.0,7.0,10,6,1.7320508075688772,26.525,31.0,13.1,7.750927363870726,0,-0.8052765509428921,2
1274,Os3Cu,111,Cu3Os9,hollow|A_A_A|HCP,-0.739883105667275,0.2834770403759421,3.0,CuOs3,197.0,216.0,140.0,32.90896534380867,158.53749999999997,190.2,63.55,54.841058694649576,1.1320000000000001,1.228,1.1,0.05542562584220403,19.16075,22.57,8.933,5.904994215704195,8.75,11,8,1.299038105676658,2818.9425,3306.0,1357.77,843.6083362074784,8.4565,8.7,7.726,0.4217543716430213,2.125,2.2,1.9,0.1299038105676659,0.0,0,0,0.0,7.0,10,6,1.7320508075688772,26.525,31.0,13.1,7.750927363870726,0,-1.0233601460432171,2
1276,Os3Cu,111,Cu3Os9,top|A,0.500007273734639,0.1187302066799702,1.0,CuOs3,197.0,216.0,140.0,32.90896534380867,158.53749999999997,190.2,63.55,54.841058694649576,1.1320000000000001,1.228,1.1,0.05542562584220403,19.16075,22.57,8.933,5.904994215704195,8.75,11,8,1.299038105676658,2818.9425,3306.0,1357.77,843.6083362074784,8.4565,8.7,7.726,0.4217543716430213,2.125,2.2,1.9,0.1299038105676659,0.0,0,0,0.0,7.0,10,6,1.7320508075688772,26.525,31.0,13.1,7.750927363870726,0,0.38127706705466885,2
1277,Os3Cu,111,Cu3Os9,top|B,3.12332223193863,1.5096263511776442,1.0,CuOs3,197.0,216.0,140.0,32.90896534380867,158.53749999999997,190.2,63.55,54.841058694649576,1.1320000000000001,1.228,1.1,0.05542562584220403,19.16075,22.57,8.933,5.904994215704195,8.75,11,8,1.299038105676658,2818.9425,3306.0,1357.77,843.6083362074784,8.4565,8.7,7.726,0.4217543716430213,2.125,2.2,1.9,0.1299038105676659,0.0,0,0,0.0,7.0,10,6,1.7320508075688772,26.525,31.0,13.1,7.750927363870726,0,1.6136958807609858,2
1280,Os3Pd,111,Os9Pd3,hollow|A_A_A|FCC,-0.378573888159906,0.1682361494794122,3.0,Os3Pd,212.5,216.0,202.0,6.06217782649107,169.25499999999997,190.2,106.42,36.27780416453013,0.96425,1.1,0.557,0.23512589712747511,19.927500000000002,22.57,12.0,4.576944259000759,8.5,10,8,0.8660254037844386,2936.5125,3306.0,1828.05,639.9711227616056,8.60925,8.7,8.337,0.15718361078687543,2.2,2.2,2.2,0.0,0.0,0,0,0.0,7.0,10,6,1.7320508075688772,27.425,31.0,16.7,6.192081637058736,0,-0.5468100376393182,2
1281,Os3Pd,111,Os9Pd3,hollow|A_A_A|HCP,-0.794954456661969,0.204382527282064,3.0,Os3Pd,212.5,216.0,202.0,6.06217782649107,169.25499999999997,190.2,106.42,36.27780416453013,0.96425,1.1,0.557,0.23512589712747511,19.927500000000002,22.57,12.0,4.576944259000759,8.5,10,8,0.8660254037844386,2936.5125,3306.0,1828.05,639.9711227616056,8.60925,8.7,8.337,0.15718361078687543,2.2,2.2,2.2,0.0,0.0,0,0,0.0,7.0,10,6,1.7320508075688772,27.425,31.0,16.7,6.192081637058736,0,-0.9993369839440329,2
1282,Os3Pd,111,Os9Pd3,top|A,0.660734441840589,0.1757067627812603,1.0,Os3Pd,212.5,216.0,202.0,6.06217782649107,169.25499999999997,190.2,106.42,36.27780416453013,0.96425,1.1,0.557,0.23512589712747511,19.927500000000002,22.57,12.0,4.576944259000759,8.5,10,8,0.8660254037844386,2936.5125,3306.0,1828.05,639.9711227616056,8.60925,8.7,8.337,0.15718361078687543,2.2,2.2,2.2,0.0,0.0,0,0,0.0,7.0,10,6,1.7320508075688772,27.425,31.0,16.7,6.192081637058736,0,0.48502767905932875,2
1283,Os3Pd,111,Os9Pd3,top|B,3.07781404963663,1.6053980412806368,1.0,Os3Pd,212.5,216.0,202.0,6.06217782649107,169.25499999999997,190.2,106.42,36.27780416453013,0.96425,1.1,0.557,0.23512589712747511,19.927500000000002,22.57,12.0,4.576944259000759,8.5,10,8,0.8660254037844386,2936.5125,3306.0,1828.05,639.9711227616056,8.60925,8.7,8.337,0.15718361078687543,2.2,2.2,2.2,0.0,0.0,0,0,0.0,7.0,10,6,1.7320508075688772,27.425,31.0,16.7,6.192081637058736,0,1.4724160083559932,2
1286,Os3Pt,111,Os9Pt3,hollow|A_A_A|FCC,-0.25999837816579,0.1663565231764323,3.0,Os3Pt,214.25,216.0,209.0,3.031088913245535,191.42,195.08,190.2,2.1131019852340405,1.3570000000000002,2.128,1.1,0.4451370575452015,22.292500000000004,22.57,21.46,0.4806440991003632,8.5,10,8,0.8660254037844386,2989.8875,3306.0,2041.55,547.5229109076167,8.774999999999999,9.0,8.7,0.12990381056766612,2.22,2.28,2.2,0.034641016151377386,0.0,0,0,0.0,6.75,9,6,1.299038105676658,28.25,31.0,20.0,4.763139720814412,0,-0.4263549013422223,2
1287,Os3Pt,111,Os9Pt3,hollow|A_A_A|HCP,-0.607385843464897,0.3209565039768449,3.0,Os3Pt,214.25,216.0,209.0,3.031088913245535,191.42,195.08,190.2,2.1131019852340405,1.3570000000000002,2.128,1.1,0.4451370575452015,22.292500000000004,22.57,21.46,0.4806440991003632,8.5,10,8,0.8660254037844386,2989.8875,3306.0,2041.55,547.5229109076167,8.774999999999999,9.0,8.7,0.12990381056766612,2.22,2.28,2.2,0.034641016151377386,0.0,0,0,0.0,6.75,9,6,1.299038105676658,28.25,31.0,20.0,4.763139720814412,0,-0.9283423474417418,2
1288,Os3Pt,111,Os9Pt3,top|A,0.78769582003207,0.1862583850787587,1.0,Os3Pt,214.25,216.0,209.0,3.031088913245535,191.42,195.08,190.2,2.1131019852340405,1.3570000000000002,2.128,1.1,0.4451370575452015,22.292500000000004,22.57,21.46,0.4806440991003632,8.5,10,8,0.8660254037844386,2989.8875,3306.0,2041.55,547.5229109076167,8.774999999999999,9.0,8.7,0.12990381056766612,2.22,2.28,2.2,0.034641016151377386,0.0,0,0,0.0,6.75,9,6,1.299038105676658,28.25,31.0,20.0,4.763139720814412,0,0.6014374349533113,2
1289,Os3Pt,111,Os9Pt3,top|B,2.62405537993237,1.5627667824782066,1.0,Os3Pt,214.25,216.0,209.0,3.031088913245535,191.42,195.08,190.2,2.1131019852340405,1.3570000000000002,2.128,1.1,0.4451370575452015,22.292500000000004,22.57,21.46,0.4806440991003632,8.5,10,8,0.8660254037844386,2989.8875,3306.0,2041.55,547.5229109076167,8.774999999999999,9.0,8.7,0.12990381056766612,2.22,2.28,2.2,0.034641016151377386,0.0,0,0,0.0,6.75,9,6,1.299038105676658,28.25,31.0,20.0,4.763139720814412,0,1.0612885974541633,2
1293,Os3Re,111,Os9Re3,hollow|A_A_A|HCP,-0.216677991164204,0.3952982767776802,3.0,Os3Re,216.25,217.0,216.0,0.4330127018922193,189.20174999999998,190.2,186.207,1.7290197186556295,0.8625,1.1,0.15,0.4113620667976084,22.1275,22.57,20.8,0.766432482349228,7.75,8,7,0.4330127018922193,3344.25,3459.0,3306.0,66.25094338950956,8.495,8.7,7.88,0.35507041555161956,2.125,2.2,1.9,0.1299038105676659,0.0,0,0,0.0,5.75,6,5,0.4330127018922193,31.5,33.0,31.0,0.8660254037844386,0,-0.6119762679418842,2
1294,Os3Re,111,Os9Re3,hollow|A_A_B|FCC,-0.145874106361759,0.0815556467795204,3.0,Os3Re,216.25,217.0,216.0,0.4330127018922193,189.20174999999998,190.2,186.207,1.7290197186556295,0.8625,1.1,0.15,0.4113620667976084,22.1275,22.57,20.8,0.766432482349228,7.75,8,7,0.4330127018922193,3344.25,3459.0,3306.0,66.25094338950956,8.495,8.7,7.88,0.35507041555161956,2.125,2.2,1.9,0.1299038105676659,0.0,0,0,0.0,5.75,6,5,0.4330127018922193,31.5,33.0,31.0,0.8660254037844386,0,-0.2274297531412794,2
1295,Os3Re,111,Os9Re3,hollow|A_A_B|HCP,-0.618358425861686,0.1745255165777735,3.0,Os3Re,216.25,217.0,216.0,0.4330127018922193,189.20174999999998,190.2,186.207,1.7290197186556295,0.8625,1.1,0.15,0.4113620667976084,22.1275,22.57,20.8,0.766432482349228,7.75,8,7,0.4330127018922193,3344.25,3459.0,3306.0,66.25094338950956,8.495,8.7,7.88,0.35507041555161956,2.125,2.2,1.9,0.1299038105676659,0.0,0,0,0.0,5.75,6,5,0.4330127018922193,31.5,33.0,31.0,0.8660254037844386,0,-0.7928839424394595,2
1300,Os3Rh,111,Os9Rh3,hollow|A_A_A|FCC,-0.108983905364028,0.1649264288797667,3.0,Os3Rh,210.75,216.0,195.0,9.093266739736606,168.37637499999997,190.2,102.9055,37.79962730533033,1.10925,1.137,1.1,0.01602146997001208,20.027500000000003,22.57,12.4,4.40373917824387,8.25,9,8,0.4330127018922193,3038.75,3306.0,2237.0,462.89057832278246,8.38975,8.7,7.459,0.537368763048244,2.22,2.28,2.2,0.034641016151377386,0.0,0,0,0.0,6.5,8,6,0.8660254037844386,28.675,31.0,21.7,4.02701812759764,0,-0.2739103342437947,2
1301,Os3Rh,111,Os9Rh3,hollow|A_A_A|HCP,-0.590951392161685,0.363581912279983,3.0,Os3Rh,210.75,216.0,195.0,9.093266739736606,168.37637499999997,190.2,102.9055,37.79962730533033,1.10925,1.137,1.1,0.01602146997001208,20.027500000000003,22.57,12.4,4.40373917824387,8.25,9,8,0.4330127018922193,3038.75,3306.0,2237.0,462.89057832278246,8.38975,8.7,7.459,0.537368763048244,2.22,2.28,2.2,0.034641016151377386,0.0,0,0,0.0,6.5,8,6,0.8660254037844386,28.675,31.0,21.7,4.02701812759764,0,-0.954533304441668,2
1308,Os3Ru,111,Os9Ru3,hollow|A_A_A|HCP,-0.410691892659258,0.4182012822828937,3.0,Os3Ru,213.75,216.0,207.0,3.897114317029974,167.92499999999998,190.2,101.1,38.58143173859674,1.0875000000000001,1.1,1.05,0.021650635094610987,19.9525,22.57,12.1,4.533642988811536,8.0,8,8,0.0,3131.25,3306.0,2607.0,302.6758786226613,8.36525,8.7,7.361,0.5798040078336815,2.2,2.2,2.2,0.0,0.0,0,0,0.0,6.25,7,6,0.4330127018922193,29.675,31.0,25.7,2.294967320028763,0,-0.8288931749421518,2
1310,Os3Ru,111,Os9Ru3,top|A,0.802071458139665,0.1808016862822796,1.0,Os3Ru,213.75,216.0,207.0,3.897114317029974,167.92499999999998,190.2,101.1,38.58143173859674,1.0875000000000001,1.1,1.05,0.021650635094610987,19.9525,22.57,12.1,4.533642988811536,8.0,8,8,0.0,3131.25,3306.0,2607.0,302.6758786226613,8.36525,8.7,7.361,0.5798040078336815,2.2,2.2,2.2,0.0,0.0,0,0,0.0,6.25,7,6,0.4330127018922193,29.675,31.0,25.7,2.294967320028763,0,0.6212697718573854,2
1311,Os3Ru,111,Os9Ru3,top|B,1.47861829903906,0.91487543358096,1.0,Os3Ru,213.75,216.0,207.0,3.897114317029974,167.92499999999998,190.2,101.1,38.58143173859674,1.0875000000000001,1.1,1.05,0.021650635094610987,19.9525,22.57,12.1,4.533642988811536,8.0,8,8,0.0,3131.25,3306.0,2607.0,302.6758786226613,8.36525,8.7,7.361,0.5798040078336815,2.2,2.2,2.2,0.0,0.0,0,0,0.0,6.25,7,6,0.4330127018922193,29.675,31.0,25.7,2.294967320028763,0,0.5637428654580999,2
1312,OsPd,101,Os6Pd6,bridge|A_A|B,-0.179407511059424,-0.2795534310199628,2.0,OsPd,209.0,216.0,202.0,7.0,148.31,190.2,106.42,41.88999999999999,0.8285,1.1,0.557,0.2715,17.285,22.57,12.0,5.285,9.0,10,8,1.0,2567.025,3306.0,1828.05,738.975,8.5185,8.7,8.337,0.18149999999999977,2.2,2.2,2.2,0.0,0.0,0,0,0.0,8.0,10,6,2.0,23.85,31.0,16.7,7.15,0,0.10014591996053876,2
1319,OsPt,101,Os6Pt6,bridge|A_A|B,0.223358249840942,-0.1189081691219371,2.0,OsPt,212.5,216.0,209.0,3.5,192.64,195.08,190.2,2.440000000000012,1.614,2.128,1.1,0.514,22.015,22.57,21.46,0.5549999999999997,9.0,10,8,1.0,2673.775,3306.0,2041.55,632.225,8.85,9.0,8.7,0.15000000000000036,2.24,2.28,2.2,0.039999999999999813,0.0,0,0,0.0,7.5,9,6,1.5,25.5,31.0,20.0,5.5,0,0.34226641896287907,2
1322,OsPt,101,Os6Pt6,hollow|A_B_B|FCC,1.06529356893935,0.9989945287787804,4.0,OsPt,212.5,216.0,209.0,3.5,192.64,195.08,190.2,2.440000000000012,1.614,2.128,1.1,0.514,22.015,22.57,21.46,0.5549999999999997,9.0,10,8,1.0,2673.775,3306.0,2041.55,632.225,8.85,9.0,8.7,0.15000000000000036,2.24,2.28,2.2,0.039999999999999813,0.0,0,0,0.0,7.5,9,6,1.5,25.5,31.0,20.0,5.5,0,0.06629904016056953,2
1324,OsPt,101,Os6Pt6,top|A,0.529135427535778,-0.0348292107183851,1.0,OsPt,212.5,216.0,209.0,3.5,192.64,195.08,190.2,2.440000000000012,1.614,2.128,1.1,0.514,22.015,22.57,21.46,0.5549999999999997,9.0,10,8,1.0,2673.775,3306.0,2041.55,632.225,8.85,9.0,8.7,0.15000000000000036,2.24,2.28,2.2,0.039999999999999813,0.0,0,0,0.0,7.5,9,6,1.5,25.5,31.0,20.0,5.5,0,0.5639646382541631,2
1327,OsRe,101,Os6Re6,hollow|A_A_B|HCP,-0.641149048362593,0.1208728310820106,4.0,OsRe,216.5,217.0,216.0,0.5,188.2035,190.2,186.207,1.9964999999999975,0.625,1.1,0.15,0.47500000000000003,21.685000000000002,22.57,20.8,0.8849999999999998,7.5,8,7,0.5,3382.5,3459.0,3306.0,76.5,8.29,8.7,7.88,0.4099999999999997,2.05,2.2,1.9,0.15000000000000013,0.0,0,0,0.0,5.5,6,5,0.5,32.0,33.0,31.0,1.0,0,-0.7620218794446036,2
1328,OsRe,101,Os6Re6,hollow|A_B_B|FCC,-0.498574186262147,-0.136989453519277,4.0,OsRe,216.5,217.0,216.0,0.5,188.2035,190.2,186.207,1.9964999999999975,0.625,1.1,0.15,0.47500000000000003,21.685000000000002,22.57,20.8,0.8849999999999998,7.5,8,7,0.5,3382.5,3459.0,3306.0,76.5,8.29,8.7,7.88,0.4099999999999997,2.05,2.2,1.9,0.15000000000000013,0.0,0,0,0.0,5.5,6,5,0.5,32.0,33.0,31.0,1.0,0,-0.36158473274287,2
1329,OsRe,101,Os6Re6,hollow|A_B_B|HCP,-0.959206043262554,-0.2189008891210733,4.0,OsRe,216.5,217.0,216.0,0.5,188.2035,190.2,186.207,1.9964999999999975,0.625,1.1,0.15,0.47500000000000003,21.685000000000002,22.57,20.8,0.8849999999999998,7.5,8,7,0.5,3382.5,3459.0,3306.0,76.5,8.29,8.7,7.88,0.4099999999999997,2.05,2.2,1.9,0.15000000000000013,0.0,0,0,0.0,5.5,6,5,0.5,32.0,33.0,31.0,1.0,0,-0.7403051541414807,2
1332,OsRh,101,Os6Rh6,bridge|A_A|B,-0.0163144491600065,-0.1641183868188136,2.0,OsRh,205.5,216.0,195.0,10.5,146.55275,190.2,102.9055,43.64724999999999,1.1185,1.137,1.1,0.01849999999999996,17.485,22.57,12.4,5.085,8.5,9,8,0.5,2771.5,3306.0,2237.0,534.5,8.0795,8.7,7.459,0.6204999999999998,2.24,2.28,2.2,0.039999999999999813,0.0,0,0,0.0,7.0,8,6,1.0,26.35,31.0,21.7,4.65,0,0.14780393765880712,2
1335,OsRh,101,Os6Rh6,hollow|A_B_B|FCC,0.645319601036874,0.6083951136796486,4.0,OsRh,205.5,216.0,195.0,10.5,146.55275,190.2,102.9055,43.64724999999999,1.1185,1.137,1.1,0.01849999999999996,17.485,22.57,12.4,5.085,8.5,9,8,0.5,2771.5,3306.0,2237.0,534.5,8.0795,8.7,7.459,0.6204999999999998,2.24,2.28,2.2,0.039999999999999813,0.0,0,0,0.0,7.0,8,6,1.0,26.35,31.0,21.7,4.65,0,0.03692448735722542,2
1345,OsRu,101,Os6Ru6,hollow|A_B_B|FCC,0.222749122938524,0.183795074580189,4.0,OsRu,211.5,216.0,207.0,4.5,145.64999999999998,190.2,101.1,44.55,1.0750000000000002,1.1,1.05,0.025000000000000022,17.335,22.57,12.1,5.235,8.0,8,8,0.0,2956.5,3306.0,2607.0,349.5,8.0305,8.7,7.361,0.6694999999999998,2.2,2.2,2.2,0.0,0.0,0,0,0.0,6.5,7,6,0.5,28.35,31.0,25.7,2.6500000000000004,0,0.03895404835833499,2
1346,OsRu,101,Os6Ru6,hollow|A_B_B|HCP,-0.129016517963635,0.1712294017787599,4.0,OsRu,211.5,216.0,207.0,4.5,145.64999999999998,190.2,101.1,44.55,1.0750000000000002,1.1,1.05,0.025000000000000022,17.335,22.57,12.1,5.235,8.0,8,8,0.0,2956.5,3306.0,2607.0,349.5,8.0305,8.7,7.361,0.6694999999999998,2.2,2.2,2.2,0.0,0.0,0,0,0.0,6.5,7,6,0.5,28.35,31.0,25.7,2.6500000000000004,0,-0.3002459197423949,2
1350,Pb,111,Pb12,hollow|A_A_A|FCC,0.901261306138451,0.2286846060786729,3.0,Pb,202.0,202.0,202.0,0.0,207.0,207.0,207.0,0.0,0.36,0.36,0.36,0.0,11.342,11.342,11.342,0.0,14.0,14,14,0.0,600.61,600.61,600.61,0.0,7.417,7.417,7.417,0.0,2.33,2.33,2.33,0.0,2.0,2,2,0.0,10.0,10,10,0.0,4.77,4.77,4.77,0.0,0,0.6725767000597781,1
1351,Pb,111,Pb12,hollow|A_A_A|HCP,0.905549684139089,0.2294540079791431,3.0,Pb,202.0,202.0,202.0,0.0,207.0,207.0,207.0,0.0,0.36,0.36,0.36,0.0,11.342,11.342,11.342,0.0,14.0,14,14,0.0,600.61,600.61,600.61,0.0,7.417,7.417,7.417,0.0,2.33,2.33,2.33,0.0,2.0,2,2,0.0,10.0,10,10,0.0,4.77,4.77,4.77,0.0,0,0.6760956761599459,1
1363,Pd,111,Pd12,hollow|A_A_A|FCC,1.35914889514225,0.6588979455781327,3.0,Pd,202.0,202.0,202.0,0.0,106.42,106.42,106.42,0.0,0.557,0.557,0.557,0.0,12.0,12.0,12.0,0.0,10.0,10,10,0.0,1828.05,1828.05,1828.05,0.0,8.337,8.337,8.337,0.0,2.2,2.2,2.2,0.0,0.0,0,0,0.0,10.0,10,10,0.0,16.7,16.7,16.7,0.0,0,0.7002509495641172,1
1364,Pd,111,Pd12,hollow|A_A_A|HCP,1.49908955924167,0.7836409157833941,3.0,Pd,202.0,202.0,202.0,0.0,106.42,106.42,106.42,0.0,0.557,0.557,0.557,0.0,12.0,12.0,12.0,0.0,10.0,10,10,0.0,1828.05,1828.05,1828.05,0.0,8.337,8.337,8.337,0.0,2.2,2.2,2.2,0.0,0.0,0,0,0.0,10.0,10,10,0.0,16.7,16.7,16.7,0.0,0,0.7154486434582759,1
1365,Pd,111,Pd12,top|A,2.65083832063812,1.4289848709821626,1.0,Pd,202.0,202.0,202.0,0.0,106.42,106.42,106.42,0.0,0.557,0.557,0.557,0.0,12.0,12.0,12.0,0.0,10.0,10,10,0.0,1828.05,1828.05,1828.05,0.0,8.337,8.337,8.337,0.0,2.2,2.2,2.2,0.0,0.0,0,0,0.0,10.0,10,10,0.0,16.7,16.7,16.7,0.0,0,1.2218534496559572,1
1370,Pd-fcc,111,Pd16,fcc,1.43379928,0.7076423777507443,3.0,Pd,202.0,202.0,202.0,0.0,106.42,106.42,106.42,0.0,0.557,0.557,0.557,0.0,12.0,12.0,12.0,0.0,10.0,10,10,0.0,1828.05,1828.05,1828.05,0.0,8.337,8.337,8.337,0.0,2.2,2.2,2.2,0.0,0.0,0,0,0.0,10.0,10,10,0.0,16.7,16.7,16.7,0.0,0,0.7261569022492556,1
1382,Pd3Ag,111,Ag3Pd9,hollow|A_A_A|FCC,1.39590371953437,0.7903355964780303,3.0,AgPd3,194.5,202.0,172.0,12.99038105676658,106.782,107.868,106.42,0.6270023923399307,0.7432500000000001,1.302,0.557,0.3225944629097034,11.62525,12.0,10.501,0.649086040136437,10.25,11,10,0.4330127018922193,1679.77,1828.05,1234.93,256.8284937463131,8.146749999999999,8.337,7.576,0.32952266613997894,2.1325000000000003,2.2,1.93,0.11691342951089932,0.0,0,0,0.0,10.0,10,10,0.0,15.349999999999998,16.7,11.3,2.3382685902179836,0,0.6055681230563397,2
1383,Pd3Ag,111,Ag3Pd9,hollow|A_A_A|HCP,1.40593968603554,0.6711728647759401,3.0,AgPd3,194.5,202.0,172.0,12.99038105676658,106.782,107.868,106.42,0.6270023923399307,0.7432500000000001,1.302,0.557,0.3225944629097034,11.62525,12.0,10.501,0.649086040136437,10.25,11,10,0.4330127018922193,1679.77,1828.05,1234.93,256.8284937463131,8.146749999999999,8.337,7.576,0.32952266613997894,2.1325000000000003,2.2,1.93,0.11691342951089932,0.0,0,0,0.0,10.0,10,10,0.0,15.349999999999998,16.7,11.3,2.3382685902179836,0,0.7347668212595999,2
1384,Pd3Ag,111,Ag3Pd9,hollow|A_A_B|FCC,1.68577285003613,0.7683451247766016,3.0,AgPd3,194.5,202.0,172.0,12.99038105676658,106.782,107.868,106.42,0.6270023923399307,0.7432500000000001,1.302,0.557,0.3225944629097034,11.62525,12.0,10.501,0.649086040136437,10.25,11,10,0.4330127018922193,1679.77,1828.05,1234.93,256.8284937463131,8.146749999999999,8.337,7.576,0.32952266613997894,2.1325000000000003,2.2,1.93,0.11691342951089932,0.0,0,0,0.0,10.0,10,10,0.0,15.349999999999998,16.7,11.3,2.3382685902179836,0,0.9174277252595284,2
1392,Pd3Au,111,Au3Pd9,hollow|A_A_A|FCC,1.40228465283855,0.736902506680849,3.0,AuPd3,193.0,202.0,166.0,15.588457268119896,129.0566425,196.96657,106.42,39.20781492277297,0.9950000000000001,2.309,0.557,0.7586382537151684,13.8205,19.282,12.0,3.153198495179141,10.25,11,10,0.4330127018922193,1705.37,1828.05,1337.33,212.48799307254987,8.55925,9.226,8.337,0.38494829198218344,2.285,2.54,2.2,0.1472243186433545,0.0,0,0,0.0,10.0,10,10,0.0,15.649999999999999,16.7,12.5,1.8186533479473208,0,0.665382146157701,2
1393,Pd3Au,111,Au3Pd9,hollow|A_A_A|HCP,1.63489490923877,0.8327161021815073,3.0,AuPd3,193.0,202.0,166.0,15.588457268119896,129.0566425,196.96657,106.42,39.20781492277297,0.9950000000000001,2.309,0.557,0.7586382537151684,13.8205,19.282,12.0,3.153198495179141,10.25,11,10,0.4330127018922193,1705.37,1828.05,1337.33,212.48799307254987,8.55925,9.226,8.337,0.38494829198218344,2.285,2.54,2.2,0.1472243186433545,0.0,0,0,0.0,10.0,10,10,0.0,15.649999999999999,16.7,12.5,1.8186533479473208,0,0.8021788070572626,2
1398,Pd3Au,111,Au3Pd9,top|B,3.40722689923842,1.9679675539817936,1.0,AuPd3,193.0,202.0,166.0,15.588457268119896,129.0566425,196.96657,106.42,39.20781492277297,0.9950000000000001,2.309,0.557,0.7586382537151684,13.8205,19.282,12.0,3.153198495179141,10.25,11,10,0.4330127018922193,1705.37,1828.05,1337.33,212.48799307254987,8.55925,9.226,8.337,0.38494829198218344,2.285,2.54,2.2,0.1472243186433545,0.0,0,0,0.0,10.0,10,10,0.0,15.649999999999999,16.7,12.5,1.8186533479473208,0,1.4392593452566262,2
1401,Pd3Bi,111,Bi3Pd9,hollow|A_A_A|FCC,1.96700563163887,0.9138495643791202,3.0,BiPd3,203.25,207.0,202.0,2.165063509461097,132.0601,208.9804,106.42,44.409955911146774,0.65425,0.946,0.557,0.16844194103607327,11.45175,12.0,9.807,0.9495968552496369,11.25,15,10,2.165063509461097,1507.175,1828.05,544.55,555.7718028786635,8.075,8.337,7.289,0.45379731158304587,2.1550000000000002,2.2,2.02,0.07794228634059955,0.75,3,0,1.299038105676658,10.0,10,10,0.0,15.249999999999998,16.7,10.9,2.5114736709748717,0,1.0531560672597498,2
1402,Pd3Bi,111,Bi3Pd9,hollow|A_A_A|HCP,1.78491521413872,0.7863245023808076,3.0,BiPd3,203.25,207.0,202.0,2.165063509461097,132.0601,208.9804,106.42,44.409955911146774,0.65425,0.946,0.557,0.16844194103607327,11.45175,12.0,9.807,0.9495968552496369,11.25,15,10,2.165063509461097,1507.175,1828.05,544.55,555.7718028786635,8.075,8.337,7.289,0.45379731158304587,2.1550000000000002,2.2,2.02,0.07794228634059955,0.75,3,0,1.299038105676658,10.0,10,10,0.0,15.249999999999998,16.7,10.9,2.5114736709748717,0,0.9985907117579123,2
1403,Pd3Bi,111,Bi3Pd9,hollow|A_A_B|FCC,1.7084612937395,0.7348533534794797,3.0,BiPd3,203.25,207.0,202.0,2.165063509461097,132.0601,208.9804,106.42,44.409955911146774,0.65425,0.946,0.557,0.16844194103607327,11.45175,12.0,9.807,0.9495968552496369,11.25,15,10,2.165063509461097,1507.175,1828.05,544.55,555.7718028786635,8.075,8.337,7.289,0.45379731158304587,2.1550000000000002,2.2,2.02,0.07794228634059955,0.75,3,0,1.299038105676658,10.0,10,10,0.0,15.249999999999998,16.7,10.9,2.5114736709748717,0,0.9736079402600204,2
1404,Pd3Bi,111,Bi3Pd9,hollow|A_A_B|HCP,1.9170904296405,0.8298280220814149,3.0,BiPd3,203.25,207.0,202.0,2.165063509461097,132.0601,208.9804,106.42,44.409955911146774,0.65425,0.946,0.557,0.16844194103607327,11.45175,12.0,9.807,0.9495968552496369,11.25,15,10,2.165063509461097,1507.175,1828.05,544.55,555.7718028786635,8.075,8.337,7.289,0.45379731158304587,2.1550000000000002,2.2,2.02,0.07794228634059955,0.75,3,0,1.299038105676658,10.0,10,10,0.0,15.249999999999998,16.7,10.9,2.5114736709748717,0,1.087262407559085,2
1410,Pd3Cu,111,Cu3Pd9,hollow|A_A_A|FCC,1.49117948203258,0.8793033519804112,3.0,CuPd3,186.5,202.0,140.0,26.846787517317598,95.7025,106.42,63.55,18.563254530119444,0.72475,1.228,0.557,0.2905515229696791,11.23325,12.0,8.933,1.3280499567034367,10.25,11,10,0.4330127018922193,1710.48,1828.05,1357.77,203.6372134458729,8.18425,8.337,7.726,0.2645707608561459,2.125,2.2,1.9,0.1299038105676659,0.0,0,0,0.0,10.0,10,10,0.0,15.799999999999999,16.7,13.1,1.5588457268119895,0,0.6118761300521689,2
1411,Pd3Cu,111,Cu3Pd9,hollow|A_A_A|HCP,1.52607345593771,0.7205722749757797,3.0,CuPd3,186.5,202.0,140.0,26.846787517317598,95.7025,106.42,63.55,18.563254530119444,0.72475,1.228,0.557,0.2905515229696791,11.23325,12.0,8.933,1.3280499567034367,10.25,11,10,0.4330127018922193,1710.48,1828.05,1357.77,203.6372134458729,8.18425,8.337,7.726,0.2645707608561459,2.125,2.2,1.9,0.1299038105676659,0.0,0,0,0.0,10.0,10,10,0.0,15.799999999999999,16.7,13.1,1.5588457268119895,0,0.8055011809619304,2
1412,Pd3Cu,111,Cu3Pd9,hollow|A_A_B|FCC,1.31609341083441,0.5139118826745062,3.0,CuPd3,186.5,202.0,140.0,26.846787517317598,95.7025,106.42,63.55,18.563254530119444,0.72475,1.228,0.557,0.2905515229696791,11.23325,12.0,8.933,1.3280499567034367,10.25,11,10,0.4330127018922193,1710.48,1828.05,1357.77,203.6372134458729,8.18425,8.337,7.726,0.2645707608561459,2.125,2.2,1.9,0.1299038105676659,0.0,0,0,0.0,10.0,10,10,0.0,15.799999999999999,16.7,13.1,1.5588457268119895,0,0.8021815281599038,2
1413,Pd3Cu,111,Cu3Pd9,hollow|A_A_B|HCP,1.4257859006355,0.6355696261788353,3.0,CuPd3,186.5,202.0,140.0,26.846787517317598,95.7025,106.42,63.55,18.563254530119444,0.72475,1.228,0.557,0.2905515229696791,11.23325,12.0,8.933,1.3280499567034367,10.25,11,10,0.4330127018922193,1710.48,1828.05,1357.77,203.6372134458729,8.18425,8.337,7.726,0.2645707608561459,2.125,2.2,1.9,0.1299038105676659,0.0,0,0,0.0,10.0,10,10,0.0,15.799999999999999,16.7,13.1,1.5588457268119895,0,0.7902162744566648,2
1414,Pd3Cu,111,Cu3Pd9,top|A,2.72434293513271,0.9023259514768824,1.0,CuPd3,186.5,202.0,140.0,26.846787517317598,95.7025,106.42,63.55,18.563254530119444,0.72475,1.228,0.557,0.2905515229696791,11.23325,12.0,8.933,1.3280499567034367,10.25,11,10,0.4330127018922193,1710.48,1828.05,1357.77,203.6372134458729,8.18425,8.337,7.726,0.2645707608561459,2.125,2.2,1.9,0.1299038105676659,0.0,0,0,0.0,10.0,10,10,0.0,15.799999999999999,16.7,13.1,1.5588457268119895,0,1.8220169836558275,2
1415,Pd3Cu,111,Cu3Pd9,top|B,2.72377721053255,1.422551011380051,1.0,CuPd3,186.5,202.0,140.0,26.846787517317598,95.7025,106.42,63.55,18.563254530119444,0.72475,1.228,0.557,0.2905515229696791,11.23325,12.0,8.933,1.3280499567034367,10.25,11,10,0.4330127018922193,1710.48,1828.05,1357.77,203.6372134458729,8.18425,8.337,7.726,0.2645707608561459,2.125,2.2,1.9,0.1299038105676659,0.0,0,0,0.0,10.0,10,10,0.0,15.799999999999999,16.7,13.1,1.5588457268119895,0,1.3012261991524992,2
1427,Pd3Ir,111,Ir3Pd9,hollow|A_A_B|FCC,0.711984226137986,0.8816078840799264,3.0,IrPd3,202.0,202.0,202.0,0.0,127.87,192.22,106.42,37.152489822352415,0.809,1.565,0.557,0.436476803507357,14.605,22.42,12.0,4.511992353716926,9.75,10,9,0.4330127018922193,2050.7875,2719.0,1828.05,385.79266675087285,8.52775,9.1,8.337,0.3303886915437633,2.2,2.2,2.2,0.0,0.0,0,0,0.0,9.25,10,7,1.299038105676658,19.025,26.0,16.7,4.02701812759764,0,-0.16962365794194045,2
1429,Pd3Ir,111,Ir3Pd9,top|B,0.942200016837717,0.0992678085793841,1.0,IrPd3,202.0,202.0,202.0,0.0,127.87,192.22,106.42,37.152489822352415,0.809,1.565,0.557,0.436476803507357,14.605,22.42,12.0,4.511992353716926,9.75,10,9,0.4330127018922193,2050.7875,2719.0,1828.05,385.79266675087285,8.52775,9.1,8.337,0.3303886915437633,2.2,2.2,2.2,0.0,0.0,0,0,0.0,9.25,10,7,1.299038105676658,19.025,26.0,16.7,4.02701812759764,0,0.8429322082583329,2
1438,Pd3Os,111,Os3Pd9,hollow|A_A_A|HCP,2.15275489163452,1.2323790849776517,3.0,OsPd3,205.5,216.0,202.0,6.06217782649107,127.365,190.2,106.42,36.27780416453013,0.6927500000000001,1.1,0.557,0.23512589712747511,14.6425,22.57,12.0,4.576944259000759,9.5,10,8,0.8660254037844386,2197.5375,3306.0,1828.05,639.9711227616056,8.42775,8.7,8.337,0.15718361078687543,2.2,2.2,2.2,0.0,0.0,0,0,0.0,9.0,10,6,1.7320508075688772,20.275,31.0,16.7,6.192081637058736,0,0.9203758066568681,2
1440,Pd3Os,111,Os3Pd9,top|B,-0.231816908461212,-0.3643468243236611,1.0,OsPd3,205.5,216.0,202.0,6.06217782649107,127.365,190.2,106.42,36.27780416453013,0.6927500000000001,1.1,0.557,0.23512589712747511,14.6425,22.57,12.0,4.576944259000759,9.5,10,8,0.8660254037844386,2197.5375,3306.0,1828.05,639.9711227616056,8.42775,8.7,8.337,0.15718361078687543,2.2,2.2,2.2,0.0,0.0,0,0,0.0,9.0,10,6,1.7320508075688772,20.275,31.0,16.7,6.192081637058736,0,0.1325299158624491,2
1448,Pd3Pt,111,Pd9Pt3,hollow|A_A_A|FCC,1.44742820263838,0.6798258126844985,3.0,Pd3Pt,203.75,209.0,202.0,3.031088913245535,128.585,195.08,106.42,38.39090614976417,0.9497500000000001,2.128,0.557,0.6802629546726766,14.365,21.46,12.0,4.096300159900395,10.0,10,10,0.0,1881.425,2041.55,1828.05,92.44821185398882,8.502749999999999,9.0,8.337,0.2870874213545415,2.22,2.28,2.2,0.034641016151377386,0.0,0,0,0.0,9.75,10,9,0.4330127018922193,17.525,20.0,16.7,1.4289419162443242,0,0.7676023899538815,2
1449,Pd3Pt,111,Pd9Pt3,hollow|A_A_A|HCP,1.78622068034366,0.983303084180875,3.0,Pd3Pt,203.75,209.0,202.0,3.031088913245535,128.585,195.08,106.42,38.39090614976417,0.9497500000000001,2.128,0.557,0.6802629546726766,14.365,21.46,12.0,4.096300159900395,10.0,10,10,0.0,1881.425,2041.55,1828.05,92.44821185398882,8.502749999999999,9.0,8.337,0.2870874213545415,2.22,2.28,2.2,0.034641016151377386,0.0,0,0,0.0,9.75,10,9,0.4330127018922193,17.525,20.0,16.7,1.4289419162443242,0,0.802917596162785,2
1450,Pd3Pt,111,Pd9Pt3,hollow|A_A_B|FCC,1.30340691944349,1.1629371299831064,3.0,Pd3Pt,203.75,209.0,202.0,3.031088913245535,128.585,195.08,106.42,38.39090614976417,0.9497500000000001,2.128,0.557,0.6802629546726766,14.365,21.46,12.0,4.096300159900395,10.0,10,10,0.0,1881.425,2041.55,1828.05,92.44821185398882,8.502749999999999,9.0,8.337,0.2870874213545415,2.22,2.28,2.2,0.034641016151377386,0.0,0,0,0.0,9.75,10,9,0.4330127018922193,17.525,20.0,16.7,1.4289419162443242,0,0.1404697894603837,2
1453,Pd3Pt,111,Pd9Pt3,top|B,2.0605510222411,0.5973369514803153,1.0,Pd3Pt,203.75,209.0,202.0,3.031088913245535,128.585,195.08,106.42,38.39090614976417,0.9497500000000001,2.128,0.557,0.6802629546726766,14.365,21.46,12.0,4.096300159900395,10.0,10,10,0.0,1881.425,2041.55,1828.05,92.44821185398882,8.502749999999999,9.0,8.337,0.2870874213545415,2.22,2.28,2.2,0.034641016151377386,0.0,0,0,0.0,9.75,10,9,0.4330127018922193,17.525,20.0,16.7,1.4289419162443242,0,1.4632140707607846,2
1454,Pd3Re,111,Pd9Re3,hollow|A_A_A|FCC,2.22966922873803,0.8434138496785408,3.0,Pd3Re,205.75,217.0,202.0,6.49519052838329,126.36675,186.207,106.42,34.5487844458745,0.45525000000000004,0.557,0.15,0.17623616967013328,14.2,20.8,12.0,3.8105117766515306,9.25,10,7,1.299038105676658,2235.7875,3459.0,1828.05,706.2220661511151,8.22275,8.337,7.88,0.19788680476474416,2.125,2.2,1.9,0.1299038105676659,0.0,0,0,0.0,8.75,10,5,2.165063509461097,20.775,33.0,16.7,7.058107040843175,0,1.3862553790594894,2
1455,Pd3Re,111,Pd9Re3,hollow|A_A_A|HCP,2.30635050033726,1.336622359079115,3.0,Pd3Re,205.75,217.0,202.0,6.49519052838329,126.36675,186.207,106.42,34.5487844458745,0.45525000000000004,0.557,0.15,0.17623616967013328,14.2,20.8,12.0,3.8105117766515306,9.25,10,7,1.299038105676658,2235.7875,3459.0,1828.05,706.2220661511151,8.22275,8.337,7.88,0.19788680476474416,2.125,2.2,1.9,0.1299038105676659,0.0,0,0,0.0,8.75,10,5,2.165063509461097,20.775,33.0,16.7,7.058107040843175,0,0.9697281412581451,2
1457,Pd3Re,111,Pd9Re3,top|B,-1.3265216294605,-0.8605521234195521,1.0,Pd3Re,205.75,217.0,202.0,6.49519052838329,126.36675,186.207,106.42,34.5487844458745,0.45525000000000004,0.557,0.15,0.17623616967013328,14.2,20.8,12.0,3.8105117766515306,9.25,10,7,1.299038105676658,2235.7875,3459.0,1828.05,706.2220661511151,8.22275,8.337,7.88,0.19788680476474416,2.125,2.2,1.9,0.1299038105676659,0.0,0,0,0.0,8.75,10,5,2.165063509461097,20.775,33.0,16.7,7.058107040843175,0,-0.4659695060409479,2
1460,Pd3Rh,111,Pd9Rh3,hollow|A_A_A|FCC,1.55078220873457,0.702298334076545,3.0,Pd3Rh,200.25,202.0,195.0,3.031088913245535,105.541375,106.42,102.9055,1.521823140800204,0.7020000000000001,1.137,0.557,0.2511473670974872,12.1,12.4,12.0,0.1732050807568879,9.75,10,9,0.4330127018922193,1930.2875,2237.0,1828.05,177.08054443882313,8.1175,8.337,7.459,0.3801851522613686,2.22,2.28,2.2,0.034641016151377386,0.0,0,0,0.0,9.5,10,8,0.8660254037844386,17.95,21.7,16.7,2.165063509461097,0,0.848483874658025,2
1461,Pd3Rh,111,Pd9Rh3,hollow|A_A_A|HCP,1.68765070763749,0.9396128944798648,3.0,Pd3Rh,200.25,202.0,195.0,3.031088913245535,105.541375,106.42,102.9055,1.521823140800204,0.7020000000000001,1.137,0.557,0.2511473670974872,12.1,12.4,12.0,0.1732050807568879,9.75,10,9,0.4330127018922193,1930.2875,2237.0,1828.05,177.08054443882313,8.1175,8.337,7.459,0.3801851522613686,2.22,2.28,2.2,0.034641016151377386,0.0,0,0,0.0,9.5,10,8,0.8660254037844386,17.95,21.7,16.7,2.165063509461097,0,0.7480378131576252,2
1462,Pd3Rh,111,Pd9Rh3,hollow|A_A_B|FCC,0.901709477635279,0.6951865028794373,3.0,Pd3Rh,200.25,202.0,195.0,3.031088913245535,105.541375,106.42,102.9055,1.521823140800204,0.7020000000000001,1.137,0.557,0.2511473670974872,12.1,12.4,12.0,0.1732050807568879,9.75,10,9,0.4330127018922193,1930.2875,2237.0,1828.05,177.08054443882313,8.1175,8.337,7.459,0.3801851522613686,2.22,2.28,2.2,0.034641016151377386,0.0,0,0,0.0,9.5,10,8,0.8660254037844386,17.95,21.7,16.7,2.165063509461097,0,0.2065229747558417,2
1466,Pd3Rh,111,Pd9Rh3,top|B,1.53011053683787,0.3347258723778168,1.0,Pd3Rh,200.25,202.0,195.0,3.031088913245535,105.541375,106.42,102.9055,1.521823140800204,0.7020000000000001,1.137,0.557,0.2511473670974872,12.1,12.4,12.0,0.1732050807568879,9.75,10,9,0.4330127018922193,1930.2875,2237.0,1828.05,177.08054443882313,8.1175,8.337,7.459,0.3801851522613686,2.22,2.28,2.2,0.034641016151377386,0.0,0,0,0.0,9.5,10,8,0.8660254037844386,17.95,21.7,16.7,2.165063509461097,0,1.1953846644600532,2
1467,Pd3Ru,111,Pd9Ru3,hollow|A_A_A|FCC,1.79733176863357,0.7379434781768168,3.0,Pd3Ru,203.25,207.0,202.0,2.165063509461097,105.09,106.42,101.1,2.3036275740666103,0.68025,1.05,0.557,0.21347526203286413,12.025,12.1,12.0,0.04330127018922177,9.5,10,8,0.8660254037844386,2022.7875,2607.0,1828.05,337.29524413894427,8.093,8.337,7.361,0.42262039704680604,2.2,2.2,2.2,0.0,0.0,0,0,0.0,9.25,10,7,1.299038105676658,18.95,25.7,16.7,3.897114317029974,0,1.059388290456753,2
1468,Pd3Ru,111,Pd9Ru3,hollow|A_A_A|HCP,1.86816300073389,1.0627079431804989,3.0,Pd3Ru,203.25,207.0,202.0,2.165063509461097,105.09,106.42,101.1,2.3036275740666103,0.68025,1.05,0.557,0.21347526203286413,12.025,12.1,12.0,0.04330127018922177,9.5,10,8,0.8660254037844386,2022.7875,2607.0,1828.05,337.29524413894427,8.093,8.337,7.361,0.42262039704680604,2.2,2.2,2.2,0.0,0.0,0,0,0.0,9.25,10,7,1.299038105676658,18.95,25.7,16.7,3.897114317029974,0,0.8054550575533912,2
1470,Pd3Ru,111,Pd9Ru3,hollow|A_A_B|HCP,0.278496404738519,1.003050521482578,3.0,Pd3Ru,203.25,207.0,202.0,2.165063509461097,105.09,106.42,101.1,2.3036275740666103,0.68025,1.05,0.557,0.21347526203286413,12.025,12.1,12.0,0.04330127018922177,9.5,10,8,0.8660254037844386,2022.7875,2607.0,1828.05,337.29524413894427,8.093,8.337,7.361,0.42262039704680604,2.2,2.2,2.2,0.0,0.0,0,0,0.0,9.25,10,7,1.299038105676658,18.95,25.7,16.7,3.897114317029974,0,-0.724554116744059,2
1472,Pd3Ru,111,Pd9Ru3,top|B,0.473006505933711,-0.0697958391239126,1.0,Pd3Ru,203.25,207.0,202.0,2.165063509461097,105.09,106.42,101.1,2.3036275740666103,0.68025,1.05,0.557,0.21347526203286413,12.025,12.1,12.0,0.04330127018922177,9.5,10,8,0.8660254037844386,2022.7875,2607.0,1828.05,337.29524413894427,8.093,8.337,7.361,0.42262039704680604,2.2,2.2,2.2,0.0,0.0,0,0,0.0,9.25,10,7,1.299038105676658,18.95,25.7,16.7,3.897114317029974,0,0.5428023450576236,2
1482,Pd3Tc,111,Pd9Tc3,top|B,-0.611439931461234,-0.4929036059212421,1.0,Pd3Tc,203.75,209.0,202.0,3.031088913245535,104.04159,106.42,96.90636,4.119526961229892,0.55525,0.557,0.55,0.003031088913245538,11.75,12.0,11.0,0.4330127018922193,9.25,10,7,1.299038105676658,1978.5375,2430.0,1828.05,260.6519959040214,8.07275,8.337,7.28,0.45769442590007564,2.125,2.2,1.9,0.1299038105676659,0.0,0,0,0.0,8.75,10,5,2.165063509461097,18.275,23.0,16.7,2.727980021920982,0,-0.11853632553999188,2
1493,Pd3Zn,111,Pd9Zn3,hollow|A_A_A|HCP,1.54836257253538,0.7291212753742684,3.0,Pd3Zn,186.25,202.0,139.0,27.279800219209818,96.16499999999999,106.42,65.4,17.762181031618834,,0.557,0.557,,10.7835,12.0,7.134,2.1070398074075394,10.5,12,10,0.8660254037844386,1544.2075,1828.05,692.68,491.62963134736907,8.60125,9.394,8.337,0.457694425900076,2.0625,2.2,1.65,0.23815698604072075,0.0,0,0,0.0,10.0,10,10,0.0,14.362499999999999,16.7,7.35,4.048668762692251,0,0.8192412971611116,2
1494,Pd3Zn,111,Pd9Zn3,hollow|A_A_B|FCC,1.30657758993385,0.4859774923796749,3.0,Pd3Zn,186.25,202.0,139.0,27.279800219209818,96.16499999999999,106.42,65.4,17.762181031618834,,0.557,0.557,,10.7835,12.0,7.134,2.1070398074075394,10.5,12,10,0.8660254037844386,1544.2075,1828.05,692.68,491.62963134736907,8.60125,9.394,8.337,0.457694425900076,2.0625,2.2,1.65,0.23815698604072075,0.0,0,0,0.0,10.0,10,10,0.0,14.362499999999999,16.7,7.35,4.048668762692251,0,0.8206000975541752,2
1497,Pd3Zn,111,Pd9Zn3,top|B,2.94802704123487,1.0479765162789365,1.0,Pd3Zn,186.25,202.0,139.0,27.279800219209818,96.16499999999999,106.42,65.4,17.762181031618834,,0.557,0.557,,10.7835,12.0,7.134,2.1070398074075394,10.5,12,10,0.8660254037844386,1544.2075,1828.05,692.68,491.62963134736907,8.60125,9.394,8.337,0.457694425900076,2.0625,2.2,1.65,0.23815698604072075,0.0,0,0,0.0,10.0,10,10,0.0,14.362499999999999,16.7,7.35,4.048668762692251,0,1.9000505249559334,2
1510,PdPt,101,Pd6Pt6,hollow|A_A_B|FCC,1.32752042333942,0.6920063084806998,4.0,PdPt,205.5,209.0,202.0,3.5,150.75,195.08,106.42,44.330000000000005,1.3425,2.128,0.557,0.7855000000000001,16.73,21.46,12.0,4.73,10.0,10,10,0.0,1934.8,2041.55,1828.05,106.75,8.6685,9.0,8.337,0.33150000000000013,2.24,2.28,2.2,0.039999999999999813,0.0,0,0,0.0,9.5,10,9,0.5,18.35,20.0,16.7,1.6500000000000004,0,0.6355141148587202,2
1516,PdPt,101,Pd6Pt6,top|B,2.18856099113674,0.6193830705786922,1.0,PdPt,205.5,209.0,202.0,3.5,150.75,195.08,106.42,44.330000000000005,1.3425,2.128,0.557,0.7855000000000001,16.73,21.46,12.0,4.73,10.0,10,10,0.0,1934.8,2041.55,1828.05,106.75,8.6685,9.0,8.337,0.33150000000000013,2.24,2.28,2.2,0.039999999999999813,0.0,0,0,0.0,9.5,10,9,0.5,18.35,20.0,16.7,1.6500000000000004,0,1.5691779205580478,2
1522,PdRe,101,Pd6Re6,top|B,-0.602952972960509,-0.0994982890180153,1.0,PdRe,209.5,217.0,202.0,7.5,146.3135,186.207,106.42,39.893499999999996,0.35350000000000004,0.557,0.15,0.20350000000000004,16.4,20.8,12.0,4.4,8.5,10,7,1.5,2643.525,3459.0,1828.05,815.475,8.1085,8.337,7.88,0.22849999999999993,2.05,2.2,1.9,0.15000000000000013,0.0,0,0,0.0,7.5,10,5,2.5,24.85,33.0,16.7,8.15,0,-0.5034546839424937,2
1526,PdRh,101,Pd6Rh6,hollow|A_A_B|FCC,1.12011824873827,0.5201536298781093,4.0,PdRh,198.5,202.0,195.0,3.5,104.66275,106.42,102.9055,1.757249999999999,0.847,1.137,0.557,0.29,12.2,12.4,12.0,0.20000000000000018,9.5,10,9,0.5,2032.525,2237.0,1828.05,204.47500000000002,7.898,8.337,7.459,0.43900000000000006,2.24,2.28,2.2,0.039999999999999813,0.0,0,0,0.0,9.0,10,8,1.0,19.2,21.7,16.7,2.5,0,0.5999646188601606,2
1532,PdRu,101,Pd6Ru6,bridge|B_B|A,0.0020861607407027,-0.2792082546176289,2.0,PdRu,204.5,207.0,202.0,2.5,103.75999999999999,106.42,101.1,2.6600000000000037,0.8035000000000001,1.05,0.557,0.2465,12.05,12.1,12.0,0.04999999999999982,9.0,10,8,1.0,2217.525,2607.0,1828.05,389.475,7.849,8.337,7.361,0.488,2.2,2.2,2.2,0.0,0.0,0,0,0.0,8.5,10,7,1.5,21.2,25.7,16.7,4.5,0,0.2812944153583316,2
1534,PdRu,101,Pd6Ru6,hollow|A_A_B|FCC,0.891677728839397,0.9257274694799662,4.0,PdRu,204.5,207.0,202.0,2.5,103.75999999999999,106.42,101.1,2.6600000000000037,0.8035000000000001,1.05,0.557,0.2465,12.05,12.1,12.0,0.04999999999999982,9.0,10,8,1.0,2217.525,2607.0,1828.05,389.475,7.849,8.337,7.361,0.488,2.2,2.2,2.2,0.0,0.0,0,0,0.0,8.5,10,7,1.5,21.2,25.7,16.7,4.5,0,-0.034049740640569204,2
1546,PdZn,101,Pd6Zn6,hollow|A_A_B|FCC,1.48743614793403,0.4146723738784885,4.0,PdZn,170.5,202.0,139.0,31.5,85.91,106.42,65.4,20.509999999999998,,0.557,0.557,,9.567,12.0,7.134,2.433,11.0,12,10,1.0,1260.365,1828.05,692.68,567.685,8.8655,9.394,8.337,0.5285000000000002,1.925,2.2,1.65,0.27500000000000013,0.0,0,0,0.0,10.0,10,10,0.0,12.024999999999999,16.7,7.35,4.675,0,1.0727637740555414,2
1592,Pt-fcc,111,Pt16,fcc,1.69756432999999,1.1867352539557032,3.0,Pt,209.0,209.0,209.0,0.0,195.08,195.08,195.08,0.0,2.128,2.128,2.128,0.0,21.46,21.46,21.46,0.0,10.0,10,10,0.0,2041.55,2041.55,2041.55,0.0,9.0,9.0,9.0,0.0,2.28,2.28,2.28,0.0,0.0,0,0,0.0,9.0,9,9,0.0,20.0,20.0,20.0,0.0,0,0.5108290760442868,1
1601,Pt3Ag,111,Ag3Pt9,bridge|A_A|A,1.83387502453462,1.002783305780099,2.0,AgPt3,199.75,209.0,172.0,16.021469970012117,173.277,195.08,107.868,37.76390375742424,1.9215,2.128,1.302,0.3576684917629732,18.72025,21.46,10.501,4.745386200036832,10.25,11,10,0.4330127018922193,1839.895,2041.55,1234.93,349.2767056003019,8.644,9.0,7.576,0.6166100874945204,2.1925,2.28,1.93,0.15155444566227672,0.0,0,0,0.0,9.25,10,9,0.4330127018922193,17.825,20.0,11.3,3.767210506462308,0,0.831091718754521,2
1602,Pt3Ag,111,Ag3Pt9,bridge|A_A|B,1.44091896753872,0.5567563426783408,2.0,AgPt3,199.75,209.0,172.0,16.021469970012117,173.277,195.08,107.868,37.76390375742424,1.9215,2.128,1.302,0.3576684917629732,18.72025,21.46,10.501,4.745386200036832,10.25,11,10,0.4330127018922193,1839.895,2041.55,1234.93,349.2767056003019,8.644,9.0,7.576,0.6166100874945204,2.1925,2.28,1.93,0.15155444566227672,0.0,0,0,0.0,9.25,10,9,0.4330127018922193,17.825,20.0,11.3,3.767210506462308,0,0.8841626248603791,2
1603,Pt3Ag,111,Ag3Pt9,hollow|A_A_A|FCC,1.42350803573555,1.515758436577812,3.0,AgPt3,199.75,209.0,172.0,16.021469970012117,173.277,195.08,107.868,37.76390375742424,1.9215,2.128,1.302,0.3576684917629732,18.72025,21.46,10.501,4.745386200036832,10.25,11,10,0.4330127018922193,1839.895,2041.55,1234.93,349.2767056003019,8.644,9.0,7.576,0.6166100874945204,2.1925,2.28,1.93,0.15155444566227672,0.0,0,0,0.0,9.25,10,9,0.4330127018922193,17.825,20.0,11.3,3.767210506462308,0,-0.09225040084226199,2
1604,Pt3Ag,111,Ag3Pt9,hollow|A_A_A|HCP,1.27417808364027,1.007923128080506,3.0,AgPt3,199.75,209.0,172.0,16.021469970012117,173.277,195.08,107.868,37.76390375742424,1.9215,2.128,1.302,0.3576684917629732,18.72025,21.46,10.501,4.745386200036832,10.25,11,10,0.4330127018922193,1839.895,2041.55,1234.93,349.2767056003019,8.644,9.0,7.576,0.6166100874945204,2.1925,2.28,1.93,0.15155444566227672,0.0,0,0,0.0,9.25,10,9,0.4330127018922193,17.825,20.0,11.3,3.767210506462308,0,0.266254955559764,2
1609,Pt3Au,111,Au3Pt9,bridge|A_A|B,1.79523839683662,0.7544422844811152,2.0,AuPt3,198.25,209.0,166.0,18.619546181365433,195.5516425,196.96657,195.08,0.8169087730087946,2.1732500000000003,2.309,2.128,0.07837529904249171,20.915499999999998,21.46,19.282,0.943101664721254,10.25,11,10,0.4330127018922193,1865.495,2041.55,1337.33,304.9362049265387,9.0565,9.226,9.0,0.09786087062764194,2.3449999999999998,2.54,2.28,0.11258330249197712,0.0,0,0,0.0,9.25,10,9,0.4330127018922193,18.125,20.0,12.5,3.247595264191645,0,1.0407961123555047,2
1610,Pt3Au,111,Au3Pt9,hollow|A_A_A|FCC,1.42002647523606,1.4439539892781568,3.0,AuPt3,198.25,209.0,166.0,18.619546181365433,195.5516425,196.96657,195.08,0.8169087730087946,2.1732500000000003,2.309,2.128,0.07837529904249171,20.915499999999998,21.46,19.282,0.943101664721254,10.25,11,10,0.4330127018922193,1865.495,2041.55,1337.33,304.9362049265387,9.0565,9.226,9.0,0.09786087062764194,2.3449999999999998,2.54,2.28,0.11258330249197712,0.0,0,0,0.0,9.25,10,9,0.4330127018922193,18.125,20.0,12.5,3.247595264191645,0,-0.023927514042096698,2
1611,Pt3Au,111,Au3Pt9,hollow|A_A_A|HCP,1.51265701913854,1.1704047500796833,3.0,AuPt3,198.25,209.0,166.0,18.619546181365433,195.5516425,196.96657,195.08,0.8169087730087946,2.1732500000000003,2.309,2.128,0.07837529904249171,20.915499999999998,21.46,19.282,0.943101664721254,10.25,11,10,0.4330127018922193,1865.495,2041.55,1337.33,304.9362049265387,9.0565,9.226,9.0,0.09786087062764194,2.3449999999999998,2.54,2.28,0.11258330249197712,0.0,0,0,0.0,9.25,10,9,0.4330127018922193,18.125,20.0,12.5,3.247595264191645,0,0.34225226905885675,2
1614,Pt3Au,111,Au3Pt9,top|B,3.81809702653828,1.5503054652807575,1.0,AuPt3,198.25,209.0,166.0,18.619546181365433,195.5516425,196.96657,195.08,0.8169087730087946,2.1732500000000003,2.309,2.128,0.07837529904249171,20.915499999999998,21.46,19.282,0.943101664721254,10.25,11,10,0.4330127018922193,1865.495,2041.55,1337.33,304.9362049265387,9.0565,9.226,9.0,0.09786087062764194,2.3449999999999998,2.54,2.28,0.11258330249197712,0.0,0,0,0.0,9.25,10,9,0.4330127018922193,18.125,20.0,12.5,3.247595264191645,0,2.267791561257522,2
1619,Pt3Bi,111,Bi3Pt9,hollow|A_A_A|FCC,1.73731651733743,1.4219828376780017,3.0,BiPt3,208.5,209.0,207.0,0.8660254037844386,198.5551,208.9804,195.08,6.019049761382601,1.8325,2.128,0.946,0.5118210136366033,18.54675,21.46,9.807,5.0458970151500315,11.25,15,10,2.165063509461097,1667.3,2041.55,544.55,648.2200147326523,8.57225,9.0,7.289,0.7408847329375874,2.215,2.28,2.02,0.11258330249197693,0.75,3,0,1.299038105676658,9.25,10,9,0.4330127018922193,17.725,20.0,10.9,3.9404155872191957,0,0.3153336796594284,2
1620,Pt3Bi,111,Bi3Pt9,hollow|A_A_A|HCP,1.40304180974255,1.2004327843795863,3.0,BiPt3,208.5,209.0,207.0,0.8660254037844386,198.5551,208.9804,195.08,6.019049761382601,1.8325,2.128,0.946,0.5118210136366033,18.54675,21.46,9.807,5.0458970151500315,11.25,15,10,2.165063509461097,1667.3,2041.55,544.55,648.2200147326523,8.57225,9.0,7.289,0.7408847329375874,2.215,2.28,2.02,0.11258330249197693,0.75,3,0,1.299038105676658,9.25,10,9,0.4330127018922193,17.725,20.0,10.9,3.9404155872191957,0,0.20260902536296377,2
1628,Pt3Cu,111,Cu3Pt9,hollow|A_A_A|FCC,1.59144513214034,1.5619218690816297,3.0,CuPt3,191.75,209.0,140.0,29.877876430563134,162.1975,195.08,63.55,56.954160679883614,1.903,2.128,1.228,0.38971143170299744,18.328249999999997,21.46,8.933,5.424350116603832,10.25,11,10,0.4330127018922193,1870.605,2041.55,1357.77,296.0854252998617,8.6815,9.0,7.726,0.5516581822106874,2.185,2.28,1.9,0.1645448267190433,0.0,0,0,0.0,9.25,10,9,0.4330127018922193,18.275,20.0,13.1,2.9877876430563135,0,0.029523263058710336,2
1629,Pt3Cu,111,Cu3Pt9,hollow|A_A_A|HCP,1.42959590253651,1.0609850544759638,3.0,CuPt3,191.75,209.0,140.0,29.877876430563134,162.1975,195.08,63.55,56.954160679883614,1.903,2.128,1.228,0.38971143170299744,18.328249999999997,21.46,8.933,5.424350116603832,10.25,11,10,0.4330127018922193,1870.605,2041.55,1357.77,296.0854252998617,8.6815,9.0,7.726,0.5516581822106874,2.185,2.28,1.9,0.1645448267190433,0.0,0,0,0.0,9.25,10,9,0.4330127018922193,18.275,20.0,13.1,2.9877876430563135,0,0.3686108480605461,2
1630,Pt3Cu,111,Cu3Pt9,hollow|A_A_B|FCC,1.23414864133866,0.7871456058754802,3.0,CuPt3,191.75,209.0,140.0,29.877876430563134,162.1975,195.08,63.55,56.954160679883614,1.903,2.128,1.228,0.38971143170299744,18.328249999999997,21.46,8.933,5.424350116603832,10.25,11,10,0.4330127018922193,1870.605,2041.55,1357.77,296.0854252998617,8.6815,9.0,7.726,0.5516581822106874,2.185,2.28,1.9,0.1645448267190433,0.0,0,0,0.0,9.25,10,9,0.4330127018922193,18.275,20.0,13.1,2.9877876430563135,0,0.44700303546317977,2
1631,Pt3Cu,111,Cu3Pt9,hollow|A_A_B|HCP,1.59109900334062,0.9864417812758576,3.0,CuPt3,191.75,209.0,140.0,29.877876430563134,162.1975,195.08,63.55,56.954160679883614,1.903,2.128,1.228,0.38971143170299744,18.328249999999997,21.46,8.933,5.424350116603832,10.25,11,10,0.4330127018922193,1870.605,2041.55,1357.77,296.0854252998617,8.6815,9.0,7.726,0.5516581822106874,2.185,2.28,1.9,0.1645448267190433,0.0,0,0,0.0,9.25,10,9,0.4330127018922193,18.275,20.0,13.1,2.9877876430563135,0,0.6046572220647625,2
1645,Pt3Ir,111,Ir3Pt9,bridge|A_A|A,1.94305362723736,0.8595478872783815,2.0,IrPt3,207.25,209.0,202.0,3.031088913245535,194.365,195.08,192.22,1.2384163274117532,1.98725,2.128,1.565,0.24378615116531957,21.7,22.42,21.46,0.41569219381653094,9.75,10,9,0.4330127018922193,2210.9125,2719.0,2041.55,293.34445489688403,9.025,9.1,9.0,0.04330127018922177,2.26,2.28,2.2,0.034641016151377386,0.0,0,0,0.0,8.5,9,7,0.8660254037844386,21.5,26.0,20.0,2.598076211353316,0,1.0835057399589785,2
1647,Pt3Ir,111,Ir3Pt9,hollow|A_A_A|FCC,1.49310128593407,1.0530834127829394,3.0,IrPt3,207.25,209.0,202.0,3.031088913245535,194.365,195.08,192.22,1.2384163274117532,1.98725,2.128,1.565,0.24378615116531957,21.7,22.42,21.46,0.41569219381653094,9.75,10,9,0.4330127018922193,2210.9125,2719.0,2041.55,293.34445489688403,9.025,9.1,9.0,0.04330127018922177,2.26,2.28,2.2,0.034641016151377386,0.0,0,0,0.0,8.5,9,7,0.8660254037844386,21.5,26.0,20.0,2.598076211353316,0,0.4400178731511306,2
1648,Pt3Ir,111,Ir3Pt9,hollow|A_A_A|HCP,1.94934612373964,1.5153406057769416,3.0,IrPt3,207.25,209.0,202.0,3.031088913245535,194.365,195.08,192.22,1.2384163274117532,1.98725,2.128,1.565,0.24378615116531957,21.7,22.42,21.46,0.41569219381653094,9.75,10,9,0.4330127018922193,2210.9125,2719.0,2041.55,293.34445489688403,9.025,9.1,9.0,0.04330127018922177,2.26,2.28,2.2,0.034641016151377386,0.0,0,0,0.0,8.5,9,7,0.8660254037844386,21.5,26.0,20.0,2.598076211353316,0,0.43400551796269826,2
1651,Pt3Ir,111,Ir3Pt9,top|A,2.51022458283461,0.785605985777579,1.0,IrPt3,207.25,209.0,202.0,3.031088913245535,194.365,195.08,192.22,1.2384163274117532,1.98725,2.128,1.565,0.24378615116531957,21.7,22.42,21.46,0.41569219381653094,9.75,10,9,0.4330127018922193,2210.9125,2719.0,2041.55,293.34445489688403,9.025,9.1,9.0,0.04330127018922177,2.26,2.28,2.2,0.034641016151377386,0.0,0,0,0.0,8.5,9,7,0.8660254037844386,21.5,26.0,20.0,2.598076211353316,0,1.724618597057031,2
1652,Pt3Ir,111,Ir3Pt9,top|B,1.36896295273965,0.2754615191778384,1.0,IrPt3,207.25,209.0,202.0,3.031088913245535,194.365,195.08,192.22,1.2384163274117532,1.98725,2.128,1.565,0.24378615116531957,21.7,22.42,21.46,0.41569219381653094,9.75,10,9,0.4330127018922193,2210.9125,2719.0,2041.55,293.34445489688403,9.025,9.1,9.0,0.04330127018922177,2.26,2.28,2.2,0.034641016151377386,0.0,0,0,0.0,8.5,9,7,0.8660254037844386,21.5,26.0,20.0,2.598076211353316,0,1.0935014335618116,2
1667,Pt3Os,111,Os3Pt9,top|B,0.170943546134197,-0.1879984170255966,1.0,OsPt3,210.75,216.0,209.0,3.031088913245535,193.86,195.08,190.2,2.1131019852340405,1.871,2.128,1.1,0.4451370575452015,21.737499999999997,22.57,21.46,0.4806440991003632,9.5,10,8,0.8660254037844386,2357.6625,3306.0,2041.55,547.5229109076167,8.925,9.0,8.7,0.12990381056766612,2.26,2.28,2.2,0.034641016151377386,0.0,0,0,0.0,8.25,9,6,1.299038105676658,22.75,31.0,20.0,4.763139720814412,0,0.3589419631597936,2
1673,Pt3Pd,111,Pd3Pt9,hollow|A_A_A|FCC,1.34001371383403,1.2572478408809502,3.0,PdPt3,207.25,209.0,202.0,3.031088913245535,172.915,195.08,106.42,38.39090614976417,1.7352500000000002,2.128,0.557,0.6802629546726766,19.095,21.46,12.0,4.096300159900395,10.0,10,10,0.0,1988.175,2041.55,1828.05,92.44821185398882,8.83425,9.0,8.337,0.2870874213545415,2.26,2.28,2.2,0.034641016151377386,0.0,0,0,0.0,9.25,10,9,0.4330127018922193,19.175,20.0,16.7,1.4289419162443242,0,0.0827658729530798,2
1674,Pt3Pd,111,Pd3Pt9,hollow|A_A_A|HCP,1.50989656023359,1.1751923209784536,3.0,PdPt3,207.25,209.0,202.0,3.031088913245535,172.915,195.08,106.42,38.39090614976417,1.7352500000000002,2.128,0.557,0.6802629546726766,19.095,21.46,12.0,4.096300159900395,10.0,10,10,0.0,1988.175,2041.55,1828.05,92.44821185398882,8.83425,9.0,8.337,0.2870874213545415,2.26,2.28,2.2,0.034641016151377386,0.0,0,0,0.0,9.25,10,9,0.4330127018922193,19.175,20.0,16.7,1.4289419162443242,0,0.3347042392551365,2
1680,Pt3Re,111,Pt9Re3,hollow|A_A_A|FCC,2.190673955043,1.152596259886991,3.0,Pt3Re,211.0,217.0,209.0,3.4641016151377544,192.86175,195.08,186.207,3.8421217038896702,1.6335000000000002,2.128,0.15,0.85649912434281,21.294999999999998,21.46,20.8,0.2857883832488648,9.25,10,7,1.299038105676658,2395.9125,3459.0,2041.55,613.7738542971263,8.72,9.0,7.88,0.48497422611928565,2.185,2.28,1.9,0.1645448267190433,0.0,0,0,0.0,8.0,9,5,1.7320508075688772,23.25,33.0,20.0,5.629165124598851,0,1.0380776951560091,2
1681,Pt3Re,111,Pt9Re3,hollow|A_A_A|HCP,2.47426188193987,1.789222776181191,3.0,Pt3Re,211.0,217.0,209.0,3.4641016151377544,192.86175,195.08,186.207,3.8421217038896702,1.6335000000000002,2.128,0.15,0.85649912434281,21.294999999999998,21.46,20.8,0.2857883832488648,9.25,10,7,1.299038105676658,2395.9125,3459.0,2041.55,613.7738542971263,8.72,9.0,7.88,0.48497422611928565,2.185,2.28,1.9,0.1645448267190433,0.0,0,0,0.0,8.0,9,5,1.7320508075688772,23.25,33.0,20.0,5.629165124598851,0,0.6850391057586789,2
1683,Pt3Re,111,Pt9Re3,top|A,2.70579103003894,0.9346811032854704,1.0,Pt3Re,211.0,217.0,209.0,3.4641016151377544,192.86175,195.08,186.207,3.8421217038896702,1.6335000000000002,2.128,0.15,0.85649912434281,21.294999999999998,21.46,20.8,0.2857883832488648,9.25,10,7,1.299038105676658,2395.9125,3459.0,2041.55,613.7738542971263,8.72,9.0,7.88,0.48497422611928565,2.185,2.28,1.9,0.1645448267190433,0.0,0,0,0.0,8.0,9,5,1.7320508075688772,23.25,33.0,20.0,5.629165124598851,0,1.7711099267534696,2
1684,Pt3Re,111,Pt9Re3,top|B,-0.969138742559323,-0.69673278971743,1.0,Pt3Re,211.0,217.0,209.0,3.4641016151377544,192.86175,195.08,186.207,3.8421217038896702,1.6335000000000002,2.128,0.15,0.85649912434281,21.294999999999998,21.46,20.8,0.2857883832488648,9.25,10,7,1.299038105676658,2395.9125,3459.0,2041.55,613.7738542971263,8.72,9.0,7.88,0.48497422611928565,2.185,2.28,1.9,0.1645448267190433,0.0,0,0,0.0,8.0,9,5,1.7320508075688772,23.25,33.0,20.0,5.629165124598851,0,-0.27240595284189295,2
1688,Pt3Rh,111,Pt9Rh3,hollow|A_A_A|FCC,1.43782625773366,1.1188760491758103,3.0,Pt3Rh,205.5,209.0,195.0,6.06217782649107,172.036375,195.08,102.9055,39.91272929056437,1.8802500000000002,2.128,1.137,0.4291155875751894,19.195,21.46,12.4,3.9230950791435073,9.75,10,9,0.4330127018922193,2090.4125,2237.0,2041.55,84.63233258483429,8.61475,9.0,7.459,0.6672725736159102,2.28,2.28,2.28,0.0,0.0,0,0,0.0,8.75,9,8,0.4330127018922193,20.425,21.7,20.0,0.7361215932167725,0,0.3189502085578497,2
1689,Pt3Rh,111,Pt9Rh3,hollow|A_A_A|HCP,1.70999587973694,1.352738165177357,3.0,Pt3Rh,205.5,209.0,195.0,6.06217782649107,172.036375,195.08,102.9055,39.91272929056437,1.8802500000000002,2.128,1.137,0.4291155875751894,19.195,21.46,12.4,3.9230950791435073,9.75,10,9,0.4330127018922193,2090.4125,2237.0,2041.55,84.63233258483429,8.61475,9.0,7.459,0.6672725736159102,2.28,2.28,2.28,0.0,0.0,0,0,0.0,8.75,9,8,0.4330127018922193,20.425,21.7,20.0,0.7361215932167725,0,0.357257714559583,2
1690,Pt3Rh,111,Pt9Rh3,hollow|A_A_B|FCC,1.02603148763211,0.8789445699775342,3.0,Pt3Rh,205.5,209.0,195.0,6.06217782649107,172.036375,195.08,102.9055,39.91272929056437,1.8802500000000002,2.128,1.137,0.4291155875751894,19.195,21.46,12.4,3.9230950791435073,9.75,10,9,0.4330127018922193,2090.4125,2237.0,2041.55,84.63233258483429,8.61475,9.0,7.459,0.6672725736159102,2.28,2.28,2.28,0.0,0.0,0,0,0.0,8.75,9,8,0.4330127018922193,20.425,21.7,20.0,0.7361215932167725,0,0.1470869176545757,2
1693,Pt3Rh,111,Pt9Rh3,top|B,1.93156157963296,0.5293010087742687,1.0,Pt3Rh,205.5,209.0,195.0,6.06217782649107,172.036375,195.08,102.9055,39.91272929056437,1.8802500000000002,2.128,1.137,0.4291155875751894,19.195,21.46,12.4,3.9230950791435073,9.75,10,9,0.4330127018922193,2090.4125,2237.0,2041.55,84.63233258483429,8.61475,9.0,7.459,0.6672725736159102,2.28,2.28,2.28,0.0,0.0,0,0,0.0,8.75,9,8,0.4330127018922193,20.425,21.7,20.0,0.7361215932167725,0,1.4022605708586913,2
1695,Pt3Ru,111,Pt9Ru3,hollow|A_A_A|FCC,1.68356246924287,1.0613660137795478,3.0,Pt3Ru,208.5,209.0,207.0,0.8660254037844386,171.585,195.08,101.1,40.69453372383078,1.8585,2.128,1.05,0.46678769263981246,19.119999999999997,21.46,12.1,4.052998889711174,9.5,10,8,0.8660254037844386,2182.9125,2607.0,2041.55,244.84703228495545,8.59025,9.0,7.361,0.7097078184013476,2.26,2.28,2.2,0.034641016151377386,0.0,0,0,0.0,8.5,9,7,0.8660254037844386,21.425,25.7,20.0,2.4681724007856496,0,0.6221964554633221,2
1696,Pt3Ru,111,Pt9Ru3,hollow|A_A_A|HCP,1.92654692964044,1.493721977681048,3.0,Pt3Ru,208.5,209.0,207.0,0.8660254037844386,171.585,195.08,101.1,40.69453372383078,1.8585,2.128,1.05,0.46678769263981246,19.119999999999997,21.46,12.1,4.052998889711174,9.5,10,8,0.8660254037844386,2182.9125,2607.0,2041.55,244.84703228495545,8.59025,9.0,7.361,0.7097078184013476,2.26,2.28,2.2,0.034641016151377386,0.0,0,0,0.0,8.5,9,7,0.8660254037844386,21.425,25.7,20.0,2.4681724007856496,0,0.4328249519593921,2
1697,Pt3Ru,111,Pt9Ru3,hollow|A_A_B|FCC,0.70876648003815,0.8779084964816093,3.0,Pt3Ru,208.5,209.0,207.0,0.8660254037844386,171.585,195.08,101.1,40.69453372383078,1.8585,2.128,1.05,0.46678769263981246,19.119999999999997,21.46,12.1,4.052998889711174,9.5,10,8,0.8660254037844386,2182.9125,2607.0,2041.55,244.84703228495545,8.59025,9.0,7.361,0.7097078184013476,2.26,2.28,2.2,0.034641016151377386,0.0,0,0,0.0,8.5,9,7,0.8660254037844386,21.425,25.7,20.0,2.4681724007856496,0,-0.16914201644345928,2
1699,Pt3Ru,111,Pt9Ru3,top|A,2.44175774784145,0.7528825278831164,1.0,Pt3Ru,208.5,209.0,207.0,0.8660254037844386,171.585,195.08,101.1,40.69453372383078,1.8585,2.128,1.05,0.46678769263981246,19.119999999999997,21.46,12.1,4.052998889711174,9.5,10,8,0.8660254037844386,2182.9125,2607.0,2041.55,244.84703228495545,8.59025,9.0,7.361,0.7097078184013476,2.26,2.28,2.2,0.034641016151377386,0.0,0,0,0.0,8.5,9,7,0.8660254037844386,21.425,25.7,20.0,2.4681724007856496,0,1.6888752199583337,2
1701,Pt3Tc,111,Pt9Tc3,hollow|A_A_A|FCC,2.0177612571386,1.136205754974867,3.0,Pt3Tc,209.0,209.0,209.0,0.0,170.53659,195.08,96.90636,42.510433110994065,1.7335,2.128,0.55,0.6832940435859222,18.845,21.46,11.0,4.529312861792614,9.25,10,7,1.299038105676658,2138.6625,2430.0,2041.55,168.20378405003262,8.57,9.0,7.28,0.7447818472546172,2.185,2.28,1.9,0.1645448267190433,0.0,0,0,0.0,8.0,9,5,1.7320508075688772,20.75,23.0,20.0,1.299038105676658,0,0.8815555021637329,2
1702,Pt3Tc,111,Pt9Tc3,hollow|A_A_A|HCP,2.18345069323897,1.63458755668114,3.0,Pt3Tc,209.0,209.0,209.0,0.0,170.53659,195.08,96.90636,42.510433110994065,1.7335,2.128,0.55,0.6832940435859222,18.845,21.46,11.0,4.529312861792614,9.25,10,7,1.299038105676658,2138.6625,2430.0,2041.55,168.20378405003262,8.57,9.0,7.28,0.7447818472546172,2.185,2.28,1.9,0.1645448267190433,0.0,0,0,0.0,8.0,9,5,1.7320508075688772,20.75,23.0,20.0,1.299038105676658,0,0.5488631365578298,2
1704,Pt3Tc,111,Pt9Tc3,top|B,-0.297454712064962,-0.3008150458218779,1.0,Pt3Tc,209.0,209.0,209.0,0.0,170.53659,195.08,96.90636,42.510433110994065,1.7335,2.128,0.55,0.6832940435859222,18.845,21.46,11.0,4.529312861792614,9.25,10,7,1.299038105676658,2138.6625,2430.0,2041.55,168.20378405003262,8.57,9.0,7.28,0.7447818472546172,2.185,2.28,1.9,0.1645448267190433,0.0,0,0,0.0,8.0,9,5,1.7320508075688772,20.75,23.0,20.0,1.299038105676658,0,0.003360333756915912,2
1714,Pt3Zn,111,Pt9Zn3,hollow|A_A_B|FCC,1.15379369683416,0.5403093740795839,3.0,Pt3Zn,191.5,209.0,139.0,30.31088913245535,162.66,195.08,65.4,56.15308718138301,,2.128,2.128,,17.8785,21.46,7.134,6.203339967307935,10.5,12,10,0.8660254037844386,1704.3325,2041.55,692.68,584.0778432013578,9.0985,9.394,9.0,0.17060700454553449,2.1225,2.28,1.65,0.27279800219209815,0.0,0,0,0.0,9.25,10,9,0.4330127018922193,16.8375,20.0,7.35,5.477610678936575,0,0.6134843227545761,2
1715,Pt3Zn,111,Pt9Zn3,hollow|A_A_B|HCP,1.46916397583465,0.8346751857797017,3.0,Pt3Zn,191.5,209.0,139.0,30.31088913245535,162.66,195.08,65.4,56.15308718138301,,2.128,2.128,,17.8785,21.46,7.134,6.203339967307935,10.5,12,10,0.8660254037844386,1704.3325,2041.55,692.68,584.0778432013578,9.0985,9.394,9.0,0.17060700454553449,2.1225,2.28,1.65,0.27279800219209815,0.0,0,0,0.0,9.25,10,9,0.4330127018922193,16.8375,20.0,7.35,5.477610678936575,0,0.6344887900549483,2
1727,PtRe,101,Pt6Re6,top|B,-0.508573009265263,-0.3919790322207745,1.0,PtRe,213.0,217.0,209.0,4.0,190.64350000000002,195.08,186.207,4.436500000000009,1.139,2.128,0.15,0.9890000000000001,21.130000000000003,21.46,20.8,0.33000000000000007,8.5,10,7,1.5,2750.275,3459.0,2041.55,708.725,8.44,9.0,7.88,0.56,2.09,2.28,1.9,0.18999999999999995,0.0,0,0,0.0,7.0,9,5,2.0,26.5,33.0,20.0,6.5,0,-0.11659397704448854,2
1732,PtRh,101,Pt6Rh6,hollow|A_A_B|FCC,1.1516254938395,0.8533649166791974,4.0,PtRh,202.0,209.0,195.0,7.0,148.99275,195.08,102.9055,46.087250000000004,1.6325,2.128,1.137,0.49550000000000005,16.93,21.46,12.4,4.53,9.5,10,9,0.5,2139.275,2237.0,2041.55,97.72500000000002,8.2295,9.0,7.459,0.7705000000000002,2.28,2.28,2.28,0.0,0.0,0,0,0.0,8.5,9,8,0.5,20.85,21.7,20.0,0.8499999999999996,0,0.29826057716030263,2
1734,PtRh,101,Pt6Rh6,hollow|A_B_B|FCC,0.720528056437445,0.5644366196801229,4.0,PtRh,202.0,209.0,195.0,7.0,148.99275,195.08,102.9055,46.087250000000004,1.6325,2.128,1.137,0.49550000000000005,16.93,21.46,12.4,4.53,9.5,10,9,0.5,2139.275,2237.0,2041.55,97.72500000000002,8.2295,9.0,7.459,0.7705000000000002,2.28,2.28,2.28,0.0,0.0,0,0,0.0,8.5,9,8,0.5,20.85,21.7,20.0,0.8499999999999996,0,0.15609143675732207,2
1739,PtRu,101,Pt6Ru6,bridge|B_B|A,0.413129352436783,-0.0775139399221416,2.0,PtRu,208.0,209.0,207.0,1.0,148.09,195.08,101.1,46.99000000000001,1.589,2.128,1.05,0.539,16.78,21.46,12.1,4.680000000000001,9.0,10,8,1.0,2324.275,2607.0,2041.55,282.725,8.1805,9.0,7.361,0.8195,2.24,2.28,2.2,0.039999999999999813,0.0,0,0,0.0,8.0,9,7,1.0,22.85,25.7,20.0,2.8499999999999996,0,0.4906432923589246,2
1740,PtRu,101,Pt6Ru6,hollow|A_A_B|FCC,1.08915931314169,0.8488934059831763,4.0,PtRu,208.0,209.0,207.0,1.0,148.09,195.08,101.1,46.99000000000001,1.589,2.128,1.05,0.539,16.78,21.46,12.1,4.680000000000001,9.0,10,8,1.0,2324.275,2607.0,2041.55,282.725,8.1805,9.0,7.361,0.8195,2.24,2.28,2.2,0.039999999999999813,0.0,0,0,0.0,8.0,9,7,1.0,22.85,25.7,20.0,2.8499999999999996,0,0.2402659071585136,2
1750,PtTc,101,Pt6Tc6,top|B,-0.0065405282622919,-0.2065967176196181,1.0,PtTc,209.0,209.0,209.0,0.0,145.99318,195.08,96.90636,49.08682,1.339,2.128,0.55,0.789,16.23,21.46,11.0,5.23,8.5,10,7,1.5,2235.775,2430.0,2041.55,194.22500000000002,8.14,9.0,7.28,0.8599999999999999,2.09,2.28,1.9,0.18999999999999995,0.0,0,0,0.0,7.0,9,5,2.0,21.5,23.0,20.0,1.5,0,0.2000561893573262,2
1753,PtZn,101,Pt6Zn6,hollow|A_A_B|FCC,1.66025605514352,0.7633522439836042,4.0,PtZn,174.0,209.0,139.0,35.0,130.24,195.08,65.4,64.84,,2.128,2.128,,14.297,21.46,7.134,7.163,11.0,12,10,1.0,1367.115,2041.55,692.68,674.435,9.197,9.394,9.0,0.19700000000000006,1.9649999999999999,2.28,1.65,0.31499999999999995,0.0,0,0,0.0,9.5,10,9,0.5,13.675,20.0,7.35,6.325,0,0.8969038111599157,2
1755,PtZn,101,Pt6Zn6,hollow|A_B_B|FCC,1.02398818484272,0.287190305881154,4.0,PtZn,174.0,209.0,139.0,35.0,130.24,195.08,65.4,64.84,,2.128,2.128,,14.297,21.46,7.134,7.163,11.0,12,10,1.0,1367.115,2041.55,692.68,674.435,9.197,9.394,9.0,0.19700000000000006,1.9649999999999999,2.28,1.65,0.31499999999999995,0.0,0,0,0.0,9.5,10,9,0.5,13.675,20.0,7.35,6.325,0,0.7367978789615659,2
1764,Re3Ag,111,Ag3Re9,hollow|A_A_A|FCC,-0.80701100456298,-0.2583120887239829,3.0,AgRe3,205.75,217.0,172.0,19.48557158514987,166.62225,186.207,107.868,33.92178205353457,0.438,1.302,0.15,0.49883063257983673,18.225250000000003,20.8,10.501,4.4595978167879675,8.0,11,7,1.7320508075688772,2902.9825,3459.0,1234.93,963.0505598974282,7.804,7.88,7.576,0.13163586137523478,1.9074999999999998,1.93,1.9,0.012990381056766592,0.0,0,0,0.0,6.25,10,5,2.165063509461097,27.575,33.0,11.3,9.396375631061158,0,-0.5486989158389971,2
1765,Re3Ag,111,Ag3Re9,hollow|A_A_A|HCP,-1.58877542316276,-1.0053560060215432,3.0,AgRe3,205.75,217.0,172.0,19.48557158514987,166.62225,186.207,107.868,33.92178205353457,0.438,1.302,0.15,0.49883063257983673,18.225250000000003,20.8,10.501,4.4595978167879675,8.0,11,7,1.7320508075688772,2902.9825,3459.0,1234.93,963.0505598974282,7.804,7.88,7.576,0.13163586137523478,1.9074999999999998,1.93,1.9,0.012990381056766592,0.0,0,0,0.0,6.25,10,5,2.165063509461097,27.575,33.0,11.3,9.396375631061158,0,-0.5834194171412168,2
1768,Re3Au,111,Au3Re9,hollow|A_A_A|FCC,-0.794673907363347,-0.7166768293201358,3.0,AuRe3,204.25,217.0,166.0,22.083647796503186,188.89689249999998,196.96657,186.207,4.659030476898464,0.6897500000000001,2.309,0.15,0.9348744233853016,20.4205,20.8,19.282,0.6573132814723892,8.0,11,7,1.7320508075688772,2928.5825,3459.0,1337.33,918.710059223665,8.2165,9.226,7.88,0.5828350967469277,2.0599999999999996,2.54,1.9,0.2771281292110204,0.0,0,0,0.0,6.25,10,5,2.165063509461097,27.875,33.0,12.5,8.876760388790496,0,-0.07799707804321121,2
1769,Re3Au,111,Au3Re9,hollow|A_A_A|HCP,-1.51512250656032,-1.4267989805185834,3.0,AuRe3,204.25,217.0,166.0,22.083647796503186,188.89689249999998,196.96657,186.207,4.659030476898464,0.6897500000000001,2.309,0.15,0.9348744233853016,20.4205,20.8,19.282,0.6573132814723892,8.0,11,7,1.7320508075688772,2928.5825,3459.0,1337.33,918.710059223665,8.2165,9.226,7.88,0.5828350967469277,2.0599999999999996,2.54,1.9,0.2771281292110204,0.0,0,0,0.0,6.25,10,5,2.165063509461097,27.875,33.0,12.5,8.876760388790496,0,-0.08832352604173654,2
1771,Re3Au,111,Au3Re9,top|A,-0.103330060061296,-0.5392851376192311,1.0,AuRe3,204.25,217.0,166.0,22.083647796503186,188.89689249999998,196.96657,186.207,4.659030476898464,0.6897500000000001,2.309,0.15,0.9348744233853016,20.4205,20.8,19.282,0.6573132814723892,8.0,11,7,1.7320508075688772,2928.5825,3459.0,1337.33,918.710059223665,8.2165,9.226,7.88,0.5828350967469277,2.0599999999999996,2.54,1.9,0.2771281292110204,0.0,0,0,0.0,6.25,10,5,2.165063509461097,27.875,33.0,12.5,8.876760388790496,0,0.43595507755793517,2
1774,Re3Cu,111,Cu3Re9,hollow|A_A_A|FCC,-1.03098613646233,-0.4982370372191553,3.0,CuRe3,197.75,217.0,140.0,33.34197804570089,155.54274999999998,186.207,63.55,53.11203897599395,0.4195,1.228,0.15,0.4667876926398124,17.83325,20.8,8.933,5.138561733354967,8.0,11,7,1.7320508075688772,2933.6925,3459.0,1357.77,909.859279596988,7.8415,7.88,7.726,0.06668395609140174,1.9,1.9,1.9,0.0,0.0,0,0,0.0,6.25,10,5,2.165063509461097,28.025,33.0,13.1,8.616952767655166,0,-0.5327490992431747,2
1775,Re3Cu,111,Cu3Re9,hollow|A_A_A|HCP,-1.4555159702615,-0.7928112881228344,3.0,CuRe3,197.75,217.0,140.0,33.34197804570089,155.54274999999998,186.207,63.55,53.11203897599395,0.4195,1.228,0.15,0.4667876926398124,17.83325,20.8,8.933,5.138561733354967,8.0,11,7,1.7320508075688772,2933.6925,3459.0,1357.77,909.859279596988,7.8415,7.88,7.726,0.06668395609140174,1.9,1.9,1.9,0.0,0.0,0,0,0.0,6.25,10,5,2.165063509461097,28.025,33.0,13.1,8.616952767655166,0,-0.6627046821386655,2
1780,Re3Ir,111,Ir3Re9,hollow|A_A_A|FCC,-0.984368273861207,-0.5829826744185311,3.0,IrRe3,213.25,217.0,202.0,6.49519052838329,187.71025,192.22,186.207,2.603705376477917,0.5037499999999999,1.565,0.15,0.6127129731774903,21.205000000000002,22.42,20.8,0.7014805770653957,7.5,9,7,0.8660254037844386,3274.0,3459.0,2719.0,320.4293994002423,8.185,9.1,7.88,0.5282754963085075,1.9749999999999999,2.2,1.9,0.1299038105676659,0.0,0,0,0.0,5.5,7,5,0.8660254037844386,31.25,33.0,26.0,3.031088913245535,0,-0.4013855994426758,2
1781,Re3Ir,111,Ir3Re9,hollow|A_A_A|HCP,-1.32638353176316,-0.7937755235208215,3.0,IrRe3,213.25,217.0,202.0,6.49519052838329,187.71025,192.22,186.207,2.603705376477917,0.5037499999999999,1.565,0.15,0.6127129731774903,21.205000000000002,22.42,20.8,0.7014805770653957,7.5,9,7,0.8660254037844386,3274.0,3459.0,2719.0,320.4293994002423,8.185,9.1,7.88,0.5282754963085075,1.9749999999999999,2.2,1.9,0.1299038105676659,0.0,0,0,0.0,5.5,7,5,0.8660254037844386,31.25,33.0,26.0,3.031088913245535,0,-0.5326080082423386,2
1783,Re3Ir,111,Ir3Re9,top|A,-0.329325092960232,-0.2000979588184464,1.0,IrRe3,213.25,217.0,202.0,6.49519052838329,187.71025,192.22,186.207,2.603705376477917,0.5037499999999999,1.565,0.15,0.6127129731774903,21.205000000000002,22.42,20.8,0.7014805770653957,7.5,9,7,0.8660254037844386,3274.0,3459.0,2719.0,320.4293994002423,8.185,9.1,7.88,0.5282754963085075,1.9749999999999999,2.2,1.9,0.1299038105676659,0.0,0,0,0.0,5.5,7,5,0.8660254037844386,31.25,33.0,26.0,3.031088913245535,0,-0.1292271341417856,2
1784,Re3Ir,111,Ir3Re9,top|B,1.84622640763683,1.265736704180085,1.0,IrRe3,213.25,217.0,202.0,6.49519052838329,187.71025,192.22,186.207,2.603705376477917,0.5037499999999999,1.565,0.15,0.6127129731774903,21.205000000000002,22.42,20.8,0.7014805770653957,7.5,9,7,0.8660254037844386,3274.0,3459.0,2719.0,320.4293994002423,8.185,9.1,7.88,0.5282754963085075,1.9749999999999999,2.2,1.9,0.1299038105676659,0.0,0,0,0.0,5.5,7,5,0.8660254037844386,31.25,33.0,26.0,3.031088913245535,0,0.5804897034567449,2
1787,Re3Os,111,Os3Re9,hollow|A_A_A|HCP,-1.2329374626608,-0.5568792021214222,3.0,OsRe3,216.75,217.0,216.0,0.4330127018922193,187.20524999999998,190.2,186.207,1.7290197186556295,0.3875,1.1,0.15,0.4113620667976084,21.2425,22.57,20.8,0.766432482349228,7.25,8,7,0.4330127018922193,3420.75,3459.0,3306.0,66.25094338950956,8.085,8.7,7.88,0.3550704155516196,1.9749999999999999,2.2,1.9,0.1299038105676659,0.0,0,0,0.0,5.25,6,5,0.4330127018922193,32.5,33.0,31.0,0.8660254037844386,0,-0.6760582605393779,2
1788,Re3Os,111,Os3Re9,hollow|A_A_B|HCP,-0.989834360662087,-0.173825367818722,3.0,OsRe3,216.75,217.0,216.0,0.4330127018922193,187.20524999999998,190.2,186.207,1.7290197186556295,0.3875,1.1,0.15,0.4113620667976084,21.2425,22.57,20.8,0.766432482349228,7.25,8,7,0.4330127018922193,3420.75,3459.0,3306.0,66.25094338950956,8.085,8.7,7.88,0.3550704155516196,1.9749999999999999,2.2,1.9,0.1299038105676659,0.0,0,0,0.0,5.25,6,5,0.4330127018922193,32.5,33.0,31.0,0.8660254037844386,0,-0.8160089928433649,2
1792,Re3Pd,111,Pd3Re9,hollow|A_A_A|FCC,-0.888290455761478,-0.5284449386191454,3.0,PdRe3,213.25,217.0,202.0,6.49519052838329,166.26024999999998,186.207,106.42,34.5487844458745,0.25175000000000003,0.557,0.15,0.17623616967013328,18.6,20.8,12.0,3.8105117766515306,7.75,10,7,1.299038105676658,3051.2625,3459.0,1828.05,706.2220661511151,7.99425,8.337,7.88,0.19788680476474416,1.9749999999999999,2.2,1.9,0.1299038105676659,0.0,0,0,0.0,6.25,10,5,2.165063509461097,28.925,33.0,16.7,7.058107040843175,0,-0.3598455171423326,2
1793,Re3Pd,111,Pd3Re9,hollow|A_A_A|HCP,-1.59713897806085,-1.086236810518244,3.0,PdRe3,213.25,217.0,202.0,6.49519052838329,166.26024999999998,186.207,106.42,34.5487844458745,0.25175000000000003,0.557,0.15,0.17623616967013328,18.6,20.8,12.0,3.8105117766515306,7.75,10,7,1.299038105676658,3051.2625,3459.0,1828.05,706.2220661511151,7.99425,8.337,7.88,0.19788680476474416,1.9749999999999999,2.2,1.9,0.1299038105676659,0.0,0,0,0.0,6.25,10,5,2.165063509461097,28.925,33.0,16.7,7.058107040843175,0,-0.510902167542606,2
1798,Re3Pt,111,Pt3Re9,hollow|A_A_A|FCC,-0.904554835961051,-0.5687139771172269,3.0,PtRe3,215.0,217.0,209.0,3.4641016151377544,188.42525,195.08,186.207,3.8421217038896702,0.6445000000000001,2.128,0.15,0.8564991243428098,20.965000000000003,21.46,20.8,0.2857883832488648,7.75,10,7,1.299038105676658,3104.6375,3459.0,2041.55,613.7738542971263,8.16,9.0,7.88,0.4849742261192857,1.9949999999999997,2.28,1.9,0.1645448267190433,0.0,0,0,0.0,6.0,9,5,1.7320508075688772,29.75,33.0,20.0,5.629165124598851,0,-0.3358408588438241,2
1799,Re3Pt,111,Pt3Re9,hollow|A_A_A|HCP,-1.4699037172615,-1.0220153594192425,3.0,PtRe3,215.0,217.0,209.0,3.4641016151377544,188.42525,195.08,186.207,3.8421217038896702,0.6445000000000001,2.128,0.15,0.8564991243428098,20.965000000000003,21.46,20.8,0.2857883832488648,7.75,10,7,1.299038105676658,3104.6375,3459.0,2041.55,613.7738542971263,8.16,9.0,7.88,0.4849742261192857,1.9949999999999997,2.28,1.9,0.1645448267190433,0.0,0,0,0.0,6.0,9,5,1.7320508075688772,29.75,33.0,20.0,5.629165124598851,0,-0.44788835784225745,2
1802,Re3Pt,111,Pt3Re9,top|B,2.82881315223841,1.6922801803819991,1.0,PtRe3,215.0,217.0,209.0,3.4641016151377544,188.42525,195.08,186.207,3.8421217038896702,0.6445000000000001,2.128,0.15,0.8564991243428098,20.965000000000003,21.46,20.8,0.2857883832488648,7.75,10,7,1.299038105676658,3104.6375,3459.0,2041.55,613.7738542971263,8.16,9.0,7.88,0.4849742261192857,1.9949999999999997,2.28,1.9,0.1645448267190433,0.0,0,0,0.0,6.0,9,5,1.7320508075688772,29.75,33.0,20.0,5.629165124598851,0,1.136532971856411,2
1803,Re3Rh,111,Re9Rh3,hollow|A_A_A|FCC,-1.03163172656076,-0.6247833057196885,3.0,Re3Rh,211.5,217.0,195.0,9.526279441628825,165.38162499999999,186.207,102.9055,36.070607586674704,0.39675,1.137,0.15,0.4273835367676205,18.700000000000003,20.8,12.4,3.6373066958946425,7.5,9,7,0.8660254037844386,3153.5,3459.0,2237.0,529.141521712292,7.77475,7.88,7.459,0.18229834749662444,1.9949999999999997,2.28,1.9,0.1645448267190433,0.0,0,0,0.0,5.75,8,5,1.299038105676658,30.175,33.0,21.7,4.893043531382078,0,-0.4068484208410714,2
1804,Re3Rh,111,Re9Rh3,hollow|A_A_A|HCP,-1.46895485636213,-0.9217852203211124,3.0,Re3Rh,211.5,217.0,195.0,9.526279441628825,165.38162499999999,186.207,102.9055,36.070607586674704,0.39675,1.137,0.15,0.4273835367676205,18.700000000000003,20.8,12.4,3.6373066958946425,7.5,9,7,0.8660254037844386,3153.5,3459.0,2237.0,529.141521712292,7.77475,7.88,7.459,0.18229834749662444,1.9949999999999997,2.28,1.9,0.1645448267190433,0.0,0,0,0.0,5.75,8,5,1.299038105676658,30.175,33.0,21.7,4.893043531382078,0,-0.5471696360410175,2
1810,Re3Ru,111,Re9Ru3,hollow|A_A_A|FCC,-0.914077867863114,-0.4613457477199745,3.0,Re3Ru,214.5,217.0,207.0,4.330127018922194,164.93025,186.207,101.1,36.85241201994111,0.375,1.05,0.15,0.3897114317029974,18.625,20.8,12.1,3.7672105064623085,7.25,8,7,0.4330127018922193,3246.0,3459.0,2607.0,368.9268220121709,7.75025,7.88,7.361,0.22473359228206188,1.9749999999999999,2.2,1.9,0.1299038105676659,0.0,0,0,0.0,5.5,7,5,0.8660254037844386,31.175,33.0,25.7,3.160992723813201,0,-0.45273212014313946,2
1811,Re3Ru,111,Re9Ru3,hollow|A_A_A|HCP,-1.34796977826062,-0.6820570101182284,3.0,Re3Ru,214.5,217.0,207.0,4.330127018922194,164.93025,186.207,101.1,36.85241201994111,0.375,1.05,0.15,0.3897114317029974,18.625,20.8,12.1,3.7672105064623085,7.25,8,7,0.4330127018922193,3246.0,3459.0,2607.0,368.9268220121709,7.75025,7.88,7.361,0.22473359228206188,1.9749999999999999,2.2,1.9,0.1299038105676659,0.0,0,0,0.0,5.5,7,5,0.8660254037844386,31.175,33.0,25.7,3.160992723813201,0,-0.6659127681423915,2
1813,Re3Ru,111,Re9Ru3,hollow|A_A_B|HCP,-1.06923309696157,-0.3476535926193946,3.0,Re3Ru,214.5,217.0,207.0,4.330127018922194,164.93025,186.207,101.1,36.85241201994111,0.375,1.05,0.15,0.3897114317029974,18.625,20.8,12.1,3.7672105064623085,7.25,8,7,0.4330127018922193,3246.0,3459.0,2607.0,368.9268220121709,7.75025,7.88,7.361,0.22473359228206188,1.9749999999999999,2.2,1.9,0.1299038105676659,0.0,0,0,0.0,5.5,7,5,0.8660254037844386,31.175,33.0,25.7,3.160992723813201,0,-0.7215795043421753,2
1816,Re3Tc,111,Re9Tc3,hollow|A_A_A|FCC,-0.791513032960381,-0.2836239819181401,3.0,Re3Tc,215.0,217.0,209.0,3.4641016151377544,163.88184,186.207,96.90636,38.66831140710439,0.25,0.55,0.15,0.17320508075688776,18.35,20.8,11.0,4.24352447854375,7.0,7,7,0.0,3201.75,3459.0,2430.0,445.57007024709367,7.73,7.88,7.28,0.25980762113533146,1.9,1.9,1.9,0.0,0.0,0,0,0.0,5.0,5,5,0.0,30.5,33.0,23.0,4.330127018922194,0,-0.5078890510422409,2
1817,Re3Tc,111,Re9Tc3,hollow|A_A_A|HCP,-1.34639083776,-0.5868451943198352,3.0,Re3Tc,215.0,217.0,209.0,3.4641016151377544,163.88184,186.207,96.90636,38.66831140710439,0.25,0.55,0.15,0.17320508075688776,18.35,20.8,11.0,4.24352447854375,7.0,7,7,0.0,3201.75,3459.0,2430.0,445.57007024709367,7.73,7.88,7.28,0.25980762113533146,1.9,1.9,1.9,0.0,0.0,0,0,0.0,5.0,5,5,0.0,30.5,33.0,23.0,4.330127018922194,0,-0.7595456434401648,2
1818,Re3Tc,111,Re9Tc3,hollow|A_A_B|FCC,-0.762481615762397,-0.3262915679180196,3.0,Re3Tc,215.0,217.0,209.0,3.4641016151377544,163.88184,186.207,96.90636,38.66831140710439,0.25,0.55,0.15,0.17320508075688776,18.35,20.8,11.0,4.24352447854375,7.0,7,7,0.0,3201.75,3459.0,2430.0,445.57007024709367,7.73,7.88,7.28,0.25980762113533146,1.9,1.9,1.9,0.0,0.0,0,0,0.0,5.0,5,5,0.0,30.5,33.0,23.0,4.330127018922194,0,-0.4361900478443774,2
1819,Re3Tc,111,Re9Tc3,hollow|A_A_B|HCP,-1.27865408416272,-0.6010211008207307,3.0,Re3Tc,215.0,217.0,209.0,3.4641016151377544,163.88184,186.207,96.90636,38.66831140710439,0.25,0.55,0.15,0.17320508075688776,18.35,20.8,11.0,4.24352447854375,7.0,7,7,0.0,3201.75,3459.0,2430.0,445.57007024709367,7.73,7.88,7.28,0.25980762113533146,1.9,1.9,1.9,0.0,0.0,0,0,0.0,5.0,5,5,0.0,30.5,33.0,23.0,4.330127018922194,0,-0.6776329833419894,2
1823,Re3Zn,111,Re9Zn3,hollow|A_A_A|FCC,-0.996133387761972,-0.2895545670209003,3.0,Re3Zn,197.5,217.0,139.0,33.77499074759311,156.00525,186.207,65.4,52.31096547749333,,0.15,0.15,,17.3835,20.8,7.134,5.917551584059069,8.25,12,7,2.165063509461097,2767.42,3459.0,692.68,1197.8516974984843,8.2585,9.394,7.88,0.6555812306648202,1.8375,1.9,1.65,0.10825317547305482,0.0,0,0,0.0,6.25,10,5,2.165063509461097,26.5875,33.0,7.35,11.106775803535426,0,-0.7065788207410717,2
1824,Re3Zn,111,Re9Zn3,hollow|A_A_A|HCP,-1.46111729756757,-0.7407965918201853,3.0,Re3Zn,197.5,217.0,139.0,33.77499074759311,156.00525,186.207,65.4,52.31096547749333,,0.15,0.15,,17.3835,20.8,7.134,5.917551584059069,8.25,12,7,2.165063509461097,2767.42,3459.0,692.68,1197.8516974984843,8.2585,9.394,7.88,0.6555812306648202,1.8375,1.9,1.65,0.10825317547305482,0.0,0,0,0.0,6.25,10,5,2.165063509461097,26.5875,33.0,7.35,11.106775803535426,0,-0.7203207057473846,2
1828,Re3Zn,111,Re9Zn3,top|B,3.45367224163402,1.458328674879226,1.0,Re3Zn,197.5,217.0,139.0,33.77499074759311,156.00525,186.207,65.4,52.31096547749333,,0.15,0.15,,17.3835,20.8,7.134,5.917551584059069,8.25,12,7,2.165063509461097,2767.42,3459.0,692.68,1197.8516974984843,8.2585,9.394,7.88,0.6555812306648202,1.8375,1.9,1.65,0.10825317547305482,0.0,0,0,0.0,6.25,10,5,2.165063509461097,26.5875,33.0,7.35,11.106775803535426,0,1.995343566754794,2
1833,ReRh,101,Re6Rh6,top|A,-0.530262931162895,-0.3187134696191833,1.0,ReRh,206.0,217.0,195.0,11.0,144.55625,186.207,102.9055,41.650749999999995,0.6435,1.137,0.15,0.4935,16.6,20.8,12.4,4.2,8.0,9,7,1.0,2848.0,3459.0,2237.0,611.0,7.669499999999999,7.88,7.459,0.21050000000000013,2.09,2.28,1.9,0.18999999999999995,0.0,0,0,0.0,6.5,8,5,1.5,27.35,33.0,21.7,5.65,0,-0.21154946154371174,2
1836,ReRu,101,Re6Ru6,hollow|A_A_B|FCC,-0.723842402960315,-0.4406698579178965,4.0,ReRu,212.0,217.0,207.0,5.0,143.6535,186.207,101.1,42.5535,0.6,1.05,0.15,0.45,16.45,20.8,12.1,4.3500000000000005,7.5,8,7,0.5,3033.0,3459.0,2607.0,426.0,7.6205,7.88,7.361,0.25950000000000006,2.05,2.2,1.9,0.15000000000000013,0.0,0,0,0.0,6.0,7,5,1.0,29.35,33.0,25.7,3.6500000000000004,0,-0.2831725450424185,2
1837,ReRu,101,Re6Ru6,hollow|A_A_B|HCP,-1.17916423056175,-0.5072869991191737,4.0,ReRu,212.0,217.0,207.0,5.0,143.6535,186.207,101.1,42.5535,0.6,1.05,0.15,0.45,16.45,20.8,12.1,4.3500000000000005,7.5,8,7,0.5,3033.0,3459.0,2607.0,426.0,7.6205,7.88,7.361,0.25950000000000006,2.05,2.2,1.9,0.15000000000000013,0.0,0,0,0.0,6.0,7,5,1.0,29.35,33.0,25.7,3.6500000000000004,0,-0.6718772314425763,2
1839,ReRu,101,Re6Ru6,hollow|A_B_B|HCP,-0.735125467261412,-0.2412291900210448,4.0,ReRu,212.0,217.0,207.0,5.0,143.6535,186.207,101.1,42.5535,0.6,1.05,0.15,0.45,16.45,20.8,12.1,4.3500000000000005,7.5,8,7,0.5,3033.0,3459.0,2607.0,426.0,7.6205,7.88,7.361,0.25950000000000006,2.05,2.2,1.9,0.15000000000000013,0.0,0,0,0.0,6.0,7,5,1.0,29.35,33.0,25.7,3.6500000000000004,0,-0.4938962772403672,2
1842,ReTc,101,Re6Tc6,hollow|A_A_B|FCC,-0.835093969061006,-0.3847156335169757,4.0,ReTc,213.0,217.0,209.0,4.0,141.55668,186.207,96.90636,44.650319999999994,0.35000000000000003,0.55,0.15,0.2,15.9,20.8,11.0,4.9,7.0,7,7,0.0,2944.5,3459.0,2430.0,514.5,7.58,7.88,7.28,0.2999999999999998,1.9,1.9,1.9,0.0,0.0,0,0,0.0,5.0,5,5,0.0,28.0,33.0,23.0,5.0,0,-0.4503783355440303,2
1843,ReTc,101,Re6Tc6,hollow|A_A_B|HCP,-1.34952245985932,-0.6700844094185641,4.0,ReTc,213.0,217.0,209.0,4.0,141.55668,186.207,96.90636,44.650319999999994,0.35000000000000003,0.55,0.15,0.2,15.9,20.8,11.0,4.9,7.0,7,7,0.0,2944.5,3459.0,2430.0,514.5,7.58,7.88,7.28,0.2999999999999998,1.9,1.9,1.9,0.0,0.0,0,0,0.0,5.0,5,5,0.0,28.0,33.0,23.0,5.0,0,-0.679438050440756,2
1844,ReTc,101,Re6Tc6,hollow|A_B_B|FCC,-0.782332592360206,-0.4073133272169116,4.0,ReTc,213.0,217.0,209.0,4.0,141.55668,186.207,96.90636,44.650319999999994,0.35000000000000003,0.55,0.15,0.2,15.9,20.8,11.0,4.9,7.0,7,7,0.0,2944.5,3459.0,2430.0,514.5,7.58,7.88,7.28,0.2999999999999998,1.9,1.9,1.9,0.0,0.0,0,0,0.0,5.0,5,5,0.0,28.0,33.0,23.0,5.0,0,-0.3750192651432944,2
1845,ReTc,101,Re6Tc6,hollow|A_B_B|HCP,-1.25548182205984,-0.6652319393170956,4.0,ReTc,213.0,217.0,209.0,4.0,141.55668,186.207,96.90636,44.650319999999994,0.35000000000000003,0.55,0.15,0.2,15.9,20.8,11.0,4.9,7.0,7,7,0.0,2944.5,3459.0,2430.0,514.5,7.58,7.88,7.28,0.2999999999999998,1.9,1.9,1.9,0.0,0.0,0,0,0.0,5.0,5,5,0.0,28.0,33.0,23.0,5.0,0,-0.5902498827427445,2
1846,ReTc,101,Re6Tc6,top|A,-0.408230486959098,0.0429911292820861,1.0,ReTc,213.0,217.0,209.0,4.0,141.55668,186.207,96.90636,44.650319999999994,0.35000000000000003,0.55,0.15,0.2,15.9,20.8,11.0,4.9,7.0,7,7,0.0,2944.5,3459.0,2430.0,514.5,7.58,7.88,7.28,0.2999999999999998,1.9,1.9,1.9,0.0,0.0,0,0,0.0,5.0,5,5,0.0,28.0,33.0,23.0,5.0,0,-0.4512216162411841,2
1861,Rh-fcc,111,Rh16,fcc,0.686731879999996,0.268338531255722,3.0,Rh,195.0,195.0,195.0,0.0,102.9055,102.9055,102.9055,0.0,1.137,1.137,1.137,0.0,12.4,12.4,12.4,0.0,9.0,9,9,0.0,2237.0,2237.0,2237.0,0.0,7.459,7.459,7.459,0.0,2.28,2.28,2.28,0.0,0.0,0,0,0.0,8.0,8,8,0.0,21.7,21.7,21.7,0.0,0,0.418393348744274,1
1872,Rh3Ag,111,Ag3Rh9,bridge|A_A|A,0.870650948239756,0.2448070788785799,2.0,AgRh3,189.25,195.0,172.0,9.959292143521045,104.146125,107.868,102.9055,2.1488255331401347,1.17825,1.302,1.137,0.0714470958122162,11.92525,12.4,10.501,0.8222911208933249,9.5,11,9,0.8660254037844386,1986.4825,2237.0,1234.93,433.90903818513624,7.48825,7.576,7.459,0.050662486121389655,2.1925,2.28,1.93,0.15155444566227672,0.0,0,0,0.0,8.5,10,8,0.8660254037844386,19.099999999999998,21.7,11.3,4.50333209967908,0,0.6258438693611761,2
1874,Rh3Ag,111,Ag3Rh9,hollow|A_A_A|FCC,0.232033102834805,0.3636646348794556,3.0,AgRh3,189.25,195.0,172.0,9.959292143521045,104.146125,107.868,102.9055,2.1488255331401347,1.17825,1.302,1.137,0.0714470958122162,11.92525,12.4,10.501,0.8222911208933249,9.5,11,9,0.8660254037844386,1986.4825,2237.0,1234.93,433.90903818513624,7.48825,7.576,7.459,0.050662486121389655,2.1925,2.28,1.93,0.15155444566227672,0.0,0,0,0.0,8.5,10,8,0.8660254037844386,19.099999999999998,21.7,11.3,4.50333209967908,0,-0.1316315320446506,2
1875,Rh3Ag,111,Ag3Rh9,hollow|A_A_A|HCP,0.116141995935152,0.2584455604782079,3.0,AgRh3,189.25,195.0,172.0,9.959292143521045,104.146125,107.868,102.9055,2.1488255331401347,1.17825,1.302,1.137,0.0714470958122162,11.92525,12.4,10.501,0.8222911208933249,9.5,11,9,0.8660254037844386,1986.4825,2237.0,1234.93,433.90903818513624,7.48825,7.576,7.459,0.050662486121389655,2.1925,2.28,1.93,0.15155444566227672,0.0,0,0,0.0,8.5,10,8,0.8660254037844386,19.099999999999998,21.7,11.3,4.50333209967908,0,-0.14230356454305587,2
1885,Rh3Au,111,Au3Rh9,hollow|A_A_A|FCC,0.240805917037335,0.2959929164798041,3.0,AuRh3,187.75,195.0,166.0,12.55736835487436,126.4207675,196.96657,102.9055,40.72963806357317,1.4300000000000002,2.309,1.137,0.5074908866176812,14.1205,19.282,12.4,2.9799934144222533,9.5,11,9,0.8660254037844386,2012.0825,2237.0,1337.33,389.56853751137294,7.90075,9.226,7.459,0.7651334442435521,2.3449999999999998,2.54,2.28,0.11258330249197712,0.0,0,0,0.0,8.5,10,8,0.8660254037844386,19.4,21.7,12.5,3.9837168574084174,0,-0.055186999442469076,2
1886,Rh3Au,111,Au3Rh9,hollow|A_A_A|HCP,0.372652963138364,0.3897691956780136,3.0,AuRh3,187.75,195.0,166.0,12.55736835487436,126.4207675,196.96657,102.9055,40.72963806357317,1.4300000000000002,2.309,1.137,0.5074908866176812,14.1205,19.282,12.4,2.9799934144222533,9.5,11,9,0.8660254037844386,2012.0825,2237.0,1337.33,389.56853751137294,7.90075,9.226,7.459,0.7651334442435521,2.3449999999999998,2.54,2.28,0.11258330249197712,0.0,0,0,0.0,8.5,10,8,0.8660254037844386,19.4,21.7,12.5,3.9837168574084174,0,-0.017116232539649612,2
1892,Rh3Bi,111,Bi3Rh9,hollow|A_A_A|FCC,0.985404755538013,0.7865572957824725,3.0,BiRh3,198.0,207.0,195.0,5.196152422706632,129.424225,208.9804,102.9055,45.931779051946975,1.08925,1.137,0.946,0.08270542606141391,11.751750000000001,12.4,9.807,1.1228019360065247,10.5,15,9,2.598076211353316,1813.8875,2237.0,544.55,732.8523473174866,7.416499999999999,7.459,7.289,0.07361215932167725,2.215,2.28,2.02,0.11258330249197693,0.75,3,0,1.299038105676658,8.5,10,8,0.8660254037844386,19.0,21.7,10.9,4.676537180435968,0,0.19884745975554052,2
1893,Rh3Bi,111,Bi3Rh9,hollow|A_A_A|HCP,0.781051616438901,0.261274592082259,3.0,BiRh3,198.0,207.0,195.0,5.196152422706632,129.424225,208.9804,102.9055,45.931779051946975,1.08925,1.137,0.946,0.08270542606141391,11.751750000000001,12.4,9.807,1.1228019360065247,10.5,15,9,2.598076211353316,1813.8875,2237.0,544.55,732.8523473174866,7.416499999999999,7.459,7.289,0.07361215932167725,2.215,2.28,2.02,0.11258330249197693,0.75,3,0,1.299038105676658,8.5,10,8,0.8660254037844386,19.0,21.7,10.9,4.676537180435968,0,0.519777024356642,2
1898,Rh3Cu,111,Cu3Rh9,hollow|A_A_A|FCC,0.294120637135904,0.4403366545783456,3.0,CuRh3,181.25,195.0,140.0,23.81569860407206,93.066625,102.9055,63.55,17.04143138931924,1.15975,1.228,1.137,0.03940415587219195,11.53325,12.4,8.933,1.5012550374603246,9.5,11,9,0.8660254037844386,2017.1925,2237.0,1357.77,380.717757884696,7.5257499999999995,7.726,7.459,0.11561439140522271,2.185,2.28,1.9,0.1645448267190433,0.0,0,0,0.0,8.5,10,8,0.8660254037844386,19.549999999999997,21.7,13.1,3.7239092362730863,0,-0.14621601744244161,2
1899,Rh3Cu,111,Cu3Rh9,hollow|A_A_A|HCP,0.361209895938202,0.307007812477309,3.0,CuRh3,181.25,195.0,140.0,23.81569860407206,93.066625,102.9055,63.55,17.04143138931924,1.15975,1.228,1.137,0.03940415587219195,11.53325,12.4,8.933,1.5012550374603246,9.5,11,9,0.8660254037844386,2017.1925,2237.0,1357.77,380.717757884696,7.5257499999999995,7.726,7.459,0.11561439140522271,2.185,2.28,1.9,0.1645448267190433,0.0,0,0,0.0,8.5,10,8,0.8660254037844386,19.549999999999997,21.7,13.1,3.7239092362730863,0,0.054202083460893,2
1900,Rh3Cu,111,Cu3Rh9,hollow|A_A_B|FCC,0.800441224036888,0.3824652520823974,3.0,CuRh3,181.25,195.0,140.0,23.81569860407206,93.066625,102.9055,63.55,17.04143138931924,1.15975,1.228,1.137,0.03940415587219195,11.53325,12.4,8.933,1.5012550374603246,9.5,11,9,0.8660254037844386,2017.1925,2237.0,1357.77,380.717757884696,7.5257499999999995,7.726,7.459,0.11561439140522271,2.185,2.28,1.9,0.1645448267190433,0.0,0,0,0.0,8.5,10,8,0.8660254037844386,19.549999999999997,21.7,13.1,3.7239092362730863,0,0.4179759719544906,2
1911,Rh3Ir,111,Ir3Rh9,hollow|A_A_A|FCC,0.782373681638831,0.3283750074814406,3.0,IrRh3,196.75,202.0,195.0,3.031088913245535,125.234125,192.22,102.9055,38.67431296315262,1.244,1.565,1.137,0.18532943640986985,14.905000000000001,22.42,12.4,4.3387872729600385,9.0,9,9,0.0,2357.5,2719.0,2237.0,208.7121223120497,7.869249999999999,9.1,7.459,0.7105738438051319,2.26,2.28,2.2,0.034641016151377386,0.0,0,0,0.0,7.75,8,7,0.4330127018922193,22.775,26.0,21.7,1.8619546181365434,0,0.4539986741573904,2
1913,Rh3Ir,111,Ir3Rh9,hollow|A_A_B|FCC,0.561217785139718,0.3880718856825069,3.0,IrRh3,196.75,202.0,195.0,3.031088913245535,125.234125,192.22,102.9055,38.67431296315262,1.244,1.565,1.137,0.18532943640986985,14.905000000000001,22.42,12.4,4.3387872729600385,9.0,9,9,0.0,2357.5,2719.0,2237.0,208.7121223120497,7.869249999999999,9.1,7.459,0.7105738438051319,2.26,2.28,2.2,0.034641016151377386,0.0,0,0,0.0,7.75,8,7,0.4330127018922193,22.775,26.0,21.7,1.8619546181365434,0,0.1731458994572111,2
1924,Rh3Os,111,Os3Rh9,hollow|A_A_A|FCC,1.23843701933566,0.5803842593785475,3.0,OsRh3,200.25,216.0,195.0,9.093266739736606,124.729125,190.2,102.9055,37.79962730533033,1.12775,1.137,1.1,0.01602146997001208,14.9425,22.57,12.4,4.40373917824387,8.75,9,8,0.4330127018922193,2504.25,3306.0,2237.0,462.89057832278246,7.7692499999999995,8.7,7.459,0.537368763048244,2.26,2.28,2.2,0.034641016151377386,0.0,0,0,0.0,7.5,8,6,0.8660254037844386,24.025,31.0,21.7,4.02701812759764,0,0.6580527599571124,2
1925,Rh3Os,111,Os3Rh9,hollow|A_A_A|HCP,1.04943763163448,0.6602515758794425,3.0,OsRh3,200.25,216.0,195.0,9.093266739736606,124.729125,190.2,102.9055,37.79962730533033,1.12775,1.137,1.1,0.01602146997001208,14.9425,22.57,12.4,4.40373917824387,8.75,9,8,0.4330127018922193,2504.25,3306.0,2237.0,462.89057832278246,7.7692499999999995,8.7,7.459,0.537368763048244,2.26,2.28,2.2,0.034641016151377386,0.0,0,0,0.0,7.5,8,6,0.8660254037844386,24.025,31.0,21.7,4.02701812759764,0,0.3891860557550375,2
1926,Rh3Os,111,Os3Rh9,hollow|A_A_B|FCC,0.0790994112356316,0.4041770792799752,3.0,OsRh3,200.25,216.0,195.0,9.093266739736606,124.729125,190.2,102.9055,37.79962730533033,1.12775,1.137,1.1,0.01602146997001208,14.9425,22.57,12.4,4.40373917824387,8.75,9,8,0.4330127018922193,2504.25,3306.0,2237.0,462.89057832278246,7.7692499999999995,8.7,7.459,0.537368763048244,2.26,2.28,2.2,0.034641016151377386,0.0,0,0,0.0,7.5,8,6,0.8660254037844386,24.025,31.0,21.7,4.02701812759764,0,-0.32507766804434357,2
1927,Rh3Os,111,Os3Rh9,hollow|A_A_B|HCP,0.0240320058363182,0.5652411242780317,3.0,OsRh3,200.25,216.0,195.0,9.093266739736606,124.729125,190.2,102.9055,37.79962730533033,1.12775,1.137,1.1,0.01602146997001208,14.9425,22.57,12.4,4.40373917824387,8.75,9,8,0.4330127018922193,2504.25,3306.0,2237.0,462.89057832278246,7.7692499999999995,8.7,7.459,0.537368763048244,2.26,2.28,2.2,0.034641016151377386,0.0,0,0,0.0,7.5,8,6,0.8660254037844386,24.025,31.0,21.7,4.02701812759764,0,-0.5412091184417136,2
1929,Rh3Os,111,Os3Rh9,top|B,0.228243237437539,-0.1375573550204762,1.0,OsRh3,200.25,216.0,195.0,9.093266739736606,124.729125,190.2,102.9055,37.79962730533033,1.12775,1.137,1.1,0.01602146997001208,14.9425,22.57,12.4,4.40373917824387,8.75,9,8,0.4330127018922193,2504.25,3306.0,2237.0,462.89057832278246,7.7692499999999995,8.7,7.459,0.537368763048244,2.26,2.28,2.2,0.034641016151377386,0.0,0,0,0.0,7.5,8,6,0.8660254037844386,24.025,31.0,21.7,4.02701812759764,0,0.3658005924580152,2
1933,Rh3Pd,111,Pd3Rh9,hollow|A_A_A|FCC,0.304412662837251,0.2548352901802673,3.0,PdRh3,196.75,202.0,195.0,3.031088913245535,103.784125,106.42,102.9055,1.521823140800204,0.992,1.137,0.557,0.2511473670974872,12.3,12.4,12.0,0.1732050807568879,9.25,10,9,0.4330127018922193,2134.7625,2237.0,1828.05,177.08054443882313,7.6785,8.337,7.459,0.3801851522613686,2.26,2.28,2.2,0.034641016151377386,0.0,0,0,0.0,8.5,10,8,0.8660254037844386,20.45,21.7,16.7,2.165063509461097,0,0.0495773726569837,2
1934,Rh3Pd,111,Pd3Rh9,hollow|A_A_A|HCP,0.352540212937868,0.3442788367800631,3.0,PdRh3,196.75,202.0,195.0,3.031088913245535,103.784125,106.42,102.9055,1.521823140800204,0.992,1.137,0.557,0.2511473670974872,12.3,12.4,12.0,0.1732050807568879,9.25,10,9,0.4330127018922193,2134.7625,2237.0,1828.05,177.08054443882313,7.6785,8.337,7.459,0.3801851522613686,2.26,2.28,2.2,0.034641016151377386,0.0,0,0,0.0,8.5,10,8,0.8660254037844386,20.45,21.7,16.7,2.165063509461097,0,0.008261376157804923,2
1935,Rh3Pd,111,Pd3Rh9,hollow|A_A_B|FCC,0.809950922437395,0.4491528707775387,3.0,PdRh3,196.75,202.0,195.0,3.031088913245535,103.784125,106.42,102.9055,1.521823140800204,0.992,1.137,0.557,0.2511473670974872,12.3,12.4,12.0,0.1732050807568879,9.25,10,9,0.4330127018922193,2134.7625,2237.0,1828.05,177.08054443882313,7.6785,8.337,7.459,0.3801851522613686,2.26,2.28,2.2,0.034641016151377386,0.0,0,0,0.0,8.5,10,8,0.8660254037844386,20.45,21.7,16.7,2.165063509461097,0,0.3607980516598563,2
1942,Rh3Pt,111,Pt3Rh9,hollow|A_A_A|FCC,0.416548462737239,0.2380586556799926,3.0,PtRh3,198.5,209.0,195.0,6.06217782649107,125.94912500000001,195.08,102.9055,39.91272929056437,1.38475,2.128,1.137,0.4291155875751894,14.665000000000001,21.46,12.4,3.9230950791435073,9.25,10,9,0.4330127018922193,2188.1375,2237.0,2041.55,84.63233258483429,7.84425,9.0,7.459,0.6672725736159102,2.28,2.28,2.28,0.0,0.0,0,0,0.0,8.25,9,8,0.4330127018922193,21.275,21.7,20.0,0.7361215932167725,0,0.1784898070572464,2
1943,Rh3Pt,111,Pt3Rh9,hollow|A_A_A|HCP,0.626189590038678,0.4778138050795633,3.0,PtRh3,198.5,209.0,195.0,6.06217782649107,125.94912500000001,195.08,102.9055,39.91272929056437,1.38475,2.128,1.137,0.4291155875751894,14.665000000000001,21.46,12.4,3.9230950791435073,9.25,10,9,0.4330127018922193,2188.1375,2237.0,2041.55,84.63233258483429,7.84425,9.0,7.459,0.6672725736159102,2.28,2.28,2.28,0.0,0.0,0,0,0.0,8.25,9,8,0.4330127018922193,21.275,21.7,20.0,0.7361215932167725,0,0.14837578495911474,2
1944,Rh3Pt,111,Pt3Rh9,hollow|A_A_B|FCC,0.876051183436914,0.5930278928798316,3.0,PtRh3,198.5,209.0,195.0,6.06217782649107,125.94912500000001,195.08,102.9055,39.91272929056437,1.38475,2.128,1.137,0.4291155875751894,14.665000000000001,21.46,12.4,3.9230950791435073,9.25,10,9,0.4330127018922193,2188.1375,2237.0,2041.55,84.63233258483429,7.84425,9.0,7.459,0.6672725736159102,2.28,2.28,2.28,0.0,0.0,0,0,0.0,8.25,9,8,0.4330127018922193,21.275,21.7,20.0,0.7361215932167725,0,0.2830232905570824,2
1949,Rh3Re,111,Re3Rh9,hollow|A_A_A|FCC,1.54596933133854,0.829477131280214,3.0,ReRh3,200.5,217.0,195.0,9.526279441628825,123.730875,186.207,102.9055,36.070607586674704,0.89025,1.137,0.15,0.4273835367676204,14.5,20.8,12.4,3.6373066958946425,8.5,9,7,0.8660254037844386,2542.5,3459.0,2237.0,529.141521712292,7.5642499999999995,7.88,7.459,0.18229834749662444,2.185,2.28,1.9,0.1645448267190433,0.0,0,0,0.0,7.25,8,5,1.299038105676658,24.525,33.0,21.7,4.893043531382078,0,0.716492200058326,2
1950,Rh3Re,111,Re3Rh9,hollow|A_A_A|HCP,1.0688122729369,0.6894809559788655,3.0,ReRh3,200.5,217.0,195.0,9.526279441628825,123.730875,186.207,102.9055,36.070607586674704,0.89025,1.137,0.15,0.4273835367676204,14.5,20.8,12.4,3.6373066958946425,8.5,9,7,0.8660254037844386,2542.5,3459.0,2237.0,529.141521712292,7.5642499999999995,7.88,7.459,0.18229834749662444,2.185,2.28,1.9,0.1645448267190433,0.0,0,0,0.0,7.25,8,5,1.299038105676658,24.525,33.0,21.7,4.893043531382078,0,0.37933131695803457,2
1953,Rh3Re,111,Re3Rh9,top|B,-0.742682068561578,-0.5212586842200153,1.0,ReRh3,200.5,217.0,195.0,9.526279441628825,123.730875,186.207,102.9055,36.070607586674704,0.89025,1.137,0.15,0.4273835367676204,14.5,20.8,12.4,3.6373066958946425,8.5,9,7,0.8660254037844386,2542.5,3459.0,2237.0,529.141521712292,7.5642499999999995,7.88,7.459,0.18229834749662444,2.185,2.28,1.9,0.1645448267190433,0.0,0,0,0.0,7.25,8,5,1.299038105676658,24.525,33.0,21.7,4.893043531382078,0,-0.22142338434156272,2
1954,Rh3Ru,111,Rh9Ru3,bridge|A_B|A,0.505401114238168,0.0377681762810198,2.0,Rh3Ru,198.0,207.0,195.0,5.196152422706632,102.454125,102.9055,101.1,0.781804433266406,1.11525,1.137,1.05,0.03767210506462307,12.325000000000001,12.4,12.1,0.12990381056766612,8.75,9,8,0.4330127018922193,2329.5,2607.0,2237.0,160.21469970012114,7.4345,7.459,7.361,0.042435244785437434,2.26,2.28,2.2,0.034641016151377386,0.0,0,0,0.0,7.75,8,7,0.4330127018922193,22.7,25.7,21.7,1.7320508075688772,0,0.4676329379571482,2
1955,Rh3Ru,111,Rh9Ru3,hollow|A_A_A|FCC,0.9757194076372,0.4674110290806084,3.0,Rh3Ru,198.0,207.0,195.0,5.196152422706632,102.454125,102.9055,101.1,0.781804433266406,1.11525,1.137,1.05,0.03767210506462307,12.325000000000001,12.4,12.1,0.12990381056766612,8.75,9,8,0.4330127018922193,2329.5,2607.0,2237.0,160.21469970012114,7.4345,7.459,7.361,0.042435244785437434,2.26,2.28,2.2,0.034641016151377386,0.0,0,0,0.0,7.75,8,7,0.4330127018922193,22.7,25.7,21.7,1.7320508075688772,0,0.5083083785565916,2
1956,Rh3Ru,111,Rh9Ru3,hollow|A_A_A|HCP,0.800975927737284,0.5042632701814682,3.0,Rh3Ru,198.0,207.0,195.0,5.196152422706632,102.454125,102.9055,101.1,0.781804433266406,1.11525,1.137,1.05,0.03767210506462307,12.325000000000001,12.4,12.1,0.12990381056766612,8.75,9,8,0.4330127018922193,2329.5,2607.0,2237.0,160.21469970012114,7.4345,7.459,7.361,0.042435244785437434,2.26,2.28,2.2,0.034641016151377386,0.0,0,0,0.0,7.75,8,7,0.4330127018922193,22.7,25.7,21.7,1.7320508075688772,0,0.2967126575558158,2
1957,Rh3Ru,111,Rh9Ru3,hollow|A_A_B|FCC,0.265972365337632,0.1330443469786359,3.0,Rh3Ru,198.0,207.0,195.0,5.196152422706632,102.454125,102.9055,101.1,0.781804433266406,1.11525,1.137,1.05,0.03767210506462307,12.325000000000001,12.4,12.1,0.12990381056766612,8.75,9,8,0.4330127018922193,2329.5,2607.0,2237.0,160.21469970012114,7.4345,7.459,7.361,0.042435244785437434,2.26,2.28,2.2,0.034641016151377386,0.0,0,0,0.0,7.75,8,7,0.4330127018922193,22.7,25.7,21.7,1.7320508075688772,0,0.13292801835899612,2
1958,Rh3Ru,111,Rh9Ru3,hollow|A_A_B|HCP,0.206352223340048,0.2047670241817059,3.0,Rh3Ru,198.0,207.0,195.0,5.196152422706632,102.454125,102.9055,101.1,0.781804433266406,1.11525,1.137,1.05,0.03767210506462307,12.325000000000001,12.4,12.1,0.12990381056766612,8.75,9,8,0.4330127018922193,2329.5,2607.0,2237.0,160.21469970012114,7.4345,7.459,7.361,0.042435244785437434,2.26,2.28,2.2,0.034641016151377386,0.0,0,0,0.0,7.75,8,7,0.4330127018922193,22.7,25.7,21.7,1.7320508075688772,0,0.0015851991583420988,2
1968,Rh3Tc,111,Rh9Tc3,bridge|A_B|A,-0.102785832365214,-0.1930327951223489,2.0,Rh3Tc,198.5,209.0,195.0,6.06217782649107,101.405715,102.9055,96.90636,2.5977038204296874,0.9902500000000001,1.137,0.55,0.25417845601073275,12.05,12.4,11.0,0.6062177826491072,8.5,9,7,0.8660254037844386,2285.25,2430.0,2237.0,83.57145146519834,7.41425,7.459,7.28,0.077509273638707,2.185,2.28,1.9,0.1645448267190433,0.0,0,0,0.0,7.25,8,5,1.299038105676658,22.025,23.0,21.7,0.5629165124598854,0,0.09024696275713488,2
1971,Rh3Tc,111,Rh9Tc3,hollow|A_A_B|FCC,-0.175330837562967,-0.1023489536229362,3.0,Rh3Tc,198.5,209.0,195.0,6.06217782649107,101.405715,102.9055,96.90636,2.5977038204296874,0.9902500000000001,1.137,0.55,0.25417845601073275,12.05,12.4,11.0,0.6062177826491072,8.5,9,7,0.8660254037844386,2285.25,2430.0,2237.0,83.57145146519834,7.41425,7.459,7.28,0.077509273638707,2.185,2.28,1.9,0.1645448267190433,0.0,0,0,0.0,7.25,8,5,1.299038105676658,22.025,23.0,21.7,0.5629165124598854,0,-0.0729818839400308,2
1972,Rh3Tc,111,Rh9Tc3,hollow|A_A_B|HCP,-0.2297178222654,-0.0565006290227074,3.0,Rh3Tc,198.5,209.0,195.0,6.06217782649107,101.405715,102.9055,96.90636,2.5977038204296874,0.9902500000000001,1.137,0.55,0.25417845601073275,12.05,12.4,11.0,0.6062177826491072,8.5,9,7,0.8660254037844386,2285.25,2430.0,2237.0,83.57145146519834,7.41425,7.459,7.28,0.077509273638707,2.185,2.28,1.9,0.1645448267190433,0.0,0,0,0.0,7.25,8,5,1.299038105676658,22.025,23.0,21.7,0.5629165124598854,0,-0.17321719324269258,2
1976,Rh3Zn,111,Rh9Zn3,hollow|A_A_A|FCC,0.395051197436089,0.6481721703793255,3.0,Rh3Zn,181.0,195.0,139.0,24.24871130596428,93.529125,102.9055,65.4,16.24035789081863,,1.137,1.137,,11.0835,12.4,7.134,2.280244888164427,9.75,12,9,1.299038105676658,1850.92,2237.0,692.68,668.7101757861922,7.94275,9.394,7.459,0.8378795781614446,2.1225,2.28,1.65,0.27279800219209815,0.0,0,0,0.0,8.5,10,8,0.8660254037844386,18.112499999999997,21.7,7.35,6.213732272153347,0,-0.2531209729432365,2
1977,Rh3Zn,111,Rh9Zn3,hollow|A_A_A|HCP,0.376103502636227,0.2438661092791108,3.0,Rh3Zn,181.0,195.0,139.0,24.24871130596428,93.529125,102.9055,65.4,16.24035789081863,,1.137,1.137,,11.0835,12.4,7.134,2.280244888164427,9.75,12,9,1.299038105676658,1850.92,2237.0,692.68,668.7101757861922,7.94275,9.394,7.459,0.8378795781614446,2.1225,2.28,1.65,0.27279800219209815,0.0,0,0,0.0,8.5,10,8,0.8660254037844386,18.112499999999997,21.7,7.35,6.213732272153347,0,0.1322373933571162,2
1987,RhRu,101,Rh6Ru6,hollow|A_A_B|FCC,0.607068286640981,0.3164863538812597,4.0,RhRu,201.0,207.0,195.0,6.0,102.00274999999999,102.9055,101.1,0.9027500000000046,1.0935000000000001,1.137,1.05,0.04349999999999998,12.25,12.4,12.1,0.15000000000000036,8.5,9,8,0.5,2422.0,2607.0,2237.0,185.0,7.41,7.459,7.361,0.04899999999999993,2.24,2.28,2.2,0.039999999999999813,0.0,0,0,0.0,7.5,8,7,0.5,23.7,25.7,21.7,2.0,0,0.29058193275972133,2
1989,RhRu,101,Rh6Ru6,hollow|A_B_B|FCC,0.0238043825409591,0.3208095624803491,4.0,RhRu,201.0,207.0,195.0,6.0,102.00274999999999,102.9055,101.1,0.9027500000000046,1.0935000000000001,1.137,1.05,0.04349999999999998,12.25,12.4,12.1,0.15000000000000036,8.5,9,8,0.5,2422.0,2607.0,2237.0,185.0,7.41,7.459,7.361,0.04899999999999993,2.24,2.28,2.2,0.039999999999999813,0.0,0,0,0.0,7.5,8,7,0.5,23.7,25.7,21.7,2.0,0,-0.29700517993938996,2
1990,RhRu,101,Rh6Ru6,hollow|A_B_B|HCP,-0.140506524862019,0.1927205444816309,4.0,RhRu,201.0,207.0,195.0,6.0,102.00274999999999,102.9055,101.1,0.9027500000000046,1.0935000000000001,1.137,1.05,0.04349999999999998,12.25,12.4,12.1,0.15000000000000036,8.5,9,8,0.5,2422.0,2607.0,2237.0,185.0,7.41,7.459,7.361,0.04899999999999993,2.24,2.28,2.2,0.039999999999999813,0.0,0,0,0.0,7.5,8,7,0.5,23.7,25.7,21.7,2.0,0,-0.3332270693436499,2
1999,RhTc,101,Rh6Tc6,top|B,-0.102463921659535,-0.1636849094203398,1.0,RhTc,202.0,209.0,195.0,7.0,99.90593000000001,102.9055,96.90636,2.9995699999999985,0.8435,1.137,0.55,0.2935,11.7,12.4,11.0,0.7000000000000002,8.0,9,7,1.0,2333.5,2430.0,2237.0,96.5,7.3695,7.459,7.28,0.08949999999999969,2.09,2.28,1.9,0.18999999999999995,0.0,0,0,0.0,6.5,8,5,1.5,22.35,23.0,21.7,0.6500000000000004,0,0.06122098776080481,2
2001,RhZn,101,Rh6Zn6,bridge|A_A|B,0.993629396241715,0.5521127199798457,2.0,RhZn,167.0,195.0,139.0,28.0,84.15275,102.9055,65.4,18.75275,,1.137,1.137,,9.767,12.4,7.134,2.633,10.5,12,9,1.5,1464.84,2237.0,692.68,772.1600000000001,8.4265,9.394,7.459,0.9675000000000002,1.9649999999999999,2.28,1.65,0.31499999999999995,0.0,0,0,0.0,9.0,10,8,1.0,14.524999999999999,21.7,7.35,7.175,0,0.4415166762618693,2
2003,RhZn,101,Rh6Zn6,hollow|A_A_B|FCC,0.741982055736855,0.3607953304789362,4.0,RhZn,167.0,195.0,139.0,28.0,84.15275,102.9055,65.4,18.75275,,1.137,1.137,,9.767,12.4,7.134,2.633,10.5,12,9,1.5,1464.84,2237.0,692.68,772.1600000000001,8.4265,9.394,7.459,0.9675000000000002,1.9649999999999999,2.28,1.65,0.31499999999999995,0.0,0,0,0.0,9.0,10,8,1.0,14.524999999999999,21.7,7.35,7.175,0,0.38118672525791886,2
2005,RhZn,101,Rh6Zn6,hollow|A_B_B|HCP,0.926462312938213,0.2350131575848308,4.0,RhZn,167.0,195.0,139.0,28.0,84.15275,102.9055,65.4,18.75275,,1.137,1.137,,9.767,12.4,7.134,2.633,10.5,12,9,1.5,1464.84,2237.0,692.68,772.1600000000001,8.4265,9.394,7.459,0.9675000000000002,1.9649999999999999,2.28,1.65,0.31499999999999995,0.0,0,0,0.0,9.0,10,8,1.0,14.524999999999999,21.7,7.35,7.175,0,0.6914491553533822,2
2006,RhZn,101,Rh6Zn6,top|A,1.84905013304143,0.9942817891832192,1.0,RhZn,167.0,195.0,139.0,28.0,84.15275,102.9055,65.4,18.75275,,1.137,1.137,,9.767,12.4,7.134,2.633,10.5,12,9,1.5,1464.84,2237.0,692.68,772.1600000000001,8.4265,9.394,7.459,0.9675000000000002,1.9649999999999999,2.28,1.65,0.31499999999999995,0.0,0,0,0.0,9.0,10,8,1.0,14.524999999999999,21.7,7.35,7.175,0,0.8547683438582108,2
2007,RhZn,101,Rh6Zn6,top|B,2.86300888203897,1.0201292024838722,1.0,RhZn,167.0,195.0,139.0,28.0,84.15275,102.9055,65.4,18.75275,,1.137,1.137,,9.767,12.4,7.134,2.633,10.5,12,9,1.5,1464.84,2237.0,692.68,772.1600000000001,8.4265,9.394,7.459,0.9675000000000002,1.9649999999999999,2.28,1.65,0.31499999999999995,0.0,0,0,0.0,9.0,10,8,1.0,14.524999999999999,21.7,7.35,7.175,0,1.842879679555098,2
2023,Ru3Ag,111,Ag3Ru9,hollow|A_A_A|FCC,-0.566767546861399,-0.3243621447210216,3.0,AgRu3,198.25,207.0,172.0,15.155444566227676,102.79199999999999,107.868,101.1,2.9306299664065407,1.113,1.302,1.05,0.10911920087683927,11.700249999999999,12.1,10.501,0.6923873103256588,8.75,11,8,1.299038105676658,2263.9825,2607.0,1234.93,594.1237378852574,7.41475,7.576,7.361,0.0930977309068271,2.1325000000000003,2.2,1.93,0.11691342951089932,0.0,0,0,0.0,7.75,10,7,1.299038105676658,22.099999999999998,25.7,11.3,6.235382907247958,0,-0.24240540214037737,2
2024,Ru3Ag,111,Ag3Ru9,hollow|A_A_A|HCP,-0.90358951215984,-0.4268501485158822,3.0,AgRu3,198.25,207.0,172.0,15.155444566227676,102.79199999999999,107.868,101.1,2.9306299664065407,1.113,1.302,1.05,0.10911920087683927,11.700249999999999,12.1,10.501,0.6923873103256588,8.75,11,8,1.299038105676658,2263.9825,2607.0,1234.93,594.1237378852574,7.41475,7.576,7.361,0.0930977309068271,2.1325000000000003,2.2,1.93,0.11691342951089932,0.0,0,0,0.0,7.75,10,7,1.299038105676658,22.099999999999998,25.7,11.3,6.235382907247958,0,-0.47673936364395775,2
2029,Ru3Au,111,Au3Ru9,hollow|A_A_A|FCC,-0.518419040261676,-0.2675390608193311,3.0,AuRu3,196.75,207.0,166.0,17.75352077758099,125.06664249999999,196.96657,101.1,41.51144249683957,1.3647500000000001,2.309,1.05,0.5451629916823042,13.895499999999998,19.282,12.1,3.1098972249899193,8.75,11,8,1.299038105676658,2289.5825,2607.0,1337.33,549.7832372114941,7.827249999999999,9.226,7.361,0.8075686890289895,2.285,2.54,2.2,0.1472243186433545,0.0,0,0,0.0,7.75,10,7,1.299038105676658,22.4,25.7,12.5,5.715767664977295,0,-0.25087997944234486,2
2030,Ru3Au,111,Au3Ru9,hollow|A_A_A|HCP,-0.687100504059515,-0.2242574500188539,3.0,AuRu3,196.75,207.0,166.0,17.75352077758099,125.06664249999999,196.96657,101.1,41.51144249683957,1.3647500000000001,2.309,1.05,0.5451629916823042,13.895499999999998,19.282,12.1,3.1098972249899193,8.75,11,8,1.299038105676658,2289.5825,2607.0,1337.33,549.7832372114941,7.827249999999999,9.226,7.361,0.8075686890289895,2.285,2.54,2.2,0.1472243186433545,0.0,0,0,0.0,7.75,10,7,1.299038105676658,22.4,25.7,12.5,5.715767664977295,0,-0.46284305404066106,2
2036,Ru3Bi,111,Bi3Ru9,hollow|A_A_A|FCC,-0.220511122661435,0.2975149851816923,3.0,BiRu3,207.0,207.0,207.0,0.0,128.0701,208.9804,101.1,46.713583485213384,1.024,1.05,0.946,0.04503332099679085,11.52675,12.1,9.807,0.9928981254388586,9.75,15,8,3.031088913245535,2091.3875,2607.0,544.55,893.0670470176077,7.343,7.361,7.289,0.03117691453623982,2.1550000000000002,2.2,2.02,0.07794228634059955,0.75,3,0,1.299038105676658,7.75,10,7,1.299038105676658,22.0,25.7,10.9,6.408587988004846,0,-0.5180261078431273,2
2037,Ru3Bi,111,Bi3Ru9,hollow|A_A_A|HCP,-0.45095616926136,-0.1105669276213348,3.0,BiRu3,207.0,207.0,207.0,0.0,128.0701,208.9804,101.1,46.713583485213384,1.024,1.05,0.946,0.04503332099679085,11.52675,12.1,9.807,0.9928981254388586,9.75,15,8,3.031088913245535,2091.3875,2607.0,544.55,893.0670470176077,7.343,7.361,7.289,0.03117691453623982,2.1550000000000002,2.2,2.02,0.07794228634059955,0.75,3,0,1.299038105676658,7.75,10,7,1.299038105676658,22.0,25.7,10.9,6.408587988004846,0,-0.3403892416400252,2
2042,Ru3Cu,111,Cu3Ru9,hollow|A_A_A|FCC,-0.636776723066021,-0.3096184726192632,3.0,CuRu3,190.25,207.0,140.0,29.011851026778693,91.71249999999999,101.1,63.55,16.259626956052834,1.0945,1.228,1.05,0.07707626093681501,11.30825,12.1,8.933,1.3713512268926586,8.75,11,8,1.299038105676658,2294.6925,2607.0,1357.77,540.9324575848171,7.452249999999999,7.726,7.361,0.15804963619066015,2.125,2.2,1.9,0.1299038105676659,0.0,0,0,0.0,7.75,10,7,1.299038105676658,22.549999999999997,25.7,13.1,5.455960043841963,0,-0.3271582504467578,2
2043,Ru3Cu,111,Cu3Ru9,hollow|A_A_A|HCP,-0.68249334466617,-0.0592668022246698,3.0,CuRu3,190.25,207.0,140.0,29.011851026778693,91.71249999999999,101.1,63.55,16.259626956052834,1.0945,1.228,1.05,0.07707626093681501,11.30825,12.1,8.933,1.3713512268926586,8.75,11,8,1.299038105676658,2294.6925,2607.0,1357.77,540.9324575848171,7.452249999999999,7.726,7.361,0.15804963619066015,2.125,2.2,1.9,0.1299038105676659,0.0,0,0,0.0,7.75,10,7,1.299038105676658,22.549999999999997,25.7,13.1,5.455960043841963,0,-0.6232265424415001,2
2045,Ru3Cu,111,Cu3Ru9,hollow|A_A_B|HCP,0.230316200639038,0.722586053478949,3.0,CuRu3,190.25,207.0,140.0,29.011851026778693,91.71249999999999,101.1,63.55,16.259626956052834,1.0945,1.228,1.05,0.07707626093681501,11.30825,12.1,8.933,1.3713512268926586,8.75,11,8,1.299038105676658,2294.6925,2607.0,1357.77,540.9324575848171,7.452249999999999,7.726,7.361,0.15804963619066015,2.125,2.2,1.9,0.1299038105676659,0.0,0,0,0.0,7.75,10,7,1.299038105676658,22.549999999999997,25.7,13.1,5.455960043841963,0,-0.492269852839911,2
2056,Ru3Ir,111,Ir3Ru9,hollow|A_A_A|FCC,0.0189879676398164,-0.1210830390183446,3.0,IrRu3,205.75,207.0,202.0,2.165063509461097,123.88,192.22,101.1,39.456117396419025,1.17875,1.565,1.05,0.22300154147449291,14.68,22.42,12.1,4.4686910835277045,8.25,9,8,0.4330127018922193,2635.0,2719.0,2607.0,48.49742261192856,7.79575,9.1,7.361,0.7530090885905694,2.2,2.2,2.2,0.0,0.0,0,0,0.0,7.0,7,7,0.0,25.775,26.0,25.7,0.12990381056766612,0,0.140071006658161,2
2057,Ru3Ir,111,Ir3Ru9,hollow|A_A_A|HCP,-0.243650186861657,0.1169832358799567,3.0,IrRu3,205.75,207.0,202.0,2.165063509461097,123.88,192.22,101.1,39.456117396419025,1.17875,1.565,1.05,0.22300154147449291,14.68,22.42,12.1,4.4686910835277045,8.25,9,8,0.4330127018922193,2635.0,2719.0,2607.0,48.49742261192856,7.79575,9.1,7.361,0.7530090885905694,2.2,2.2,2.2,0.0,0.0,0,0,0.0,7.0,7,7,0.0,25.775,26.0,25.7,0.12990381056766612,0,-0.3606334227416137,2
2058,Ru3Ir,111,Ir3Ru9,hollow|A_A_B|FCC,0.440665776237267,0.2745478969817441,3.0,IrRu3,205.75,207.0,202.0,2.165063509461097,123.88,192.22,101.1,39.456117396419025,1.17875,1.565,1.05,0.22300154147449291,14.68,22.42,12.1,4.4686910835277045,8.25,9,8,0.4330127018922193,2635.0,2719.0,2607.0,48.49742261192856,7.79575,9.1,7.361,0.7530090885905694,2.2,2.2,2.2,0.0,0.0,0,0,0.0,7.0,7,7,0.0,25.775,26.0,25.7,0.12990381056766612,0,0.1661178792555229,2
2071,Ru3Os,111,Os3Ru9,hollow|A_A_B|HCP,-0.404084424462951,0.1157160016817897,3.0,OsRu3,209.25,216.0,207.0,3.897114317029974,123.37499999999999,190.2,101.1,38.58143173859674,1.0625,1.1,1.05,0.021650635094610987,14.7175,22.57,12.1,4.533642988811536,8.0,8,8,0.0,2781.75,3306.0,2607.0,302.6758786226613,7.695749999999999,8.7,7.361,0.5798040078336815,2.2,2.2,2.2,0.0,0.0,0,0,0.0,6.75,7,6,0.4330127018922193,27.025,31.0,25.7,2.294967320028763,0,-0.5198004261447408,2
2072,Ru3Os,111,Os3Ru9,top|A,1.22930760003857,0.3590274068818644,1.0,OsRu3,209.25,216.0,207.0,3.897114317029974,123.37499999999999,190.2,101.1,38.58143173859674,1.0625,1.1,1.05,0.021650635094610987,14.7175,22.57,12.1,4.533642988811536,8.0,8,8,0.0,2781.75,3306.0,2607.0,302.6758786226613,7.695749999999999,8.7,7.361,0.5798040078336815,2.2,2.2,2.2,0.0,0.0,0,0,0.0,6.75,7,6,0.4330127018922193,27.025,31.0,25.7,2.294967320028763,0,0.8702801931567057,2
2073,Ru3Os,111,Os3Ru9,top|B,0.555574960438946,0.521531206279974,1.0,OsRu3,209.25,216.0,207.0,3.897114317029974,123.37499999999999,190.2,101.1,38.58143173859674,1.0625,1.1,1.05,0.021650635094610987,14.7175,22.57,12.1,4.533642988811536,8.0,8,8,0.0,2781.75,3306.0,2607.0,302.6758786226613,7.695749999999999,8.7,7.361,0.5798040078336815,2.2,2.2,2.2,0.0,0.0,0,0,0.0,6.75,7,6,0.4330127018922193,27.025,31.0,25.7,2.294967320028763,0,0.034043754158972095,2
2075,Ru3Pd,111,Pd3Ru9,hollow|A_A_A|FCC,-0.4300874868606,-0.2891888460172822,3.0,PdRu3,205.75,207.0,202.0,2.165063509461097,102.42999999999999,106.42,101.1,2.3036275740666103,0.9267500000000001,1.05,0.557,0.21347526203286413,12.075,12.1,12.0,0.04330127018922177,8.5,10,8,0.8660254037844386,2412.2625,2607.0,1828.05,337.29524413894427,7.6049999999999995,8.337,7.361,0.42262039704680604,2.2,2.2,2.2,0.0,0.0,0,0,0.0,7.75,10,7,1.299038105676658,23.45,25.7,16.7,3.897114317029974,0,-0.14089864084331782,2
2076,Ru3Pd,111,Pd3Ru9,hollow|A_A_A|HCP,-0.727766284559209,-0.1905460828194236,3.0,PdRu3,205.75,207.0,202.0,2.165063509461097,102.42999999999999,106.42,101.1,2.3036275740666103,0.9267500000000001,1.05,0.557,0.21347526203286413,12.075,12.1,12.0,0.04330127018922177,8.5,10,8,0.8660254037844386,2412.2625,2607.0,1828.05,337.29524413894427,7.6049999999999995,8.337,7.361,0.42262039704680604,2.2,2.2,2.2,0.0,0.0,0,0,0.0,7.75,10,7,1.299038105676658,23.45,25.7,16.7,3.897114317029974,0,-0.5372202017397854,2
2080,Ru3Pt,111,Pt3Ru9,bridge|A_A|B,0.521436238537547,0.033526601779954,2.0,PtRu3,207.5,209.0,207.0,0.8660254037844386,124.595,195.08,101.1,40.69453372383078,1.3195000000000001,2.128,1.05,0.46678769263981246,14.44,21.46,12.1,4.052998889711174,8.5,10,8,0.8660254037844386,2465.6375,2607.0,2041.55,244.84703228495545,7.77075,9.0,7.361,0.7097078184013476,2.22,2.28,2.2,0.034641016151377386,0.0,0,0,0.0,7.5,9,7,0.8660254037844386,24.275,25.7,20.0,2.4681724007856496,0,0.48790963675759297,2
2081,Ru3Pt,111,Pt3Ru9,hollow|A_A_A|FCC,-0.288319306266374,-0.2557249664233723,3.0,PtRu3,207.5,209.0,207.0,0.8660254037844386,124.595,195.08,101.1,40.69453372383078,1.3195000000000001,2.128,1.05,0.46678769263981246,14.44,21.46,12.1,4.052998889711174,8.5,10,8,0.8660254037844386,2465.6375,2607.0,2041.55,244.84703228495545,7.77075,9.0,7.361,0.7097078184013476,2.22,2.28,2.2,0.034641016151377386,0.0,0,0,0.0,7.5,9,7,0.8660254037844386,24.275,25.7,20.0,2.4681724007856496,0,-0.032594339843001696,2
2082,Ru3Pt,111,Pt3Ru9,hollow|A_A_A|HCP,-0.477115833164305,-0.0083172955193049,3.0,PtRu3,207.5,209.0,207.0,0.8660254037844386,124.595,195.08,101.1,40.69453372383078,1.3195000000000001,2.128,1.05,0.46678769263981246,14.44,21.46,12.1,4.052998889711174,8.5,10,8,0.8660254037844386,2465.6375,2607.0,2041.55,244.84703228495545,7.77075,9.0,7.361,0.7097078184013476,2.22,2.28,2.2,0.034641016151377386,0.0,0,0,0.0,7.5,9,7,0.8660254037844386,24.275,25.7,20.0,2.4681724007856496,0,-0.4687985376450001,2
2087,Ru3Re,111,Re3Ru9,hollow|A_A_A|FCC,0.31842897453663,0.3184092462805665,3.0,ReRu3,209.5,217.0,207.0,4.330127018922194,122.37674999999999,186.207,101.1,36.85241201994111,0.8250000000000001,1.05,0.15,0.3897114317029974,14.274999999999999,20.8,12.1,3.7672105064623085,7.75,8,7,0.4330127018922193,2820.0,3459.0,2607.0,368.9268220121709,7.490749999999999,7.88,7.361,0.22473359228206188,2.125,2.2,1.9,0.1299038105676659,0.0,0,0,0.0,6.5,7,5,0.8660254037844386,27.525,33.0,25.7,3.160992723813201,0,1.972825606350037e-05,2
2088,Ru3Re,111,Re3Ru9,hollow|A_A_A|HCP,-0.222671434461688,-0.0380370247213477,3.0,ReRu3,209.5,217.0,207.0,4.330127018922194,122.37674999999999,186.207,101.1,36.85241201994111,0.8250000000000001,1.05,0.15,0.3897114317029974,14.274999999999999,20.8,12.1,3.7672105064623085,7.75,8,7,0.4330127018922193,2820.0,3459.0,2607.0,368.9268220121709,7.490749999999999,7.88,7.361,0.22473359228206188,2.125,2.2,1.9,0.1299038105676659,0.0,0,0,0.0,6.5,7,5,0.8660254037844386,27.525,33.0,25.7,3.160992723813201,0,-0.1846344097403403,2
2089,Ru3Re,111,Re3Ru9,hollow|A_A_B|FCC,-0.459626804560855,-0.2863955974199825,3.0,ReRu3,209.5,217.0,207.0,4.330127018922194,122.37674999999999,186.207,101.1,36.85241201994111,0.8250000000000001,1.05,0.15,0.3897114317029974,14.274999999999999,20.8,12.1,3.7672105064623085,7.75,8,7,0.4330127018922193,2820.0,3459.0,2607.0,368.9268220121709,7.490749999999999,7.88,7.361,0.22473359228206188,2.125,2.2,1.9,0.1299038105676659,0.0,0,0,0.0,6.5,7,5,0.8660254037844386,27.525,33.0,25.7,3.160992723813201,0,-0.17323120714087248,2
2090,Ru3Re,111,Re3Ru9,hollow|A_A_B|HCP,-0.867009112760741,-0.328697190320895,3.0,ReRu3,209.5,217.0,207.0,4.330127018922194,122.37674999999999,186.207,101.1,36.85241201994111,0.8250000000000001,1.05,0.15,0.3897114317029974,14.274999999999999,20.8,12.1,3.7672105064623085,7.75,8,7,0.4330127018922193,2820.0,3459.0,2607.0,368.9268220121709,7.490749999999999,7.88,7.361,0.22473359228206188,2.125,2.2,1.9,0.1299038105676659,0.0,0,0,0.0,6.5,7,5,0.8660254037844386,27.525,33.0,25.7,3.160992723813201,0,-0.538311922439846,2
2096,Ru3Rh,111,Rh3Ru9,hollow|A_A_A|FCC,-0.160193824962505,-0.2083917165210778,3.0,RhRu3,204.0,207.0,195.0,5.196152422706632,101.551375,102.9055,101.1,0.781804433266406,1.0717500000000002,1.137,1.05,0.03767210506462307,12.174999999999999,12.4,12.1,0.12990381056766612,8.25,9,8,0.4330127018922193,2514.5,2607.0,2237.0,160.21469970012114,7.3854999999999995,7.459,7.361,0.042435244785437434,2.22,2.28,2.2,0.034641016151377386,0.0,0,0,0.0,7.25,8,7,0.4330127018922193,24.7,25.7,21.7,1.7320508075688772,0,0.04819789155857279,2
2097,Ru3Rh,111,Rh3Ru9,hollow|A_A_A|HCP,-0.526362043161669,-0.0406314941202481,3.0,RhRu3,204.0,207.0,195.0,5.196152422706632,101.551375,102.9055,101.1,0.781804433266406,1.0717500000000002,1.137,1.05,0.03767210506462307,12.174999999999999,12.4,12.1,0.12990381056766612,8.25,9,8,0.4330127018922193,2514.5,2607.0,2237.0,160.21469970012114,7.3854999999999995,7.459,7.361,0.042435244785437434,2.22,2.28,2.2,0.034641016151377386,0.0,0,0,0.0,7.25,8,7,0.4330127018922193,24.7,25.7,21.7,1.7320508075688772,0,-0.48573054904142093,2
2112,Ru3Tc,111,Ru9Tc3,hollow|A_A_B|HCP,-0.772596903461988,-0.3303608942215987,3.0,Ru3Tc,207.5,209.0,207.0,0.8660254037844386,100.05158999999999,101.1,96.90636,1.8158993871632814,0.925,1.05,0.55,0.21650635094610965,11.825,12.1,11.0,0.4763139720814411,7.75,8,7,0.4330127018922193,2562.75,2607.0,2430.0,76.64324823492282,7.34075,7.361,7.28,0.03507402885326956,2.125,2.2,1.9,0.1299038105676659,0.0,0,0,0.0,6.5,7,5,0.8660254037844386,25.025,25.7,23.0,1.1691342951089918,0,-0.44223600924038925,2
2124,Ru3Zn,111,Ru9Zn3,bridge|A_A|A,0.300164149437308,-0.1572204371215093,2.0,Ru3Zn,190.0,207.0,139.0,29.444863728670914,92.17499999999998,101.1,65.4,15.458553457552226,,1.05,1.05,,10.8585,12.1,7.134,2.1503410775967606,9.0,12,8,1.7320508075688772,2128.42,2607.0,692.68,828.9248754863133,7.869249999999999,9.394,7.361,0.8803148229468821,2.0625,2.2,1.65,0.23815698604072075,0.0,0,0,0.0,7.75,10,7,1.299038105676658,21.112499999999997,25.7,7.35,7.945783079722224,0,0.4573845865588173,2
2127,Ru3Zn,111,Ru9Zn3,hollow|A_A_A|FCC,-0.608897707967287,-0.1332714260234979,3.0,Ru3Zn,190.0,207.0,139.0,29.444863728670914,92.17499999999998,101.1,65.4,15.458553457552226,,1.05,1.05,,10.8585,12.1,7.134,2.1503410775967606,9.0,12,8,1.7320508075688772,2128.42,2607.0,692.68,828.9248754863133,7.869249999999999,9.394,7.361,0.8803148229468821,2.0625,2.2,1.65,0.23815698604072075,0.0,0,0,0.0,7.75,10,7,1.299038105676658,21.112499999999997,25.7,7.35,7.945783079722224,0,-0.47562628194378914,2
2128,Ru3Zn,111,Ru9Zn3,hollow|A_A_A|HCP,-0.657459279766215,-0.0329961159251297,3.0,Ru3Zn,190.0,207.0,139.0,29.444863728670914,92.17499999999998,101.1,65.4,15.458553457552226,,1.05,1.05,,10.8585,12.1,7.134,2.1503410775967606,9.0,12,8,1.7320508075688772,2128.42,2607.0,692.68,828.9248754863133,7.869249999999999,9.394,7.361,0.8803148229468821,2.0625,2.2,1.65,0.23815698604072075,0.0,0,0,0.0,7.75,10,7,1.299038105676658,21.112499999999997,25.7,7.35,7.945783079722224,0,-0.6244631638410852,2
2137,RuTc,101,Ru6Tc6,hollow|A_A_B|FCC,-0.265324734460762,-0.1049065516191376,4.0,RuTc,208.0,209.0,207.0,1.0,99.00318,101.1,96.90636,2.096819999999994,0.8,1.05,0.55,0.25,11.55,12.1,11.0,0.5499999999999998,7.5,8,7,0.5,2518.5,2607.0,2430.0,88.5,7.3205,7.361,7.28,0.04049999999999976,2.05,2.2,1.9,0.15000000000000013,0.0,0,0,0.0,6.0,7,5,1.0,24.35,25.7,23.0,1.3499999999999996,0,-0.1604181828416244,2
2138,RuTc,101,Ru6Tc6,hollow|A_A_B|HCP,-0.79775056246234,-0.3343594711178639,4.0,RuTc,208.0,209.0,207.0,1.0,99.00318,101.1,96.90636,2.096819999999994,0.8,1.05,0.55,0.25,11.55,12.1,11.0,0.5499999999999998,7.5,8,7,0.5,2518.5,2607.0,2430.0,88.5,7.3205,7.361,7.28,0.04049999999999976,2.05,2.2,1.9,0.15000000000000013,0.0,0,0,0.0,6.0,7,5,1.0,24.35,25.7,23.0,1.3499999999999996,0,-0.4633910913444761,2
2139,RuTc,101,Ru6Tc6,hollow|A_B_B|FCC,-0.653871458762467,-0.4951644637177423,4.0,RuTc,208.0,209.0,207.0,1.0,99.00318,101.1,96.90636,2.096819999999994,0.8,1.05,0.55,0.25,11.55,12.1,11.0,0.5499999999999998,7.5,8,7,0.5,2518.5,2607.0,2430.0,88.5,7.3205,7.361,7.28,0.04049999999999976,2.05,2.2,1.9,0.15000000000000013,0.0,0,0,0.0,6.0,7,5,1.0,24.35,25.7,23.0,1.3499999999999996,0,-0.15870699504472469,2
2140,RuTc,101,Ru6Tc6,hollow|A_B_B|HCP,-1.08053956305974,-0.6480301270195241,4.0,RuTc,208.0,209.0,207.0,1.0,99.00318,101.1,96.90636,2.096819999999994,0.8,1.05,0.55,0.25,11.55,12.1,11.0,0.5499999999999998,7.5,8,7,0.5,2518.5,2607.0,2430.0,88.5,7.3205,7.361,7.28,0.04049999999999976,2.05,2.2,1.9,0.15000000000000013,0.0,0,0,0.0,6.0,7,5,1.0,24.35,25.7,23.0,1.3499999999999996,0,-0.43250943604021597,2
2147,RuZn,101,Ru6Zn6,hollow|A_A_B|HCP,-0.128667940163894,-0.0254324396183847,4.0,RuZn,173.0,207.0,139.0,34.0,83.25,101.1,65.4,17.849999999999994,,1.05,1.05,,9.617,12.1,7.134,2.4829999999999997,10.0,12,8,2.0,1649.84,2607.0,692.68,957.16,8.3775,9.394,7.361,1.0165000000000002,1.925,2.2,1.65,0.27500000000000013,0.0,0,0,0.0,8.5,10,7,1.5,16.525,25.7,7.35,9.174999999999999,0,-0.10323550054550928,2
2150,Sc,111,Sc12,hollow|A_A_A|FCC,-3.69189090026174,-2.734053181419881,3.0,Sc,211.0,211.0,211.0,0.0,44.95591,44.95591,44.95591,0.0,0.188,0.188,0.188,0.0,2.99,2.99,2.99,0.0,3.0,3,3,0.0,1814.0,1814.0,1814.0,0.0,6.561,6.561,6.561,0.0,1.36,1.36,1.36,0.0,0.0,0,0,0.0,1.0,1,1,0.0,16.0,16.0,16.0,0.0,0,-0.957837718841859,1
2151,Sc,111,Sc12,hollow|A_A_A|HCP,-3.75178832626096,-2.6700921433194935,3.0,Sc,211.0,211.0,211.0,0.0,44.95591,44.95591,44.95591,0.0,0.188,0.188,0.188,0.0,2.99,2.99,2.99,0.0,3.0,3,3,0.0,1814.0,1814.0,1814.0,0.0,6.561,6.561,6.561,0.0,1.36,1.36,1.36,0.0,0.0,0,0,0.0,1.0,1,1,0.0,16.0,16.0,16.0,0.0,0,-1.0816961829414664,1
2152,Sc,111,Sc12,top|A,-0.913253090861133,-1.578630611119593,1.0,Sc,211.0,211.0,211.0,0.0,44.95591,44.95591,44.95591,0.0,0.188,0.188,0.188,0.0,2.99,2.99,2.99,0.0,3.0,3,3,0.0,1814.0,1814.0,1814.0,0.0,6.561,6.561,6.561,0.0,1.36,1.36,1.36,0.0,0.0,0,0,0.0,1.0,1,1,0.0,16.0,16.0,16.0,0.0,0,0.6653775202584599,1
2168,Sn,111,Sn12,bridge|A_A|A,0.70243588753857,0.1849329185796477,2.0,Sn,217.0,217.0,217.0,0.0,118.71,118.71,118.71,0.0,1.2,1.2,1.2,0.0,7.287,7.287,7.287,0.0,14.0,14,14,0.0,505.08,505.08,505.08,0.0,7.344,7.344,7.344,0.0,1.96,1.96,1.96,0.0,2.0,2,2,0.0,10.0,10,10,0.0,7.0,7.0,7.0,0.0,0,0.5175029689589223,1
2169,Sn,111,Sn12,hollow|A_A_A|FCC,0.488000794837546,0.2811489704807854,3.0,Sn,217.0,217.0,217.0,0.0,118.71,118.71,118.71,0.0,1.2,1.2,1.2,0.0,7.287,7.287,7.287,0.0,14.0,14,14,0.0,505.08,505.08,505.08,0.0,7.344,7.344,7.344,0.0,1.96,1.96,1.96,0.0,2.0,2,2,0.0,10.0,10,10,0.0,7.0,7.0,7.0,0.0,0,0.20685182435676058,1
2185,Ta,111,Ta12,hollow|A_A_A|FCC,-3.26045944326341,-2.1272281646225792,3.0,Ta,217.0,217.0,217.0,0.0,180.9479,180.9479,180.9479,0.0,0.322,0.322,0.322,0.0,16.4,16.4,16.4,0.0,5.0,5,5,0.0,3290.0,3290.0,3290.0,0.0,7.89,7.89,7.89,0.0,1.5,1.5,1.5,0.0,0.0,0,0,0.0,3.0,3,3,0.0,36.0,36.0,36.0,0.0,0,-1.1332312786408307,1
2186,Ta,111,Ta12,hollow|A_A_A|HCP,-3.04030968766182,-2.088587591321925,3.0,Ta,217.0,217.0,217.0,0.0,180.9479,180.9479,180.9479,0.0,0.322,0.322,0.322,0.0,16.4,16.4,16.4,0.0,5.0,5,5,0.0,3290.0,3290.0,3290.0,0.0,7.89,7.89,7.89,0.0,1.5,1.5,1.5,0.0,0.0,0,0,0.0,3.0,3,3,0.0,36.0,36.0,36.0,0.0,0,-0.9517220963398949,1
2187,Ta,111,Ta12,top|A,-0.969851272762924,-1.4112725730220743,1.0,Ta,217.0,217.0,217.0,0.0,180.9479,180.9479,180.9479,0.0,0.322,0.322,0.322,0.0,16.4,16.4,16.4,0.0,5.0,5,5,0.0,3290.0,3290.0,3290.0,0.0,7.89,7.89,7.89,0.0,1.5,1.5,1.5,0.0,0.0,0,0,0.0,3.0,3,3,0.0,36.0,36.0,36.0,0.0,0,0.4414213002591503,1
2199,Tc,111,Tc12,hollow|A_A_A|FCC,-0.820132469962289,-0.5251329050180402,3.0,Tc,209.0,209.0,209.0,0.0,96.90636,96.90636,96.90636,0.0,0.55,0.55,0.55,0.0,11.0,11.0,11.0,0.0,7.0,7,7,0.0,2430.0,2430.0,2430.0,0.0,7.28,7.28,7.28,0.0,1.9,1.9,1.9,0.0,0.0,0,0,0.0,5.0,5,5,0.0,23.0,23.0,23.0,0.0,0,-0.2949995649442487,1
2200,Tc,111,Tc12,hollow|A_A_A|HCP,-1.28720716636252,-0.8103178680204337,3.0,Tc,209.0,209.0,209.0,0.0,96.90636,96.90636,96.90636,0.0,0.55,0.55,0.55,0.0,11.0,11.0,11.0,0.0,7.0,7,7,0.0,2430.0,2430.0,2430.0,0.0,7.28,7.28,7.28,0.0,1.9,1.9,1.9,0.0,0.0,0,0,0.0,5.0,5,5,0.0,23.0,23.0,23.0,0.0,0,-0.47688929834208627,1
2201,Tc,111,Tc12,top|A,-0.110626384561499,0.1033857072806085,1.0,Tc,209.0,209.0,209.0,0.0,96.90636,96.90636,96.90636,0.0,0.55,0.55,0.55,0.0,11.0,11.0,11.0,0.0,7.0,7,7,0.0,2430.0,2430.0,2430.0,0.0,7.28,7.28,7.28,0.0,1.9,1.9,1.9,0.0,0.0,0,0,0.0,5.0,5,5,0.0,23.0,23.0,23.0,0.0,0,-0.2140120918421075,1
2206,Tc3Ag,111,Ag3Tc9,hollow|A_A_A|FCC,-0.887157373657999,-0.643046225918738,3.0,AgTc3,199.75,209.0,172.0,16.021469970012117,99.64677,107.868,96.90636,4.746529353569822,0.738,1.302,0.55,0.3256255518229489,10.87525,11.0,10.501,0.21607333824421768,8.0,11,7,1.7320508075688772,2131.2325,2430.0,1234.93,517.4804896503346,7.354,7.576,7.28,0.12817175976009665,1.9074999999999998,1.93,1.9,0.012990381056766592,0.0,0,0,0.0,6.25,10,5,2.165063509461097,20.075,23.0,11.3,5.066248612138966,0,-0.24411114773926101,2
2207,Tc3Ag,111,Ag3Tc9,hollow|A_A_A|HCP,-1.47472067646248,-1.1980153249197656,3.0,AgTc3,199.75,209.0,172.0,16.021469970012117,99.64677,107.868,96.90636,4.746529353569822,0.738,1.302,0.55,0.3256255518229489,10.87525,11.0,10.501,0.21607333824421768,8.0,11,7,1.7320508075688772,2131.2325,2430.0,1234.93,517.4804896503346,7.354,7.576,7.28,0.12817175976009665,1.9074999999999998,1.93,1.9,0.012990381056766592,0.0,0,0,0.0,6.25,10,5,2.165063509461097,20.075,23.0,11.3,5.066248612138966,0,-0.2767053515427145,2
2209,Tc3Au,111,Au3Tc9,hollow|A_A_A|FCC,-0.865067716560759,-0.7054583921191124,3.0,AuTc3,198.25,209.0,166.0,18.619546181365433,121.9214125,196.96657,96.90636,43.327341884002855,0.9897500000000001,2.309,0.55,0.7616693426284138,13.0705,19.282,11.0,3.5862111970713606,8.0,11,7,1.7320508075688772,2156.8325,2430.0,1337.33,473.1399889765713,7.766500000000001,9.226,7.28,0.8426427178822591,2.0599999999999996,2.54,1.9,0.2771281292110204,0.0,0,0,0.0,6.25,10,5,2.165063509461097,20.375,23.0,12.5,4.546633369868303,0,-0.15960932444164655,2
2210,Tc3Au,111,Au3Tc9,hollow|A_A_A|HCP,-1.36272066136388,-1.1641650437187536,3.0,AuTc3,198.25,209.0,166.0,18.619546181365433,121.9214125,196.96657,96.90636,43.327341884002855,0.9897500000000001,2.309,0.55,0.7616693426284138,13.0705,19.282,11.0,3.5862111970713606,8.0,11,7,1.7320508075688772,2156.8325,2430.0,1337.33,473.1399889765713,7.766500000000001,9.226,7.28,0.8426427178822591,2.0599999999999996,2.54,1.9,0.2771281292110204,0.0,0,0,0.0,6.25,10,5,2.165063509461097,20.375,23.0,12.5,4.546633369868303,0,-0.19855561764512641,2
2214,Tc3Cu,111,Cu3Tc9,hollow|A_A_A|FCC,-1.05725478186304,-0.8760694151234247,3.0,CuTc3,191.75,209.0,140.0,29.877876430563134,88.56727000000001,96.90636,63.55,14.443727568889553,0.7195,1.228,0.55,0.29358261188292467,10.48325,11.0,8.933,0.8950372548112175,8.0,11,7,1.7320508075688772,2161.9425,2430.0,1357.77,464.2892093498943,7.3915,7.726,7.28,0.1931236650439297,1.9,1.9,1.9,0.0,0.0,0,0,0.0,6.25,10,5,2.165063509461097,20.525,23.0,13.1,4.286825748732972,0,-0.18118536673961527,2
2215,Tc3Cu,111,Cu3Tc9,hollow|A_A_A|HCP,-1.37117006816351,-1.0040001988191989,3.0,CuTc3,191.75,209.0,140.0,29.877876430563134,88.56727000000001,96.90636,63.55,14.443727568889553,0.7195,1.228,0.55,0.29358261188292467,10.48325,11.0,8.933,0.8950372548112175,8.0,11,7,1.7320508075688772,2161.9425,2430.0,1357.77,464.2892093498943,7.3915,7.726,7.28,0.1931236650439297,1.9,1.9,1.9,0.0,0.0,0,0,0.0,6.25,10,5,2.165063509461097,20.525,23.0,13.1,4.286825748732972,0,-0.36716986934431106,2
2217,Tc3Pd,111,Pd3Tc9,hollow|A_A_A|FCC,-0.927201782364307,-0.8321649357195611,3.0,PdTc3,207.25,209.0,202.0,3.031088913245535,99.28477000000001,106.42,96.90636,4.119526961229892,0.5517500000000001,0.557,0.55,0.003031088913245538,11.25,12.0,11.0,0.4330127018922193,7.75,10,7,1.299038105676658,2279.5125,2430.0,1828.05,260.6519959040214,7.54425,8.337,7.28,0.4576944259000756,1.9749999999999999,2.2,1.9,0.1299038105676659,0.0,0,0,0.0,6.25,10,5,2.165063509461097,21.425,23.0,16.7,2.727980021920982,0,-0.09503684664474588,2
2218,Tc3Pd,111,Pd3Tc9,hollow|A_A_A|HCP,-1.51165550416425,-1.2677274890221495,3.0,PdTc3,207.25,209.0,202.0,3.031088913245535,99.28477000000001,106.42,96.90636,4.119526961229892,0.5517500000000001,0.557,0.55,0.003031088913245538,11.25,12.0,11.0,0.4330127018922193,7.75,10,7,1.299038105676658,2279.5125,2430.0,1828.05,260.6519959040214,7.54425,8.337,7.28,0.4576944259000756,1.9749999999999999,2.2,1.9,0.1299038105676659,0.0,0,0,0.0,6.25,10,5,2.165063509461097,21.425,23.0,16.7,2.727980021920982,0,-0.2439280151421006,2
2220,Tc3Pd,111,Pd3Tc9,top|B,2.82401673763872,1.40828530728038,1.0,PdTc3,207.25,209.0,202.0,3.031088913245535,99.28477000000001,106.42,96.90636,4.119526961229892,0.5517500000000001,0.557,0.55,0.003031088913245538,11.25,12.0,11.0,0.4330127018922193,7.75,10,7,1.299038105676658,2279.5125,2430.0,1828.05,260.6519959040214,7.54425,8.337,7.28,0.4576944259000756,1.9749999999999999,2.2,1.9,0.1299038105676659,0.0,0,0,0.0,6.25,10,5,2.165063509461097,21.425,23.0,16.7,2.727980021920982,0,1.4157314303583401,2
2221,Tc3Pt,111,Pt3Tc9,hollow|A_A_A|FCC,-0.860679064564636,-0.849252324219492,3.0,PtTc3,209.0,209.0,209.0,0.0,121.44977,195.08,96.90636,42.51043311099406,0.9445000000000001,2.128,0.55,0.6832940435859222,13.615,21.46,11.0,4.529312861792614,7.75,10,7,1.299038105676658,2332.8875,2430.0,2041.55,168.20378405003262,7.71,9.0,7.28,0.7447818472546172,1.9949999999999997,2.28,1.9,0.1645448267190433,0.0,0,0,0.0,6.0,9,5,1.7320508075688772,22.25,23.0,20.0,1.299038105676658,0,-0.011426740345144015,2
2222,Tc3Pt,111,Pt3Tc9,hollow|A_A_A|HCP,-1.36325686166327,-1.1732043933217255,3.0,PtTc3,209.0,209.0,209.0,0.0,121.44977,195.08,96.90636,42.51043311099406,0.9445000000000001,2.128,0.55,0.6832940435859222,13.615,21.46,11.0,4.529312861792614,7.75,10,7,1.299038105676658,2332.8875,2430.0,2041.55,168.20378405003262,7.71,9.0,7.28,0.7447818472546172,1.9949999999999997,2.28,1.9,0.1645448267190433,0.0,0,0,0.0,6.0,9,5,1.7320508075688772,22.25,23.0,20.0,1.299038105676658,0,-0.19005246834154454,2
2224,Tc3Pt,111,Pt3Tc9,top|B,2.4674647503378,1.4222014810774226,1.0,PtTc3,209.0,209.0,209.0,0.0,121.44977,195.08,96.90636,42.51043311099406,0.9445000000000001,2.128,0.55,0.6832940435859222,13.615,21.46,11.0,4.529312861792614,7.75,10,7,1.299038105676658,2332.8875,2430.0,2041.55,168.20378405003262,7.71,9.0,7.28,0.7447818472546172,1.9949999999999997,2.28,1.9,0.1645448267190433,0.0,0,0,0.0,6.0,9,5,1.7320508075688772,22.25,23.0,20.0,1.299038105676658,0,1.0452632692603774,2
2225,Tc3Re,111,Re3Tc9,hollow|A_A_A|HCP,-1.20994193846144,-0.7258205346180375,3.0,ReTc3,211.0,217.0,209.0,3.4641016151377544,119.23152,186.207,96.90636,38.66831140710439,0.45,0.55,0.15,0.17320508075688776,13.45,20.8,11.0,4.24352447854375,7.0,7,7,0.0,2687.25,3459.0,2430.0,445.57007024709367,7.43,7.88,7.28,0.25980762113533146,1.9,1.9,1.9,0.0,0.0,0,0,0.0,5.0,5,5,0.0,25.5,33.0,23.0,4.330127018922194,0,-0.4841214038434025,2
2227,Tc3Re,111,Re3Tc9,hollow|A_A_B|HCP,-1.34171932346015,-0.757077707020585,3.0,ReTc3,211.0,217.0,209.0,3.4641016151377544,119.23152,186.207,96.90636,38.66831140710439,0.45,0.55,0.15,0.17320508075688776,13.45,20.8,11.0,4.24352447854375,7.0,7,7,0.0,2687.25,3459.0,2430.0,445.57007024709367,7.43,7.88,7.28,0.25980762113533146,1.9,1.9,1.9,0.0,0.0,0,0,0.0,5.0,5,5,0.0,25.5,33.0,23.0,4.330127018922194,0,-0.5846416164395651,2
2229,Tc3Re,111,Re3Tc9,top|B,-0.478021700062698,-0.0218465235185476,1.0,ReTc3,211.0,217.0,209.0,3.4641016151377544,119.23152,186.207,96.90636,38.66831140710439,0.45,0.55,0.15,0.17320508075688776,13.45,20.8,11.0,4.24352447854375,7.0,7,7,0.0,2687.25,3459.0,2430.0,445.57007024709367,7.43,7.88,7.28,0.25980762113533146,1.9,1.9,1.9,0.0,0.0,0,0,0.0,5.0,5,5,0.0,25.5,33.0,23.0,4.330127018922194,0,-0.4561751765441504,2
2231,Tc3Rh,111,Rh3Tc9,hollow|A_A_A|FCC,-1.03605738596178,-0.8617560911217197,3.0,RhTc3,205.5,209.0,195.0,6.06217782649107,98.40614500000001,102.9055,96.90636,2.5977038204296874,0.69675,1.137,0.55,0.25417845601073275,11.35,12.4,11.0,0.6062177826491072,7.5,9,7,0.8660254037844386,2381.75,2430.0,2237.0,83.57145146519834,7.32475,7.459,7.28,0.077509273638707,1.9949999999999997,2.28,1.9,0.1645448267190433,0.0,0,0,0.0,5.75,8,5,1.299038105676658,22.675,23.0,21.7,0.5629165124598854,0,-0.1743012948400604,2
2232,Tc3Rh,111,Rh3Tc9,hollow|A_A_A|HCP,-1.40682038236281,-1.1251100410182744,3.0,RhTc3,205.5,209.0,195.0,6.06217782649107,98.40614500000001,102.9055,96.90636,2.5977038204296874,0.69675,1.137,0.55,0.25417845601073275,11.35,12.4,11.0,0.6062177826491072,7.5,9,7,0.8660254037844386,2381.75,2430.0,2237.0,83.57145146519834,7.32475,7.459,7.28,0.077509273638707,1.9949999999999997,2.28,1.9,0.1645448267190433,0.0,0,0,0.0,5.75,8,5,1.299038105676658,22.675,23.0,21.7,0.5629165124598854,0,-0.28171034134453565,2
2236,Tc3Rh,111,Rh3Tc9,top|B,1.87704221143923,1.0167454668816165,1.0,RhTc3,205.5,209.0,195.0,6.06217782649107,98.40614500000001,102.9055,96.90636,2.5977038204296874,0.69675,1.137,0.55,0.25417845601073275,11.35,12.4,11.0,0.6062177826491072,7.5,9,7,0.8660254037844386,2381.75,2430.0,2237.0,83.57145146519834,7.32475,7.459,7.28,0.077509273638707,1.9949999999999997,2.28,1.9,0.1645448267190433,0.0,0,0,0.0,5.75,8,5,1.299038105676658,22.675,23.0,21.7,0.5629165124598854,0,0.8602967445576135,2
2237,Tc3Ru,111,Ru3Tc9,hollow|A_A_A|FCC,-0.912623827560481,-0.6718289312185561,3.0,RuTc3,208.5,209.0,207.0,0.8660254037844386,97.95477,101.1,96.90636,1.8158993871632814,0.675,1.05,0.55,0.21650635094610965,11.275,12.1,11.0,0.4763139720814411,7.25,8,7,0.4330127018922193,2474.25,2607.0,2430.0,76.64324823492282,7.30025,7.361,7.28,0.03507402885326956,1.9749999999999999,2.2,1.9,0.1299038105676659,0.0,0,0,0.0,5.5,7,5,0.8660254037844386,23.675,25.7,23.0,1.1691342951089918,0,-0.24079489634192486,2
2238,Tc3Ru,111,Ru3Tc9,hollow|A_A_A|HCP,-1.30123327416021,-0.9100364332181244,3.0,RuTc3,208.5,209.0,207.0,0.8660254037844386,97.95477,101.1,96.90636,1.8158993871632814,0.675,1.05,0.55,0.21650635094610965,11.275,12.1,11.0,0.4763139720814411,7.25,8,7,0.4330127018922193,2474.25,2607.0,2430.0,76.64324823492282,7.30025,7.361,7.28,0.03507402885326956,1.9749999999999999,2.2,1.9,0.1299038105676659,0.0,0,0,0.0,5.5,7,5,0.8660254037844386,23.675,25.7,23.0,1.1691342951089918,0,-0.3911968409420855,2
2239,Tc3Ru,111,Ru3Tc9,hollow|A_A_B|FCC,-0.573341681163754,-0.345293277218957,3.0,RuTc3,208.5,209.0,207.0,0.8660254037844386,97.95477,101.1,96.90636,1.8158993871632814,0.675,1.05,0.55,0.21650635094610965,11.275,12.1,11.0,0.4763139720814411,7.25,8,7,0.4330127018922193,2474.25,2607.0,2430.0,76.64324823492282,7.30025,7.361,7.28,0.03507402885326956,1.9749999999999999,2.2,1.9,0.1299038105676659,0.0,0,0,0.0,5.5,7,5,0.8660254037844386,23.675,25.7,23.0,1.1691342951089918,0,-0.22804840394479697,2
2240,Tc3Ru,111,Ru3Tc9,hollow|A_A_B|HCP,-1.08847671556231,-0.5899169514187861,3.0,RuTc3,208.5,209.0,207.0,0.8660254037844386,97.95477,101.1,96.90636,1.8158993871632814,0.675,1.05,0.55,0.21650635094610965,11.275,12.1,11.0,0.4763139720814411,7.25,8,7,0.4330127018922193,2474.25,2607.0,2430.0,76.64324823492282,7.30025,7.361,7.28,0.03507402885326956,1.9749999999999999,2.2,1.9,0.1299038105676659,0.0,0,0,0.0,5.5,7,5,0.8660254037844386,23.675,25.7,23.0,1.1691342951089918,0,-0.498559764143524,2
2241,Tc3Ru,111,Ru3Tc9,top|A,-0.128020581360204,-0.1070793806203482,1.0,RuTc3,208.5,209.0,207.0,0.8660254037844386,97.95477,101.1,96.90636,1.8158993871632814,0.675,1.05,0.55,0.21650635094610965,11.275,12.1,11.0,0.4763139720814411,7.25,8,7,0.4330127018922193,2474.25,2607.0,2430.0,76.64324823492282,7.30025,7.361,7.28,0.03507402885326956,1.9749999999999999,2.2,1.9,0.1299038105676659,0.0,0,0,0.0,5.5,7,5,0.8660254037844386,23.675,25.7,23.0,1.1691342951089918,0,-0.020941200739855795,2
2242,Tc3Ru,111,Ru3Tc9,top|B,0.760858728739379,0.6103397752784758,1.0,RuTc3,208.5,209.0,207.0,0.8660254037844386,97.95477,101.1,96.90636,1.8158993871632814,0.675,1.05,0.55,0.21650635094610965,11.275,12.1,11.0,0.4763139720814411,7.25,8,7,0.4330127018922193,2474.25,2607.0,2430.0,76.64324823492282,7.30025,7.361,7.28,0.03507402885326956,1.9749999999999999,2.2,1.9,0.1299038105676659,0.0,0,0,0.0,5.5,7,5,0.8660254037844386,23.675,25.7,23.0,1.1691342951089918,0,0.15051895346090316,2
2277,Tl,111,Tl12,top|A,2.3231338015392,0.8927293127788971,1.0,Tl,196.0,196.0,196.0,0.0,204.383,204.383,204.383,0.0,0.2,0.2,0.2,0.0,11.8,11.8,11.8,0.0,13.0,13,13,0.0,577.0,577.0,577.0,0.0,6.108,6.108,6.108,0.0,1.62,1.62,1.62,0.0,1.0,1,1,0.0,10.0,10,10,0.0,4.2,4.2,4.2,0.0,0,1.4304044887603027,1
2286,V,111,V12,hollow|A_A_A|FCC,-3.23098584096095,-2.3787608091216725,3.0,V,179.0,179.0,179.0,0.0,50.9415,50.9415,50.9415,0.0,0.525,0.525,0.525,0.0,6.0,6.0,6.0,0.0,5.0,5,5,0.0,2183.0,2183.0,2183.0,0.0,6.746,6.746,6.746,0.0,1.63,1.63,1.63,0.0,0.0,0,0,0.0,3.0,3,3,0.0,22.8,22.8,22.8,0.0,0,-0.8522250318392777,1
2287,V,111,V12,hollow|A_A_A|HCP,-3.16748957326143,-2.3632254219220385,3.0,V,179.0,179.0,179.0,0.0,50.9415,50.9415,50.9415,0.0,0.525,0.525,0.525,0.0,6.0,6.0,6.0,0.0,5.0,5,5,0.0,2183.0,2183.0,2183.0,0.0,6.746,6.746,6.746,0.0,1.63,1.63,1.63,0.0,0.0,0,0,0.0,3.0,3,3,0.0,22.8,22.8,22.8,0.0,0,-0.8042641513393916,1
2288,V,111,V12,top|A,-0.989690548464012,-1.2904842333219904,1.0,V,179.0,179.0,179.0,0.0,50.9415,50.9415,50.9415,0.0,0.525,0.525,0.525,0.0,6.0,6.0,6.0,0.0,5.0,5,5,0.0,2183.0,2183.0,2183.0,0.0,6.746,6.746,6.746,0.0,1.63,1.63,1.63,0.0,0.0,0,0,0.0,3.0,3,3,0.0,22.8,22.8,22.8,0.0,0,0.3007936848579783,1
2307,W,111,W12,bridge|A_A|A,-1.89123213176225,-1.268856489320683,2.0,W,210.0,210.0,210.0,0.0,183.84,183.84,183.84,0.0,0.815,0.815,0.815,0.0,19.3,19.3,19.3,0.0,6.0,6,6,0.0,3695.0,3695.0,3695.0,0.0,7.98,7.98,7.98,0.0,2.36,2.36,2.36,0.0,0.0,0,0,0.0,4.0,4,4,0.0,35.0,35.0,35.0,0.0,0,-0.622375642441567,1
2308,W,111,W12,hollow|A_A_A|FCC,-2.1336002543614,-1.2727696223183784,3.0,W,210.0,210.0,210.0,0.0,183.84,183.84,183.84,0.0,0.815,0.815,0.815,0.0,19.3,19.3,19.3,0.0,6.0,6,6,0.0,3695.0,3695.0,3695.0,0.0,7.98,7.98,7.98,0.0,2.36,2.36,2.36,0.0,0.0,0,0,0.0,4.0,4,4,0.0,35.0,35.0,35.0,0.0,0,-0.8608306320430215,1
2309,W,111,W12,hollow|A_A_A|HCP,-2.19810647246067,-1.421855624418754,3.0,W,210.0,210.0,210.0,0.0,183.84,183.84,183.84,0.0,0.815,0.815,0.815,0.0,19.3,19.3,19.3,0.0,6.0,6,6,0.0,3695.0,3695.0,3695.0,0.0,7.98,7.98,7.98,0.0,2.36,2.36,2.36,0.0,0.0,0,0,0.0,4.0,4,4,0.0,35.0,35.0,35.0,0.0,0,-0.7762508480419159,1
2310,W,111,W12,top|A,-1.17962777656084,-1.066736860720198,1.0,W,210.0,210.0,210.0,0.0,183.84,183.84,183.84,0.0,0.815,0.815,0.815,0.0,19.3,19.3,19.3,0.0,6.0,6,6,0.0,3695.0,3695.0,3695.0,0.0,7.98,7.98,7.98,0.0,2.36,2.36,2.36,0.0,0.0,0,0,0.0,4.0,4,4,0.0,35.0,35.0,35.0,0.0,0,-0.11289091584064215,1
2311,W-bcc,110,W16,hollow,-1.42848768999997,-1.0102510619108216,4.0,W,210.0,210.0,210.0,0.0,183.84,183.84,183.84,0.0,0.815,0.815,0.815,0.0,19.3,19.3,19.3,0.0,6.0,6,6,0.0,3695.0,3695.0,3695.0,0.0,7.98,7.98,7.98,0.0,2.36,2.36,2.36,0.0,0.0,0,0,0.0,4.0,4,4,0.0,35.0,35.0,35.0,0.0,0,-0.4182366280891483,1
2327,Y,111,Y12,hollow|A_A_A|FCC,-3.6276580204614097,-2.672594502220022,3.0,Y,219.0,219.0,219.0,0.0,88.90584,88.90584,88.90584,0.0,0.307,0.307,0.307,0.0,4.47,4.47,4.47,0.0,3.0,3,3,0.0,1795.0,1795.0,1795.0,0.0,6.217,6.217,6.217,0.0,1.22,1.22,1.22,0.0,0.0,0,0,0.0,1.0,1,1,0.0,11.4,11.4,11.4,0.0,0,-0.9550635182413876,1
2328,Y,111,Y12,hollow|A_A_A|HCP,-3.64876929236215,-2.5678463209197844,3.0,Y,219.0,219.0,219.0,0.0,88.90584,88.90584,88.90584,0.0,0.307,0.307,0.307,0.0,4.47,4.47,4.47,0.0,3.0,3,3,0.0,1795.0,1795.0,1795.0,0.0,6.217,6.217,6.217,0.0,1.22,1.22,1.22,0.0,0.0,0,0,0.0,1.0,1,1,0.0,11.4,11.4,11.4,0.0,0,-1.0809229714423658,1
2329,Y,111,Y12,top|A,-0.642159951161546,-1.5586088830197014,1.0,Y,219.0,219.0,219.0,0.0,88.90584,88.90584,88.90584,0.0,0.307,0.307,0.307,0.0,4.47,4.47,4.47,0.0,3.0,3,3,0.0,1795.0,1795.0,1795.0,0.0,6.217,6.217,6.217,0.0,1.22,1.22,1.22,0.0,0.0,0,0,0.0,1.0,1,1,0.0,11.4,11.4,11.4,0.0,0,0.9164489318581553,1
2347,Zn,111,Zn12,hollow|A_A_A|FCC,0.307014479334441,0.0588701962814184,3.0,Zn,139.0,139.0,139.0,0.0,65.4,65.4,65.4,0.0,,,,,7.134,7.134,7.134,0.0,12.0,12,12,0.0,692.68,692.68,692.68,0.0,9.394,9.394,9.394,0.0,1.65,1.65,1.65,0.0,0.0,0,0,0.0,10.0,10,10,0.0,7.35,7.35,7.35,0.0,0,0.24814428305302258,1
2348,Zn,111,Zn12,hollow|A_A_A|HCP,0.0787245744321012,-0.0068714186228362,3.0,Zn,139.0,139.0,139.0,0.0,65.4,65.4,65.4,0.0,,,,,7.134,7.134,7.134,0.0,12.0,12,12,0.0,692.68,692.68,692.68,0.0,9.394,9.394,9.394,0.0,1.65,1.65,1.65,0.0,0.0,0,0,0.0,10.0,10,10,0.0,7.35,7.35,7.35,0.0,0,0.0855959930549374,1
2349,Zn-HESO103-MnNiFeCrZn,100,Co9CrFeMnNiZnO20,Co,3.30253825,1.290248780000013,1.0,Co9CrFeMnNiZnO20,166.1764705882353,197.0,139.0,19.565080821280873,33.448404411764706,65.4,15.999,20.934279736317823,,1.461,0.163,,3.474664117647059,8.912,0.001429,4.175328912739702,13.058823529411764,16,6,3.6132206301026386,733.2317647058824,2180.0,54.36,835.2070519636595,11.247823529411766,13.618,6.767,2.8524749467434956,2.7741176470588234,3.44,1.55,0.7989777205428669,2.3529411764705883,4,0,1.9686118271390012,2.852941176470588,10,0,3.4905953726210264,6.537941176470588,20.5,0.222,7.754352166748138,0,2.012289469999987,7
2350,Zn-HESO105-MnNiFeCrZn,100,Co9CrFeMnNiZnO20,Co,3.22582168999998,1.8275013599999852,1.0,Co9CrFeMnNiZnO20,166.1764705882353,197.0,139.0,19.565080821280873,33.448404411764706,65.4,15.999,20.934279736317823,,1.461,0.163,,3.474664117647059,8.912,0.001429,4.175328912739702,13.058823529411764,16,6,3.6132206301026386,733.2317647058824,2180.0,54.36,835.2070519636595,11.247823529411766,13.618,6.767,2.8524749467434956,2.7741176470588234,3.44,1.55,0.7989777205428669,2.3529411764705883,4,0,1.9686118271390012,2.852941176470588,10,0,3.4905953726210264,6.537941176470588,20.5,0.222,7.754352166748138,0,1.398320329999995,7
2351,Zn-HESO109-MnNiFeCrZn,100,Co9CrFeMnNiZnO20,Co,2.54297993,0.5193834300000049,1.0,Co9CrFeMnNiZnO20,166.1764705882353,197.0,139.0,19.565080821280873,33.448404411764706,65.4,15.999,20.934279736317823,,1.461,0.163,,3.474664117647059,8.912,0.001429,4.175328912739702,13.058823529411764,16,6,3.6132206301026386,733.2317647058824,2180.0,54.36,835.2070519636595,11.247823529411766,13.618,6.767,2.8524749467434956,2.7741176470588234,3.44,1.55,0.7989777205428669,2.3529411764705883,4,0,1.9686118271390012,2.852941176470588,10,0,3.4905953726210264,6.537941176470588,20.5,0.222,7.754352166748138,0,2.023596499999995,7
2352,Zn-HESO11-MnNiFeCrZn,100,Co9CrFeMnNiZnO20,Co,3.66622852,1.331014449999998,1.0,Co9CrFeMnNiZnO20,166.1764705882353,197.0,139.0,19.565080821280873,33.448404411764706,65.4,15.999,20.934279736317823,,1.461,0.163,,3.474664117647059,8.912,0.001429,4.175328912739702,13.058823529411764,16,6,3.6132206301026386,733.2317647058824,2180.0,54.36,835.2070519636595,11.247823529411766,13.618,6.767,2.8524749467434956,2.7741176470588234,3.44,1.55,0.7989777205428669,2.3529411764705883,4,0,1.9686118271390012,2.852941176470588,10,0,3.4905953726210264,6.537941176470588,20.5,0.222,7.754352166748138,0,2.335214070000002,7
2353,Zn-HESO111-MnNiFeCrZn,100,Co9CrFeMnNiZnO20,Co,3.23599386999999,1.2532318599999996,1.0,Co9CrFeMnNiZnO20,166.1764705882353,197.0,139.0,19.565080821280873,33.448404411764706,65.4,15.999,20.934279736317823,,1.461,0.163,,3.474664117647059,8.912,0.001429,4.175328912739702,13.058823529411764,16,6,3.6132206301026386,733.2317647058824,2180.0,54.36,835.2070519636595,11.247823529411766,13.618,6.767,2.8524749467434956,2.7741176470588234,3.44,1.55,0.7989777205428669,2.3529411764705883,4,0,1.9686118271390012,2.852941176470588,10,0,3.4905953726210264,6.537941176470588,20.5,0.222,7.754352166748138,0,1.9827620099999903,7
2354,Zn-HESO19-MnNiFeCrZn,100,Co9CrFeMnNiZnO20,Co,3.28663562,1.2535872299999935,1.0,Co9CrFeMnNiZnO20,166.1764705882353,197.0,139.0,19.565080821280873,33.448404411764706,65.4,15.999,20.934279736317823,,1.461,0.163,,3.474664117647059,8.912,0.001429,4.175328912739702,13.058823529411764,16,6,3.6132206301026386,733.2317647058824,2180.0,54.36,835.2070519636595,11.247823529411766,13.618,6.767,2.8524749467434956,2.7741176470588234,3.44,1.55,0.7989777205428669,2.3529411764705883,4,0,1.9686118271390012,2.852941176470588,10,0,3.4905953726210264,6.537941176470588,20.5,0.222,7.754352166748138,0,2.0330483900000065,7
2355,Zn-HESO2-MnNiFeCrZn,100,Co9CrFeMnNiZnO20,Co,3.3287306,1.2534312999999884,1.0,Co9CrFeMnNiZnO20,166.1764705882353,197.0,139.0,19.565080821280873,33.448404411764706,65.4,15.999,20.934279736317823,,1.461,0.163,,3.474664117647059,8.912,0.001429,4.175328912739702,13.058823529411764,16,6,3.6132206301026386,733.2317647058824,2180.0,54.36,835.2070519636595,11.247823529411766,13.618,6.767,2.8524749467434956,2.7741176470588234,3.44,1.55,0.7989777205428669,2.3529411764705883,4,0,1.9686118271390012,2.852941176470588,10,0,3.4905953726210264,6.537941176470588,20.5,0.222,7.754352166748138,0,2.0752993000000117,7
2356,Zn-HESO21-MnNiFeCrZn,100,Co9CrFeMnNiZnO20,Co,3.18622916999999,1.1644308799999976,1.0,Co9CrFeMnNiZnO20,166.1764705882353,197.0,139.0,19.565080821280873,33.448404411764706,65.4,15.999,20.934279736317823,,1.461,0.163,,3.474664117647059,8.912,0.001429,4.175328912739702,13.058823529411764,16,6,3.6132206301026386,733.2317647058824,2180.0,54.36,835.2070519636595,11.247823529411766,13.618,6.767,2.8524749467434956,2.7741176470588234,3.44,1.55,0.7989777205428669,2.3529411764705883,4,0,1.9686118271390012,2.852941176470588,10,0,3.4905953726210264,6.537941176470588,20.5,0.222,7.754352166748138,0,2.0217982899999924,7
2357,Zn-HESO26-MnNiFeCrZn,100,Co9CrFeMnNiZnO20,Co,3.27868226000001,0.870708129999997,1.0,Co9CrFeMnNiZnO20,166.1764705882353,197.0,139.0,19.565080821280873,33.448404411764706,65.4,15.999,20.934279736317823,,1.461,0.163,,3.474664117647059,8.912,0.001429,4.175328912739702,13.058823529411764,16,6,3.6132206301026386,733.2317647058824,2180.0,54.36,835.2070519636595,11.247823529411766,13.618,6.767,2.8524749467434956,2.7741176470588234,3.44,1.55,0.7989777205428669,2.3529411764705883,4,0,1.9686118271390012,2.852941176470588,10,0,3.4905953726210264,6.537941176470588,20.5,0.222,7.754352166748138,0,2.407974130000013,7
2358,Zn-HESO29-MnNiFeCrZn,100,Co9CrFeMnNiZnO20,Co,3.62840867999998,1.2352003399999774,1.0,Co9CrFeMnNiZnO20,166.1764705882353,197.0,139.0,19.565080821280873,33.448404411764706,65.4,15.999,20.934279736317823,,1.461,0.163,,3.474664117647059,8.912,0.001429,4.175328912739702,13.058823529411764,16,6,3.6132206301026386,733.2317647058824,2180.0,54.36,835.2070519636595,11.247823529411766,13.618,6.767,2.8524749467434956,2.7741176470588234,3.44,1.55,0.7989777205428669,2.3529411764705883,4,0,1.9686118271390012,2.852941176470588,10,0,3.4905953726210264,6.537941176470588,20.5,0.222,7.754352166748138,0,2.393208340000003,7
2359,Zn-HESO32-MnNiFeCrZn,100,Co9CrFeMnNiZnO20,Co,3.30366097999999,1.73557224999999,1.0,Co9CrFeMnNiZnO20,166.1764705882353,197.0,139.0,19.565080821280873,33.448404411764706,65.4,15.999,20.934279736317823,,1.461,0.163,,3.474664117647059,8.912,0.001429,4.175328912739702,13.058823529411764,16,6,3.6132206301026386,733.2317647058824,2180.0,54.36,835.2070519636595,11.247823529411766,13.618,6.767,2.8524749467434956,2.7741176470588234,3.44,1.55,0.7989777205428669,2.3529411764705883,4,0,1.9686118271390012,2.852941176470588,10,0,3.4905953726210264,6.537941176470588,20.5,0.222,7.754352166748138,0,1.56808873,7
2360,Zn-HESO35-MnNiFeCrZn,100,Co9CrFeMnNiZnO20,Co,3.37016805999997,0.9622240599999828,1.0,Co9CrFeMnNiZnO20,166.1764705882353,197.0,139.0,19.565080821280873,33.448404411764706,65.4,15.999,20.934279736317823,,1.461,0.163,,3.474664117647059,8.912,0.001429,4.175328912739702,13.058823529411764,16,6,3.6132206301026386,733.2317647058824,2180.0,54.36,835.2070519636595,11.247823529411766,13.618,6.767,2.8524749467434956,2.7741176470588234,3.44,1.55,0.7989777205428669,2.3529411764705883,4,0,1.9686118271390012,2.852941176470588,10,0,3.4905953726210264,6.537941176470588,20.5,0.222,7.754352166748138,0,2.407943999999987,7
2361,Zn-HESO43-MnNiFeCrZn,100,Co9CrFeMnNiZnO20,Co,3.26663697999999,1.1982448499999805,1.0,Co9CrFeMnNiZnO20,166.1764705882353,197.0,139.0,19.565080821280873,33.448404411764706,65.4,15.999,20.934279736317823,,1.461,0.163,,3.474664117647059,8.912,0.001429,4.175328912739702,13.058823529411764,16,6,3.6132206301026386,733.2317647058824,2180.0,54.36,835.2070519636595,11.247823529411766,13.618,6.767,2.8524749467434956,2.7741176470588234,3.44,1.55,0.7989777205428669,2.3529411764705883,4,0,1.9686118271390012,2.852941176470588,10,0,3.4905953726210264,6.537941176470588,20.5,0.222,7.754352166748138,0,2.0683921300000097,7
2362,Zn-HESO45-MnNiFeCrZn,100,Co9CrFeMnNiZnO20,Co,2.97845907999999,0.8759619300000168,1.0,Co9CrFeMnNiZnO20,166.1764705882353,197.0,139.0,19.565080821280873,33.448404411764706,65.4,15.999,20.934279736317823,,1.461,0.163,,3.474664117647059,8.912,0.001429,4.175328912739702,13.058823529411764,16,6,3.6132206301026386,733.2317647058824,2180.0,54.36,835.2070519636595,11.247823529411766,13.618,6.767,2.8524749467434956,2.7741176470588234,3.44,1.55,0.7989777205428669,2.3529411764705883,4,0,1.9686118271390012,2.852941176470588,10,0,3.4905953726210264,6.537941176470588,20.5,0.222,7.754352166748138,0,2.1024971499999734,7
2363,Zn-HESO5-MnNiFeCrZn,100,Co9CrFeMnNiZnO20,Co,3.26958103999999,1.202675539999973,1.0,Co9CrFeMnNiZnO20,166.1764705882353,197.0,139.0,19.565080821280873,33.448404411764706,65.4,15.999,20.934279736317823,,1.461,0.163,,3.474664117647059,8.912,0.001429,4.175328912739702,13.058823529411764,16,6,3.6132206301026386,733.2317647058824,2180.0,54.36,835.2070519636595,11.247823529411766,13.618,6.767,2.8524749467434956,2.7741176470588234,3.44,1.55,0.7989777205428669,2.3529411764705883,4,0,1.9686118271390012,2.852941176470588,10,0,3.4905953726210264,6.537941176470588,20.5,0.222,7.754352166748138,0,2.066905500000017,7
2364,Zn-HESO50-MnNiFeCrZn,100,Co9CrFeMnNiZnO20,Co,3.33842608999998,1.254870909999994,1.0,Co9CrFeMnNiZnO20,166.1764705882353,197.0,139.0,19.565080821280873,33.448404411764706,65.4,15.999,20.934279736317823,,1.461,0.163,,3.474664117647059,8.912,0.001429,4.175328912739702,13.058823529411764,16,6,3.6132206301026386,733.2317647058824,2180.0,54.36,835.2070519636595,11.247823529411766,13.618,6.767,2.8524749467434956,2.7741176470588234,3.44,1.55,0.7989777205428669,2.3529411764705883,4,0,1.9686118271390012,2.852941176470588,10,0,3.4905953726210264,6.537941176470588,20.5,0.222,7.754352166748138,0,2.083555179999986,7
2365,Zn-HESO53-MnNiFeCrZn,100,Co9CrFeMnNiZnO20,Co,3.38534142999998,1.2967675399999905,1.0,Co9CrFeMnNiZnO20,166.1764705882353,197.0,139.0,19.565080821280873,33.448404411764706,65.4,15.999,20.934279736317823,,1.461,0.163,,3.474664117647059,8.912,0.001429,4.175328912739702,13.058823529411764,16,6,3.6132206301026386,733.2317647058824,2180.0,54.36,835.2070519636595,11.247823529411766,13.618,6.767,2.8524749467434956,2.7741176470588234,3.44,1.55,0.7989777205428669,2.3529411764705883,4,0,1.9686118271390012,2.852941176470588,10,0,3.4905953726210264,6.537941176470588,20.5,0.222,7.754352166748138,0,2.0885738899999895,7
2366,Zn-HESO56-MnNiFeCrZn,100,Co9CrFeMnNiZnO20,Co,2.94383307999999,0.914962900000006,1.0,Co9CrFeMnNiZnO20,166.1764705882353,197.0,139.0,19.565080821280873,33.448404411764706,65.4,15.999,20.934279736317823,,1.461,0.163,,3.474664117647059,8.912,0.001429,4.175328912739702,13.058823529411764,16,6,3.6132206301026386,733.2317647058824,2180.0,54.36,835.2070519636595,11.247823529411766,13.618,6.767,2.8524749467434956,2.7741176470588234,3.44,1.55,0.7989777205428669,2.3529411764705883,4,0,1.9686118271390012,2.852941176470588,10,0,3.4905953726210264,6.537941176470588,20.5,0.222,7.754352166748138,0,2.0288701799999838,7
2367,Zn-HESO59-MnNiFeCrZn,100,Co9CrFeMnNiZnO20,Co,3.28283441999997,1.2569621199999972,1.0,Co9CrFeMnNiZnO20,166.1764705882353,197.0,139.0,19.565080821280873,33.448404411764706,65.4,15.999,20.934279736317823,,1.461,0.163,,3.474664117647059,8.912,0.001429,4.175328912739702,13.058823529411764,16,6,3.6132206301026386,733.2317647058824,2180.0,54.36,835.2070519636595,11.247823529411766,13.618,6.767,2.8524749467434956,2.7741176470588234,3.44,1.55,0.7989777205428669,2.3529411764705883,4,0,1.9686118271390012,2.852941176470588,10,0,3.4905953726210264,6.537941176470588,20.5,0.222,7.754352166748138,0,2.025872299999973,7
2368,Zn-HESO67-MnNiFeCrZn,100,Co9CrFeMnNiZnO20,Co,3.23529098999998,1.1367275399999812,1.0,Co9CrFeMnNiZnO20,166.1764705882353,197.0,139.0,19.565080821280873,33.448404411764706,65.4,15.999,20.934279736317823,,1.461,0.163,,3.474664117647059,8.912,0.001429,4.175328912739702,13.058823529411764,16,6,3.6132206301026386,733.2317647058824,2180.0,54.36,835.2070519636595,11.247823529411766,13.618,6.767,2.8524749467434956,2.7741176470588234,3.44,1.55,0.7989777205428669,2.3529411764705883,4,0,1.9686118271390012,2.852941176470588,10,0,3.4905953726210264,6.537941176470588,20.5,0.222,7.754352166748138,0,2.098563449999999,7
2369,Zn-HESO69-MnNiFeCrZn,100,Co9CrFeMnNiZnO20,Co,3.44592410999999,1.2123385699999858,1.0,Co9CrFeMnNiZnO20,166.1764705882353,197.0,139.0,19.565080821280873,33.448404411764706,65.4,15.999,20.934279736317823,,1.461,0.163,,3.474664117647059,8.912,0.001429,4.175328912739702,13.058823529411764,16,6,3.6132206301026386,733.2317647058824,2180.0,54.36,835.2070519636595,11.247823529411766,13.618,6.767,2.8524749467434956,2.7741176470588234,3.44,1.55,0.7989777205428669,2.3529411764705883,4,0,1.9686118271390012,2.852941176470588,10,0,3.4905953726210264,6.537941176470588,20.5,0.222,7.754352166748138,0,2.2335855400000044,7
2370,Zn-HESO97-MnNiFeCrZn,100,Co9CrFeMnNiZnO20,Co,2.63440423999998,0.6052728999999886,1.0,Co9CrFeMnNiZnO20,166.1764705882353,197.0,139.0,19.565080821280873,33.448404411764706,65.4,15.999,20.934279736317823,,1.461,0.163,,3.474664117647059,8.912,0.001429,4.175328912739702,13.058823529411764,16,6,3.6132206301026386,733.2317647058824,2180.0,54.36,835.2070519636595,11.247823529411766,13.618,6.767,2.8524749467434956,2.7741176470588234,3.44,1.55,0.7989777205428669,2.3529411764705883,4,0,1.9686118271390012,2.852941176470588,10,0,3.4905953726210264,6.537941176470588,20.5,0.222,7.754352166748138,0,2.0291313399999913,7
2371,Zn-HESO99-MnNiFeCrZn,100,Co9CrFeMnNiZnO20,Co,3.28439254999998,1.20043825999997,1.0,Co9CrFeMnNiZnO20,166.1764705882353,197.0,139.0,19.565080821280873,33.448404411764706,65.4,15.999,20.934279736317823,,1.461,0.163,,3.474664117647059,8.912,0.001429,4.175328912739702,13.058823529411764,16,6,3.6132206301026386,733.2317647058824,2180.0,54.36,835.2070519636595,11.247823529411766,13.618,6.767,2.8524749467434956,2.7741176470588234,3.44,1.55,0.7989777205428669,2.3529411764705883,4,0,1.9686118271390012,2.852941176470588,10,0,3.4905953726210264,6.537941176470588,20.5,0.222,7.754352166748138,0,2.08395429000001,7
2375,Zn3Ag,111,Ag3Zn9,hollow|A_A_A|HCP,0.139685285237476,-0.0583897793286496,3.0,AgZn3,147.25,172.0,139.0,14.289419162443238,76.017,107.868,65.4,18.389183423958766,,1.302,1.302,,7.97575,10.501,7.134,1.457953767271102,11.75,12,11,0.4330127018922193,828.2425000000001,1234.93,692.68,234.80113760105598,8.9395,9.394,7.576,0.787217092040055,1.7199999999999998,1.93,1.65,0.12124355652982141,0.0,0,0,0.0,10.0,10,10,0.0,8.337499999999999,11.3,7.35,1.710400172474267,0,0.1980750645661256,2
2380,Zn3Au,111,Au3Zn9,hollow|A_A_A|HCP,0.122355851435543,-0.1461044507187807,3.0,AuZn3,145.75,166.0,139.0,11.691342951089922,98.2916425,196.96657,65.4,56.9699959543918,,2.309,2.309,,10.171,19.282,7.134,5.26023830258668,11.75,12,11,0.4330127018922193,853.8425,1337.33,692.68,279.1416382748192,9.352,9.394,9.226,0.07274613391789252,1.8724999999999998,2.54,1.65,0.3853813046840752,0.0,0,0,0.0,10.0,10,10,0.0,8.6375,12.5,7.35,2.23001541474493,0,0.2684603021543237,2
2382,Zn3Cu,111,Cu3Zn9,hollow|A_A_A|FCC,0.515141157029404,0.213315344383659,3.0,CuZn3,139.25,140.0,139.0,0.4330127018922193,64.9375,65.4,63.55,0.8010734985006094,,1.228,1.228,,7.58375,8.933,7.134,0.7789898507041023,11.75,12,11,0.4330127018922193,858.9525,1357.77,692.68,287.9924179014962,8.977,9.394,7.726,0.7222651867562219,1.7125,1.9,1.65,0.10825317547305482,0.0,0,0,0.0,10.0,10,10,0.0,8.7875,13.1,7.35,2.4898230358802613,0,0.301825812645745,2
2383,Zn3Cu,111,Cu3Zn9,hollow|A_A_A|HCP,0.448368502740607,0.1263955174771354,3.0,CuZn3,139.25,140.0,139.0,0.4330127018922193,64.9375,65.4,63.55,0.8010734985006094,,1.228,1.228,,7.58375,8.933,7.134,0.7789898507041023,11.75,12,11,0.4330127018922193,858.9525,1357.77,692.68,287.9924179014962,8.977,9.394,7.726,0.7222651867562219,1.7125,1.9,1.65,0.10825317547305482,0.0,0,0,0.0,10.0,10,10,0.0,8.7875,13.1,7.35,2.4898230358802613,0,0.3219729852634716,2
2385,Zn3Cu,111,Cu3Zn9,hollow|A_A_B|HCP,0.661118530540819,0.2013918601704745,3.0,CuZn3,139.25,140.0,139.0,0.4330127018922193,64.9375,65.4,63.55,0.8010734985006094,,1.228,1.228,,7.58375,8.933,7.134,0.7789898507041023,11.75,12,11,0.4330127018922193,858.9525,1357.77,692.68,287.9924179014962,8.977,9.394,7.726,0.7222651867562219,1.7125,1.9,1.65,0.10825317547305482,0.0,0,0,0.0,10.0,10,10,0.0,8.7875,13.1,7.35,2.4898230358802613,0,0.45972667037034454,2
2403,Zn3Pd,111,Pd3Zn9,hollow|A_A_A|FCC,0.45372819293317,0.1077391205807316,3.0,PdZn3,154.75,202.0,139.0,27.279800219209818,75.655,106.42,65.4,17.762181031618834,,0.557,0.557,,8.3505,12.0,7.134,2.1070398074075394,11.5,12,10,0.8660254037844386,976.5225,1828.05,692.68,491.62963134736907,9.129750000000001,9.394,8.337,0.457694425900076,1.7874999999999999,2.2,1.65,0.23815698604072075,0.0,0,0,0.0,10.0,10,10,0.0,9.6875,16.7,7.35,4.048668762692251,0,0.3459890723524384,2
2404,Zn3Pd,111,Pd3Zn9,hollow|A_A_A|HCP,0.348238773538299,-0.0825925365235207,3.0,PdZn3,154.75,202.0,139.0,27.279800219209818,75.655,106.42,65.4,17.762181031618834,,0.557,0.557,,8.3505,12.0,7.134,2.1070398074075394,11.5,12,10,0.8660254037844386,976.5225,1828.05,692.68,491.62963134736907,9.129750000000001,9.394,8.337,0.457694425900076,1.7874999999999999,2.2,1.65,0.23815698604072075,0.0,0,0,0.0,10.0,10,10,0.0,9.6875,16.7,7.35,4.048668762692251,0,0.43083131006181974,2
2408,Zn3Pt,111,Pt3Zn9,hollow|A_A_A|FCC,0.493215992635498,0.1288203238844971,3.0,PtZn3,156.5,209.0,139.0,30.31088913245535,97.82000000000001,195.08,65.4,56.15308718138301,,2.128,2.128,,10.7155,21.46,7.134,6.203339967307935,11.5,12,10,0.8660254037844386,1029.8975,2041.55,692.68,584.0778432013578,9.2955,9.394,9.0,0.17060700454553449,1.8074999999999997,2.28,1.65,0.27279800219209815,0.0,0,0,0.0,9.75,10,9,0.4330127018922193,10.5125,20.0,7.35,5.477610678936575,0,0.3643956687510009,2
2409,Zn3Pt,111,Pt3Zn9,hollow|A_A_A|HCP,0.366985648240927,-0.151494753717202,3.0,PtZn3,156.5,209.0,139.0,30.31088913245535,97.82000000000001,195.08,65.4,56.15308718138301,,2.128,2.128,,10.7155,21.46,7.134,6.203339967307935,11.5,12,10,0.8660254037844386,1029.8975,2041.55,692.68,584.0778432013578,9.2955,9.394,9.0,0.17060700454553449,1.8074999999999997,2.28,1.65,0.27279800219209815,0.0,0,0,0.0,9.75,10,9,0.4330127018922193,10.5125,20.0,7.35,5.477610678936575,0,0.5184804019581291,2
2412,Zn3Re,111,Re3Zn9,hollow|A_A_A|FCC,1.54981824543557,0.8005005448766269,3.0,ReZn3,158.5,217.0,139.0,33.77499074759311,95.60175000000001,186.207,65.4,52.31096547749333,,0.15,0.15,,10.5505,20.8,7.134,5.917551584059069,10.75,12,7,2.165063509461097,1384.26,3459.0,692.68,1197.851697498484,9.015500000000001,9.394,7.88,0.6555812306648202,1.7125,1.9,1.65,0.10825317547305482,0.0,0,0,0.0,8.75,10,5,2.165063509461097,13.7625,33.0,7.35,11.106775803535426,0,0.7493177005589431,2
2414,Zn3Re,111,Re3Zn9,hollow|A_A_B|FCC,-0.0091088747687422,-0.0521804137271146,3.0,ReZn3,158.5,217.0,139.0,33.77499074759311,95.60175000000001,186.207,65.4,52.31096547749333,,0.15,0.15,,10.5505,20.8,7.134,5.917551584059069,10.75,12,7,2.165063509461097,1384.26,3459.0,692.68,1197.851697498484,9.015500000000001,9.394,7.88,0.6555812306648202,1.7125,1.9,1.65,0.10825317547305482,0.0,0,0,0.0,8.75,10,5,2.165063509461097,13.7625,33.0,7.35,11.106775803535426,0,0.0430715389583724,2
2415,Zn3Re,111,Re3Zn9,hollow|A_A_B|HCP,-0.114046719467467,0.0095789512751025,3.0,ReZn3,158.5,217.0,139.0,33.77499074759311,95.60175000000001,186.207,65.4,52.31096547749333,,0.15,0.15,,10.5505,20.8,7.134,5.917551584059069,10.75,12,7,2.165063509461097,1384.26,3459.0,692.68,1197.851697498484,9.015500000000001,9.394,7.88,0.6555812306648202,1.7125,1.9,1.65,0.10825317547305482,0.0,0,0,0.0,8.75,10,5,2.165063509461097,13.7625,33.0,7.35,11.106775803535426,0,-0.1236256707425695,2
2416,Zn3Re,111,Re3Zn9,top|B,-0.299831218264615,-0.1518954414233349,1.0,ReZn3,158.5,217.0,139.0,33.77499074759311,95.60175000000001,186.207,65.4,52.31096547749333,,0.15,0.15,,10.5505,20.8,7.134,5.917551584059069,10.75,12,7,2.165063509461097,1384.26,3459.0,692.68,1197.851697498484,9.015500000000001,9.394,7.88,0.6555812306648202,1.7125,1.9,1.65,0.10825317547305482,0.0,0,0,0.0,8.75,10,5,2.165063509461097,13.7625,33.0,7.35,11.106775803535426,0,-0.14793577684128012,2
2419,Zn3Rh,111,Rh3Zn9,hollow|A_A_A|FCC,0.672603639231795,0.2361144022769394,3.0,RhZn3,153.0,195.0,139.0,24.24871130596428,74.776375,102.9055,65.4,16.24035789081863,,1.137,1.137,,8.4505,12.4,7.134,2.280244888164427,11.25,12,9,1.299038105676658,1078.76,2237.0,692.68,668.7101757861922,8.910250000000001,9.394,7.459,0.8378795781614446,1.8074999999999997,2.28,1.65,0.27279800219209815,0.0,0,0,0.0,9.5,10,8,0.8660254037844386,10.9375,21.7,7.35,6.213732272153347,0,0.43648923695485564,2
2420,Zn3Rh,111,Rh3Zn9,hollow|A_A_A|HCP,0.568278867136371,-0.0959119647260422,3.0,RhZn3,153.0,195.0,139.0,24.24871130596428,74.776375,102.9055,65.4,16.24035789081863,,1.137,1.137,,8.4505,12.4,7.134,2.280244888164427,11.25,12,9,1.299038105676658,1078.76,2237.0,692.68,668.7101757861922,8.910250000000001,9.394,7.459,0.8378795781614446,1.8074999999999997,2.28,1.65,0.27279800219209815,0.0,0,0,0.0,9.5,10,8,0.8660254037844386,10.9375,21.7,7.35,6.213732272153347,0,0.6641908318624132,2
2423,Zn3Ru,111,Ru3Zn9,hollow|A_A_A|FCC,0.993511434938966,0.4215108668767016,3.0,RuZn3,156.0,207.0,139.0,29.444863728670914,74.325,101.1,65.4,15.458553457552226,,1.05,1.05,,8.3755,12.1,7.134,2.1503410775967606,11.0,12,8,1.7320508075688772,1171.26,2607.0,692.68,828.9248754863133,8.88575,9.394,7.361,0.8803148229468821,1.7874999999999999,2.2,1.65,0.23815698604072075,0.0,0,0,0.0,9.25,10,7,1.299038105676658,11.9375,25.7,7.35,7.945783079722224,0,0.5720005680622644,2
2425,Zn3Ru,111,Ru3Zn9,hollow|A_A_B|FCC,0.78276253223504,0.1420507708797913,3.0,RuZn3,156.0,207.0,139.0,29.444863728670914,74.325,101.1,65.4,15.458553457552226,,1.05,1.05,,8.3755,12.1,7.134,2.1503410775967606,11.0,12,8,1.7320508075688772,1171.26,2607.0,692.68,828.9248754863133,8.88575,9.394,7.361,0.8803148229468821,1.7874999999999999,2.2,1.65,0.23815698604072075,0.0,0,0,0.0,9.25,10,7,1.299038105676658,11.9375,25.7,7.35,7.945783079722224,0,0.6407117613552487,2
2426,Zn3Ru,111,Ru3Zn9,hollow|A_A_B|HCP,0.576252210837822,0.2101895726781322,3.0,RuZn3,156.0,207.0,139.0,29.444863728670914,74.325,101.1,65.4,15.458553457552226,,1.05,1.05,,8.3755,12.1,7.134,2.1503410775967606,11.0,12,8,1.7320508075688772,1171.26,2607.0,692.68,828.9248754863133,8.88575,9.394,7.361,0.8803148229468821,1.7874999999999999,2.2,1.65,0.23815698604072075,0.0,0,0,0.0,9.25,10,7,1.299038105676658,11.9375,25.7,7.35,7.945783079722224,0,0.36606263815968976,2
2427,Zn3Ru,111,Ru3Zn9,top|B,1.58494623733333,1.00689453777602,1.0,RuZn3,156.0,207.0,139.0,29.444863728670914,74.325,101.1,65.4,15.458553457552226,,1.05,1.05,,8.3755,12.1,7.134,2.1503410775967606,11.0,12,8,1.7320508075688772,1171.26,2607.0,692.68,828.9248754863133,8.88575,9.394,7.361,0.8803148229468821,1.7874999999999999,2.2,1.65,0.23815698604072075,0.0,0,0,0.0,9.25,10,7,1.299038105676658,11.9375,25.7,7.35,7.945783079722224,0,0.5780516995573102,2
2439,Zr,111,Zr12,hollow|A_A_A|FCC,-3.42584778526197,-2.4462944297202966,3.0,Zr,186.0,186.0,186.0,0.0,91.22,91.22,91.22,0.0,0.426,0.426,0.426,0.0,6.52,6.52,6.52,0.0,4.0,4,4,0.0,2128.0,2128.0,2128.0,0.0,6.634,6.634,6.634,0.0,1.33,1.33,1.33,0.0,0.0,0,0,0.0,2.0,2,2,0.0,21.0,21.0,21.0,0.0,0,-0.9795533555416736,1
2440,Zr,111,Zr12,hollow|A_A_A|HCP,-3.13568273086111,-2.324851248017808,3.0,Zr,186.0,186.0,186.0,0.0,91.22,91.22,91.22,0.0,0.426,0.426,0.426,0.0,6.52,6.52,6.52,0.0,4.0,4,4,0.0,2128.0,2128.0,2128.0,0.0,6.634,6.634,6.634,0.0,1.33,1.33,1.33,0.0,0.0,0,0,0.0,2.0,2,2,0.0,21.0,21.0,21.0,0.0,0,-0.8108314828433021,1
2441,Zr,111,Zr12,top|A,-0.754873584859695,-1.348045017818663,1.0,Zr,186.0,186.0,186.0,0.0,91.22,91.22,91.22,0.0,0.426,0.426,0.426,0.0,6.52,6.52,6.52,0.0,4.0,4,4,0.0,2128.0,2128.0,2128.0,0.0,6.634,6.634,6.634,0.0,1.33,1.33,1.33,0.0,0.0,0,0,0.0,2.0,2,2,0.0,21.0,21.0,21.0,0.0,0,0.5931714329589679,1
2469,local-impurity-Zn-HESO8-MnNiFeCrZn,100,Co9CrFeMnNiZnO20,Co,3.27100544999999,1.3287423499999989,1.0,Co9CrFeMnNiZnO20,166.1764705882353,197.0,139.0,19.565080821280873,33.448404411764706,65.4,15.999,20.934279736317823,,1.461,0.163,,3.474664117647059,8.912,0.001429,4.175328912739702,13.058823529411764,16,6,3.6132206301026386,733.2317647058824,2180.0,54.36,835.2070519636595,11.247823529411766,13.618,6.767,2.8524749467434956,2.7741176470588234,3.44,1.55,0.7989777205428669,2.3529411764705883,4,0,1.9686118271390012,2.852941176470588,10,0,3.4905953726210264,6.537941176470588,20.5,0.222,7.754352166748138,0,1.942263099999991,7
2470,subbridge--subsurface-Cr-doped-IrO2-rutile,110,CrIr15O33,CUS-Ir-site,1.44264053000006,-0.2584187599999836,1.0,CrIr15O33,168.0612244897959,202.0,152.0,23.13616143286443,70.67883673469387,192.22,15.999,80.88781017402347,1.4766122448979593,1.565,0.666,0.12635563938805625,7.01014606122449,22.42,0.001429,10.284725473504231,13.653061224489797,16,6,3.3959821422583003,913.4465306122449,2719.0,54.36,1236.019670495267,12.095122448979593,13.618,6.767,2.210745627589074,3.0240816326530613,3.44,1.66,0.6019692797346664,2.693877551020408,4,0,1.8757755580532338,2.2448979591836733,7,0,3.2358364041597705,8.527061224489797,26.0,0.222,11.951473727601867,0,1.7010592900000436,3
2471,subcus--subsurface-Cr-doped-IrO2-rutile,110,CrIr15O33,CUS-Ir-site,1.58644706000001,-0.1257429300000012,1.0,CrIr15O33,168.0612244897959,202.0,152.0,23.13616143286443,70.67883673469387,192.22,15.999,80.88781017402347,1.4766122448979593,1.565,0.666,0.12635563938805625,7.01014606122449,22.42,0.001429,10.284725473504231,13.653061224489797,16,6,3.3959821422583003,913.4465306122449,2719.0,54.36,1236.019670495267,12.095122448979593,13.618,6.767,2.210745627589074,3.0240816326530613,3.44,1.66,0.6019692797346664,2.693877551020408,4,0,1.8757755580532338,2.2448979591836733,7,0,3.2358364041597705,8.527061224489797,26.0,0.222,11.951473727601867,0,1.7121899900000113,3
2472,surface-Cr-doped-IrO2-rutile,100,CrIr19O43,Cr-site,2.77390305,0.9018750700000168,1.0,CrIr19O43,167.66666666666666,202.0,152.0,23.027244043827046,69.71639682539683,192.22,15.999,80.6253889392444,1.4797460317460318,1.565,0.666,0.11376597648193362,6.876054714285714,22.42,0.001429,10.253103360226055,13.730158730158731,16,6,3.3485668538652082,891.7219047619047,2719.0,54.36,1229.5962895386297,12.146682539682539,13.618,6.767,2.1763137891266413,3.0377777777777775,3.44,1.66,0.593489664917019,2.7301587301587302,4,0,1.8619527998241499,2.1904761904761907,7,0,3.2212446714833836,8.318190476190475,26.0,0.222,11.890542303914449,0,1.872027979999983,3
2473,surface-Cr-doped-IrO2-rutile,100,CrIr19O43,Ir-site--Cr-adjacent,1.53566842999999,-0.0723692299999925,1.0,CrIr19O43,167.66666666666666,202.0,152.0,23.027244043827046,69.71639682539683,192.22,15.999,80.6253889392444,1.4797460317460318,1.565,0.666,0.11376597648193362,6.876054714285714,22.42,0.001429,10.253103360226055,13.730158730158731,16,6,3.3485668538652082,891.7219047619047,2719.0,54.36,1229.5962895386297,12.146682539682539,13.618,6.767,2.1763137891266413,3.0377777777777775,3.44,1.66,0.593489664917019,2.7301587301587302,4,0,1.8619527998241499,2.1904761904761907,7,0,3.2212446714833836,8.318190476190475,26.0,0.222,11.890542303914449,0,1.6080376599999826,3
2474,surface-Cr-doped-IrO2-rutile,100,CrIr19O43,Ir-site--Cr-nonadjacent,1.62361550000003,-0.0929750599999579,1.0,CrIr19O43,167.66666666666666,202.0,152.0,23.027244043827046,69.71639682539683,192.22,15.999,80.6253889392444,1.4797460317460318,1.565,0.666,0.11376597648193362,6.876054714285714,22.42,0.001429,10.253103360226055,13.730158730158731,16,6,3.3485668538652082,891.7219047619047,2719.0,54.36,1229.5962895386297,12.146682539682539,13.618,6.767,2.1763137891266413,3.0377777777777775,3.44,1.66,0.593489664917019,2.7301587301587302,4,0,1.8619527998241499,2.1904761904761907,7,0,3.2212446714833836,8.318190476190475,26.0,0.222,11.890542303914449,0,1.716590559999988,3
2475,surface-Cr-doped-IrO2-rutile,110,CrIr15O33,CUS-Cr-site,2.87978456000002,0.8053496300000234,1.0,CrIr15O33,168.0612244897959,202.0,152.0,23.13616143286443,70.67883673469387,192.22,15.999,80.88781017402347,1.4766122448979593,1.565,0.666,0.12635563938805625,7.01014606122449,22.42,0.001429,10.284725473504231,13.653061224489797,16,6,3.3959821422583003,913.4465306122449,2719.0,54.36,1236.019670495267,12.095122448979593,13.618,6.767,2.210745627589074,3.0240816326530613,3.44,1.66,0.6019692797346664,2.693877551020408,4,0,1.8757755580532338,2.2448979591836733,7,0,3.2358364041597705,8.527061224489797,26.0,0.222,11.951473727601867,0,2.0744349299999967,3
2476,surface-Cr-doped-IrO2-rutile,110,CrIr15O33,CUS-Ir-site,1.48224625,-0.140408930000035,1.0,CrIr15O33,168.0612244897959,202.0,152.0,23.13616143286443,70.67883673469387,192.22,15.999,80.88781017402347,1.4766122448979593,1.565,0.666,0.12635563938805625,7.01014606122449,22.42,0.001429,10.284725473504231,13.653061224489797,16,6,3.3959821422583003,913.4465306122449,2719.0,54.36,1236.019670495267,12.095122448979593,13.618,6.767,2.210745627589074,3.0240816326530613,3.44,1.66,0.6019692797346664,2.693877551020408,4,0,1.8757755580532338,2.2448979591836733,7,0,3.2358364041597705,8.527061224489797,26.0,0.222,11.951473727601867,0,1.622655180000035,3
1,Ag,111,Ag12,bridge|A_A|A,2.1540433039863967,0.7181514141819889,2.0,Ag,172.0,172.0,172.0,0.0,107.868,107.868,107.868,0.0,1.302,1.302,1.302,0.0,10.501,10.501,10.501,0.0,11.0,11,11,0.0,1234.93,1234.93,1234.93,0.0,7.576,7.576,7.576,0.0,1.93,1.93,1.93,0.0,0.0,0,0,0.0,10.0,10,10,0.0,11.3,11.3,11.3,0.0,1,1.4358918898044077,1
10,Ag-fcc,111,Ag16,hcp,2.214712379905226,0.746135465313273,3.0,Ag,172.0,172.0,172.0,0.0,107.868,107.868,107.868,0.0,1.302,1.302,1.302,0.0,10.501,10.501,10.501,0.0,11.0,11,11,0.0,1234.93,1234.93,1234.93,0.0,7.576,7.576,7.576,0.0,1.93,1.93,1.93,0.0,0.0,0,0,0.0,10.0,10,10,0.0,11.3,11.3,11.3,0.0,1,1.468576914591953,1
11,Ag-fcc,111,Ag16,ontop,3.38677690346994,1.571387348925782,1.0,Ag,172.0,172.0,172.0,0.0,107.868,107.868,107.868,0.0,1.302,1.302,1.302,0.0,10.501,10.501,10.501,0.0,11.0,11,11,0.0,1234.93,1234.93,1234.93,0.0,7.576,7.576,7.576,0.0,1.93,1.93,1.93,0.0,0.0,0,0,0.0,10.0,10,10,0.0,11.3,11.3,11.3,0.0,1,1.815389554544158,1
12,Ag-fcc,111+2%,Ag16,fcc,1.9624967152757355,0.5650899650390784,3.0,Ag,172.0,172.0,172.0,0.0,107.868,107.868,107.868,0.0,1.302,1.302,1.302,0.0,10.501,10.501,10.501,0.0,11.0,11,11,0.0,1234.93,1234.93,1234.93,0.0,7.576,7.576,7.576,0.0,1.93,1.93,1.93,0.0,0.0,0,0,0.0,10.0,10,10,0.0,11.3,11.3,11.3,0.0,1,1.3974067502366572,1
13,Ag-fcc,111+5%,Ag16,fcc,1.4239174644512258,0.3680494772706879,3.0,Ag,172.0,172.0,172.0,0.0,107.868,107.868,107.868,0.0,1.302,1.302,1.302,0.0,10.501,10.501,10.501,0.0,11.0,11,11,0.0,1234.93,1234.93,1234.93,0.0,7.576,7.576,7.576,0.0,1.93,1.93,1.93,0.0,0.0,0,0,0.0,10.0,10,10,0.0,11.3,11.3,11.3,0.0,1,1.0558679871805379,1
14,Ag-fcc,111+8%,Ag16,fcc,0.9912207899429966,0.1735584240595926,3.0,Ag,172.0,172.0,172.0,0.0,107.868,107.868,107.868,0.0,1.302,1.302,1.302,0.0,10.501,10.501,10.501,0.0,11.0,11,11,0.0,1234.93,1234.93,1234.93,0.0,7.576,7.576,7.576,0.0,1.93,1.93,1.93,0.0,0.0,0,0,0.0,10.0,10,10,0.0,11.3,11.3,11.3,0.0,1,0.8176623658834039,1
15,Ag-fcc,111-1%,Ag16,fcc,2.1968416992130897,0.7802479282399872,3.0,Ag,172.0,172.0,172.0,0.0,107.868,107.868,107.868,0.0,1.302,1.302,1.302,0.0,10.501,10.501,10.501,0.0,11.0,11,11,0.0,1234.93,1234.93,1234.93,0.0,7.576,7.576,7.576,0.0,1.93,1.93,1.93,0.0,0.0,0,0,0.0,10.0,10,10,0.0,11.3,11.3,11.3,0.0,1,1.4165937709731025,1
16,Ag-fcc,111-2%,Ag16,fcc,2.16155428808909,0.8286288163508289,3.0,Ag,172.0,172.0,172.0,0.0,107.868,107.868,107.868,0.0,1.302,1.302,1.302,0.0,10.501,10.501,10.501,0.0,11.0,11,11,0.0,1234.93,1234.93,1234.93,0.0,7.576,7.576,7.576,0.0,1.93,1.93,1.93,0.0,0.0,0,0,0.0,10.0,10,10,0.0,11.3,11.3,11.3,0.0,1,1.3329254717382613,1
17,Ag-fcc,111-3%,Ag16,fcc,2.1742662753833244,0.8704833261581371,3.0,Ag,172.0,172.0,172.0,0.0,107.868,107.868,107.868,0.0,1.302,1.302,1.302,0.0,10.501,10.501,10.501,0.0,11.0,11,11,0.0,1234.93,1234.93,1234.93,0.0,7.576,7.576,7.576,0.0,1.93,1.93,1.93,0.0,0.0,0,0,0.0,10.0,10,10,0.0,11.3,11.3,11.3,0.0,1,1.3037829492251873,1
18,Ag-fcc,111-5%,Ag16,fcc,2.1753875873594772,0.9229947662897756,3.0,Ag,172.0,172.0,172.0,0.0,107.868,107.868,107.868,0.0,1.302,1.302,1.302,0.0,10.501,10.501,10.501,0.0,11.0,11,11,0.0,1234.93,1234.93,1234.93,0.0,7.576,7.576,7.576,0.0,1.93,1.93,1.93,0.0,0.0,0,0,0.0,10.0,10,10,0.0,11.3,11.3,11.3,0.0,1,1.2523928210697015,1
31,Ag3Bi,111,Ag9Bi3,bridge|A_B|A,1.8011525609900778,0.7736131125828933,2.0,Ag3Bi,180.75,207.0,172.0,15.155444566227676,133.1461,208.9804,107.868,43.78295351880684,1.213,1.302,0.946,0.1541525218736301,10.3275,10.501,9.807,0.3005108151131998,12.0,15,11,1.7320508075688772,1062.335,1234.93,544.55,298.9433091323504,7.504249999999999,7.576,7.289,0.1242746454430669,1.9525000000000001,2.02,1.93,0.038971143170299774,0.75,3,0,1.299038105676658,10.0,10,10,0.0,11.200000000000001,11.3,10.9,0.1732050807568879,1,1.0275394484071845,2
47,Ag3Ir,111,Ag9Ir3,hollow|A_A_A|HCP,2.212619744926308,1.1868364803784743,3.0,Ag3Ir,179.5,202.0,172.0,12.99038105676658,128.956,192.22,107.868,36.52548743001249,1.36775,1.565,1.302,0.11388234059765365,13.48075,22.42,10.501,5.161078393853363,10.5,11,9,0.8660254037844386,1605.9475,2719.0,1234.93,642.621160497186,7.956999999999999,9.1,7.576,0.6599113576837422,1.9975,2.2,1.93,0.11691342951089932,0.0,0,0,0.0,9.25,10,7,1.299038105676658,14.975000000000001,26.0,11.3,6.365286717815624,1,1.0257832645478335,2
48,Ag3Ir,111,Ag9Ir3,top|A,2.473680223623819,1.333953058475231,1.0,Ag3Ir,179.5,202.0,172.0,12.99038105676658,128.956,192.22,107.868,36.52548743001249,1.36775,1.565,1.302,0.11388234059765365,13.48075,22.42,10.501,5.161078393853363,10.5,11,9,0.8660254037844386,1605.9475,2719.0,1234.93,642.621160497186,7.956999999999999,9.1,7.576,0.6599113576837422,1.9975,2.2,1.93,0.11691342951089932,0.0,0,0,0.0,9.25,10,7,1.299038105676658,14.975000000000001,26.0,11.3,6.365286717815624,1,1.1397271651485879,2
51,Ag3Os,111,Ag9Os3,hollow|A_A_A|HCP,2.2819134613982244,1.2261301267834597,3.0,Ag3Os,183.0,216.0,172.0,19.05255888325765,128.451,190.2,107.868,35.6508017721902,1.2515,1.302,1.1,0.08746856578222828,13.51825,22.57,10.501,5.226030299137196,10.25,11,8,1.299038105676658,1752.6975,3306.0,1234.93,896.7996165079187,7.856999999999999,8.7,7.576,0.48670627692685436,1.9975,2.2,1.93,0.11691342951089932,0.0,0,0,0.0,9.0,10,6,1.7320508075688772,16.225,31.0,11.3,8.53035022727672,1,1.0557833346147647,2
53,Ag3Pd,111,Ag9Pd3,bridge|A_A|B,2.2536879518519264,0.901139943377416,2.0,Ag3Pd,179.5,202.0,172.0,12.99038105676658,107.506,107.868,106.42,0.6270023923399307,1.11575,1.302,0.557,0.3225944629097034,10.87575,12.0,10.501,0.649086040136437,10.75,11,10,0.4330127018922193,1383.21,1828.05,1234.93,256.8284937463131,7.766249999999999,8.337,7.576,0.329522666139979,1.9975,2.2,1.93,0.11691342951089932,0.0,0,0,0.0,10.0,10,10,0.0,12.650000000000002,16.7,11.3,2.3382685902179836,1,1.3525480084745105,2
58,Ag3Pd,111,Ag9Pd3,top-tilt|A,2.8717249076073066,1.2480450868796424,1.0,Ag3Pd,179.5,202.0,172.0,12.99038105676658,107.506,107.868,106.42,0.6270023923399307,1.11575,1.302,0.557,0.3225944629097034,10.87575,12.0,10.501,0.649086040136437,10.75,11,10,0.4330127018922193,1383.21,1828.05,1234.93,256.8284937463131,7.766249999999999,8.337,7.576,0.329522666139979,1.9975,2.2,1.93,0.11691342951089932,0.0,0,0,0.0,10.0,10,10,0.0,12.650000000000002,16.7,11.3,2.3382685902179836,1,1.6236798207276641,2
65,Ag3Pt,111,Ag9Pt3,top-tilt|A,2.8433448332709044,1.3035667863849767,1.0,Ag3Pt,181.25,209.0,172.0,16.021469970012117,129.671,195.08,107.868,37.76390375742424,1.5085000000000002,2.128,1.302,0.3576684917629732,13.24075,21.46,10.501,4.745386200036832,10.75,11,10,0.4330127018922193,1436.585,2041.55,1234.93,349.2767056003019,7.9319999999999995,9.0,7.576,0.6166100874945204,2.0175,2.28,1.93,0.15155444566227672,0.0,0,0,0.0,9.75,10,9,0.4330127018922193,13.475000000000001,20.0,11.3,3.767210506462308,1,1.5397780468859277,2
70,Ag3Rh,111,Ag9Rh3,bridge-tilt|A_B|A,0.9250112411247724,0.2835159527866153,2.0,Ag3Rh,177.75,195.0,172.0,9.959292143521045,106.627375,107.868,102.9055,2.1488255331401347,1.26075,1.302,1.137,0.0714470958122162,10.97575,12.4,10.501,0.8222911208933249,10.5,11,9,0.8660254037844386,1485.4475,2237.0,1234.93,433.90903818513624,7.546749999999999,7.576,7.459,0.050662486121389655,2.0175,2.28,1.93,0.15155444566227672,0.0,0,0,0.0,9.5,10,8,0.8660254037844386,13.900000000000002,21.7,11.3,4.50333209967908,1,0.641495288338157,2
75,Ag3Rh,111,Ag9Rh3,top|A,2.5419955895464277,1.2530567435795774,1.0,Ag3Rh,177.75,195.0,172.0,9.959292143521045,106.627375,107.868,102.9055,2.1488255331401347,1.26075,1.302,1.137,0.0714470958122162,10.97575,12.4,10.501,0.8222911208933249,10.5,11,9,0.8660254037844386,1485.4475,2237.0,1234.93,433.90903818513624,7.546749999999999,7.576,7.459,0.050662486121389655,2.0175,2.28,1.93,0.15155444566227672,0.0,0,0,0.0,9.5,10,8,0.8660254037844386,13.900000000000002,21.7,11.3,4.50333209967908,1,1.2889388459668503,2
80,Ag3Ru,111,Ag9Ru3,top|A,2.3733736766155142,1.2264089073840978,1.0,Ag3Ru,180.75,207.0,172.0,15.155444566227676,106.17599999999999,107.868,101.1,2.9306299664065407,1.239,1.302,1.05,0.10911920087683927,10.90075,12.1,10.501,0.6923873103256588,10.25,11,8,1.299038105676658,1577.9475,2607.0,1234.93,594.1237378852574,7.52225,7.576,7.361,0.0930977309068271,1.9975,2.2,1.93,0.11691342951089932,0.0,0,0,0.0,9.25,10,7,1.299038105676658,14.900000000000002,25.7,11.3,6.235382907247958,1,1.1469647692314164,2
87,Ag3Tc,111,Ag9Tc3,hollow|A_A_A|HCP,2.3374199565877265,1.1675721811815265,3.0,Ag3Tc,181.25,209.0,172.0,16.021469970012117,105.12759,107.868,96.90636,4.746529353569822,1.114,1.302,0.55,0.3256255518229489,10.62575,11.0,10.501,0.21607333824421768,10.0,11,7,1.7320508075688772,1533.6975,2430.0,1234.93,517.4804896503346,7.502,7.576,7.28,0.12817175976009665,1.9224999999999999,1.93,1.9,0.012990381056766592,0.0,0,0,0.0,8.75,10,5,2.165063509461097,14.225000000000001,23.0,11.3,5.066248612138966,1,1.1698477754062,2
93,Ag3Zn,111,Ag9Zn3,bridge|A_B|A,1.0829842794802789,0.2163532231833187,2.0,Ag3Zn,163.75,172.0,139.0,14.289419162443238,97.251,107.868,65.4,18.389183423958766,,1.302,1.302,,9.65925,10.501,7.134,1.457953767271102,11.25,12,11,0.4330127018922193,1099.3675,1234.93,692.68,234.80113760105598,8.0305,9.394,7.576,0.787217092040055,1.8599999999999999,1.93,1.65,0.12124355652982143,0.0,0,0,0.0,10.0,10,10,0.0,10.312500000000002,11.3,7.35,1.710400172474267,1,0.8666310562969601,2
95,Ag3Zn,111,Ag9Zn3,hollow|A_A_A|HCP,2.0001116603624816,0.6672993241853646,3.0,Ag3Zn,163.75,172.0,139.0,14.289419162443238,97.251,107.868,65.4,18.389183423958766,,1.302,1.302,,9.65925,10.501,7.134,1.457953767271102,11.25,12,11,0.4330127018922193,1099.3675,1234.93,692.68,234.80113760105598,8.0305,9.394,7.576,0.787217092040055,1.8599999999999999,1.93,1.65,0.12124355652982143,0.0,0,0,0.0,10.0,10,10,0.0,10.312500000000002,11.3,7.35,1.710400172474267,1,1.332812336177117,2
99,AgAu,101,Ag6Au6,bridge|A_A|B,2.1407460097937245,0.989271493080082,2.0,AgAu,169.0,172.0,166.0,3.0,152.417285,196.96657,107.868,44.549285,1.8055,2.309,1.302,0.5035000000000001,14.8915,19.282,10.501,4.3905,11.0,11,11,0.0,1286.13,1337.33,1234.93,51.19999999999993,8.401,9.226,7.576,0.8250000000000006,2.235,2.54,1.93,0.30500000000000005,0.0,0,0,0.0,10.0,10,10,0.0,11.9,12.5,11.3,0.5999999999999996,1,1.1514745167136424,2
100,AgAu,101,Ag6Au6,hollow-tilt|A_A_B|FCC,2.3530079137987236,1.263809866079896,4.0,AgAu,169.0,172.0,166.0,3.0,152.417285,196.96657,107.868,44.549285,1.8055,2.309,1.302,0.5035000000000001,14.8915,19.282,10.501,4.3905,11.0,11,11,0.0,1286.13,1337.33,1234.93,51.19999999999993,8.401,9.226,7.576,0.8250000000000006,2.235,2.54,1.93,0.30500000000000005,0.0,0,0,0.0,10.0,10,10,0.0,11.9,12.5,11.3,0.5999999999999996,1,1.0891980477188277,2
105,AgAu,101,Ag6Au6,top-tilt|A,3.046848955434384,1.2580724818734552,1.0,AgAu,169.0,172.0,166.0,3.0,152.417285,196.96657,107.868,44.549285,1.8055,2.309,1.302,0.5035000000000001,14.8915,19.282,10.501,4.3905,11.0,11,11,0.0,1286.13,1337.33,1234.93,51.19999999999993,8.401,9.226,7.576,0.8250000000000006,2.235,2.54,1.93,0.30500000000000005,0.0,0,0,0.0,10.0,10,10,0.0,11.9,12.5,11.3,0.5999999999999996,1,1.7887764735609286,2
106,AgBi,101,Ag6Bi6,bridge|A_A|B,1.2082675887038543,0.3511196426815104,2.0,AgBi,189.5,207.0,172.0,17.5,158.42419999999998,208.9804,107.868,50.556200000000004,1.124,1.302,0.946,0.17800000000000005,10.154,10.501,9.807,0.34699999999999953,13.0,15,11,2.0,889.74,1234.93,544.55,345.19000000000005,7.432499999999999,7.576,7.289,0.14349999999999996,1.975,2.02,1.93,0.04500000000000004,1.5,3,0,1.5,10.0,10,10,0.0,11.100000000000001,11.3,10.9,0.20000000000000018,1,0.8571479460223439,2
107,AgBi,101,Ag6Bi6,bridge|A_B|A,1.2029275709514966,0.3556861210862507,2.0,AgBi,189.5,207.0,172.0,17.5,158.42419999999998,208.9804,107.868,50.556200000000004,1.124,1.302,0.946,0.17800000000000005,10.154,10.501,9.807,0.34699999999999953,13.0,15,11,2.0,889.74,1234.93,544.55,345.19000000000005,7.432499999999999,7.576,7.289,0.14349999999999996,1.975,2.02,1.93,0.04500000000000004,1.5,3,0,1.5,10.0,10,10,0.0,11.100000000000001,11.3,10.9,0.20000000000000018,1,0.8472414498652459,2
108,AgBi,101,Ag6Bi6,bridge|A_B|B,1.214107606928014,0.3361029044798442,2.0,AgBi,189.5,207.0,172.0,17.5,158.42419999999998,208.9804,107.868,50.556200000000004,1.124,1.302,0.946,0.17800000000000005,10.154,10.501,9.807,0.34699999999999953,13.0,15,11,2.0,889.74,1234.93,544.55,345.19000000000005,7.432499999999999,7.576,7.289,0.14349999999999996,1.975,2.02,1.93,0.04500000000000004,1.5,3,0,1.5,10.0,10,10,0.0,11.100000000000001,11.3,10.9,0.20000000000000018,1,0.8780047024481696,2
109,AgBi,101,Ag6Bi6,bridge|B_B|A,1.615539368241607,0.5792826064833889,2.0,AgBi,189.5,207.0,172.0,17.5,158.42419999999998,208.9804,107.868,50.556200000000004,1.124,1.302,0.946,0.17800000000000005,10.154,10.501,9.807,0.34699999999999953,13.0,15,11,2.0,889.74,1234.93,544.55,345.19000000000005,7.432499999999999,7.576,7.289,0.14349999999999996,1.975,2.02,1.93,0.04500000000000004,1.5,3,0,1.5,10.0,10,10,0.0,11.100000000000001,11.3,10.9,0.20000000000000018,1,1.0362567617582181,2
110,AgBi,101,Ag6Bi6,hollow-tilt|A_B_B|HCP,1.621217010189441,0.799988290583201,4.0,AgBi,189.5,207.0,172.0,17.5,158.42419999999998,208.9804,107.868,50.556200000000004,1.124,1.302,0.946,0.17800000000000005,10.154,10.501,9.807,0.34699999999999953,13.0,15,11,2.0,889.74,1234.93,544.55,345.19000000000005,7.432499999999999,7.576,7.289,0.14349999999999996,1.975,2.02,1.93,0.04500000000000004,1.5,3,0,1.5,10.0,10,10,0.0,11.100000000000001,11.3,10.9,0.20000000000000018,1,0.82122871960624,2
115,AgBi,101,Ag6Bi6,top-tilt|B,1.7599206821353859,0.4308287248830993,1.0,AgBi,189.5,207.0,172.0,17.5,158.42419999999998,208.9804,107.868,50.556200000000004,1.124,1.302,0.946,0.17800000000000005,10.154,10.501,9.807,0.34699999999999953,13.0,15,11,2.0,889.74,1234.93,544.55,345.19000000000005,7.432499999999999,7.576,7.289,0.14349999999999996,1.975,2.02,1.93,0.04500000000000004,1.5,3,0,1.5,10.0,10,10,0.0,11.100000000000001,11.3,10.9,0.20000000000000018,1,1.3290919572522866,2
118,AgCu,101,Ag6Cu6,hollow-tilt|A_A_B|FCC,1.7540635925694936,0.5228350396836277,4.0,AgCu,156.0,172.0,140.0,16.0,85.709,107.868,63.55,22.159,1.2650000000000001,1.302,1.228,0.03700000000000003,9.716999999999999,10.501,8.933,0.7839999999999998,11.0,11,11,0.0,1296.35,1357.77,1234.93,61.41999999999996,7.651,7.726,7.576,0.07500000000000018,1.915,1.93,1.9,0.015000000000000013,0.0,0,0,0.0,10.0,10,10,0.0,12.2,13.1,11.3,0.8999999999999995,1,1.231228552885866,2
121,AgCu,101,Ag6Cu6,hollow|A_B_B|HCP,1.5521085764890656,0.3989207922830928,4.0,AgCu,156.0,172.0,140.0,16.0,85.709,107.868,63.55,22.159,1.2650000000000001,1.302,1.228,0.03700000000000003,9.716999999999999,10.501,8.933,0.7839999999999998,11.0,11,11,0.0,1296.35,1357.77,1234.93,61.41999999999996,7.651,7.726,7.576,0.07500000000000018,1.915,1.93,1.9,0.015000000000000013,0.0,0,0,0.0,10.0,10,10,0.0,12.2,13.1,11.3,0.8999999999999995,1,1.1531877842059728,2
125,AgIr,101,Ag6Ir6,hollow|A_A_B|FCC,1.2271266164953885,0.932095613575143,4.0,AgIr,187.0,202.0,172.0,15.0,150.04399999999998,192.22,107.868,42.176,1.4335,1.565,1.302,0.13149999999999995,16.4605,22.42,10.501,5.959500000000001,10.0,11,9,1.0,1976.9650000000001,2719.0,1234.93,742.035,8.338,9.1,7.576,0.762,2.065,2.2,1.93,0.13500000000000012,0.0,0,0,0.0,8.5,10,7,1.5,18.65,26.0,11.3,7.35,1,0.2950310029202454,2
127,AgIr,101,Ag6Ir6,top-tilt|A,2.514628596543593,1.4484701265799913,1.0,AgIr,187.0,202.0,172.0,15.0,150.04399999999998,192.22,107.868,42.176,1.4335,1.565,1.302,0.13149999999999995,16.4605,22.42,10.501,5.959500000000001,10.0,11,9,1.0,1976.9650000000001,2719.0,1234.93,742.035,8.338,9.1,7.576,0.762,2.065,2.2,1.93,0.13500000000000012,0.0,0,0,0.0,8.5,10,7,1.5,18.65,26.0,11.3,7.35,1,1.0661584699636015,2
128,AgIr,101,Ag6Ir6,top|B,1.3623732383702223,0.4570330154791691,1.0,AgIr,187.0,202.0,172.0,15.0,150.04399999999998,192.22,107.868,42.176,1.4335,1.565,1.302,0.13149999999999995,16.4605,22.42,10.501,5.959500000000001,10.0,11,9,1.0,1976.9650000000001,2719.0,1234.93,742.035,8.338,9.1,7.576,0.762,2.065,2.2,1.93,0.13500000000000012,0.0,0,0,0.0,8.5,10,7,1.5,18.65,26.0,11.3,7.35,1,0.9053402228910532,2
135,AgPd,101,Ag6Pd6,top|A,2.8184106114734253,1.301957368978833,1.0,AgPd,187.0,202.0,172.0,15.0,107.144,107.868,106.42,0.7239999999999966,0.9295,1.302,0.557,0.37250000000000005,11.250499999999999,12.0,10.501,0.7495000000000003,10.5,11,10,0.5,1531.49,1828.05,1234.93,296.55999999999995,7.9565,8.337,7.576,0.38050000000000006,2.065,2.2,1.93,0.13500000000000012,0.0,0,0,0.0,10.0,10,10,0.0,14.0,16.7,11.3,2.6999999999999993,1,1.5164532424945922,2
137,AgPt,101,Ag6Pt6,bridge-tilt|A_B|A,1.6460564121113266,0.6365685560857628,2.0,AgPt,190.5,209.0,172.0,18.5,151.474,195.08,107.868,43.60600000000001,1.715,2.128,1.302,0.41300000000000003,15.9805,21.46,10.501,5.479500000000001,10.5,11,10,0.5,1638.24,2041.55,1234.93,403.30999999999995,8.288,9.0,7.576,0.7120000000000002,2.105,2.28,1.93,0.17499999999999993,0.0,0,0,0.0,9.5,10,9,0.5,15.65,20.0,11.3,4.35,1,1.0094878560255638,2
138,AgPt,101,Ag6Pt6,bridge|A_B|A,1.7374101328899187,0.74018896158384,2.0,AgPt,190.5,209.0,172.0,18.5,151.474,195.08,107.868,43.60600000000001,1.715,2.128,1.302,0.41300000000000003,15.9805,21.46,10.501,5.479500000000001,10.5,11,10,0.5,1638.24,2041.55,1234.93,403.30999999999995,8.288,9.0,7.576,0.7120000000000002,2.105,2.28,1.93,0.17499999999999993,0.0,0,0,0.0,9.5,10,9,0.5,15.65,20.0,11.3,4.35,1,0.9972211713060788,2
139,AgPt,101,Ag6Pt6,bridge|B_B|A,1.6883120751353673,0.648395439781666,2.0,AgPt,190.5,209.0,172.0,18.5,151.474,195.08,107.868,43.60600000000001,1.715,2.128,1.302,0.41300000000000003,15.9805,21.46,10.501,5.479500000000001,10.5,11,10,0.5,1638.24,2041.55,1234.93,403.30999999999995,8.288,9.0,7.576,0.7120000000000002,2.105,2.28,1.93,0.17499999999999993,0.0,0,0,0.0,9.5,10,9,0.5,15.65,20.0,11.3,4.35,1,1.0399166353537013,2
140,AgPt,101,Ag6Pt6,hollow-tilt|A_A_B|FCC,1.6680380090842792,0.6401597784832802,4.0,AgPt,190.5,209.0,172.0,18.5,151.474,195.08,107.868,43.60600000000001,1.715,2.128,1.302,0.41300000000000003,15.9805,21.46,10.501,5.479500000000001,10.5,11,10,0.5,1638.24,2041.55,1234.93,403.30999999999995,8.288,9.0,7.576,0.7120000000000002,2.105,2.28,1.93,0.17499999999999993,0.0,0,0,0.0,9.5,10,9,0.5,15.65,20.0,11.3,4.35,1,1.027878230600999,2
145,AgPt,101,Ag6Pt6,top-tilt|A,2.899251649327452,1.5577099549817603,1.0,AgPt,190.5,209.0,172.0,18.5,151.474,195.08,107.868,43.60600000000001,1.715,2.128,1.302,0.41300000000000003,15.9805,21.46,10.501,5.479500000000001,10.5,11,10,0.5,1638.24,2041.55,1234.93,403.30999999999995,8.288,9.0,7.576,0.7120000000000002,2.105,2.28,1.93,0.17499999999999993,0.0,0,0,0.0,9.5,10,9,0.5,15.65,20.0,11.3,4.35,1,1.3415416943456915,2
146,AgPt,101,Ag6Pt6,top-tilt|B,2.2721247969470646,0.9177048732861977,1.0,AgPt,190.5,209.0,172.0,18.5,151.474,195.08,107.868,43.60600000000001,1.715,2.128,1.302,0.41300000000000003,15.9805,21.46,10.501,5.479500000000001,10.5,11,10,0.5,1638.24,2041.55,1234.93,403.30999999999995,8.288,9.0,7.576,0.7120000000000002,2.105,2.28,1.93,0.17499999999999993,0.0,0,0,0.0,9.5,10,9,0.5,15.65,20.0,11.3,4.35,1,1.354419923660867,2
147,AgPt,101,Ag6Pt6,top|A,2.932995741034881,1.647118398982343,1.0,AgPt,190.5,209.0,172.0,18.5,151.474,195.08,107.868,43.60600000000001,1.715,2.128,1.302,0.41300000000000003,15.9805,21.46,10.501,5.479500000000001,10.5,11,10,0.5,1638.24,2041.55,1234.93,403.30999999999995,8.288,9.0,7.576,0.7120000000000002,2.105,2.28,1.93,0.17499999999999993,0.0,0,0,0.0,9.5,10,9,0.5,15.65,20.0,11.3,4.35,1,1.285877342052538,2
149,AgRe,101,Ag6Re6,bridge-tilt|B_B|B,-0.27780972498065526,-0.222317414426584,2.0,AgRe,194.5,217.0,172.0,22.5,147.0375,186.207,107.868,39.1695,0.726,1.302,0.15,0.5760000000000001,15.650500000000001,20.8,10.501,5.149500000000001,9.0,11,7,2.0,2346.965,3459.0,1234.93,1112.0349999999999,7.728,7.88,7.576,0.15200000000000014,1.915,1.93,1.9,0.015000000000000013,0.0,0,0,0.0,7.5,10,5,2.5,22.15,33.0,11.3,10.85,1,-0.05549231055407125,2
150,AgRe,101,Ag6Re6,bridge|B_B|A,-0.9065093080118994,-0.751000996820153,2.0,AgRe,194.5,217.0,172.0,22.5,147.0375,186.207,107.868,39.1695,0.726,1.302,0.15,0.5760000000000001,15.650500000000001,20.8,10.501,5.149500000000001,9.0,11,7,2.0,2346.965,3459.0,1234.93,1112.0349999999999,7.728,7.88,7.576,0.15200000000000014,1.915,1.93,1.9,0.015000000000000013,0.0,0,0,0.0,7.5,10,5,2.5,22.15,33.0,11.3,10.85,1,-0.15550831119174646,2
152,AgRe,101,Ag6Re6,top-tilt|B,0.9241987525870508,0.5622107284769982,1.0,AgRe,194.5,217.0,172.0,22.5,147.0375,186.207,107.868,39.1695,0.726,1.302,0.15,0.5760000000000001,15.650500000000001,20.8,10.501,5.149500000000001,9.0,11,7,2.0,2346.965,3459.0,1234.93,1112.0349999999999,7.728,7.88,7.576,0.15200000000000014,1.915,1.93,1.9,0.015000000000000013,0.0,0,0,0.0,7.5,10,5,2.5,22.15,33.0,11.3,10.85,1,0.3619880241100526,2
155,AgRh,101,Ag6Rh6,hollow-tilt|A_A_B|FCC,0.9774613410934075,0.6150183645776224,4.0,AgRh,183.5,195.0,172.0,11.5,105.38675,107.868,102.9055,2.4812499999999957,1.2195,1.302,1.137,0.08250000000000002,11.4505,12.4,10.501,0.9495000000000005,10.0,11,9,1.0,1735.9650000000001,2237.0,1234.93,501.03499999999997,7.5175,7.576,7.459,0.058499999999999996,2.105,2.28,1.93,0.17499999999999993,0.0,0,0,0.0,9.0,10,8,1.0,16.5,21.7,11.3,5.199999999999999,1,0.36244297651578516,2
159,AgRh,101,Ag6Rh6,top-tilt|A,2.372812363446124,1.3237210338819525,1.0,AgRh,183.5,195.0,172.0,11.5,105.38675,107.868,102.9055,2.4812499999999957,1.2195,1.302,1.137,0.08250000000000002,11.4505,12.4,10.501,0.9495000000000005,10.0,11,9,1.0,1735.9650000000001,2237.0,1234.93,501.03499999999997,7.5175,7.576,7.459,0.058499999999999996,2.105,2.28,1.93,0.17499999999999993,0.0,0,0,0.0,9.0,10,8,1.0,16.5,21.7,11.3,5.199999999999999,1,1.0490913295641715,2
160,AgRh,101,Ag6Rh6,top|B,1.4396185791281568,0.5169848642807437,1.0,AgRh,183.5,195.0,172.0,11.5,105.38675,107.868,102.9055,2.4812499999999957,1.2195,1.302,1.137,0.08250000000000002,11.4505,12.4,10.501,0.9495000000000005,10.0,11,9,1.0,1735.9650000000001,2237.0,1234.93,501.03499999999997,7.5175,7.576,7.459,0.058499999999999996,2.105,2.28,1.93,0.17499999999999993,0.0,0,0,0.0,9.0,10,8,1.0,16.5,21.7,11.3,5.199999999999999,1,0.9226337148474131,2
161,AgRu,101,Ag6Ru6,bridge|A_A|A,1.7155520396920505,1.0407324377855502,2.0,AgRu,189.5,207.0,172.0,17.5,104.484,107.868,101.1,3.3840000000000003,1.1760000000000002,1.302,1.05,0.126,11.3005,12.1,10.501,0.7995000000000001,9.5,11,8,1.5,1920.9650000000001,2607.0,1234.93,686.035,7.4685,7.576,7.361,0.10749999999999993,2.065,2.2,1.93,0.13500000000000012,0.0,0,0,0.0,8.5,10,7,1.5,18.5,25.7,11.3,7.199999999999999,1,0.6748196019065003,2
162,AgRu,101,Ag6Ru6,bridge|B_B|A,0.20964581078947928,-0.0213545416146416,2.0,AgRu,189.5,207.0,172.0,17.5,104.484,107.868,101.1,3.3840000000000003,1.1760000000000002,1.302,1.05,0.126,11.3005,12.1,10.501,0.7995000000000001,9.5,11,8,1.5,1920.9650000000001,2607.0,1234.93,686.035,7.4685,7.576,7.361,0.10749999999999993,2.065,2.2,1.93,0.13500000000000012,0.0,0,0,0.0,8.5,10,7,1.5,18.5,25.7,11.3,7.199999999999999,1,0.23100035240412087,2
164,AgRu,101,Ag6Ru6,hollow-tilt|A_A_B|HCP,0.8398230488353331,0.4946236374788668,4.0,AgRu,189.5,207.0,172.0,17.5,104.484,107.868,101.1,3.3840000000000003,1.1760000000000002,1.302,1.05,0.126,11.3005,12.1,10.501,0.7995000000000001,9.5,11,8,1.5,1920.9650000000001,2607.0,1234.93,686.035,7.4685,7.576,7.361,0.10749999999999993,2.065,2.2,1.93,0.13500000000000012,0.0,0,0,0.0,8.5,10,7,1.5,18.5,25.7,11.3,7.199999999999999,1,0.3451994113564663,2
166,AgRu,101,Ag6Ru6,top|B,0.25622520240210434,-0.0339634805160358,1.0,AgRu,189.5,207.0,172.0,17.5,104.484,107.868,101.1,3.3840000000000003,1.1760000000000002,1.302,1.05,0.126,11.3005,12.1,10.501,0.7995000000000001,9.5,11,8,1.5,1920.9650000000001,2607.0,1234.93,686.035,7.4685,7.576,7.361,0.10749999999999993,2.065,2.2,1.93,0.13500000000000012,0.0,0,0,0.0,8.5,10,7,1.5,18.5,25.7,11.3,7.199999999999999,1,0.29018868291814015,2
168,AgZn,101,Ag6Zn6,hollow|A_A_B|FCC,0.7836313584865389,0.2295574111820997,4.0,AgZn,155.5,172.0,139.0,16.5,86.634,107.868,65.4,21.233999999999995,,1.302,1.302,,8.817499999999999,10.501,7.134,1.6834999999999996,11.5,12,11,0.5,963.8050000000001,1234.93,692.68,271.12500000000006,8.485,9.394,7.576,0.9090000000000003,1.79,1.93,1.65,0.14,0.0,0,0,0.0,10.0,10,10,0.0,9.325,11.3,7.35,1.9750000000000005,1,0.5540739473044392,2
169,AgZn,101,Ag6Zn6,top-tilt|B,1.429840212968789,0.3656986857794209,1.0,AgZn,155.5,172.0,139.0,16.5,86.634,107.868,65.4,21.233999999999995,,1.302,1.302,,8.817499999999999,10.501,7.134,1.6834999999999996,11.5,12,11,0.5,963.8050000000001,1234.93,692.68,271.12500000000006,8.485,9.394,7.576,0.9090000000000003,1.79,1.93,1.65,0.14,0.0,0,0,0.0,10.0,10,10,0.0,9.325,11.3,7.35,1.9750000000000005,1,1.0641415271893682,2
170,Al,111,Al12,bridge|A_A|A,-1.4046523446271768,-0.7638851788900638,2.0,Al,184.0,184.0,184.0,0.0,26.981538,26.981538,26.981538,0.0,0.441,0.441,0.441,0.0,2.7,2.7,2.7,0.0,13.0,13,13,0.0,933.437,933.437,933.437,0.0,5.986,5.986,5.986,0.0,1.61,1.61,1.61,0.0,1.0,1,1,0.0,0.0,0,0,0.0,10.7,10.7,10.7,0.0,1,-0.640767165737113,1
239,Au,111,Au12,bridge|A_A|A,2.587626180723197,1.2733503133794102,2.0,Au,166.0,166.0,166.0,0.0,196.96657,196.96657,196.96657,0.0,2.309,2.309,2.309,0.0,19.282,19.282,19.282,0.0,11.0,11,11,0.0,1337.33,1337.33,1337.33,0.0,9.226,9.226,9.226,0.0,2.54,2.54,2.54,0.0,0.0,0,0,0.0,10.0,10,10,0.0,12.5,12.5,12.5,0.0,1,1.3142758673437869,1
248,Au-fcc,111,Au16,hcp,2.7700244183514364,1.5766644525974698,3.0,Au,166.0,166.0,166.0,0.0,196.96657,196.96657,196.96657,0.0,2.309,2.309,2.309,0.0,19.282,19.282,19.282,0.0,11.0,11,11,0.0,1337.33,1337.33,1337.33,0.0,9.226,9.226,9.226,0.0,2.54,2.54,2.54,0.0,0.0,0,0,0.0,10.0,10,10,0.0,12.5,12.5,12.5,0.0,1,1.1933599657539666,1
249,Au-fcc,111,Au16,ontop,3.652120662967138,2.2236436759558273,1.0,Au,166.0,166.0,166.0,0.0,196.96657,196.96657,196.96657,0.0,2.309,2.309,2.309,0.0,19.282,19.282,19.282,0.0,11.0,11,11,0.0,1337.33,1337.33,1337.33,0.0,9.226,9.226,9.226,0.0,2.54,2.54,2.54,0.0,0.0,0,0,0.0,10.0,10,10,0.0,12.5,12.5,12.5,0.0,1,1.4284769870113108,1
250,Au-fcc,111+2%,Au16,fcc,2.4216397376740098,1.1904243012722873,3.0,Au,166.0,166.0,166.0,0.0,196.96657,196.96657,196.96657,0.0,2.309,2.309,2.309,0.0,19.282,19.282,19.282,0.0,11.0,11,11,0.0,1337.33,1337.33,1337.33,0.0,9.226,9.226,9.226,0.0,2.54,2.54,2.54,0.0,0.0,0,0,0.0,10.0,10,10,0.0,12.5,12.5,12.5,0.0,1,1.2312154364017225,1
251,Au-fcc,111+5%,Au16,fcc,2.103509079662693,0.7859161955566378,3.0,Au,166.0,166.0,166.0,0.0,196.96657,196.96657,196.96657,0.0,2.309,2.309,2.309,0.0,19.282,19.282,19.282,0.0,11.0,11,11,0.0,1337.33,1337.33,1337.33,0.0,9.226,9.226,9.226,0.0,2.54,2.54,2.54,0.0,0.0,0,0,0.0,10.0,10,10,0.0,12.5,12.5,12.5,0.0,1,1.3175928841060554,1
252,Au-fcc,111+8%,Au16,fcc,1.5152529111168211,0.4335240125001292,3.0,Au,166.0,166.0,166.0,0.0,196.96657,196.96657,196.96657,0.0,2.309,2.309,2.309,0.0,19.282,19.282,19.282,0.0,11.0,11,11,0.0,1337.33,1337.33,1337.33,0.0,9.226,9.226,9.226,0.0,2.54,2.54,2.54,0.0,0.0,0,0,0.0,10.0,10,10,0.0,12.5,12.5,12.5,0.0,1,1.081728898616692,1
253,Au-fcc,111-1%,Au16,fcc,2.8415254751958936,1.661817308238824,3.0,Au,166.0,166.0,166.0,0.0,196.96657,196.96657,196.96657,0.0,2.309,2.309,2.309,0.0,19.282,19.282,19.282,0.0,11.0,11,11,0.0,1337.33,1337.33,1337.33,0.0,9.226,9.226,9.226,0.0,2.54,2.54,2.54,0.0,0.0,0,0,0.0,10.0,10,10,0.0,12.5,12.5,12.5,0.0,1,1.1797081669570697,1
254,Au-fcc,111-2%,Au16,fcc,2.941479511552924,1.7779478753909643,3.0,Au,166.0,166.0,166.0,0.0,196.96657,196.96657,196.96657,0.0,2.309,2.309,2.309,0.0,19.282,19.282,19.282,0.0,11.0,11,11,0.0,1337.33,1337.33,1337.33,0.0,9.226,9.226,9.226,0.0,2.54,2.54,2.54,0.0,0.0,0,0,0.0,10.0,10,10,0.0,12.5,12.5,12.5,0.0,1,1.1635316361619599,1
255,Au-fcc,111-3%,Au16,fcc,2.974311017494866,1.883091574192804,3.0,Au,166.0,166.0,166.0,0.0,196.96657,196.96657,196.96657,0.0,2.309,2.309,2.309,0.0,19.282,19.282,19.282,0.0,11.0,11,11,0.0,1337.33,1337.33,1337.33,0.0,9.226,9.226,9.226,0.0,2.54,2.54,2.54,0.0,0.0,0,0,0.0,10.0,10,10,0.0,12.5,12.5,12.5,0.0,1,1.091219443302062,1
256,Au-fcc,111-5%,Au16,fcc,2.984355383398833,2.1607739504433994,3.0,Au,166.0,166.0,166.0,0.0,196.96657,196.96657,196.96657,0.0,2.309,2.309,2.309,0.0,19.282,19.282,19.282,0.0,11.0,11,11,0.0,1337.33,1337.33,1337.33,0.0,9.226,9.226,9.226,0.0,2.54,2.54,2.54,0.0,0.0,0,0,0.0,10.0,10,10,0.0,12.5,12.5,12.5,0.0,1,0.8235814329554336,1
258,Au3Ag,111,Ag3Au9,bridge|A_B|A,2.3452810076925745,1.1040401305807563,2.0,AgAu3,167.5,172.0,166.0,2.598076211353316,174.69192749999996,196.96657,107.868,38.580812530433036,2.0572500000000002,2.309,1.302,0.4360437908054649,17.086750000000002,19.282,10.501,3.8022845353155783,11.0,11,11,0.0,1311.73,1337.33,1234.93,44.3405006737632,8.813500000000001,9.226,7.576,0.7144709581221623,2.3875,2.54,1.93,0.26413774815425384,0.0,0,0,0.0,10.0,10,10,0.0,12.2,12.5,11.3,0.5196152422706629,1,1.2412408771118182,2
263,Au3Ag,111,Ag3Au9,top|A,3.2529994859725337,1.3229593872828218,1.0,AgAu3,167.5,172.0,166.0,2.598076211353316,174.69192749999996,196.96657,107.868,38.580812530433036,2.0572500000000002,2.309,1.302,0.4360437908054649,17.086750000000002,19.282,10.501,3.8022845353155783,11.0,11,11,0.0,1311.73,1337.33,1234.93,44.3405006737632,8.813500000000001,9.226,7.576,0.7144709581221623,2.3875,2.54,1.93,0.26413774815425384,0.0,0,0,0.0,10.0,10,10,0.0,12.2,12.5,11.3,0.5196152422706629,1,1.930040098689712,2
269,Au3Bi,111,Au9Bi3,top-tilt|A,2.588033614872939,1.131174506180173,1.0,Au3Bi,176.25,207.0,166.0,17.75352077758099,199.9700275,208.9804,196.96657,5.202140988373807,1.96825,2.309,0.946,0.590196312679095,16.91325,19.282,9.807,4.102795350428778,12.0,15,11,1.7320508075688772,1139.135,1337.33,544.55,343.28380980611365,8.741750000000001,9.226,7.289,0.8387456035652293,2.41,2.54,2.02,0.22516660498395405,0.75,3,0,1.299038105676658,10.0,10,10,0.0,12.1,12.5,10.9,0.6928203230275508,1,1.456859108692766,2
270,Au3Bi,111,Au9Bi3,top|B,2.301317338118529,0.9005717696790043,1.0,Au3Bi,176.25,207.0,166.0,17.75352077758099,199.9700275,208.9804,196.96657,5.202140988373807,1.96825,2.309,0.946,0.590196312679095,16.91325,19.282,9.807,4.102795350428778,12.0,15,11,1.7320508075688772,1139.135,1337.33,544.55,343.28380980611365,8.741750000000001,9.226,7.289,0.8387456035652293,2.41,2.54,2.02,0.22516660498395405,0.75,3,0,1.299038105676658,10.0,10,10,0.0,12.1,12.5,10.9,0.6928203230275508,1,1.4007455684395245,2
276,Au3Cu,111,Au9Cu3,bridge-tilt|A_B|A,2.046631530886826,0.7720457367803419,2.0,Au3Cu,159.5,166.0,140.0,11.258330249197702,163.61242749999997,196.96657,63.55,57.771069452892405,2.0387500000000003,2.309,1.228,0.4680867307454892,16.69475,19.282,8.933,4.4812484518825775,11.0,11,11,0.0,1342.44,1357.77,1337.33,8.850779626676987,8.851,9.226,7.726,0.6495190528383293,2.38,2.54,1.9,0.2771281292110204,0.0,0,0,0.0,10.0,10,10,0.0,12.65,13.1,12.5,0.25980762113533146,1,1.2745857941064842,2
277,Au3Cu,111,Au9Cu3,bridge|A_B|A,2.039297301559837,0.7784546979827383,2.0,Au3Cu,159.5,166.0,140.0,11.258330249197702,163.61242749999997,196.96657,63.55,57.771069452892405,2.0387500000000003,2.309,1.228,0.4680867307454892,16.69475,19.282,8.933,4.4812484518825775,11.0,11,11,0.0,1342.44,1357.77,1337.33,8.850779626676987,8.851,9.226,7.726,0.6495190528383293,2.38,2.54,1.9,0.2771281292110204,0.0,0,0,0.0,10.0,10,10,0.0,12.65,13.1,12.5,0.25980762113533146,1,1.2608426035770988,2
278,Au3Cu,111,Au9Cu3,hollow-tilt|A_A_B|FCC,2.0760047903576075,0.8197411701811461,3.0,Au3Cu,159.5,166.0,140.0,11.258330249197702,163.61242749999997,196.96657,63.55,57.771069452892405,2.0387500000000003,2.309,1.228,0.4680867307454892,16.69475,19.282,8.933,4.4812484518825775,11.0,11,11,0.0,1342.44,1357.77,1337.33,8.850779626676987,8.851,9.226,7.726,0.6495190528383293,2.38,2.54,1.9,0.2771281292110204,0.0,0,0,0.0,10.0,10,10,0.0,12.65,13.1,12.5,0.25980762113533146,1,1.2562636201764614,2
279,Au3Cu,111,Au9Cu3,hollow-tilt|A_A_B|HCP,2.083392952241361,0.8383011026825216,3.0,Au3Cu,159.5,166.0,140.0,11.258330249197702,163.61242749999997,196.96657,63.55,57.771069452892405,2.0387500000000003,2.309,1.228,0.4680867307454892,16.69475,19.282,8.933,4.4812484518825775,11.0,11,11,0.0,1342.44,1357.77,1337.33,8.850779626676987,8.851,9.226,7.726,0.6495190528383293,2.38,2.54,1.9,0.2771281292110204,0.0,0,0,0.0,10.0,10,10,0.0,12.65,13.1,12.5,0.25980762113533146,1,1.2450918495588392,2
284,Au3Cu,111,Au9Cu3,top-tilt|A,3.2646908669947896,1.4119657829804737,1.0,Au3Cu,159.5,166.0,140.0,11.258330249197702,163.61242749999997,196.96657,63.55,57.771069452892405,2.0387500000000003,2.309,1.228,0.4680867307454892,16.69475,19.282,8.933,4.4812484518825775,11.0,11,11,0.0,1342.44,1357.77,1337.33,8.850779626676987,8.851,9.226,7.726,0.6495190528383293,2.38,2.54,1.9,0.2771281292110204,0.0,0,0,0.0,10.0,10,10,0.0,12.65,13.1,12.5,0.25980762113533146,1,1.852725084014316,2
285,Au3Cu,111,Au9Cu3,top|A,3.2535591939094304,1.3765255405822927,1.0,Au3Cu,159.5,166.0,140.0,11.258330249197702,163.61242749999997,196.96657,63.55,57.771069452892405,2.0387500000000003,2.309,1.228,0.4680867307454892,16.69475,19.282,8.933,4.4812484518825775,11.0,11,11,0.0,1342.44,1357.77,1337.33,8.850779626676987,8.851,9.226,7.726,0.6495190528383293,2.38,2.54,1.9,0.2771281292110204,0.0,0,0,0.0,10.0,10,10,0.0,12.65,13.1,12.5,0.25980762113533146,1,1.8770336533271377,2
293,Au3Ir,111,Au9Ir3,top|A,2.4847373805964383,1.427203069478196,1.0,Au3Ir,175.0,202.0,166.0,15.588457268119896,195.77992749999999,196.96657,192.22,2.0553251004205477,2.123,2.309,1.565,0.3221614502078113,20.0665,22.42,19.282,1.358793858537785,10.5,11,9,0.8660254037844386,1682.7475,2719.0,1337.33,598.2806598234228,9.194500000000001,9.226,9.1,0.05455960043842016,2.455,2.54,2.2,0.1472243186433545,0.0,0,0,0.0,9.25,10,7,1.299038105676658,15.875,26.0,12.5,5.845671475544961,1,1.0575343111182423,2
295,Au3Os,111,Au9Os3,bridge|A_A|A,2.1398333641630196,1.1885088919779037,2.0,Au3Os,178.5,216.0,166.0,21.650635094610966,195.2749275,196.96657,190.2,2.9300107582428354,2.0067500000000003,2.309,1.1,0.5235123565876932,20.104,22.57,19.282,1.4237457638216173,10.25,11,8,1.299038105676658,1829.4975,3306.0,1337.33,852.4591158341555,9.0945,9.226,8.7,0.22776468119530804,2.455,2.54,2.2,0.1472243186433545,0.0,0,0,0.0,9.0,10,6,1.7320508075688772,17.125,31.0,12.5,8.010734985006058,1,0.951324472185116,2
297,Au3Os,111,Au9Os3,hollow|A_A_A|HCP,2.861191404426871,1.8756189199783648,3.0,Au3Os,178.5,216.0,166.0,21.650635094610966,195.2749275,196.96657,190.2,2.9300107582428354,2.0067500000000003,2.309,1.1,0.5235123565876932,20.104,22.57,19.282,1.4237457638216173,10.25,11,8,1.299038105676658,1829.4975,3306.0,1337.33,852.4591158341555,9.0945,9.226,8.7,0.22776468119530804,2.455,2.54,2.2,0.1472243186433545,0.0,0,0,0.0,9.0,10,6,1.7320508075688772,17.125,31.0,12.5,8.010734985006058,1,0.9855724844485061,2
298,Au3Os,111,Au9Os3,top|A,2.4176399152105152,1.3897037416799094,1.0,Au3Os,178.5,216.0,166.0,21.650635094610966,195.2749275,196.96657,190.2,2.9300107582428354,2.0067500000000003,2.309,1.1,0.5235123565876932,20.104,22.57,19.282,1.4237457638216173,10.25,11,8,1.299038105676658,1829.4975,3306.0,1337.33,852.4591158341555,9.0945,9.226,8.7,0.22776468119530804,2.455,2.54,2.2,0.1472243186433545,0.0,0,0,0.0,9.0,10,6,1.7320508075688772,17.125,31.0,12.5,8.010734985006058,1,1.0279361735306058,2
300,Au3Pd,111,Au9Pd3,bridge|A_A|A,2.5800666491838102,1.2697276617808484,2.0,Au3Pd,175.0,202.0,166.0,15.588457268119896,174.32992749999997,196.96657,106.42,39.20781492277297,1.8710000000000002,2.309,0.557,0.7586382537151682,17.4615,19.282,12.0,3.153198495179141,10.75,11,10,0.4330127018922193,1460.01,1828.05,1337.33,212.48799307254987,9.00375,9.226,8.337,0.38494829198218344,2.455,2.54,2.2,0.1472243186433545,0.0,0,0,0.0,10.0,10,10,0.0,13.55,16.7,12.5,1.8186533479473208,1,1.3103389874029618,2
301,Au3Pd,111,Au9Pd3,bridge|A_B|A,2.49854121915023,1.1164161399800605,2.0,Au3Pd,175.0,202.0,166.0,15.588457268119896,174.32992749999997,196.96657,106.42,39.20781492277297,1.8710000000000002,2.309,0.557,0.7586382537151682,17.4615,19.282,12.0,3.153198495179141,10.75,11,10,0.4330127018922193,1460.01,1828.05,1337.33,212.48799307254987,9.00375,9.226,8.337,0.38494829198218344,2.455,2.54,2.2,0.1472243186433545,0.0,0,0,0.0,10.0,10,10,0.0,13.55,16.7,12.5,1.8186533479473208,1,1.3821250791701694,2
308,Au3Pt,111,Au9Pt3,bridge|A_A|A,2.409157823895019,1.279673966780024,2.0,Au3Pt,176.75,209.0,166.0,18.619546181365433,196.4949275,196.96657,195.08,0.8169087730087946,2.26375,2.309,2.128,0.07837529904249171,19.826500000000003,21.46,19.282,0.943101664721254,10.75,11,10,0.4330127018922193,1513.385,2041.55,1337.33,304.9362049265387,9.169500000000001,9.226,9.0,0.09786087062764194,2.475,2.54,2.28,0.11258330249197712,0.0,0,0,0.0,9.75,10,9,0.4330127018922193,14.375,20.0,12.5,3.247595264191645,1,1.1294838571149948,2
313,Au3Pt,111,Au9Pt3,top|A,2.634241107468494,1.443908954378344,1.0,Au3Pt,176.75,209.0,166.0,18.619546181365433,196.4949275,196.96657,195.08,0.8169087730087946,2.26375,2.309,2.128,0.07837529904249171,19.826500000000003,21.46,19.282,0.943101664721254,10.75,11,10,0.4330127018922193,1513.385,2041.55,1337.33,304.9362049265387,9.169500000000001,9.226,9.0,0.09786087062764194,2.475,2.54,2.28,0.11258330249197712,0.0,0,0,0.0,9.75,10,9,0.4330127018922193,14.375,20.0,12.5,3.247595264191645,1,1.1903321530901498,2
317,Au3Re,111,Au9Re3,top|A,2.398635264910451,1.349356470382986,1.0,Au3Re,178.75,217.0,166.0,22.083647796503186,194.27667749999998,196.96657,186.207,4.659030476898465,1.7692500000000002,2.309,0.15,0.9348744233853017,19.6615,20.8,19.282,0.6573132814723892,10.0,11,7,1.7320508075688772,1867.7475,3459.0,1337.33,918.710059223665,8.889500000000002,9.226,7.88,0.5828350967469276,2.38,2.54,1.9,0.2771281292110204,0.0,0,0,0.0,8.75,10,5,2.165063509461097,17.625,33.0,12.5,8.876760388790496,1,1.049278794527465,2
324,Au3Rh,111,Au9Rh3,top|A,2.5208468752244033,1.4034970560832107,1.0,Au3Rh,173.25,195.0,166.0,12.55736835487436,173.45130249999997,196.96657,102.9055,40.72963806357317,2.016,2.309,1.137,0.5074908866176812,17.561500000000002,19.282,12.4,2.9799934144222533,10.5,11,9,0.8660254037844386,1562.2475,2237.0,1337.33,389.56853751137294,8.78425,9.226,7.459,0.7651334442435521,2.475,2.54,2.28,0.11258330249197712,0.0,0,0,0.0,9.5,10,8,0.8660254037844386,14.8,21.7,12.5,3.9837168574084174,1,1.1173498191411926,2
328,Au3Ru,111,Au9Ru3,hollow|A_A_B|HCP,2.372698856759241,1.2487563924777303,3.0,Au3Ru,176.25,207.0,166.0,17.75352077758099,172.99992749999998,196.96657,101.1,41.51144249683958,1.99425,2.309,1.05,0.5451629916823042,17.4865,19.282,12.1,3.1098972249899193,10.25,11,8,1.299038105676658,1654.7475,2607.0,1337.33,549.7832372114941,8.75975,9.226,7.361,0.8075686890289895,2.455,2.54,2.2,0.1472243186433545,0.0,0,0,0.0,9.25,10,7,1.299038105676658,15.8,25.7,12.5,5.715767664977295,1,1.1239424642815108,2
329,Au3Ru,111,Au9Ru3,top|A,2.4502227516735258,1.3704458371802275,1.0,Au3Ru,176.25,207.0,166.0,17.75352077758099,172.99992749999998,196.96657,101.1,41.51144249683958,1.99425,2.309,1.05,0.5451629916823042,17.4865,19.282,12.1,3.1098972249899193,10.25,11,8,1.299038105676658,1654.7475,2607.0,1337.33,549.7832372114941,8.75975,9.226,7.361,0.8075686890289895,2.455,2.54,2.2,0.1472243186433545,0.0,0,0,0.0,9.25,10,7,1.299038105676658,15.8,25.7,12.5,5.715767664977295,1,1.0797769144932983,2
334,Au3Tc,111,Au9Tc3,top|A,2.3070154919826193,1.329529984080068,1.0,Au3Tc,176.75,209.0,166.0,18.619546181365433,171.95151749999997,196.96657,96.90636,43.327341884002855,1.86925,2.309,0.55,0.7616693426284138,17.2115,19.282,11.0,3.5862111970713606,10.0,11,7,1.7320508075688772,1610.4975,2430.0,1337.33,473.1399889765713,8.739500000000001,9.226,7.28,0.8426427178822591,2.38,2.54,1.9,0.2771281292110204,0.0,0,0,0.0,8.75,10,5,2.165063509461097,15.125,23.0,12.5,4.546633369868303,1,0.9774855079025513,2
346,Au3Zn,111,Au9Zn3,hollow|A_A_A|FCC,2.360772452039516,1.3782052993818752,3.0,Au3Zn,159.25,166.0,139.0,11.691342951089922,164.07492749999997,196.96657,65.4,56.9699959543918,,2.309,2.309,,16.245,19.282,7.134,5.26023830258668,11.25,12,11,0.4330127018922193,1176.1675,1337.33,692.68,279.1416382748192,9.268,9.394,9.226,0.07274613391789252,2.3175,2.54,1.65,0.3853813046840752,0.0,0,0,0.0,10.0,10,10,0.0,11.2125,12.5,7.35,2.23001541474493,1,0.9825671526576407,2
350,Au3Zn,111,Au9Zn3,top|A,2.9653447641795148,1.3002833247782064,1.0,Au3Zn,159.25,166.0,139.0,11.691342951089922,164.07492749999997,196.96657,65.4,56.9699959543918,,2.309,2.309,,16.245,19.282,7.134,5.26023830258668,11.25,12,11,0.4330127018922193,1176.1675,1337.33,692.68,279.1416382748192,9.268,9.394,9.226,0.07274613391789252,2.3175,2.54,1.65,0.3853813046840752,0.0,0,0,0.0,10.0,10,10,0.0,11.2125,12.5,7.35,2.23001541474493,1,1.6650614394013084,2
351,Au3Zn,111,Au9Zn3,top|B,2.384936608846998,0.8982511828770612,1.0,Au3Zn,159.25,166.0,139.0,11.691342951089922,164.07492749999997,196.96657,65.4,56.9699959543918,,2.309,2.309,,16.245,19.282,7.134,5.26023830258668,11.25,12,11,0.4330127018922193,1176.1675,1337.33,692.68,279.1416382748192,9.268,9.394,9.226,0.07274613391789252,2.3175,2.54,1.65,0.3853813046840752,0.0,0,0,0.0,10.0,10,10,0.0,11.2125,12.5,7.35,2.23001541474493,1,1.4866854259699367,2
352,AuBi,101,Au6Bi6,bridge|A_B|A,0.8797708405724106,0.2210247375813878,2.0,AuBi,186.5,207.0,166.0,20.5,202.97348499999998,208.9804,196.96657,6.006915000000006,1.6275,2.309,0.946,0.6815000000000001,14.5445,19.282,9.807,4.7375,13.0,15,11,2.0,940.9399999999999,1337.33,544.55,396.39,8.2575,9.226,7.289,0.9685000000000006,2.2800000000000002,2.54,2.02,0.26,1.5,3,0,1.5,10.0,10,10,0.0,11.7,12.5,10.9,0.7999999999999998,1,0.6587461029910229,2
353,AuBi,101,Au6Bi6,bridge|B_B|A,1.3782255211378973,0.4169061564797403,2.0,AuBi,186.5,207.0,166.0,20.5,202.97348499999998,208.9804,196.96657,6.006915000000006,1.6275,2.309,0.946,0.6815000000000001,14.5445,19.282,9.807,4.7375,13.0,15,11,2.0,940.9399999999999,1337.33,544.55,396.39,8.2575,9.226,7.289,0.9685000000000006,2.2800000000000002,2.54,2.02,0.26,1.5,3,0,1.5,10.0,10,10,0.0,11.7,12.5,10.9,0.7999999999999998,1,0.961319364658157,2
356,AuBi,101,Au6Bi6,hollow|A_B_B|HCP,1.4735085987276837,0.5003455112790789,4.0,AuBi,186.5,207.0,166.0,20.5,202.97348499999998,208.9804,196.96657,6.006915000000006,1.6275,2.309,0.946,0.6815000000000001,14.5445,19.282,9.807,4.7375,13.0,15,11,2.0,940.9399999999999,1337.33,544.55,396.39,8.2575,9.226,7.289,0.9685000000000006,2.2800000000000002,2.54,2.02,0.26,1.5,3,0,1.5,10.0,10,10,0.0,11.7,12.5,10.9,0.7999999999999998,1,0.9731630874486048,2
357,AuBi,101,Au6Bi6,top|B,1.4372637019763583,0.3094524832785055,1.0,AuBi,186.5,207.0,166.0,20.5,202.97348499999998,208.9804,196.96657,6.006915000000006,1.6275,2.309,0.946,0.6815000000000001,14.5445,19.282,9.807,4.7375,13.0,15,11,2.0,940.9399999999999,1337.33,544.55,396.39,8.2575,9.226,7.289,0.9685000000000006,2.2800000000000002,2.54,2.02,0.26,1.5,3,0,1.5,10.0,10,10,0.0,11.7,12.5,10.9,0.7999999999999998,1,1.1278112186978528,2
358,AuCu,101,Au6Cu6,bridge|B_B|A,1.2462054487632204,0.3462068993802631,2.0,AuCu,153.0,166.0,140.0,13.0,130.258285,196.96657,63.55,66.70828499999999,1.7685,2.309,1.228,0.5405000000000001,14.1075,19.282,8.933,5.1745,11.0,11,11,0.0,1347.55,1357.77,1337.33,10.220000000000027,8.476,9.226,7.726,0.7500000000000004,2.2199999999999998,2.54,1.9,0.32000000000000006,0.0,0,0,0.0,10.0,10,10,0.0,12.8,13.1,12.5,0.2999999999999998,1,0.8999985493829572,2
363,AuCu,101,Au6Cu6,top-tilt|A,3.1299516936487812,1.300820205277773,1.0,AuCu,153.0,166.0,140.0,13.0,130.258285,196.96657,63.55,66.70828499999999,1.7685,2.309,1.228,0.5405000000000001,14.1075,19.282,8.933,5.1745,11.0,11,11,0.0,1347.55,1357.77,1337.33,10.220000000000027,8.476,9.226,7.726,0.7500000000000004,2.2199999999999998,2.54,1.9,0.32000000000000006,0.0,0,0,0.0,10.0,10,10,0.0,12.8,13.1,12.5,0.2999999999999998,1,1.8291314883710081,2
364,AuCu,101,Au6Cu6,top-tilt|B,2.4814087572588517,0.7824681049795572,1.0,AuCu,153.0,166.0,140.0,13.0,130.258285,196.96657,63.55,66.70828499999999,1.7685,2.309,1.228,0.5405000000000001,14.1075,19.282,8.933,5.1745,11.0,11,11,0.0,1347.55,1357.77,1337.33,10.220000000000027,8.476,9.226,7.726,0.7500000000000004,2.2199999999999998,2.54,1.9,0.32000000000000006,0.0,0,0,0.0,10.0,10,10,0.0,12.8,13.1,12.5,0.2999999999999998,1,1.6989406522792945,2
365,AuCu,101,Au6Cu6,top|B,2.482985845800843,0.7838787431800256,1.0,AuCu,153.0,166.0,140.0,13.0,130.258285,196.96657,63.55,66.70828499999999,1.7685,2.309,1.228,0.5405000000000001,14.1075,19.282,8.933,5.1745,11.0,11,11,0.0,1347.55,1357.77,1337.33,10.220000000000027,8.476,9.226,7.726,0.7500000000000004,2.2199999999999998,2.54,1.9,0.32000000000000006,0.0,0,0,0.0,10.0,10,10,0.0,12.8,13.1,12.5,0.2999999999999998,1,1.6991071026208173,2
366,AuIr,101,Au6Ir6,bridge|B_B|A,0.895875820575486,0.4312098203816958,2.0,AuIr,184.0,202.0,166.0,18.0,194.59328499999998,196.96657,192.22,2.3732849999999956,1.937,2.309,1.565,0.3720000000000001,20.851,22.42,19.282,1.5690000000000008,10.0,11,9,1.0,2028.165,2719.0,1337.33,690.835,9.163,9.226,9.1,0.06300000000000061,2.37,2.54,2.2,0.16999999999999993,0.0,0,0,0.0,8.5,10,7,1.5,19.25,26.0,12.5,6.75,1,0.4646660001937902,2
367,AuIr,101,Au6Ir6,hollow|A_A_B|FCC,1.779087675025116,1.564003948079403,4.0,AuIr,184.0,202.0,166.0,18.0,194.59328499999998,196.96657,192.22,2.3732849999999956,1.937,2.309,1.565,0.3720000000000001,20.851,22.42,19.282,1.5690000000000008,10.0,11,9,1.0,2028.165,2719.0,1337.33,690.835,9.163,9.226,9.1,0.06300000000000061,2.37,2.54,2.2,0.16999999999999993,0.0,0,0,0.0,8.5,10,7,1.5,19.25,26.0,12.5,6.75,1,0.2150837269457131,2
369,AuPd,101,Au6Pd6,bridge|B_B|A,1.7175297886421932,0.7982512518800604,2.0,AuPd,184.0,202.0,166.0,18.0,151.693285,196.96657,106.42,45.273284999999994,1.433,2.309,0.557,0.876,15.641,19.282,12.0,3.641,10.5,11,10,0.5,1582.69,1828.05,1337.33,245.36,8.781500000000001,9.226,8.337,0.44450000000000056,2.37,2.54,2.2,0.16999999999999993,0.0,0,0,0.0,10.0,10,10,0.0,14.6,16.7,12.5,2.0999999999999996,1,0.9192785367621328,2
374,AuPd,101,Au6Pd6,top-tilt|B,2.7714128658871617,1.24693880807979,1.0,AuPd,184.0,202.0,166.0,18.0,151.693285,196.96657,106.42,45.273284999999994,1.433,2.309,0.557,0.876,15.641,19.282,12.0,3.641,10.5,11,10,0.5,1582.69,1828.05,1337.33,245.36,8.781500000000001,9.226,8.337,0.44450000000000056,2.37,2.54,2.2,0.16999999999999993,0.0,0,0,0.0,10.0,10,10,0.0,14.6,16.7,12.5,2.0999999999999996,1,1.5244740578073717,2
375,AuPd,101,Au6Pd6,top|A,2.8584711031787364,1.4028935075810978,1.0,AuPd,184.0,202.0,166.0,18.0,151.693285,196.96657,106.42,45.273284999999994,1.433,2.309,0.557,0.876,15.641,19.282,12.0,3.641,10.5,11,10,0.5,1582.69,1828.05,1337.33,245.36,8.781500000000001,9.226,8.337,0.44450000000000056,2.37,2.54,2.2,0.16999999999999993,0.0,0,0,0.0,10.0,10,10,0.0,14.6,16.7,12.5,2.0999999999999996,1,1.4555775955976387,2
376,AuPd,101,Au6Pd6,top|B,2.6002953834933273,1.002879497977915,1.0,AuPd,184.0,202.0,166.0,18.0,151.693285,196.96657,106.42,45.273284999999994,1.433,2.309,0.557,0.876,15.641,19.282,12.0,3.641,10.5,11,10,0.5,1582.69,1828.05,1337.33,245.36,8.781500000000001,9.226,8.337,0.44450000000000056,2.37,2.54,2.2,0.16999999999999993,0.0,0,0,0.0,10.0,10,10,0.0,14.6,16.7,12.5,2.0999999999999996,1,1.5974158855154124,2
377,AuPt,101,Au6Pt6,bridge|B_B|A,1.7242838315277658,0.8758185261802964,2.0,AuPt,187.5,209.0,166.0,21.5,196.023285,196.96657,195.08,0.9432849999999888,2.2185,2.309,2.128,0.09050000000000002,20.371000000000002,21.46,19.282,1.0890000000000004,10.5,11,10,0.5,1689.44,2041.55,1337.33,352.11,9.113,9.226,9.0,0.11300000000000043,2.41,2.54,2.28,0.13000000000000012,0.0,0,0,0.0,9.5,10,9,0.5,16.25,20.0,12.5,3.75,1,0.8484653053474693,2
382,AuPt,101,Au6Pt6,top|A,2.8239819573851923,1.518621210278866,1.0,AuPt,187.5,209.0,166.0,21.5,196.023285,196.96657,195.08,0.9432849999999888,2.2185,2.309,2.128,0.09050000000000002,20.371000000000002,21.46,19.282,1.0890000000000004,10.5,11,10,0.5,1689.44,2041.55,1337.33,352.11,9.113,9.226,9.0,0.11300000000000043,2.41,2.54,2.28,0.13000000000000012,0.0,0,0,0.0,9.5,10,9,0.5,16.25,20.0,12.5,3.75,1,1.3053607471063262,2
383,AuPt,101,Au6Pt6,top|B,2.1170311146997425,0.8547920176796424,1.0,AuPt,187.5,209.0,166.0,21.5,196.023285,196.96657,195.08,0.9432849999999888,2.2185,2.309,2.128,0.09050000000000002,20.371000000000002,21.46,19.282,1.0890000000000004,10.5,11,10,0.5,1689.44,2041.55,1337.33,352.11,9.113,9.226,9.0,0.11300000000000043,2.41,2.54,2.28,0.13000000000000012,0.0,0,0,0.0,9.5,10,9,0.5,16.25,20.0,12.5,3.75,1,1.2622390970201,2
384,AuRe,101,Au6Re6,bridge|B_B|A,0.5611496740659618,0.4251539268815349,2.0,AuRe,191.5,217.0,166.0,25.5,191.586785,196.96657,186.207,5.379784999999998,1.2295,2.309,0.15,1.0795000000000001,20.041,20.8,19.282,0.7590000000000003,9.0,11,7,2.0,2398.165,3459.0,1337.33,1060.835,8.553,9.226,7.88,0.6730000000000005,2.2199999999999998,2.54,1.9,0.32000000000000006,0.0,0,0,0.0,7.5,10,5,2.5,22.75,33.0,12.5,10.25,1,0.13599574718442692,2
386,AuRh,101,Au6Rh6,bridge|B_B|A,0.7756385741733814,0.2709155853780203,2.0,AuRh,180.5,195.0,166.0,14.5,149.936035,196.96657,102.9055,47.030534999999986,1.723,2.309,1.137,0.5860000000000001,15.841000000000001,19.282,12.4,3.4410000000000003,10.0,11,9,1.0,1787.165,2237.0,1337.33,449.83500000000004,8.342500000000001,9.226,7.459,0.8835000000000006,2.41,2.54,2.28,0.13000000000000012,0.0,0,0,0.0,9.0,10,8,1.0,17.1,21.7,12.5,4.6,1,0.5047229887953611,2
387,AuRh,101,Au6Rh6,hollow-tilt|A_A_B|FCC,1.929670746671598,1.5768064959783032,4.0,AuRh,180.5,195.0,166.0,14.5,149.936035,196.96657,102.9055,47.030534999999986,1.723,2.309,1.137,0.5860000000000001,15.841000000000001,19.282,12.4,3.4410000000000003,10.0,11,9,1.0,1787.165,2237.0,1337.33,449.83500000000004,8.342500000000001,9.226,7.459,0.8835000000000006,2.41,2.54,2.28,0.13000000000000012,0.0,0,0,0.0,9.0,10,8,1.0,17.1,21.7,12.5,4.6,1,0.35286425069329486,2
391,AuRh,101,Au6Rh6,top-tilt|A,2.414879915056931,1.4217112679806403,1.0,AuRh,180.5,195.0,166.0,14.5,149.936035,196.96657,102.9055,47.030534999999986,1.723,2.309,1.137,0.5860000000000001,15.841000000000001,19.282,12.4,3.4410000000000003,10.0,11,9,1.0,1787.165,2237.0,1337.33,449.83500000000004,8.342500000000001,9.226,7.459,0.8835000000000006,2.41,2.54,2.28,0.13000000000000012,0.0,0,0,0.0,9.0,10,8,1.0,17.1,21.7,12.5,4.6,1,0.9931686470762908,2
392,AuRh,101,Au6Rh6,top|B,1.4312653672904543,0.5231117794800184,1.0,AuRh,180.5,195.0,166.0,14.5,149.936035,196.96657,102.9055,47.030534999999986,1.723,2.309,1.137,0.5860000000000001,15.841000000000001,19.282,12.4,3.4410000000000003,10.0,11,9,1.0,1787.165,2237.0,1337.33,449.83500000000004,8.342500000000001,9.226,7.459,0.8835000000000006,2.41,2.54,2.28,0.13000000000000012,0.0,0,0,0.0,9.0,10,8,1.0,17.1,21.7,12.5,4.6,1,0.9081535878104359,2
393,AuRu,101,Au6Ru6,bridge|A_A|A,2.167969088914972,1.543373501380188,2.0,AuRu,186.5,207.0,166.0,20.5,149.03328499999998,196.96657,101.1,47.933285,1.6795,2.309,1.05,0.6295000000000001,15.690999999999999,19.282,12.1,3.591,9.5,11,8,1.5,1972.165,2607.0,1337.33,634.835,8.2935,9.226,7.361,0.9325000000000006,2.37,2.54,2.2,0.16999999999999993,0.0,0,0,0.0,8.5,10,7,1.5,19.1,25.7,12.5,6.6,1,0.6245955875347842,2
394,AuRu,101,Au6Ru6,bridge|B_B|A,1.2497924262833695,0.6603983812791512,2.0,AuRu,186.5,207.0,166.0,20.5,149.03328499999998,196.96657,101.1,47.933285,1.6795,2.309,1.05,0.6295000000000001,15.690999999999999,19.282,12.1,3.591,9.5,11,8,1.5,1972.165,2607.0,1337.33,634.835,8.2935,9.226,7.361,0.9325000000000006,2.37,2.54,2.2,0.16999999999999993,0.0,0,0,0.0,8.5,10,7,1.5,19.1,25.7,12.5,6.6,1,0.5893940450042183,2
395,AuRu,101,Au6Ru6,bridge|B_B|B,1.3718664696083265,0.7230637492801861,2.0,AuRu,186.5,207.0,166.0,20.5,149.03328499999998,196.96657,101.1,47.933285,1.6795,2.309,1.05,0.6295000000000001,15.690999999999999,19.282,12.1,3.591,9.5,11,8,1.5,1972.165,2607.0,1337.33,634.835,8.2935,9.226,7.361,0.9325000000000006,2.37,2.54,2.2,0.16999999999999993,0.0,0,0,0.0,8.5,10,7,1.5,19.1,25.7,12.5,6.6,1,0.6488027203281403,2
398,AuTc,101,Au6Tc6,bridge|B_B|A,0.48817985853891327,0.3702103332806246,2.0,AuTc,187.5,209.0,166.0,21.5,146.936465,196.96657,96.90636,50.03010499999999,1.4295,2.309,0.55,0.8795000000000001,15.141,19.282,11.0,4.141,9.0,11,7,2.0,1883.665,2430.0,1337.33,546.335,8.253,9.226,7.28,0.9730000000000003,2.2199999999999998,2.54,1.9,0.32000000000000006,0.0,0,0,0.0,7.5,10,5,2.5,17.75,23.0,12.5,5.25,1,0.11796952525828869,2
399,AuTc,101,Au6Tc6,top-tilt|B,1.1789095158636844,0.5715997443811602,1.0,AuTc,187.5,209.0,166.0,21.5,146.936465,196.96657,96.90636,50.03010499999999,1.4295,2.309,0.55,0.8795000000000001,15.141,19.282,11.0,4.141,9.0,11,7,2.0,1883.665,2430.0,1337.33,546.335,8.253,9.226,7.28,0.9730000000000003,2.2199999999999998,2.54,1.9,0.32000000000000006,0.0,0,0,0.0,7.5,10,5,2.5,17.75,23.0,12.5,5.25,1,0.6073097714825242,2
401,AuZn,101,Au6Zn6,bridge|B_B|A,0.5398387422519431,0.0188970815842139,2.0,AuZn,152.5,166.0,139.0,13.5,131.183285,196.96657,65.4,65.78328499999999,,2.309,2.309,,13.208,19.282,7.134,6.074,11.5,12,11,0.5,1015.0049999999999,1337.33,692.68,322.325,9.31,9.394,9.226,0.08399999999999963,2.0949999999999998,2.54,1.65,0.44500000000000006,0.0,0,0,0.0,10.0,10,10,0.0,9.925,12.5,7.35,2.575,1,0.5209416606677292,2
407,Bi3Ag,111,Ag3Bi9,bridge|A_A|A,1.0993082913344319,0.3125900918793149,2.0,AgBi3,198.25,207.0,172.0,15.155444566227676,183.70229999999998,208.9804,107.868,43.78295351880684,1.0350000000000001,1.302,0.946,0.15415252187363013,9.9805,10.501,9.807,0.3005108151131998,14.0,15,11,1.7320508075688772,717.145,1234.93,544.55,298.9433091323504,7.3607499999999995,7.576,7.289,0.1242746454430669,1.9975,2.02,1.93,0.038971143170299774,2.25,3,0,1.299038105676658,10.0,10,10,0.0,11.0,11.3,10.9,0.1732050807568879,1,0.7867181994551169,2
408,Bi3Ag,111,Ag3Bi9,hollow-tilt|A_A_B|FCC,0.8451623300721431,0.1407080250763783,3.0,AgBi3,198.25,207.0,172.0,15.155444566227676,183.70229999999998,208.9804,107.868,43.78295351880684,1.0350000000000001,1.302,0.946,0.15415252187363013,9.9805,10.501,9.807,0.3005108151131998,14.0,15,11,1.7320508075688772,717.145,1234.93,544.55,298.9433091323504,7.3607499999999995,7.576,7.289,0.1242746454430669,1.9975,2.02,1.93,0.038971143170299774,2.25,3,0,1.299038105676658,10.0,10,10,0.0,11.0,11.3,10.9,0.1732050807568879,1,0.7044543049957648,2
411,Bi3Ag,111,Ag3Bi9,hollow|A_A_B|FCC,0.8142301479166604,0.1301029324794171,3.0,AgBi3,198.25,207.0,172.0,15.155444566227676,183.70229999999998,208.9804,107.868,43.78295351880684,1.0350000000000001,1.302,0.946,0.15415252187363013,9.9805,10.501,9.807,0.3005108151131998,14.0,15,11,1.7320508075688772,717.145,1234.93,544.55,298.9433091323504,7.3607499999999995,7.576,7.289,0.1242746454430669,1.9975,2.02,1.93,0.038971143170299774,2.25,3,0,1.299038105676658,10.0,10,10,0.0,11.0,11.3,10.9,0.1732050807568879,1,0.6841272154372433,2
412,Bi3Ag,111,Ag3Bi9,top|A,1.4007969762662862,0.3320813339786355,1.0,AgBi3,198.25,207.0,172.0,15.155444566227676,183.70229999999998,208.9804,107.868,43.78295351880684,1.0350000000000001,1.302,0.946,0.15415252187363013,9.9805,10.501,9.807,0.3005108151131998,14.0,15,11,1.7320508075688772,717.145,1234.93,544.55,298.9433091323504,7.3607499999999995,7.576,7.289,0.1242746454430669,1.9975,2.02,1.93,0.038971143170299774,2.25,3,0,1.299038105676658,10.0,10,10,0.0,11.0,11.3,10.9,0.1732050807568879,1,1.0687156422876507,2
413,Bi3Ag,111,Ag3Bi9,top|B,2.388771426985279,1.070074881074902,1.0,AgBi3,198.25,207.0,172.0,15.155444566227676,183.70229999999998,208.9804,107.868,43.78295351880684,1.0350000000000001,1.302,0.946,0.15415252187363013,9.9805,10.501,9.807,0.3005108151131998,14.0,15,11,1.7320508075688772,717.145,1234.93,544.55,298.9433091323504,7.3607499999999995,7.576,7.289,0.1242746454430669,1.9975,2.02,1.93,0.038971143170299774,2.25,3,0,1.299038105676658,10.0,10,10,0.0,11.0,11.3,10.9,0.1732050807568879,1,1.318696545910377,2
414,Bi3Au,111,Au3Bi9,bridge|A_A|A,0.8452409447641094,0.1796271068823216,2.0,AuBi3,196.75,207.0,166.0,17.75352077758099,205.9769425,208.9804,196.96657,5.202140988373807,1.28675,2.309,0.946,0.590196312679095,12.17575,19.282,9.807,4.102795350428778,14.0,15,11,1.7320508075688772,742.7449999999999,1337.33,544.55,343.28380980611365,7.773249999999999,9.226,7.289,0.8387456035652293,2.1500000000000004,2.54,2.02,0.22516660498395408,2.25,3,0,1.299038105676658,10.0,10,10,0.0,11.3,12.5,10.9,0.6928203230275508,1,0.6656138378817877,2
418,Bi3Au,111,Au3Bi9,top|A,1.1929941314857326,0.1733193719818473,1.0,AuBi3,196.75,207.0,166.0,17.75352077758099,205.9769425,208.9804,196.96657,5.202140988373807,1.28675,2.309,0.946,0.590196312679095,12.17575,19.282,9.807,4.102795350428778,14.0,15,11,1.7320508075688772,742.7449999999999,1337.33,544.55,343.28380980611365,7.773249999999999,9.226,7.289,0.8387456035652293,2.1500000000000004,2.54,2.02,0.22516660498395408,2.25,3,0,1.299038105676658,10.0,10,10,0.0,11.3,12.5,10.9,0.6928203230275508,1,1.0196747595038853,2
419,Bi3Au,111,Au3Bi9,top|B,2.8865242857932563,1.493628506480377,1.0,AuBi3,196.75,207.0,166.0,17.75352077758099,205.9769425,208.9804,196.96657,5.202140988373807,1.28675,2.309,0.946,0.590196312679095,12.17575,19.282,9.807,4.102795350428778,14.0,15,11,1.7320508075688772,742.7449999999999,1337.33,544.55,343.28380980611365,7.773249999999999,9.226,7.289,0.8387456035652293,2.1500000000000004,2.54,2.02,0.22516660498395408,2.25,3,0,1.299038105676658,10.0,10,10,0.0,11.3,12.5,10.9,0.6928203230275508,1,1.3928957793128793,2
420,Bi3Cu,111,Bi9Cu3,bridge|A_A|A,0.7893332814336983,0.0871388784843247,2.0,Bi3Cu,190.25,207.0,140.0,29.011851026778693,172.62279999999998,208.9804,63.55,62.97321044126622,1.0165,1.228,0.946,0.12210958193360585,9.5885,9.807,8.933,0.3784531014537999,14.0,15,11,1.7320508075688772,747.855,1357.77,544.55,352.1345894327906,7.398249999999999,7.726,7.289,0.18922655072689995,1.9900000000000002,2.02,1.9,0.05196152422706637,2.25,3,0,1.299038105676658,10.0,10,10,0.0,11.450000000000001,13.1,10.9,0.9526279441628822,1,0.7021944029493736,2
421,Bi3Cu,111,Bi9Cu3,hollow-tilt|A_A_B|FCC,0.342527654488181,-0.3931840883188897,3.0,Bi3Cu,190.25,207.0,140.0,29.011851026778693,172.62279999999998,208.9804,63.55,62.97321044126622,1.0165,1.228,0.946,0.12210958193360585,9.5885,9.807,8.933,0.3784531014537999,14.0,15,11,1.7320508075688772,747.855,1357.77,544.55,352.1345894327906,7.398249999999999,7.726,7.289,0.18922655072689995,1.9900000000000002,2.02,1.9,0.05196152422706637,2.25,3,0,1.299038105676658,10.0,10,10,0.0,11.450000000000001,13.1,10.9,0.9526279441628822,1,0.7357117428070707,2
422,Bi3Cu,111,Bi9Cu3,hollow|A_A_A|FCC,1.0748031575865409,0.2992035876858381,3.0,Bi3Cu,190.25,207.0,140.0,29.011851026778693,172.62279999999998,208.9804,63.55,62.97321044126622,1.0165,1.228,0.946,0.12210958193360585,9.5885,9.807,8.933,0.3784531014537999,14.0,15,11,1.7320508075688772,747.855,1357.77,544.55,352.1345894327906,7.398249999999999,7.726,7.289,0.18922655072689995,1.9900000000000002,2.02,1.9,0.05196152422706637,2.25,3,0,1.299038105676658,10.0,10,10,0.0,11.450000000000001,13.1,10.9,0.9526279441628822,1,0.7755995699007028,2
424,Bi3Cu,111,Bi9Cu3,hollow|A_A_B|FCC,-0.1398759761215115,-1.2516933171165192,3.0,Bi3Cu,190.25,207.0,140.0,29.011851026778693,172.62279999999998,208.9804,63.55,62.97321044126622,1.0165,1.228,0.946,0.12210958193360585,9.5885,9.807,8.933,0.3784531014537999,14.0,15,11,1.7320508075688772,747.855,1357.77,544.55,352.1345894327906,7.398249999999999,7.726,7.289,0.18922655072689995,1.9900000000000002,2.02,1.9,0.05196152422706637,2.25,3,0,1.299038105676658,10.0,10,10,0.0,11.450000000000001,13.1,10.9,0.9526279441628822,1,1.1118173409950076,2
426,Bi3Cu,111,Bi9Cu3,top-tilt|B,1.0432505939409706,-0.0469005888181754,1.0,Bi3Cu,190.25,207.0,140.0,29.011851026778693,172.62279999999998,208.9804,63.55,62.97321044126622,1.0165,1.228,0.946,0.12210958193360585,9.5885,9.807,8.933,0.3784531014537999,14.0,15,11,1.7320508075688772,747.855,1357.77,544.55,352.1345894327906,7.398249999999999,7.726,7.289,0.18922655072689995,1.9900000000000002,2.02,1.9,0.05196152422706637,2.25,3,0,1.299038105676658,10.0,10,10,0.0,11.450000000000001,13.1,10.9,0.9526279441628822,1,1.0901511827591461,2
427,Bi3Pd,111,Bi9Pd3,bridge|A_A|A,1.2045656633415838,0.3026282763829613,2.0,Bi3Pd,205.75,207.0,202.0,2.165063509461097,183.34029999999998,208.9804,106.42,44.409955911146774,0.84875,0.946,0.557,0.16844194103607327,10.35525,12.0,9.807,0.9495968552496369,13.75,15,10,2.165063509461097,865.425,1828.05,544.55,555.7718028786635,7.550999999999999,8.337,7.289,0.45379731158304587,2.0650000000000004,2.2,2.02,0.07794228634059955,2.25,3,0,1.299038105676658,10.0,10,10,0.0,12.350000000000001,16.7,10.9,2.5114736709748717,1,0.9019373869586225,2
428,Bi3Pd,111,Bi9Pd3,bridge|A_B|A,1.2213221013387887,0.3136374579815992,2.0,Bi3Pd,205.75,207.0,202.0,2.165063509461097,183.34029999999998,208.9804,106.42,44.409955911146774,0.84875,0.946,0.557,0.16844194103607327,10.35525,12.0,9.807,0.9495968552496369,13.75,15,10,2.165063509461097,865.425,1828.05,544.55,555.7718028786635,7.550999999999999,8.337,7.289,0.45379731158304587,2.0650000000000004,2.2,2.02,0.07794228634059955,2.25,3,0,1.299038105676658,10.0,10,10,0.0,12.350000000000001,16.7,10.9,2.5114736709748717,1,0.9076846433571895,2
429,Bi3Pd,111,Bi9Pd3,hollow-tilt|A_A_B|FCC,1.2315771687727322,0.3133759565833998,3.0,Bi3Pd,205.75,207.0,202.0,2.165063509461097,183.34029999999998,208.9804,106.42,44.409955911146774,0.84875,0.946,0.557,0.16844194103607327,10.35525,12.0,9.807,0.9495968552496369,13.75,15,10,2.165063509461097,865.425,1828.05,544.55,555.7718028786635,7.550999999999999,8.337,7.289,0.45379731158304587,2.0650000000000004,2.2,2.02,0.07794228634059955,2.25,3,0,1.299038105676658,10.0,10,10,0.0,12.350000000000001,16.7,10.9,2.5114736709748717,1,0.9182012121893324,2
430,Bi3Pd,111,Bi9Pd3,hollow-tilt|A_A_B|HCP,1.2336430060478756,0.3530674334805326,3.0,Bi3Pd,205.75,207.0,202.0,2.165063509461097,183.34029999999998,208.9804,106.42,44.409955911146774,0.84875,0.946,0.557,0.16844194103607327,10.35525,12.0,9.807,0.9495968552496369,13.75,15,10,2.165063509461097,865.425,1828.05,544.55,555.7718028786635,7.550999999999999,8.337,7.289,0.45379731158304587,2.0650000000000004,2.2,2.02,0.07794228634059955,2.25,3,0,1.299038105676658,10.0,10,10,0.0,12.350000000000001,16.7,10.9,2.5114736709748717,1,0.880575572567343,2
435,Bi3Pd,111,Bi9Pd3,top|A,1.348054760827948,0.2740783644811699,1.0,Bi3Pd,205.75,207.0,202.0,2.165063509461097,183.34029999999998,208.9804,106.42,44.409955911146774,0.84875,0.946,0.557,0.16844194103607327,10.35525,12.0,9.807,0.9495968552496369,13.75,15,10,2.165063509461097,865.425,1828.05,544.55,555.7718028786635,7.550999999999999,8.337,7.289,0.45379731158304587,2.0650000000000004,2.2,2.02,0.07794228634059955,2.25,3,0,1.299038105676658,10.0,10,10,0.0,12.350000000000001,16.7,10.9,2.5114736709748717,1,1.073976396346778,2
436,Bi3Pd,111,Bi9Pd3,top|B,2.4458048193904807,1.0776298497811467,1.0,Bi3Pd,205.75,207.0,202.0,2.165063509461097,183.34029999999998,208.9804,106.42,44.409955911146774,0.84875,0.946,0.557,0.16844194103607327,10.35525,12.0,9.807,0.9495968552496369,13.75,15,10,2.165063509461097,865.425,1828.05,544.55,555.7718028786635,7.550999999999999,8.337,7.289,0.45379731158304587,2.0650000000000004,2.2,2.02,0.07794228634059955,2.25,3,0,1.299038105676658,10.0,10,10,0.0,12.350000000000001,16.7,10.9,2.5114736709748717,1,1.368174969609334,2
437,Bi3Pt,111,Bi9Pt3,bridge|A_A|A,1.0007334969130384,0.1043568815811113,2.0,Bi3Pt,207.5,209.0,207.0,0.8660254037844386,205.5053,208.9804,195.08,6.019049761382601,1.2415,2.128,0.946,0.5118210136366033,12.72025,21.46,9.807,5.045897015150032,13.75,15,10,2.165063509461097,918.8,2041.55,544.55,648.2200147326523,7.716749999999999,9.0,7.289,0.7408847329375874,2.085,2.28,2.02,0.11258330249197693,2.25,3,0,1.299038105676658,9.75,10,9,0.4330127018922193,13.175,20.0,10.9,3.9404155872191957,1,0.896376615331927,2
438,Bi3Pt,111,Bi9Pt3,bridge|A_A|B,1.5446582931752988,0.5504343218789245,2.0,Bi3Pt,207.5,209.0,207.0,0.8660254037844386,205.5053,208.9804,195.08,6.019049761382601,1.2415,2.128,0.946,0.5118210136366033,12.72025,21.46,9.807,5.045897015150032,13.75,15,10,2.165063509461097,918.8,2041.55,544.55,648.2200147326523,7.716749999999999,9.0,7.289,0.7408847329375874,2.085,2.28,2.02,0.11258330249197693,2.25,3,0,1.299038105676658,9.75,10,9,0.4330127018922193,13.175,20.0,10.9,3.9404155872191957,1,0.9942239712963743,2
439,Bi3Pt,111,Bi9Pt3,bridge|A_B|A,0.9096563764204059,-0.0742843568178841,2.0,Bi3Pt,207.5,209.0,207.0,0.8660254037844386,205.5053,208.9804,195.08,6.019049761382601,1.2415,2.128,0.946,0.5118210136366033,12.72025,21.46,9.807,5.045897015150032,13.75,15,10,2.165063509461097,918.8,2041.55,544.55,648.2200147326523,7.716749999999999,9.0,7.289,0.7408847329375874,2.085,2.28,2.02,0.11258330249197693,2.25,3,0,1.299038105676658,9.75,10,9,0.4330127018922193,13.175,20.0,10.9,3.9404155872191957,1,0.98394073323829,2
440,Bi3Pt,111,Bi9Pt3,hollow-tilt|A_A_B|FCC,1.3089359826876659,0.352511777081304,3.0,Bi3Pt,207.5,209.0,207.0,0.8660254037844386,205.5053,208.9804,195.08,6.019049761382601,1.2415,2.128,0.946,0.5118210136366033,12.72025,21.46,9.807,5.045897015150032,13.75,15,10,2.165063509461097,918.8,2041.55,544.55,648.2200147326523,7.716749999999999,9.0,7.289,0.7408847329375874,2.085,2.28,2.02,0.11258330249197693,2.25,3,0,1.299038105676658,9.75,10,9,0.4330127018922193,13.175,20.0,10.9,3.9404155872191957,1,0.9564242056063619,2
441,Bi3Pt,111,Bi9Pt3,hollow-tilt|A_A_B|HCP,1.3013996581479665,0.3083992665787036,3.0,Bi3Pt,207.5,209.0,207.0,0.8660254037844386,205.5053,208.9804,195.08,6.019049761382601,1.2415,2.128,0.946,0.5118210136366033,12.72025,21.46,9.807,5.045897015150032,13.75,15,10,2.165063509461097,918.8,2041.55,544.55,648.2200147326523,7.716749999999999,9.0,7.289,0.7408847329375874,2.085,2.28,2.02,0.11258330249197693,2.25,3,0,1.299038105676658,9.75,10,9,0.4330127018922193,13.175,20.0,10.9,3.9404155872191957,1,0.9930003915692629,2
445,Bi3Pt,111,Bi9Pt3,top|A,1.2968512468842848,0.0882447490811273,1.0,Bi3Pt,207.5,209.0,207.0,0.8660254037844386,205.5053,208.9804,195.08,6.019049761382601,1.2415,2.128,0.946,0.5118210136366033,12.72025,21.46,9.807,5.045897015150032,13.75,15,10,2.165063509461097,918.8,2041.55,544.55,648.2200147326523,7.716749999999999,9.0,7.289,0.7408847329375874,2.085,2.28,2.02,0.11258330249197693,2.25,3,0,1.299038105676658,9.75,10,9,0.4330127018922193,13.175,20.0,10.9,3.9404155872191957,1,1.2086064978031574,2
446,Bi3Pt,111,Bi9Pt3,top|B,2.2232714773131583,0.9171060867819278,1.0,Bi3Pt,207.5,209.0,207.0,0.8660254037844386,205.5053,208.9804,195.08,6.019049761382601,1.2415,2.128,0.946,0.5118210136366033,12.72025,21.46,9.807,5.045897015150032,13.75,15,10,2.165063509461097,918.8,2041.55,544.55,648.2200147326523,7.716749999999999,9.0,7.289,0.7408847329375874,2.085,2.28,2.02,0.11258330249197693,2.25,3,0,1.299038105676658,9.75,10,9,0.4330127018922193,13.175,20.0,10.9,3.9404155872191957,1,1.3061653905312305,2
449,Bi3Re,111,Bi9Re3,top-tilt|B,-0.4458161843315392,-1.150253495819129,1.0,Bi3Re,209.5,217.0,207.0,4.330127018922194,203.28705,208.9804,186.207,9.861171465272271,0.747,0.946,0.15,0.3446781107062066,12.555250000000001,20.8,9.807,4.760108631901168,13.0,15,7,3.4641016151377544,1273.1625,3459.0,544.55,1261.9938690297786,7.436749999999999,7.88,7.289,0.2559105068183017,1.9900000000000002,2.02,1.9,0.05196152422706637,2.25,3,0,1.299038105676658,8.75,10,5,2.165063509461097,16.425,33.0,10.9,9.569580711818046,1,0.7044373114875899,2
450,Bi3Re,111,Bi9Re3,top|B,-0.22902033233572283,-0.5677818511204578,1.0,Bi3Re,209.5,217.0,207.0,4.330127018922194,203.28705,208.9804,186.207,9.861171465272271,0.747,0.946,0.15,0.3446781107062066,12.555250000000001,20.8,9.807,4.760108631901168,13.0,15,7,3.4641016151377544,1273.1625,3459.0,544.55,1261.9938690297786,7.436749999999999,7.88,7.289,0.2559105068183017,1.9900000000000002,2.02,1.9,0.05196152422706637,2.25,3,0,1.299038105676658,8.75,10,5,2.165063509461097,16.425,33.0,10.9,9.569580711818046,1,0.3387615187847349,2
451,Bi3Rh,111,Bi9Rh3,bridge-tilt|A_A|B,1.5642525576565443,0.5962227814787866,2.0,Bi3Rh,204.0,207.0,195.0,5.196152422706632,182.46167499999999,208.9804,102.9055,45.931779051946975,0.99375,1.137,0.946,0.08270542606141391,10.45525,12.4,9.807,1.1228019360065247,13.5,15,9,2.598076211353316,967.6624999999999,2237.0,544.55,732.8523473174866,7.331499999999999,7.459,7.289,0.07361215932167725,2.085,2.28,2.02,0.11258330249197693,2.25,3,0,1.299038105676658,9.5,10,8,0.8660254037844386,13.600000000000001,21.7,10.9,4.676537180435968,1,0.9680297761777577,2
452,Bi3Rh,111,Bi9Rh3,bridge|A_A|A,1.306871816480354,0.3221597913769756,2.0,Bi3Rh,204.0,207.0,195.0,5.196152422706632,182.46167499999999,208.9804,102.9055,45.931779051946975,0.99375,1.137,0.946,0.08270542606141391,10.45525,12.4,9.807,1.1228019360065247,13.5,15,9,2.598076211353316,967.6624999999999,2237.0,544.55,732.8523473174866,7.331499999999999,7.459,7.289,0.07361215932167725,2.085,2.28,2.02,0.11258330249197693,2.25,3,0,1.299038105676658,9.5,10,8,0.8660254037844386,13.600000000000001,21.7,10.9,4.676537180435968,1,0.9847120251033785,2
453,Bi3Rh,111,Bi9Rh3,hollow-tilt|A_A_B|FCC,1.1447158538859485,0.2643478457765695,3.0,Bi3Rh,204.0,207.0,195.0,5.196152422706632,182.46167499999999,208.9804,102.9055,45.931779051946975,0.99375,1.137,0.946,0.08270542606141391,10.45525,12.4,9.807,1.1228019360065247,13.5,15,9,2.598076211353316,967.6624999999999,2237.0,544.55,732.8523473174866,7.331499999999999,7.459,7.289,0.07361215932167725,2.085,2.28,2.02,0.11258330249197693,2.25,3,0,1.299038105676658,9.5,10,8,0.8660254037844386,13.600000000000001,21.7,10.9,4.676537180435968,1,0.880368008109379,2
458,Bi3Rh,111,Bi9Rh3,top|A,1.3003916629471222,0.2385719984785055,1.0,Bi3Rh,204.0,207.0,195.0,5.196152422706632,182.46167499999999,208.9804,102.9055,45.931779051946975,0.99375,1.137,0.946,0.08270542606141391,10.45525,12.4,9.807,1.1228019360065247,13.5,15,9,2.598076211353316,967.6624999999999,2237.0,544.55,732.8523473174866,7.331499999999999,7.459,7.289,0.07361215932167725,2.085,2.28,2.02,0.11258330249197693,2.25,3,0,1.299038105676658,9.5,10,8,0.8660254037844386,13.600000000000001,21.7,10.9,4.676537180435968,1,1.0618196644686166,2
459,Bi3Rh,111,Bi9Rh3,top|B,1.900286165459137,0.8545233053781658,1.0,Bi3Rh,204.0,207.0,195.0,5.196152422706632,182.46167499999999,208.9804,102.9055,45.931779051946975,0.99375,1.137,0.946,0.08270542606141391,10.45525,12.4,9.807,1.1228019360065247,13.5,15,9,2.598076211353316,967.6624999999999,2237.0,544.55,732.8523473174866,7.331499999999999,7.459,7.289,0.07361215932167725,2.085,2.28,2.02,0.11258330249197693,2.25,3,0,1.299038105676658,9.5,10,8,0.8660254037844386,13.600000000000001,21.7,10.9,4.676537180435968,1,1.0457628600809712,2
460,Bi3Ru,111,Bi9Ru3,bridge-tilt|A_A|B,1.5503345832414355,0.5810785578768218,2.0,Bi3Ru,207.0,207.0,207.0,0.0,182.0103,208.9804,101.1,46.713583485213384,0.972,1.05,0.946,0.04503332099679085,10.38025,12.1,9.807,0.9928981254388586,13.25,15,8,3.031088913245535,1060.1625,2607.0,544.55,893.0670470176077,7.3069999999999995,7.361,7.289,0.03117691453623982,2.0650000000000004,2.2,2.02,0.07794228634059955,2.25,3,0,1.299038105676658,9.25,10,7,1.299038105676658,14.600000000000001,25.7,10.9,6.408587988004846,1,0.9692560253646136,2
461,Bi3Ru,111,Bi9Ru3,bridge|A_A|A,1.4480227766301401,0.289312929879884,2.0,Bi3Ru,207.0,207.0,207.0,0.0,182.0103,208.9804,101.1,46.713583485213384,0.972,1.05,0.946,0.04503332099679085,10.38025,12.1,9.807,0.9928981254388586,13.25,15,8,3.031088913245535,1060.1625,2607.0,544.55,893.0670470176077,7.3069999999999995,7.361,7.289,0.03117691453623982,2.0650000000000004,2.2,2.02,0.07794228634059955,2.25,3,0,1.299038105676658,9.25,10,7,1.299038105676658,14.600000000000001,25.7,10.9,6.408587988004846,1,1.1587098467502561,2
465,Bi3Ru,111,Bi9Ru3,top-tilt|B,0.8895063039503474,-0.200158912320262,1.0,Bi3Ru,207.0,207.0,207.0,0.0,182.0103,208.9804,101.1,46.713583485213384,0.972,1.05,0.946,0.04503332099679085,10.38025,12.1,9.807,0.9928981254388586,13.25,15,8,3.031088913245535,1060.1625,2607.0,544.55,893.0670470176077,7.3069999999999995,7.361,7.289,0.03117691453623982,2.0650000000000004,2.2,2.02,0.07794228634059955,2.25,3,0,1.299038105676658,9.25,10,7,1.299038105676658,14.600000000000001,25.7,10.9,6.408587988004846,1,1.0896652162706093,2
466,Bi3Ru,111,Bi9Ru3,top|A,1.2139674170491623,0.1925077514796385,1.0,Bi3Ru,207.0,207.0,207.0,0.0,182.0103,208.9804,101.1,46.713583485213384,0.972,1.05,0.946,0.04503332099679085,10.38025,12.1,9.807,0.9928981254388586,13.25,15,8,3.031088913245535,1060.1625,2607.0,544.55,893.0670470176077,7.3069999999999995,7.361,7.289,0.03117691453623982,2.0650000000000004,2.2,2.02,0.07794228634059955,2.25,3,0,1.299038105676658,9.25,10,7,1.299038105676658,14.600000000000001,25.7,10.9,6.408587988004846,1,1.0214596655695238,2
467,Bi3Ru,111,Bi9Ru3,top|B,1.366705415731283,0.3260658494772315,1.0,Bi3Ru,207.0,207.0,207.0,0.0,182.0103,208.9804,101.1,46.713583485213384,0.972,1.05,0.946,0.04503332099679085,10.38025,12.1,9.807,0.9928981254388586,13.25,15,8,3.031088913245535,1060.1625,2607.0,544.55,893.0670470176077,7.3069999999999995,7.361,7.289,0.03117691453623982,2.0650000000000004,2.2,2.02,0.07794228634059955,2.25,3,0,1.299038105676658,9.25,10,7,1.299038105676658,14.600000000000001,25.7,10.9,6.408587988004846,1,1.0406395662540515,2
468,BiCu,101,Bi6Cu6,bridge|A_A|B,1.5537552175993683,0.5553900590865624,2.0,BiCu,173.5,207.0,140.0,33.5,136.2652,208.9804,63.55,72.7152,1.087,1.228,0.946,0.14100000000000001,9.370000000000001,9.807,8.933,0.4370000000000003,13.0,15,11,2.0,951.16,1357.77,544.55,406.61,7.5075,7.726,7.289,0.21850000000000014,1.96,2.02,1.9,0.06000000000000005,1.5,3,0,1.5,10.0,10,10,0.0,12.0,13.1,10.9,1.0999999999999996,1,0.9983651585128059,2
470,BiCu,101,Bi6Cu6,hollow-tilt|A_A_B|FCC,0.8468480499070664,0.0603394749822427,4.0,BiCu,173.5,207.0,140.0,33.5,136.2652,208.9804,63.55,72.7152,1.087,1.228,0.946,0.14100000000000001,9.370000000000001,9.807,8.933,0.4370000000000003,13.0,15,11,2.0,951.16,1357.77,544.55,406.61,7.5075,7.726,7.289,0.21850000000000014,1.96,2.02,1.9,0.06000000000000005,1.5,3,0,1.5,10.0,10,10,0.0,12.0,13.1,10.9,1.0999999999999996,1,0.7865085749248237,2
471,BiCu,101,Bi6Cu6,hollow|A_A_B|FCC,0.8656423344261971,0.0988106573830691,4.0,BiCu,173.5,207.0,140.0,33.5,136.2652,208.9804,63.55,72.7152,1.087,1.228,0.946,0.14100000000000001,9.370000000000001,9.807,8.933,0.4370000000000003,13.0,15,11,2.0,951.16,1357.77,544.55,406.61,7.5075,7.726,7.289,0.21850000000000014,1.96,2.02,1.9,0.06000000000000005,1.5,3,0,1.5,10.0,10,10,0.0,12.0,13.1,10.9,1.0999999999999996,1,0.766831677043128,2
472,BiCu,101,Bi6Cu6,top-tilt|B,1.443718784279371,0.3145570667810489,1.0,BiCu,173.5,207.0,140.0,33.5,136.2652,208.9804,63.55,72.7152,1.087,1.228,0.946,0.14100000000000001,9.370000000000001,9.807,8.933,0.4370000000000003,13.0,15,11,2.0,951.16,1357.77,544.55,406.61,7.5075,7.726,7.289,0.21850000000000014,1.96,2.02,1.9,0.06000000000000005,1.5,3,0,1.5,10.0,10,10,0.0,12.0,13.1,10.9,1.0999999999999996,1,1.1291617174983222,2
473,BiCu,101,Bi6Cu6,top|A,1.8596061136434519,0.4858585786831781,1.0,BiCu,173.5,207.0,140.0,33.5,136.2652,208.9804,63.55,72.7152,1.087,1.228,0.946,0.14100000000000001,9.370000000000001,9.807,8.933,0.4370000000000003,13.0,15,11,2.0,951.16,1357.77,544.55,406.61,7.5075,7.726,7.289,0.21850000000000014,1.96,2.02,1.9,0.06000000000000005,1.5,3,0,1.5,10.0,10,10,0.0,12.0,13.1,10.9,1.0999999999999996,1,1.3737475349602737,2
474,BiIr,101,Bi6Ir6,bridge|A_A|B,1.5798044056447078,0.7725141807794671,2.0,BiIr,204.5,207.0,202.0,2.5,200.6002,208.9804,192.22,8.380200000000002,1.2555,1.565,0.946,0.3095,16.113500000000002,22.42,9.807,6.306500000000001,12.0,15,9,3.0,1631.775,2719.0,544.55,1087.2250000000001,8.1945,9.1,7.289,0.9055,2.1100000000000003,2.2,2.02,0.09000000000000008,1.5,3,0,1.5,8.5,10,7,1.5,18.45,26.0,10.9,7.55,1,0.8072902248652407,2
477,BiIr,101,Bi6Ir6,top-tilt|B,0.819049094889704,0.0207297682799207,1.0,BiIr,204.5,207.0,202.0,2.5,200.6002,208.9804,192.22,8.380200000000002,1.2555,1.565,0.946,0.3095,16.113500000000002,22.42,9.807,6.306500000000001,12.0,15,9,3.0,1631.775,2719.0,544.55,1087.2250000000001,8.1945,9.1,7.289,0.9055,2.1100000000000003,2.2,2.02,0.09000000000000008,1.5,3,0,1.5,8.5,10,7,1.5,18.45,26.0,10.9,7.55,1,0.7983193266097833,2
480,BiOs,101,Bi6Os6,top-tilt|B,0.38674954556431046,-0.1183091105223184,1.0,BiOs,211.5,216.0,207.0,4.5,199.59019999999998,208.9804,190.2,9.390200000000007,1.0230000000000001,1.1,0.946,0.07700000000000007,16.1885,22.57,9.807,6.3815,11.5,15,8,3.5,1925.275,3306.0,544.55,1380.7250000000001,7.9944999999999995,8.7,7.289,0.7054999999999998,2.1100000000000003,2.2,2.02,0.09000000000000008,1.5,3,0,1.5,8.0,10,6,2.0,20.95,31.0,10.9,10.05,1,0.5050586560866288,2
481,BiOs,101,Bi6Os6,top|A,2.0002600966443542,0.8715569513777837,1.0,BiOs,211.5,216.0,207.0,4.5,199.59019999999998,208.9804,190.2,9.390200000000007,1.0230000000000001,1.1,0.946,0.07700000000000007,16.1885,22.57,9.807,6.3815,11.5,15,8,3.5,1925.275,3306.0,544.55,1380.7250000000001,7.9944999999999995,8.7,7.289,0.7054999999999998,2.1100000000000003,2.2,2.02,0.09000000000000008,1.5,3,0,1.5,8.0,10,6,2.0,20.95,31.0,10.9,10.05,1,1.1287031452665706,2
483,BiPd,101,Bi6Pd6,bridge|A_A|B,1.8373255123092318,0.8086453201802897,2.0,BiPd,204.5,207.0,202.0,2.5,157.7002,208.9804,106.42,51.2802,0.7515000000000001,0.946,0.557,0.19449999999999995,10.903500000000001,12.0,9.807,1.0964999999999998,12.5,15,10,2.5,1186.3,1828.05,544.55,641.75,7.813,8.337,7.289,0.524,2.1100000000000003,2.2,2.02,0.09000000000000008,1.5,3,0,1.5,10.0,10,10,0.0,13.8,16.7,10.9,2.8999999999999995,1,1.0286801921289421,2
484,BiPd,101,Bi6Pd6,bridge|A_B|A,1.8584362127718355,0.7087207648809226,2.0,BiPd,204.5,207.0,202.0,2.5,157.7002,208.9804,106.42,51.2802,0.7515000000000001,0.946,0.557,0.19449999999999995,10.903500000000001,12.0,9.807,1.0964999999999998,12.5,15,10,2.5,1186.3,1828.05,544.55,641.75,7.813,8.337,7.289,0.524,2.1100000000000003,2.2,2.02,0.09000000000000008,1.5,3,0,1.5,10.0,10,10,0.0,13.8,16.7,10.9,2.8999999999999995,1,1.1497154478909128,2
488,BiPd,101,Bi6Pd6,top|A,2.2769003343675887,0.7257103284799769,1.0,BiPd,204.5,207.0,202.0,2.5,157.7002,208.9804,106.42,51.2802,0.7515000000000001,0.946,0.557,0.19449999999999995,10.903500000000001,12.0,9.807,1.0964999999999998,12.5,15,10,2.5,1186.3,1828.05,544.55,641.75,7.813,8.337,7.289,0.524,2.1100000000000003,2.2,2.02,0.09000000000000008,1.5,3,0,1.5,10.0,10,10,0.0,13.8,16.7,10.9,2.8999999999999995,1,1.5511900058876118,2
489,BiPd,101,Bi6Pd6,top|B,2.838136049297571,1.3148293059829257,1.0,BiPd,204.5,207.0,202.0,2.5,157.7002,208.9804,106.42,51.2802,0.7515000000000001,0.946,0.557,0.19449999999999995,10.903500000000001,12.0,9.807,1.0964999999999998,12.5,15,10,2.5,1186.3,1828.05,544.55,641.75,7.813,8.337,7.289,0.524,2.1100000000000003,2.2,2.02,0.09000000000000008,1.5,3,0,1.5,10.0,10,10,0.0,13.8,16.7,10.9,2.8999999999999995,1,1.5233067433146452,2
490,BiPt,101,Bi6Pt6,bridge|A_A|B,1.622550958085184,0.7786859947817675,2.0,BiPt,208.0,209.0,207.0,1.0,202.0302,208.9804,195.08,6.950199999999995,1.537,2.128,0.946,0.5910000000000001,15.633500000000002,21.46,9.807,5.8265,12.5,15,10,2.5,1293.05,2041.55,544.55,748.5,8.1445,9.0,7.289,0.8555000000000001,2.15,2.28,2.02,0.1299999999999999,1.5,3,0,1.5,9.5,10,9,0.5,15.45,20.0,10.9,4.55,1,0.8438649633034165,2
492,BiPt,101,Bi6Pt6,hollow-tilt|A_A_B|FCC,1.5750489424696195,0.5475172614759458,4.0,BiPt,208.0,209.0,207.0,1.0,202.0302,208.9804,195.08,6.950199999999995,1.537,2.128,0.946,0.5910000000000001,15.633500000000002,21.46,9.807,5.8265,12.5,15,10,2.5,1293.05,2041.55,544.55,748.5,8.1445,9.0,7.289,0.8555000000000001,2.15,2.28,2.02,0.1299999999999999,1.5,3,0,1.5,9.5,10,9,0.5,15.45,20.0,10.9,4.55,1,1.0275316809936736,2
494,BiPt,101,Bi6Pt6,top|A,2.1055178944505255,0.7036987678810647,1.0,BiPt,208.0,209.0,207.0,1.0,202.0302,208.9804,195.08,6.950199999999995,1.537,2.128,0.946,0.5910000000000001,15.633500000000002,21.46,9.807,5.8265,12.5,15,10,2.5,1293.05,2041.55,544.55,748.5,8.1445,9.0,7.289,0.8555000000000001,2.15,2.28,2.02,0.1299999999999999,1.5,3,0,1.5,9.5,10,9,0.5,15.45,20.0,10.9,4.55,1,1.4018191265694608,2
495,BiRe,101,Bi6Re6,bridge|B_B|A,-0.5245218467712282,-0.5100096342204097,2.0,BiRe,212.0,217.0,207.0,5.0,197.5937,208.9804,186.207,11.386700000000005,0.5479999999999999,0.946,0.15,0.39799999999999996,15.3035,20.8,9.807,5.4965,11.0,15,7,4.0,2001.775,3459.0,544.55,1457.225,7.5845,7.88,7.289,0.2955000000000001,1.96,2.02,1.9,0.06000000000000005,1.5,3,0,1.5,7.5,10,5,2.5,21.95,33.0,10.9,11.049999999999999,1,-0.01451221255081847,2
496,BiRe,101,Bi6Re6,top-tilt|B,-0.8482609990794646,-1.2377179585192837,1.0,BiRe,212.0,217.0,207.0,5.0,197.5937,208.9804,186.207,11.386700000000005,0.5479999999999999,0.946,0.15,0.39799999999999996,15.3035,20.8,9.807,5.4965,11.0,15,7,4.0,2001.775,3459.0,544.55,1457.225,7.5845,7.88,7.289,0.2955000000000001,1.96,2.02,1.9,0.06000000000000005,1.5,3,0,1.5,7.5,10,5,2.5,21.95,33.0,10.9,11.049999999999999,1,0.38945695943981906,2
498,BiRh,101,Bi6Rh6,bridge-tilt|A_B|B,1.2441618849347957,0.4276779188811588,2.0,BiRh,201.0,207.0,195.0,6.0,155.94295,208.9804,102.9055,53.03745,1.0415,1.137,0.946,0.09550000000000003,11.1035,12.4,9.807,1.2965,12.0,15,9,3.0,1390.775,2237.0,544.55,846.225,7.374,7.459,7.289,0.08499999999999996,2.15,2.28,2.02,0.1299999999999999,1.5,3,0,1.5,9.0,10,8,1.0,16.3,21.7,10.9,5.3999999999999995,1,0.8164839660536369,2
501,BiRh,101,Bi6Rh6,hollow|A_A_B|HCP,1.6115236937655424,0.8311205627804839,4.0,BiRh,201.0,207.0,195.0,6.0,155.94295,208.9804,102.9055,53.03745,1.0415,1.137,0.946,0.09550000000000003,11.1035,12.4,9.807,1.2965,12.0,15,9,3.0,1390.775,2237.0,544.55,846.225,7.374,7.459,7.289,0.08499999999999996,2.15,2.28,2.02,0.1299999999999999,1.5,3,0,1.5,9.0,10,8,1.0,16.3,21.7,10.9,5.3999999999999995,1,0.7804031309850585,2
502,BiRh,101,Bi6Rh6,top-tilt|B,1.5331449008999725,0.4356056833793218,1.0,BiRh,201.0,207.0,195.0,6.0,155.94295,208.9804,102.9055,53.03745,1.0415,1.137,0.946,0.09550000000000003,11.1035,12.4,9.807,1.2965,12.0,15,9,3.0,1390.775,2237.0,544.55,846.225,7.374,7.459,7.289,0.08499999999999996,2.15,2.28,2.02,0.1299999999999999,1.5,3,0,1.5,9.0,10,8,1.0,16.3,21.7,10.9,5.3999999999999995,1,1.0975392175206506,2
503,BiRh,101,Bi6Rh6,top|A,1.8501215760480114,0.7859121138798173,1.0,BiRh,201.0,207.0,195.0,6.0,155.94295,208.9804,102.9055,53.03745,1.0415,1.137,0.946,0.09550000000000003,11.1035,12.4,9.807,1.2965,12.0,15,9,3.0,1390.775,2237.0,544.55,846.225,7.374,7.459,7.289,0.08499999999999996,2.15,2.28,2.02,0.1299999999999999,1.5,3,0,1.5,9.0,10,8,1.0,16.3,21.7,10.9,5.3999999999999995,1,1.0642094621681941,2
507,BiRu,101,Bi6Ru6,top|A,1.9168432621206206,0.8535407021817036,1.0,BiRu,207.0,207.0,207.0,0.0,155.0402,208.9804,101.1,53.940200000000004,0.998,1.05,0.946,0.052000000000000046,10.9535,12.1,9.807,1.1464999999999996,11.5,15,8,3.5,1575.775,2607.0,544.55,1031.2250000000001,7.324999999999999,7.361,7.289,0.03600000000000003,2.1100000000000003,2.2,2.02,0.09000000000000008,1.5,3,0,1.5,8.5,10,7,1.5,18.3,25.7,10.9,7.3999999999999995,1,1.063302559938917,2
510,BiTc,101,Bi6Tc6,top-tilt|A,2.0628931428071513,0.9151561189800076,1.0,BiTc,208.0,209.0,207.0,1.0,152.94338,208.9804,96.90636,56.03702,0.748,0.946,0.55,0.19799999999999995,10.403500000000001,11.0,9.807,0.5964999999999998,11.0,15,7,4.0,1487.275,2430.0,544.55,942.725,7.2844999999999995,7.289,7.28,0.0044999999999997264,1.96,2.02,1.9,0.06000000000000005,1.5,3,0,1.5,7.5,10,5,2.5,16.95,23.0,10.9,6.049999999999999,1,1.1477370238271436,2
512,BiTc,101,Bi6Tc6,top|B,0.0012678627834515038,-0.2211206577186431,1.0,BiTc,208.0,209.0,207.0,1.0,152.94338,208.9804,96.90636,56.03702,0.748,0.946,0.55,0.19799999999999995,10.403500000000001,11.0,9.807,0.5964999999999998,11.0,15,7,4.0,1487.275,2430.0,544.55,942.725,7.2844999999999995,7.289,7.28,0.0044999999999997264,1.96,2.02,1.9,0.06000000000000005,1.5,3,0,1.5,7.5,10,5,2.5,16.95,23.0,10.9,6.049999999999999,1,0.2223885205020946,2
540,Co,111,Co12,bridge|A_A|A,0.2947469964750578,0.0214545434836281,2.0,Co,192.0,192.0,192.0,0.0,58.93319,58.93319,58.93319,0.0,0.661,0.661,0.661,0.0,8.86,8.86,8.86,0.0,9.0,9,9,0.0,1768.0,1768.0,1768.0,0.0,7.881,7.881,7.881,0.0,1.88,1.88,1.88,0.0,0.0,0,0,0.0,7.0,7,7,0.0,16.2,16.2,16.2,0.0,1,0.27329245299142974,1
606,Cu,100,Cu36,4foldhollow,0.7018874068636207,-0.084618555297311,4.0,Cu,140.0,140.0,140.0,0.0,63.55,63.55,63.55,0.0,1.228,1.228,1.228,0.0,8.933,8.933,8.933,0.0,11.0,11,11,0.0,1357.77,1357.77,1357.77,0.0,7.726,7.726,7.726,0.0,1.9,1.9,1.9,0.0,0.0,0,0,0.0,10.0,10,10,0.0,13.1,13.1,13.1,0.0,1,0.7865059621609317,1
607,Cu,100,Cu36,atop,2.4130906099901264,0.7377593317605715,1.0,Cu,140.0,140.0,140.0,0.0,63.55,63.55,63.55,0.0,1.228,1.228,1.228,0.0,8.933,8.933,8.933,0.0,11.0,11,11,0.0,1357.77,1357.77,1357.77,0.0,7.726,7.726,7.726,0.0,1.9,1.9,1.9,0.0,0.0,0,0,0.0,10.0,10,10,0.0,13.1,13.1,13.1,0.0,1,1.6753312782295549,1
608,Cu,100,Cu36,bridge,0.7701088595586095,0.0479860615323559,2.0,Cu,140.0,140.0,140.0,0.0,63.55,63.55,63.55,0.0,1.228,1.228,1.228,0.0,8.933,8.933,8.933,0.0,11.0,11,11,0.0,1357.77,1357.77,1357.77,0.0,7.726,7.726,7.726,0.0,1.9,1.9,1.9,0.0,0.0,0,0,0.0,10.0,10,10,0.0,13.1,13.1,13.1,0.0,1,0.7221227980262537,1
612,Cu,111,Cu36,3foldhollow,0.635995373868699,0.0026562587881926,3.0,Cu,140.0,140.0,140.0,0.0,63.55,63.55,63.55,0.0,1.228,1.228,1.228,0.0,8.933,8.933,8.933,0.0,11.0,11,11,0.0,1357.77,1357.77,1357.77,0.0,7.726,7.726,7.726,0.0,1.9,1.9,1.9,0.0,0.0,0,0,0.0,10.0,10,10,0.0,13.1,13.1,13.1,0.0,1,0.6333391150805063,1
623,Cu,211,Cu33,bridge,0.5155509351902622,-0.262454761205715,2.0,Cu,140.0,140.0,140.0,0.0,63.55,63.55,63.55,0.0,1.228,1.228,1.228,0.0,8.933,8.933,8.933,0.0,11.0,11,11,0.0,1357.77,1357.77,1357.77,0.0,7.726,7.726,7.726,0.0,1.9,1.9,1.9,0.0,0.0,0,0,0.0,10.0,10,10,0.0,13.1,13.1,13.1,0.0,1,0.7780056963959772,1
624,Cu,310,Cu28,3foldhollow,0.46207361343596237,-0.2351391273945669,3.0,Cu,140.0,140.0,140.0,0.0,63.55,63.55,63.55,0.0,1.228,1.228,1.228,0.0,8.933,8.933,8.933,0.0,11.0,11,11,0.0,1357.77,1357.77,1357.77,0.0,7.726,7.726,7.726,0.0,1.9,1.9,1.9,0.0,0.0,0,0,0.0,10.0,10,10,0.0,13.1,13.1,13.1,0.0,1,0.6972127408305293,1
625,Cu,310,Cu28,bridge-6-9,0.7979005595049996,0.0599475461993798,2.0,Cu,140.0,140.0,140.0,0.0,63.55,63.55,63.55,0.0,1.228,1.228,1.228,0.0,8.933,8.933,8.933,0.0,11.0,11,11,0.0,1357.77,1357.77,1357.77,0.0,7.726,7.726,7.726,0.0,1.9,1.9,1.9,0.0,0.0,0,0,0.0,10.0,10,10,0.0,13.1,13.1,13.1,0.0,1,0.7379530133056198,1
626,Cu,310,Cu28,ontop-6,2.3390116768525546,0.6271528128470111,1.0,Cu,140.0,140.0,140.0,0.0,63.55,63.55,63.55,0.0,1.228,1.228,1.228,0.0,8.933,8.933,8.933,0.0,11.0,11,11,0.0,1357.77,1357.77,1357.77,0.0,7.726,7.726,7.726,0.0,1.9,1.9,1.9,0.0,0.0,0,0,0.0,10.0,10,10,0.0,13.1,13.1,13.1,0.0,1,1.7118588640055434,1
631,Cu,511,Cu36,3foldhollow,1.6395548178465982,0.4927498636108274,3.0,Cu,140.0,140.0,140.0,0.0,63.55,63.55,63.55,0.0,1.228,1.228,1.228,0.0,8.933,8.933,8.933,0.0,11.0,11,11,0.0,1357.77,1357.77,1357.77,0.0,7.726,7.726,7.726,0.0,1.9,1.9,1.9,0.0,0.0,0,0,0.0,10.0,10,10,0.0,13.1,13.1,13.1,0.0,1,1.1468049542357708,1
632,Cu,511,Cu36,4foldhollow-7-7-8-8,0.7655267077065075,0.0732524946049254,3.0,Cu,140.0,140.0,140.0,0.0,63.55,63.55,63.55,0.0,1.228,1.228,1.228,0.0,8.933,8.933,8.933,0.0,11.0,11,11,0.0,1357.77,1357.77,1357.77,0.0,7.726,7.726,7.726,0.0,1.9,1.9,1.9,0.0,0.0,0,0,0.0,10.0,10,10,0.0,13.1,13.1,13.1,0.0,1,0.6922742131015821,1
633,Cu,511,Cu36,bridge-7-8,0.9585675287140618,0.2218066799323423,2.0,Cu,140.0,140.0,140.0,0.0,63.55,63.55,63.55,0.0,1.228,1.228,1.228,0.0,8.933,8.933,8.933,0.0,11.0,11,11,0.0,1357.77,1357.77,1357.77,0.0,7.726,7.726,7.726,0.0,1.9,1.9,1.9,0.0,0.0,0,0,0.0,10.0,10,10,0.0,13.1,13.1,13.1,0.0,1,0.7367608487817195,1
634,Cu,511,Cu36,bridge-8-8,0.9848487025660695,0.1409242823841244,2.0,Cu,140.0,140.0,140.0,0.0,63.55,63.55,63.55,0.0,1.228,1.228,1.228,0.0,8.933,8.933,8.933,0.0,11.0,11,11,0.0,1357.77,1357.77,1357.77,0.0,7.726,7.726,7.726,0.0,1.9,1.9,1.9,0.0,0.0,0,0,0.0,10.0,10,10,0.0,13.1,13.1,13.1,0.0,1,0.8439244201819451,1
635,Cu,511,Cu36,bridge-step,0.6876260160280736,-0.0122620234885419,2.0,Cu,140.0,140.0,140.0,0.0,63.55,63.55,63.55,0.0,1.228,1.228,1.228,0.0,8.933,8.933,8.933,0.0,11.0,11,11,0.0,1357.77,1357.77,1357.77,0.0,7.726,7.726,7.726,0.0,1.9,1.9,1.9,0.0,0.0,0,0,0.0,10.0,10,10,0.0,13.1,13.1,13.1,0.0,1,0.6998880395166155,1
636,Cu,511,Cu36,ontop-step,2.1675322152754997,0.5298156897818748,1.0,Cu,140.0,140.0,140.0,0.0,63.55,63.55,63.55,0.0,1.228,1.228,1.228,0.0,8.933,8.933,8.933,0.0,11.0,11,11,0.0,1357.77,1357.77,1357.77,0.0,7.726,7.726,7.726,0.0,1.9,1.9,1.9,0.0,0.0,0,0,0.0,10.0,10,10,0.0,13.1,13.1,13.1,0.0,1,1.6377165254936248,1
644,Cu-HAB,001,Cu3C12H12N12,bridged-site,2.185418968859873,0.8294933581200894,2.0,CuC4H4N4,147.69230769230768,170.0,120.0,20.249917817058744,13.204153846153845,63.55,1.008,15.536462352732356,,1.263,0.754,,1.3851047630769233,8.933,8.988e-05,2.408557717601587,10.076923076923078,15,1,6.132655823998385,1304.4315384615386,3823.0,13.81,1714.2284343416213,12.714923076923078,14.534,7.726,1.9555054613750014,2.5430769230769235,3.04,1.9,0.3795013857354778,1.5384615384615385,3,0,1.277942132756627,0.7692307692307693,10,0,2.664693550105965,33.597846153846156,105.0,0.36,47.71612805532021,1,1.3559256107397837,4
646,Cu-fcc,111,Cu16,hcp,0.9038871402528896,0.1790680489939404,3.0,Cu,140.0,140.0,140.0,0.0,63.55,63.55,63.55,0.0,1.228,1.228,1.228,0.0,8.933,8.933,8.933,0.0,11.0,11,11,0.0,1357.77,1357.77,1357.77,0.0,7.726,7.726,7.726,0.0,1.9,1.9,1.9,0.0,0.0,0,0,0.0,10.0,10,10,0.0,13.1,13.1,13.1,0.0,1,0.7248190912589492,1
647,Cu-fcc,111,Cu16,ontop,2.721406309454158,1.0483166586054722,1.0,Cu,140.0,140.0,140.0,0.0,63.55,63.55,63.55,0.0,1.228,1.228,1.228,0.0,8.933,8.933,8.933,0.0,11.0,11,11,0.0,1357.77,1357.77,1357.77,0.0,7.726,7.726,7.726,0.0,1.9,1.9,1.9,0.0,0.0,0,0,0.0,10.0,10,10,0.0,13.1,13.1,13.1,0.0,1,1.6730896508486857,1
648,Cu-fcc,111+2%,Cu16,fcc,0.6297463346053521,-0.0102801886969245,3.0,Cu,140.0,140.0,140.0,0.0,63.55,63.55,63.55,0.0,1.228,1.228,1.228,0.0,8.933,8.933,8.933,0.0,11.0,11,11,0.0,1357.77,1357.77,1357.77,0.0,7.726,7.726,7.726,0.0,1.9,1.9,1.9,0.0,0.0,0,0,0.0,10.0,10,10,0.0,13.1,13.1,13.1,0.0,1,0.6400265233022766,1
649,Cu-fcc,111+5%,Cu16,fcc,0.46839609194493925,-0.2069103288231417,3.0,Cu,140.0,140.0,140.0,0.0,63.55,63.55,63.55,0.0,1.228,1.228,1.228,0.0,8.933,8.933,8.933,0.0,11.0,11,11,0.0,1357.77,1357.77,1357.77,0.0,7.726,7.726,7.726,0.0,1.9,1.9,1.9,0.0,0.0,0,0,0.0,10.0,10,10,0.0,13.1,13.1,13.1,0.0,1,0.675306420768081,1
650,Cu-fcc,111+8%,Cu16,fcc,0.23140837199700479,-0.3905045833525946,3.0,Cu,140.0,140.0,140.0,0.0,63.55,63.55,63.55,0.0,1.228,1.228,1.228,0.0,8.933,8.933,8.933,0.0,11.0,11,11,0.0,1357.77,1357.77,1357.77,0.0,7.726,7.726,7.726,0.0,1.9,1.9,1.9,0.0,0.0,0,0,0.0,10.0,10,10,0.0,13.1,13.1,13.1,0.0,1,0.6219129553495993,1
651,Cu-fcc,111-1%,Cu16,fcc,0.916261654330506,0.2242407149606151,3.0,Cu,140.0,140.0,140.0,0.0,63.55,63.55,63.55,0.0,1.228,1.228,1.228,0.0,8.933,8.933,8.933,0.0,11.0,11,11,0.0,1357.77,1357.77,1357.77,0.0,7.726,7.726,7.726,0.0,1.9,1.9,1.9,0.0,0.0,0,0,0.0,10.0,10,10,0.0,13.1,13.1,13.1,0.0,1,0.6920209393698908,1
652,Cu-fcc,111-2%,Cu16,fcc,1.2324424572806423,0.3045756590290693,3.0,Cu,140.0,140.0,140.0,0.0,63.55,63.55,63.55,0.0,1.228,1.228,1.228,0.0,8.933,8.933,8.933,0.0,11.0,11,11,0.0,1357.77,1357.77,1357.77,0.0,7.726,7.726,7.726,0.0,1.9,1.9,1.9,0.0,0.0,0,0,0.0,10.0,10,10,0.0,13.1,13.1,13.1,0.0,1,0.9278667982515729,1
653,Cu-fcc,111-3%,Cu16,fcc,1.268402865579536,0.3791925389523385,3.0,Cu,140.0,140.0,140.0,0.0,63.55,63.55,63.55,0.0,1.228,1.228,1.228,0.0,8.933,8.933,8.933,0.0,11.0,11,11,0.0,1357.77,1357.77,1357.77,0.0,7.726,7.726,7.726,0.0,1.9,1.9,1.9,0.0,0.0,0,0,0.0,10.0,10,10,0.0,13.1,13.1,13.1,0.0,1,0.8892103266271976,1
654,Cu-fcc,111-5%,Cu16,fcc,1.6656872480264797,0.5092068983794888,3.0,Cu,140.0,140.0,140.0,0.0,63.55,63.55,63.55,0.0,1.228,1.228,1.228,0.0,8.933,8.933,8.933,0.0,11.0,11,11,0.0,1357.77,1357.77,1357.77,0.0,7.726,7.726,7.726,0.0,1.9,1.9,1.9,0.0,0.0,0,0,0.0,10.0,10,10,0.0,13.1,13.1,13.1,0.0,1,1.1564803496469909,1
655,Cu3Ag,111,Ag3Cu9,bridge-tilt|A_B|A,2.584544899403386,1.2017049164759328,2.0,AgCu3,148.0,172.0,140.0,13.856406460551018,74.6295,107.868,63.55,19.190256922459376,1.2465000000000002,1.302,1.228,0.03204293994002426,9.325,10.501,8.933,0.6789639165669997,11.0,11,11,0.0,1327.06,1357.77,1234.93,53.19128030044019,7.6885,7.726,7.576,0.06495190528383306,1.9074999999999998,1.93,1.9,0.012990381056766592,0.0,0,0,0.0,10.0,10,10,0.0,12.649999999999999,13.1,11.3,0.7794228634059943,1,1.3828399829274534,2
665,Cu3Au,111,Au3Cu9,bridge|A_A|B,1.4981804475157734,0.4253957000809123,2.0,AuCu3,146.5,166.0,140.0,11.258330249197702,96.90414249999999,196.96657,63.55,57.771069452892405,1.49825,2.309,1.228,0.4680867307454892,11.52025,19.282,8.933,4.4812484518825775,11.0,11,11,0.0,1352.6599999999999,1357.77,1337.33,8.850779626676987,8.101,9.226,7.726,0.6495190528383293,2.0599999999999996,2.54,1.9,0.2771281292110204,0.0,0,0,0.0,10.0,10,10,0.0,12.95,13.1,12.5,0.25980762113533146,1,1.072784747434861,2
666,Cu3Au,111,Au3Cu9,hollow-tilt|A_A_A|HCP,2.007117458781987,0.6353553365814832,3.0,AuCu3,146.5,166.0,140.0,11.258330249197702,96.90414249999999,196.96657,63.55,57.771069452892405,1.49825,2.309,1.228,0.4680867307454892,11.52025,19.282,8.933,4.4812484518825775,11.0,11,11,0.0,1352.6599999999999,1357.77,1337.33,8.850779626676987,8.101,9.226,7.726,0.6495190528383293,2.0599999999999996,2.54,1.9,0.2771281292110204,0.0,0,0,0.0,10.0,10,10,0.0,12.95,13.1,12.5,0.25980762113533146,1,1.3717621222005039,2
674,Cu3Bi,111,Bi3Cu9,top|B,2.179615959911946,0.6537800284758077,1.0,BiCu3,156.75,207.0,140.0,29.011851026778693,99.9076,208.9804,63.55,62.97321044126622,1.1575,1.228,0.946,0.12210958193360585,9.1515,9.807,8.933,0.3784531014537999,12.0,15,11,1.7320508075688772,1154.465,1357.77,544.55,352.1345894327906,7.61675,7.726,7.289,0.18922655072689995,1.9299999999999997,2.02,1.9,0.05196152422706637,0.75,3,0,1.299038105676658,10.0,10,10,0.0,12.549999999999999,13.1,10.9,0.9526279441628822,1,1.5258359314361383,2
691,Cu3Ir,111,Cu9Ir3,bridge|A_B|A,0.8741704996961166,0.2209128987859685,2.0,Cu3Ir,155.5,202.0,140.0,26.846787517317598,95.7175,192.22,63.55,55.715744352471866,1.3122500000000001,1.565,1.228,0.1459252805376779,12.30475,22.42,8.933,5.840042310420363,10.5,11,9,0.8660254037844386,1698.0774999999999,2719.0,1357.77,589.4298801967457,8.0695,9.1,7.726,0.5949594523999092,1.9749999999999999,2.2,1.9,0.1299038105676659,0.0,0,0,0.0,9.25,10,7,1.299038105676658,16.325,26.0,13.1,5.585863854409629,1,0.6532576009101481,2
696,Cu3Ir,111,Cu9Ir3,top|A,1.5649958332904925,0.8311212430825208,1.0,Cu3Ir,155.5,202.0,140.0,26.846787517317598,95.7175,192.22,63.55,55.715744352471866,1.3122500000000001,1.565,1.228,0.1459252805376779,12.30475,22.42,8.933,5.840042310420363,10.5,11,9,0.8660254037844386,1698.0774999999999,2719.0,1357.77,589.4298801967457,8.0695,9.1,7.726,0.5949594523999092,1.9749999999999999,2.2,1.9,0.1299038105676659,0.0,0,0,0.0,9.25,10,7,1.299038105676658,16.325,26.0,13.1,5.585863854409629,1,0.7338745902079717,2
701,Cu3Os,111,Cu9Os3,bridge-tilt|A_B|A,-0.1606959623601614,-0.2278690809208683,2.0,Cu3Os,159.0,216.0,140.0,32.90896534380867,95.21249999999999,190.2,63.55,54.841058694649576,1.1960000000000002,1.228,1.1,0.05542562584220403,12.34225,22.57,8.933,5.904994215704195,10.25,11,8,1.299038105676658,1844.8274999999999,3306.0,1357.77,843.6083362074784,7.9695,8.7,7.726,0.4217543716430213,1.9749999999999999,2.2,1.9,0.1299038105676659,0.0,0,0,0.0,9.0,10,6,1.7320508075688772,17.575,31.0,13.1,7.750927363870726,1,0.0671731185607069,2
703,Cu3Os,111,Cu9Os3,hollow|A_A_A|HCP,1.7261950229593503,0.8501005029801263,3.0,Cu3Os,159.0,216.0,140.0,32.90896534380867,95.21249999999999,190.2,63.55,54.841058694649576,1.1960000000000002,1.228,1.1,0.05542562584220403,12.34225,22.57,8.933,5.904994215704195,10.25,11,8,1.299038105676658,1844.8274999999999,3306.0,1357.77,843.6083362074784,7.9695,8.7,7.726,0.4217543716430213,1.9749999999999999,2.2,1.9,0.1299038105676659,0.0,0,0,0.0,9.0,10,6,1.7320508075688772,17.575,31.0,13.1,7.750927363870726,1,0.876094519979224,2
706,Cu3Os,111,Cu9Os3,top-tilt|B,-0.1763594836718071,-0.1232746439155789,1.0,Cu3Os,159.0,216.0,140.0,32.90896534380867,95.21249999999999,190.2,63.55,54.841058694649576,1.1960000000000002,1.228,1.1,0.05542562584220403,12.34225,22.57,8.933,5.904994215704195,10.25,11,8,1.299038105676658,1844.8274999999999,3306.0,1357.77,843.6083362074784,7.9695,8.7,7.726,0.4217543716430213,1.9749999999999999,2.2,1.9,0.1299038105676659,0.0,0,0,0.0,9.0,10,6,1.7320508075688772,17.575,31.0,13.1,7.750927363870726,1,-0.0530848397562282,2
707,Cu3Os,111,Cu9Os3,top|A,1.6683582135714832,0.7722949930802088,1.0,Cu3Os,159.0,216.0,140.0,32.90896534380867,95.21249999999999,190.2,63.55,54.841058694649576,1.1960000000000002,1.228,1.1,0.05542562584220403,12.34225,22.57,8.933,5.904994215704195,10.25,11,8,1.299038105676658,1844.8274999999999,3306.0,1357.77,843.6083362074784,7.9695,8.7,7.726,0.4217543716430213,1.9749999999999999,2.2,1.9,0.1299038105676659,0.0,0,0,0.0,9.0,10,6,1.7320508075688772,17.575,31.0,13.1,7.750927363870726,1,0.8960632204912744,2
709,Cu3Pd,111,Cu9Pd3,bridge|A_A|B,1.258251185257649,0.4000039413848526,2.0,Cu3Pd,155.5,202.0,140.0,26.846787517317598,74.2675,106.42,63.55,18.563254530119444,1.0602500000000001,1.228,0.557,0.2905515229696791,9.69975,12.0,8.933,1.3280499567034367,10.75,11,10,0.4330127018922193,1475.34,1828.05,1357.77,203.6372134458729,7.87875,8.337,7.726,0.2645707608561459,1.9749999999999999,2.2,1.9,0.1299038105676659,0.0,0,0,0.0,10.0,10,10,0.0,14.0,16.7,13.1,1.5588457268119895,1,0.8582472438727964,2
714,Cu3Pd,111,Cu9Pd3,top-tilt|A,2.405039632310317,0.6906109086820607,1.0,Cu3Pd,155.5,202.0,140.0,26.846787517317598,74.2675,106.42,63.55,18.563254530119444,1.0602500000000001,1.228,0.557,0.2905515229696791,9.69975,12.0,8.933,1.3280499567034367,10.75,11,10,0.4330127018922193,1475.34,1828.05,1357.77,203.6372134458729,7.87875,8.337,7.726,0.2645707608561459,1.9749999999999999,2.2,1.9,0.1299038105676659,0.0,0,0,0.0,10.0,10,10,0.0,14.0,16.7,13.1,1.5588457268119895,1,1.7144287236282563,2
716,Cu3Pt,111,Cu9Pt3,bridge|A_B|A,1.5107494422963266,0.6014669592740347,2.0,Cu3Pt,157.25,209.0,140.0,29.877876430563134,96.4325,195.08,63.55,56.954160679883614,1.453,2.128,1.228,0.38971143170299744,12.06475,21.46,8.933,5.424350116603832,10.75,11,10,0.4330127018922193,1528.715,2041.55,1357.77,296.0854252998617,8.0445,9.0,7.726,0.5516581822106874,1.9949999999999997,2.28,1.9,0.1645448267190433,0.0,0,0,0.0,9.75,10,9,0.4330127018922193,14.825,20.0,13.1,2.9877876430563135,1,0.9092824830222919,2
721,Cu3Pt,111,Cu9Pt3,top|A,2.3480375965177926,0.8294906008785574,1.0,Cu3Pt,157.25,209.0,140.0,29.877876430563134,96.4325,195.08,63.55,56.954160679883614,1.453,2.128,1.228,0.38971143170299744,12.06475,21.46,8.933,5.424350116603832,10.75,11,10,0.4330127018922193,1528.715,2041.55,1357.77,296.0854252998617,8.0445,9.0,7.726,0.5516581822106874,1.9949999999999997,2.28,1.9,0.1645448267190433,0.0,0,0,0.0,9.75,10,9,0.4330127018922193,14.825,20.0,13.1,2.9877876430563135,1,1.5185469956392352,2
726,Cu3Re,111,Cu9Re3,top|A,1.932723304214398,0.9982458074781562,1.0,Cu3Re,159.25,217.0,140.0,33.34197804570089,94.21424999999999,186.207,63.55,53.11203897599394,0.9585,1.228,0.15,0.4667876926398124,11.899750000000001,20.8,8.933,5.138561733354967,10.0,11,7,1.7320508075688772,1883.0774999999999,3459.0,1357.77,909.859279596988,7.7645,7.88,7.726,0.06668395609140174,1.9,1.9,1.9,0.0,0.0,0,0,0.0,8.75,10,5,2.165063509461097,18.075,33.0,13.1,8.616952767655164,1,0.9344774967362419,2
732,Cu3Rh,111,Cu9Rh3,top|A,1.7243512811923245,0.7093590078774241,1.0,Cu3Rh,153.75,195.0,140.0,23.81569860407206,73.388875,102.9055,63.55,17.04143138931924,1.20525,1.228,1.137,0.03940415587219195,9.79975,12.4,8.933,1.5012550374603246,10.5,11,9,0.8660254037844386,1577.5774999999999,2237.0,1357.77,380.717757884696,7.65925,7.726,7.459,0.11561439140522271,1.9949999999999997,2.28,1.9,0.1645448267190433,0.0,0,0,0.0,9.5,10,8,0.8660254037844386,15.25,21.7,13.1,3.7239092362730863,1,1.0149922733149004,2
738,Cu3Ru,111,Cu9Ru3,top|A,1.5801392018715428,0.689222991980273,1.0,Cu3Ru,156.75,207.0,140.0,29.011851026778693,72.9375,101.1,63.55,16.259626956052834,1.1835,1.228,1.05,0.07707626093681501,9.72475,12.1,8.933,1.3713512268926586,10.25,11,8,1.299038105676658,1670.0774999999999,2607.0,1357.77,540.9324575848171,7.63475,7.726,7.361,0.15804963619066015,1.9749999999999999,2.2,1.9,0.1299038105676659,0.0,0,0,0.0,9.25,10,7,1.299038105676658,16.25,25.7,13.1,5.455960043841963,1,0.8909162098912697,2
744,Cu3Tc,111,Cu9Tc3,bridge|A_B|A,-0.6062054168460386,-0.445430761715329,2.0,Cu3Tc,157.25,209.0,140.0,29.877876430563134,71.88909,96.90636,63.55,14.443727568889553,1.0585,1.228,0.55,0.29358261188292467,9.44975,11.0,8.933,0.8950372548112175,10.0,11,7,1.7320508075688772,1625.8274999999999,2430.0,1357.77,464.2892093498943,7.6145000000000005,7.726,7.28,0.1931236650439297,1.9,1.9,1.9,0.0,0.0,0,0,0.0,8.75,10,5,2.165063509461097,15.575,23.0,13.1,4.286825748732972,1,-0.16077465513070954,2
745,Cu3Tc,111,Cu9Tc3,hollow-tilt|A_A_B|FCC,-0.5438572317255943,-0.3286826321156013,3.0,Cu3Tc,157.25,209.0,140.0,29.877876430563134,71.88909,96.90636,63.55,14.443727568889553,1.0585,1.228,0.55,0.29358261188292467,9.44975,11.0,8.933,0.8950372548112175,10.0,11,7,1.7320508075688772,1625.8274999999999,2430.0,1357.77,464.2892093498943,7.6145000000000005,7.726,7.28,0.1931236650439297,1.9,1.9,1.9,0.0,0.0,0,0,0.0,8.75,10,5,2.165063509461097,15.575,23.0,13.1,4.286825748732972,1,-0.21517459960999302,2
747,Cu3Tc,111,Cu9Tc3,hollow|A_A_A|HCP,1.9313749571715622,0.8278639043827525,3.0,Cu3Tc,157.25,209.0,140.0,29.877876430563134,71.88909,96.90636,63.55,14.443727568889553,1.0585,1.228,0.55,0.29358261188292467,9.44975,11.0,8.933,0.8950372548112175,10.0,11,7,1.7320508075688772,1625.8274999999999,2430.0,1357.77,464.2892093498943,7.6145000000000005,7.726,7.28,0.1931236650439297,1.9,1.9,1.9,0.0,0.0,0,0,0.0,8.75,10,5,2.165063509461097,15.575,23.0,13.1,4.286825748732972,1,1.1035110527888097,2
750,Cu3Tc,111,Cu9Tc3,top|A,1.6036134867154481,0.6285043263823127,1.0,Cu3Tc,157.25,209.0,140.0,29.877876430563134,71.88909,96.90636,63.55,14.443727568889553,1.0585,1.228,0.55,0.29358261188292467,9.44975,11.0,8.933,0.8950372548112175,10.0,11,7,1.7320508075688772,1625.8274999999999,2430.0,1357.77,464.2892093498943,7.6145000000000005,7.726,7.28,0.1931236650439297,1.9,1.9,1.9,0.0,0.0,0,0,0.0,8.75,10,5,2.165063509461097,15.575,23.0,13.1,4.286825748732972,1,0.9751091603331354,2
756,Cu3Zn,111,Cu9Zn3,top|A,2.4195575123953184,0.9449582986825362,1.0,Cu3Zn,139.75,140.0,139.0,0.4330127018922193,64.01249999999999,65.4,63.55,0.8010734985006094,,1.228,1.228,,8.48325,8.933,7.134,0.7789898507041023,11.25,12,11,0.4330127018922193,1191.4975,1357.77,692.68,287.9924179014962,8.143,9.394,7.726,0.7222651867562219,1.8375,1.9,1.65,0.10825317547305482,0.0,0,0,0.0,10.0,10,10,0.0,11.6625,13.1,7.35,2.4898230358802613,1,1.4745992137127821,2
757,Cu3Zn,111,Cu9Zn3,top|B,2.33430731472499,0.812577501285773,1.0,Cu3Zn,139.75,140.0,139.0,0.4330127018922193,64.01249999999999,65.4,63.55,0.8010734985006094,,1.228,1.228,,8.48325,8.933,7.134,0.7789898507041023,11.25,12,11,0.4330127018922193,1191.4975,1357.77,692.68,287.9924179014962,8.143,9.394,7.726,0.7222651867562219,1.8375,1.9,1.65,0.10825317547305482,0.0,0,0,0.0,10.0,10,10,0.0,11.6625,13.1,7.35,2.4898230358802613,1,1.521729813439217,2
764,CuIr,101,Cu6Ir6,bridge|B_B|A,0.6489971595858516,0.1297370753862878,2.0,CuIr,171.0,202.0,140.0,31.0,127.88499999999999,192.22,63.55,64.335,1.3965,1.565,1.228,0.16849999999999998,15.6765,22.42,8.933,6.743500000000001,10.0,11,9,1.0,2038.385,2719.0,1357.77,680.615,8.413,9.1,7.726,0.6869999999999998,2.05,2.2,1.9,0.15000000000000013,0.0,0,0,0.0,8.5,10,7,1.5,19.55,26.0,13.1,6.45,1,0.5192600841995638,2
769,CuIr,101,Cu6Ir6,top|A,2.1443673686206797,1.0291708649864404,1.0,CuIr,171.0,202.0,140.0,31.0,127.88499999999999,192.22,63.55,64.335,1.3965,1.565,1.228,0.16849999999999998,15.6765,22.42,8.933,6.743500000000001,10.0,11,9,1.0,2038.385,2719.0,1357.77,680.615,8.413,9.1,7.726,0.6869999999999998,2.05,2.2,1.9,0.15000000000000013,0.0,0,0,0.0,8.5,10,7,1.5,19.55,26.0,13.1,6.45,1,1.1151965036342393,2
770,CuIr,101,Cu6Ir6,top|B,1.332968474098953,0.414708565081014,1.0,CuIr,171.0,202.0,140.0,31.0,127.88499999999999,192.22,63.55,64.335,1.3965,1.565,1.228,0.16849999999999998,15.6765,22.42,8.933,6.743500000000001,10.0,11,9,1.0,2038.385,2719.0,1357.77,680.615,8.413,9.1,7.726,0.6869999999999998,2.05,2.2,1.9,0.15000000000000013,0.0,0,0,0.0,8.5,10,7,1.5,19.55,26.0,13.1,6.45,1,0.9182599090179389,2
774,CuOs,101,Cu6Os6,bridge|B_B|A,0.176228016909239,-0.1475738655163923,2.0,CuOs,178.0,216.0,140.0,38.0,126.875,190.2,63.55,63.324999999999996,1.1640000000000001,1.228,1.1,0.06399999999999995,15.7515,22.57,8.933,6.8185,9.5,11,8,1.5,2331.885,3306.0,1357.77,974.115,8.213,8.7,7.726,0.48699999999999966,2.05,2.2,1.9,0.15000000000000013,0.0,0,0,0.0,8.0,10,6,2.0,22.05,31.0,13.1,8.950000000000001,1,0.3238018824256313,2
779,CuOs,101,Cu6Os6,top-tilt|A,2.229409669747152,1.1137173148789543,1.0,CuOs,178.0,216.0,140.0,38.0,126.875,190.2,63.55,63.324999999999996,1.1640000000000001,1.228,1.1,0.06399999999999995,15.7515,22.57,8.933,6.8185,9.5,11,8,1.5,2331.885,3306.0,1357.77,974.115,8.213,8.7,7.726,0.48699999999999966,2.05,2.2,1.9,0.15000000000000013,0.0,0,0,0.0,8.0,10,6,2.0,22.05,31.0,13.1,8.950000000000001,1,1.1156923548681976,2
781,CuOs,101,Cu6Os6,top|B,0.4713758093299552,0.1632510238822533,1.0,CuOs,178.0,216.0,140.0,38.0,126.875,190.2,63.55,63.324999999999996,1.1640000000000001,1.228,1.1,0.06399999999999995,15.7515,22.57,8.933,6.8185,9.5,11,8,1.5,2331.885,3306.0,1357.77,974.115,8.213,8.7,7.726,0.48699999999999966,2.05,2.2,1.9,0.15000000000000013,0.0,0,0,0.0,8.0,10,6,2.0,22.05,31.0,13.1,8.950000000000001,1,0.30812478544770194,2
784,CuPd,101,Cu6Pd6,hollow-tilt|A_A_B|FCC,1.330737841581785,0.4536720013828699,4.0,CuPd,171.0,202.0,140.0,31.0,84.985,106.42,63.55,21.435000000000002,0.8925000000000001,1.228,0.557,0.33549999999999996,10.4665,12.0,8.933,1.5335,10.5,11,10,0.5,1592.9099999999999,1828.05,1357.77,235.14,8.0315,8.337,7.726,0.3054999999999999,2.05,2.2,1.9,0.15000000000000013,0.0,0,0,0.0,10.0,10,10,0.0,14.899999999999999,16.7,13.1,1.7999999999999998,1,0.8770658401989151,2
785,CuPd,101,Cu6Pd6,hollow|A_A_B|FCC,1.330737841581785,0.4538326845839719,4.0,CuPd,171.0,202.0,140.0,31.0,84.985,106.42,63.55,21.435000000000002,0.8925000000000001,1.228,0.557,0.33549999999999996,10.4665,12.0,8.933,1.5335,10.5,11,10,0.5,1592.9099999999999,1828.05,1357.77,235.14,8.0315,8.337,7.726,0.3054999999999999,2.05,2.2,1.9,0.15000000000000013,0.0,0,0,0.0,10.0,10,10,0.0,14.899999999999999,16.7,13.1,1.7999999999999998,1,0.876905156997813,2
789,CuPt,101,Cu6Pt6,bridge|A_B|B,1.6147705128514296,0.8441222980808334,2.0,CuPt,174.5,209.0,140.0,34.5,129.315,195.08,63.55,65.76500000000001,1.678,2.128,1.228,0.45000000000000007,15.1965,21.46,8.933,6.2635000000000005,10.5,11,10,0.5,1699.6599999999999,2041.55,1357.77,341.89,8.363,9.0,7.726,0.637,2.09,2.28,1.9,0.18999999999999995,0.0,0,0,0.0,9.5,10,9,0.5,16.55,20.0,13.1,3.45,1,0.7706482147705962,2
790,CuPt,101,Cu6Pt6,bridge|B_B|A,1.5655059027332219,0.7689984700745072,2.0,CuPt,174.5,209.0,140.0,34.5,129.315,195.08,63.55,65.76500000000001,1.678,2.128,1.228,0.45000000000000007,15.1965,21.46,8.933,6.2635000000000005,10.5,11,10,0.5,1699.6599999999999,2041.55,1357.77,341.89,8.363,9.0,7.726,0.637,2.09,2.28,1.9,0.18999999999999995,0.0,0,0,0.0,9.5,10,9,0.5,16.55,20.0,13.1,3.45,1,0.7965074326587147,2
795,CuPt,101,Cu6Pt6,top|B,1.9452361438640857,0.772294857078009,1.0,CuPt,174.5,209.0,140.0,34.5,129.315,195.08,63.55,65.76500000000001,1.678,2.128,1.228,0.45000000000000007,15.1965,21.46,8.933,6.2635000000000005,10.5,11,10,0.5,1699.6599999999999,2041.55,1357.77,341.89,8.363,9.0,7.726,0.637,2.09,2.28,1.9,0.18999999999999995,0.0,0,0,0.0,9.5,10,9,0.5,16.55,20.0,13.1,3.45,1,1.1729412867860767,2
796,CuRe,101,Cu6Re6,bridge|B_B|A,-0.9556990528802736,-0.9111189020214852,2.0,CuRe,178.5,217.0,140.0,38.5,124.8785,186.207,63.55,61.3285,0.689,1.228,0.15,0.5389999999999999,14.8665,20.8,8.933,5.9335,9.0,11,7,2.0,2408.385,3459.0,1357.77,1050.615,7.803,7.88,7.726,0.07699999999999996,1.9,1.9,1.9,0.0,0.0,0,0,0.0,7.5,10,5,2.5,23.05,33.0,13.1,9.95,1,-0.044580150858788414,2
799,CuRe,101,Cu6Re6,top-tilt|B,-0.6855806282844528,-0.5043098017223429,1.0,CuRe,178.5,217.0,140.0,38.5,124.8785,186.207,63.55,61.3285,0.689,1.228,0.15,0.5389999999999999,14.8665,20.8,8.933,5.9335,9.0,11,7,2.0,2408.385,3459.0,1357.77,1050.615,7.803,7.88,7.726,0.07699999999999996,1.9,1.9,1.9,0.0,0.0,0,0,0.0,7.5,10,5,2.5,23.05,33.0,13.1,9.95,1,-0.1812708265621099,2
801,CuRh,101,Cu6Rh6,bridge|B_B|A,0.5675117679835404,0.0621520252797154,2.0,CuRh,167.5,195.0,140.0,27.5,83.22775,102.9055,63.55,19.677750000000003,1.1825,1.228,1.137,0.04549999999999998,10.6665,12.4,8.933,1.7335000000000003,10.0,11,9,1.0,1797.385,2237.0,1357.77,439.615,7.592499999999999,7.726,7.459,0.13350000000000017,2.09,2.28,1.9,0.18999999999999995,0.0,0,0,0.0,9.0,10,8,1.0,17.4,21.7,13.1,4.3,1,0.505359742703825,2
806,CuRh,101,Cu6Rh6,top|B,1.2754557654398895,0.4738780865781109,1.0,CuRh,167.5,195.0,140.0,27.5,83.22775,102.9055,63.55,19.677750000000003,1.1825,1.228,1.137,0.04549999999999998,10.6665,12.4,8.933,1.7335000000000003,10.0,11,9,1.0,1797.385,2237.0,1357.77,439.615,7.592499999999999,7.726,7.459,0.13350000000000017,2.09,2.28,1.9,0.18999999999999995,0.0,0,0,0.0,9.0,10,8,1.0,17.4,21.7,13.1,4.3,1,0.8015776788617786,2
807,CuRu,101,Cu6Ru6,bridge|B_B|A,0.022222188954288662,-0.2540254794176917,2.0,CuRu,173.5,207.0,140.0,33.5,82.32499999999999,101.1,63.55,18.775,1.139,1.228,1.05,0.08899999999999997,10.5165,12.1,8.933,1.5835,9.5,11,8,1.5,1982.385,2607.0,1357.77,624.615,7.5435,7.726,7.361,0.1825000000000001,2.05,2.2,1.9,0.15000000000000013,0.0,0,0,0.0,8.5,10,7,1.5,19.4,25.7,13.1,6.3,1,0.2762476683719804,2
812,CuRu,101,Cu6Ru6,top|B,0.5523164255028064,0.1974011746832502,1.0,CuRu,173.5,207.0,140.0,33.5,82.32499999999999,101.1,63.55,18.775,1.139,1.228,1.05,0.08899999999999997,10.5165,12.1,8.933,1.5835,9.5,11,8,1.5,1982.385,2607.0,1357.77,624.615,7.5435,7.726,7.361,0.1825000000000001,2.05,2.2,1.9,0.15000000000000013,0.0,0,0,0.0,8.5,10,7,1.5,19.4,25.7,13.1,6.3,1,0.35491525081955616,2
813,CuTc,101,Cu6Tc6,bridge-tilt|A_B|B,-0.409915087730249,-0.3518799287222691,2.0,CuTc,174.5,209.0,140.0,34.5,80.22818000000001,96.90636,63.55,16.678180000000005,0.889,1.228,0.55,0.33899999999999997,9.9665,11.0,8.933,1.0335,9.0,11,7,2.0,1893.885,2430.0,1357.77,536.115,7.503,7.726,7.28,0.22299999999999986,1.9,1.9,1.9,0.0,0.0,0,0,0.0,7.5,10,5,2.5,18.05,23.0,13.1,4.95,1,-0.0580351590079799,2
814,CuTc,101,Cu6Tc6,bridge|B_B|A,-0.8507615562335652,-0.8533148477173427,2.0,CuTc,174.5,209.0,140.0,34.5,80.22818000000001,96.90636,63.55,16.678180000000005,0.889,1.228,0.55,0.33899999999999997,9.9665,11.0,8.933,1.0335,9.0,11,7,2.0,1893.885,2430.0,1357.77,536.115,7.503,7.726,7.28,0.22299999999999986,1.9,1.9,1.9,0.0,0.0,0,0,0.0,7.5,10,5,2.5,18.05,23.0,13.1,4.95,1,0.0025532914837774756,2
815,CuTc,101,Cu6Tc6,bridge|B_B|B,-0.5976405687924378,-0.4966515659208426,2.0,CuTc,174.5,209.0,140.0,34.5,80.22818000000001,96.90636,63.55,16.678180000000005,0.889,1.228,0.55,0.33899999999999997,9.9665,11.0,8.933,1.0335,9.0,11,7,2.0,1893.885,2430.0,1357.77,536.115,7.503,7.726,7.28,0.22299999999999986,1.9,1.9,1.9,0.0,0.0,0,0,0.0,7.5,10,5,2.5,18.05,23.0,13.1,4.95,1,-0.10098900287159518,2
820,CuZn,101,Cu6Zn6,bridge|B_B|A,0.7353264138080963,0.2030151552725101,2.0,CuZn,139.5,140.0,139.0,0.5,64.475,65.4,63.55,0.9250000000000043,,1.228,1.228,,8.0335,8.933,7.134,0.8994999999999997,11.5,12,11,0.5,1025.225,1357.77,692.68,332.545,8.56,9.394,7.726,0.8340000000000001,1.775,1.9,1.65,0.125,0.0,0,0,0.0,10.0,10,10,0.0,10.225,13.1,7.35,2.875,1,0.5323112585355861,2
825,CuZn,101,Cu6Zn6,top-tilt|B,2.1540181943931462,0.6048585861689162,1.0,CuZn,139.5,140.0,139.0,0.5,64.475,65.4,63.55,0.9250000000000043,,1.228,1.228,,8.0335,8.933,7.134,0.8994999999999997,11.5,12,11,0.5,1025.225,1357.77,692.68,332.545,8.56,9.394,7.726,0.8340000000000001,1.775,1.9,1.65,0.125,0.0,0,0,0.0,10.0,10,10,0.0,10.225,13.1,7.35,2.875,1,1.54915960822423,2
826,CuZn,101,Cu6Zn6,top|A,2.4619865410761035,1.0681296753726883,1.0,CuZn,139.5,140.0,139.0,0.5,64.475,65.4,63.55,0.9250000000000043,,1.228,1.228,,8.0335,8.933,7.134,0.8994999999999997,11.5,12,11,0.5,1025.225,1357.77,692.68,332.545,8.56,9.394,7.726,0.8340000000000001,1.775,1.9,1.65,0.125,0.0,0,0,0.0,10.0,10,10,0.0,10.225,13.1,7.35,2.875,1,1.3938568657034152,2
827,Fe,111,Fe12,hollow|A_A_A|FCC,-1.009618720419166,-1.2233126601232698,3.0,Fe,194.0,194.0,194.0,0.0,55.84,55.84,55.84,0.0,0.163,0.163,0.163,0.0,7.874,7.874,7.874,0.0,8.0,8,8,0.0,1811.0,1811.0,1811.0,0.0,7.902,7.902,7.902,0.0,1.83,1.83,1.83,0.0,0.0,0,0,0.0,6.0,6,6,0.0,13.8,13.8,13.8,0.0,1,0.21369393970410377,1
831,Fe-bcc,110+2%,Fe16,hollow,-1.225776235370838,-2.4479619433550397,3.0,Fe,194.0,194.0,194.0,0.0,55.84,55.84,55.84,0.0,0.163,0.163,0.163,0.0,7.874,7.874,7.874,0.0,8.0,8,8,0.0,1811.0,1811.0,1811.0,0.0,7.902,7.902,7.902,0.0,1.83,1.83,1.83,0.0,0.0,0,0,0.0,6.0,6,6,0.0,13.8,13.8,13.8,0.0,1,1.2221857079842018,1
832,Fe-bcc,110+5%,Fe16,hollow,-1.1600599725844492,-2.8673248795821564,3.0,Fe,194.0,194.0,194.0,0.0,55.84,55.84,55.84,0.0,0.163,0.163,0.163,0.0,7.874,7.874,7.874,0.0,8.0,8,8,0.0,1811.0,1811.0,1811.0,0.0,7.902,7.902,7.902,0.0,1.83,1.83,1.83,0.0,0.0,0,0,0.0,6.0,6,6,0.0,13.8,13.8,13.8,0.0,1,1.7072649069977073,1
833,Fe-bcc,110+8%,Fe16,hollow,-1.1600599725844492,-2.9213562115546665,3.0,Fe,194.0,194.0,194.0,0.0,55.84,55.84,55.84,0.0,0.163,0.163,0.163,0.0,7.874,7.874,7.874,0.0,8.0,8,8,0.0,1811.0,1811.0,1811.0,0.0,7.902,7.902,7.902,0.0,1.83,1.83,1.83,0.0,0.0,0,0,0.0,6.0,6,6,0.0,13.8,13.8,13.8,0.0,1,1.7612962389702174,1
852,Ga,111,Ga12,bridge|A_A|A,0.453394754210538,0.1597630688746676,2.0,Ga,187.0,187.0,187.0,0.0,69.723,69.723,69.723,0.0,0.3,0.3,0.3,0.0,5.91,5.91,5.91,0.0,13.0,13,13,0.0,302.91,302.91,302.91,0.0,5.999,5.999,5.999,0.0,1.81,1.81,1.81,0.0,1.0,1,1,0.0,10.0,10,10,0.0,5.59,5.59,5.59,0.0,1,0.29363168533587036,1
892,Hf-hcp,0001,Hf16,fcc,-3.572316899587052,-2.5439086025835422,3.0,Hf,212.0,212.0,212.0,0.0,178.49,178.49,178.49,0.0,,,,,13.3,13.3,13.3,0.0,4.0,4,4,0.0,2506.0,2506.0,2506.0,0.0,6.825,6.825,6.825,0.0,1.3,1.3,1.3,0.0,0.0,0,0,0.0,2.0,2,2,0.0,25.5,25.5,25.5,0.0,1,-1.0284082970035096,1
893,Hf-hcp,0001,Hf16,hcp,-3.27815038970691,-2.2493015619111247,3.0,Hf,212.0,212.0,212.0,0.0,178.49,178.49,178.49,0.0,,,,,13.3,13.3,13.3,0.0,4.0,4,4,0.0,2506.0,2506.0,2506.0,0.0,6.825,6.825,6.825,0.0,1.3,1.3,1.3,0.0,0.0,0,0,0.0,2.0,2,2,0.0,25.5,25.5,25.5,0.0,1,-1.0288488277957852,1
894,Hf-hcp,0001,Hf16,ontop,-0.8361149698291551,-1.4069435139426787,1.0,Hf,212.0,212.0,212.0,0.0,178.49,178.49,178.49,0.0,,,,,13.3,13.3,13.3,0.0,4.0,4,4,0.0,2506.0,2506.0,2506.0,0.0,6.825,6.825,6.825,0.0,1.3,1.3,1.3,0.0,0.0,0,0,0.0,2.0,2,2,0.0,25.5,25.5,25.5,0.0,1,0.5708285441135236,1
920,In,111,In12,bridge|A_A|A,0.623321973817427,0.1744124533805688,2.0,In,193.0,193.0,193.0,0.0,114.818,114.818,114.818,0.0,0.3,0.3,0.3,0.0,7.31,7.31,7.31,0.0,13.0,13,13,0.0,429.75,429.75,429.75,0.0,5.786,5.786,5.786,0.0,1.78,1.78,1.78,0.0,1.0,1,1,0.0,10.0,10,10,0.0,3.26,3.26,3.26,0.0,1,0.4489095204368583,1
947,Ir-fcc,111,Ir16,hcp,1.0206432869403264,0.9813114830540144,3.0,Ir,202.0,202.0,202.0,0.0,192.22,192.22,192.22,0.0,1.565,1.565,1.565,0.0,22.42,22.42,22.42,0.0,9.0,9,9,0.0,2719.0,2719.0,2719.0,0.0,9.1,9.1,9.1,0.0,2.2,2.2,2.2,0.0,0.0,0,0,0.0,7.0,7,7,0.0,26.0,26.0,26.0,0.0,1,0.03933180388631197,1
948,Ir-fcc,111,Ir16,ontop,2.1173221409833696,1.2944463468302274,1.0,Ir,202.0,202.0,202.0,0.0,192.22,192.22,192.22,0.0,1.565,1.565,1.565,0.0,22.42,22.42,22.42,0.0,9.0,9,9,0.0,2719.0,2719.0,2719.0,0.0,9.1,9.1,9.1,0.0,2.2,2.2,2.2,0.0,0.0,0,0,0.0,7.0,7,7,0.0,26.0,26.0,26.0,0.0,1,0.8228757941531422,1
949,Ir-fcc,111+2%,Ir16,fcc,0.7338261447945564,0.6367968595732236,3.0,Ir,202.0,202.0,202.0,0.0,192.22,192.22,192.22,0.0,1.565,1.565,1.565,0.0,22.42,22.42,22.42,0.0,9.0,9,9,0.0,2719.0,2719.0,2719.0,0.0,9.1,9.1,9.1,0.0,2.2,2.2,2.2,0.0,0.0,0,0,0.0,7.0,7,7,0.0,26.0,26.0,26.0,0.0,1,0.0970292852213328,1
950,Ir-fcc,111+5%,Ir16,fcc,0.662775227015186,0.4513326387314009,3.0,Ir,202.0,202.0,202.0,0.0,192.22,192.22,192.22,0.0,1.565,1.565,1.565,0.0,22.42,22.42,22.42,0.0,9.0,9,9,0.0,2719.0,2719.0,2719.0,0.0,9.1,9.1,9.1,0.0,2.2,2.2,2.2,0.0,0.0,0,0,0.0,7.0,7,7,0.0,26.0,26.0,26.0,0.0,1,0.2114425882837851,1
951,Ir-fcc,111+8%,Ir16,fcc,0.28830961972965263,0.0625655022449791,3.0,Ir,202.0,202.0,202.0,0.0,192.22,192.22,192.22,0.0,1.565,1.565,1.565,0.0,22.42,22.42,22.42,0.0,9.0,9,9,0.0,2719.0,2719.0,2719.0,0.0,9.1,9.1,9.1,0.0,2.2,2.2,2.2,0.0,0.0,0,0,0.0,7.0,7,7,0.0,26.0,26.0,26.0,0.0,1,0.22574411748467355,1
952,Ir-fcc,111-1%,Ir16,fcc,1.0115591217279785,0.8207010517799063,3.0,Ir,202.0,202.0,202.0,0.0,192.22,192.22,192.22,0.0,1.565,1.565,1.565,0.0,22.42,22.42,22.42,0.0,9.0,9,9,0.0,2719.0,2719.0,2719.0,0.0,9.1,9.1,9.1,0.0,2.2,2.2,2.2,0.0,0.0,0,0,0.0,7.0,7,7,0.0,26.0,26.0,26.0,0.0,1,0.1908580699480722,1
953,Ir-fcc,111-2%,Ir16,fcc,1.00671137143322,0.8731197010783944,3.0,Ir,202.0,202.0,202.0,0.0,192.22,192.22,192.22,0.0,1.565,1.565,1.565,0.0,22.42,22.42,22.42,0.0,9.0,9,9,0.0,2719.0,2719.0,2719.0,0.0,9.1,9.1,9.1,0.0,2.2,2.2,2.2,0.0,0.0,0,0,0.0,7.0,7,7,0.0,26.0,26.0,26.0,0.0,1,0.13359167035482566,1
954,Ir-fcc,111-3%,Ir16,fcc,1.0068373171862122,0.9185403988085454,3.0,Ir,202.0,202.0,202.0,0.0,192.22,192.22,192.22,0.0,1.565,1.565,1.565,0.0,22.42,22.42,22.42,0.0,9.0,9,9,0.0,2719.0,2719.0,2719.0,0.0,9.1,9.1,9.1,0.0,2.2,2.2,2.2,0.0,0.0,0,0,0.0,7.0,7,7,0.0,26.0,26.0,26.0,0.0,1,0.08829691837766673,1
955,Ir-fcc,111-5%,Ir16,fcc,1.0239061283315143,0.9716775647102622,3.0,Ir,202.0,202.0,202.0,0.0,192.22,192.22,192.22,0.0,1.565,1.565,1.565,0.0,22.42,22.42,22.42,0.0,9.0,9,9,0.0,2719.0,2719.0,2719.0,0.0,9.1,9.1,9.1,0.0,2.2,2.2,2.2,0.0,0.0,0,0,0.0,7.0,7,7,0.0,26.0,26.0,26.0,0.0,1,0.052228563621252055,1
956,Ir3Ag,111,Ag3Ir9,bridge|A_A|A,0.7260322178891423,0.4672938841803216,2.0,AgIr3,194.5,202.0,172.0,12.99038105676658,171.132,192.22,107.868,36.52548743001249,1.49925,1.565,1.302,0.11388234059765365,19.440250000000002,22.42,10.501,5.161078393853363,9.5,11,9,0.8660254037844386,2347.9825,2719.0,1234.93,642.621160497186,8.719,9.1,7.576,0.6599113576837422,2.1325000000000003,2.2,1.93,0.11691342951089932,0.0,0,0,0.0,7.75,10,7,1.299038105676658,22.325,26.0,11.3,6.365286717815624,1,0.2587383337088207,2
957,Ir3Ag,111,Ag3Ir9,bridge|A_A|B,0.7529909915284233,0.2964681632846577,2.0,AgIr3,194.5,202.0,172.0,12.99038105676658,171.132,192.22,107.868,36.52548743001249,1.49925,1.565,1.302,0.11388234059765365,19.440250000000002,22.42,10.501,5.161078393853363,9.5,11,9,0.8660254037844386,2347.9825,2719.0,1234.93,642.621160497186,8.719,9.1,7.576,0.6599113576837422,2.1325000000000003,2.2,1.93,0.11691342951089932,0.0,0,0,0.0,7.75,10,7,1.299038105676658,22.325,26.0,11.3,6.365286717815624,1,0.4565228282437656,2
960,Ir3Ag,111,Ag3Ir9,top|A,1.2117173051998589,0.2901937623799995,1.0,AgIr3,194.5,202.0,172.0,12.99038105676658,171.132,192.22,107.868,36.52548743001249,1.49925,1.565,1.302,0.11388234059765365,19.440250000000002,22.42,10.501,5.161078393853363,9.5,11,9,0.8660254037844386,2347.9825,2719.0,1234.93,642.621160497186,8.719,9.1,7.576,0.6599113576837422,2.1325000000000003,2.2,1.93,0.11691342951089932,0.0,0,0,0.0,7.75,10,7,1.299038105676658,22.325,26.0,11.3,6.365286717815624,1,0.9215235428198594,2
969,Ir3Au,111,Au3Ir9,bridge|A_A|B,0.8185544486410846,0.3767832430793305,2.0,AuIr3,193.0,202.0,166.0,15.588457268119896,193.40664249999998,196.96657,192.22,2.0553251004205477,1.7510000000000001,2.309,1.565,0.3221614502078113,21.6355,22.42,19.282,1.358793858537785,9.5,11,9,0.8660254037844386,2373.5825,2719.0,1337.33,598.2806598234228,9.131499999999999,9.226,9.1,0.05455960043842016,2.285,2.54,2.2,0.1472243186433545,0.0,0,0,0.0,7.75,10,7,1.299038105676658,22.625,26.0,12.5,5.845671475544961,1,0.44177120556175414,2
972,Ir3Au,111,Au3Ir9,top|A,1.3314589928967384,0.3669777569783718,1.0,AuIr3,193.0,202.0,166.0,15.588457268119896,193.40664249999998,196.96657,192.22,2.0553251004205477,1.7510000000000001,2.309,1.565,0.3221614502078113,21.6355,22.42,19.282,1.358793858537785,9.5,11,9,0.8660254037844386,2373.5825,2719.0,1337.33,598.2806598234228,9.131499999999999,9.226,9.1,0.05455960043842016,2.285,2.54,2.2,0.1472243186433545,0.0,0,0,0.0,7.75,10,7,1.299038105676658,22.625,26.0,12.5,5.845671475544961,1,0.9644812359183665,2
978,Ir3Cu,111,Cu3Ir9,bridge|A_A|A,0.7743200359852839,0.4449657191843243,2.0,CuIr3,186.5,202.0,140.0,26.846787517317598,160.05249999999998,192.22,63.55,55.71574435247186,1.48075,1.565,1.228,0.1459252805376779,19.048250000000003,22.42,8.933,5.840042310420363,9.5,11,9,0.8660254037844386,2378.6925,2719.0,1357.77,589.4298801967457,8.756499999999999,9.1,7.726,0.5949594523999092,2.125,2.2,1.9,0.1299038105676659,0.0,0,0,0.0,7.75,10,7,1.299038105676658,22.775,26.0,13.1,5.585863854409629,1,0.32935431680095956,2
979,Ir3Cu,111,Cu3Ir9,bridge|A_A|B,0.7984338001817806,0.2779822456840293,2.0,CuIr3,186.5,202.0,140.0,26.846787517317598,160.05249999999998,192.22,63.55,55.71574435247186,1.48075,1.565,1.228,0.1459252805376779,19.048250000000003,22.42,8.933,5.840042310420363,9.5,11,9,0.8660254037844386,2378.6925,2719.0,1357.77,589.4298801967457,8.756499999999999,9.1,7.726,0.5949594523999092,2.125,2.2,1.9,0.1299038105676659,0.0,0,0,0.0,7.75,10,7,1.299038105676658,22.775,26.0,13.1,5.585863854409629,1,0.5204515544977513,2
983,Ir3Cu,111,Cu3Ir9,top|A,1.310194957659745,0.3678898824845191,1.0,CuIr3,186.5,202.0,140.0,26.846787517317598,160.05249999999998,192.22,63.55,55.71574435247186,1.48075,1.565,1.228,0.1459252805376779,19.048250000000003,22.42,8.933,5.840042310420363,9.5,11,9,0.8660254037844386,2378.6925,2719.0,1357.77,589.4298801967457,8.756499999999999,9.1,7.726,0.5949594523999092,2.125,2.2,1.9,0.1299038105676659,0.0,0,0,0.0,7.75,10,7,1.299038105676658,22.775,26.0,13.1,5.585863854409629,1,0.9423050751752258,2
984,Ir3Cu,111,Cu3Ir9,top|B,2.9052632204772935,1.46686992018374,1.0,CuIr3,186.5,202.0,140.0,26.846787517317598,160.05249999999998,192.22,63.55,55.71574435247186,1.48075,1.565,1.228,0.1459252805376779,19.048250000000003,22.42,8.933,5.840042310420363,9.5,11,9,0.8660254037844386,2378.6925,2719.0,1357.77,589.4298801967457,8.756499999999999,9.1,7.726,0.5949594523999092,2.125,2.2,1.9,0.1299038105676659,0.0,0,0,0.0,7.75,10,7,1.299038105676658,22.775,26.0,13.1,5.585863854409629,1,1.4383933002935534,2
1008,Ir3Pd,111,Ir9Pd3,bridge|A_A|A,0.8215858134028979,0.3945902365784377,2.0,Ir3Pd,202.0,202.0,202.0,0.0,170.76999999999998,192.22,106.42,37.152489822352415,1.3130000000000002,1.565,0.557,0.436476803507357,19.815,22.42,12.0,4.511992353716926,9.25,10,9,0.4330127018922193,2496.2625,2719.0,1828.05,385.7926667508728,8.90925,9.1,8.337,0.3303886915437633,2.2,2.2,2.2,0.0,0.0,0,0,0.0,7.75,10,7,1.299038105676658,23.675,26.0,16.7,4.02701812759764,1,0.4269955768244602,2
1009,Ir3Pd,111,Ir9Pd3,bridge|A_A|B,0.8528894069901892,0.3206315999785829,2.0,Ir3Pd,202.0,202.0,202.0,0.0,170.76999999999998,192.22,106.42,37.152489822352415,1.3130000000000002,1.565,0.557,0.436476803507357,19.815,22.42,12.0,4.511992353716926,9.25,10,9,0.4330127018922193,2496.2625,2719.0,1828.05,385.7926667508728,8.90925,9.1,8.337,0.3303886915437633,2.2,2.2,2.2,0.0,0.0,0,0,0.0,7.75,10,7,1.299038105676658,23.675,26.0,16.7,4.02701812759764,1,0.5322578070116063,2
1013,Ir3Pd,111,Ir9Pd3,top|A,1.2419870428914372,0.2861096057794157,1.0,Ir3Pd,202.0,202.0,202.0,0.0,170.76999999999998,192.22,106.42,37.152489822352415,1.3130000000000002,1.565,0.557,0.436476803507357,19.815,22.42,12.0,4.511992353716926,9.25,10,9,0.4330127018922193,2496.2625,2719.0,1828.05,385.7926667508728,8.90925,9.1,8.337,0.3303886915437633,2.2,2.2,2.2,0.0,0.0,0,0,0.0,7.75,10,7,1.299038105676658,23.675,26.0,16.7,4.02701812759764,1,0.9558774371120216,2
1015,Ir3Pt,111,Ir9Pt3,bridge|A_A|A,0.7947074878947035,0.4209514006805648,2.0,Ir3Pt,203.75,209.0,202.0,3.031088913245535,192.935,195.08,192.22,1.2384163274117532,1.70575,2.128,1.565,0.24378615116531957,22.18,22.42,21.46,0.41569219381653094,9.25,10,9,0.4330127018922193,2549.6375,2719.0,2041.55,293.34445489688403,9.075,9.1,9.0,0.04330127018922177,2.22,2.28,2.2,0.034641016151377386,0.0,0,0,0.0,7.5,9,7,0.8660254037844386,24.5,26.0,20.0,2.598076211353316,1,0.37375608721413867,2
1016,Ir3Pt,111,Ir9Pt3,bridge|A_A|B,0.7983781247989548,0.4054302994817362,2.0,Ir3Pt,203.75,209.0,202.0,3.031088913245535,192.935,195.08,192.22,1.2384163274117532,1.70575,2.128,1.565,0.24378615116531957,22.18,22.42,21.46,0.41569219381653094,9.25,10,9,0.4330127018922193,2549.6375,2719.0,2041.55,293.34445489688403,9.075,9.1,9.0,0.04330127018922177,2.22,2.28,2.2,0.034641016151377386,0.0,0,0,0.0,7.5,9,7,0.8660254037844386,24.5,26.0,20.0,2.598076211353316,1,0.39294782531721856,2
1020,Ir3Pt,111,Ir9Pt3,top|A,1.31376943561215,0.3504932365802915,1.0,Ir3Pt,203.75,209.0,202.0,3.031088913245535,192.935,195.08,192.22,1.2384163274117532,1.70575,2.128,1.565,0.24378615116531957,22.18,22.42,21.46,0.41569219381653094,9.25,10,9,0.4330127018922193,2549.6375,2719.0,2041.55,293.34445489688403,9.075,9.1,9.0,0.04330127018922177,2.22,2.28,2.2,0.034641016151377386,0.0,0,0,0.0,7.5,9,7,0.8660254037844386,24.5,26.0,20.0,2.598076211353316,1,0.9632761990318586,2
1026,Ir3Re,111,Ir9Re3,top|A,0.8767796965971048,0.5217252234805301,1.0,Ir3Re,205.75,217.0,202.0,6.49519052838329,190.71675,192.22,186.207,2.603705376477917,1.2112500000000002,1.565,0.15,0.6127129731774903,22.015,22.42,20.8,0.7014805770653957,8.5,9,7,0.8660254037844386,2904.0,3459.0,2719.0,320.4293994002423,8.795,9.1,7.88,0.5282754963085075,2.125,2.2,1.9,0.1299038105676659,0.0,0,0,0.0,6.5,7,5,0.8660254037844386,27.75,33.0,26.0,3.031088913245535,1,0.3550544731165747,2
1028,Ir3Rh,111,Ir9Rh3,bridge|A_A|A,0.9002428224055441,0.4091273741804571,2.0,Ir3Rh,200.25,202.0,195.0,3.031088913245535,169.89137499999998,192.22,102.9055,38.67431296315262,1.4580000000000002,1.565,1.137,0.18532943640986985,19.915000000000003,22.42,12.4,4.3387872729600385,9.0,9,9,0.0,2598.5,2719.0,2237.0,208.7121223120497,8.68975,9.1,7.459,0.7105738438051319,2.22,2.28,2.2,0.034641016151377386,0.0,0,0,0.0,7.25,8,7,0.4330127018922193,24.925,26.0,21.7,1.8619546181365434,1,0.491115448225087,2
1029,Ir3Rh,111,Ir9Rh3,bridge|A_A|B,0.9627253588611954,0.3502756815804559,2.0,Ir3Rh,200.25,202.0,195.0,3.031088913245535,169.89137499999998,192.22,102.9055,38.67431296315262,1.4580000000000002,1.565,1.137,0.18532943640986985,19.915000000000003,22.42,12.4,4.3387872729600385,9.0,9,9,0.0,2598.5,2719.0,2237.0,208.7121223120497,8.68975,9.1,7.459,0.7105738438051319,2.22,2.28,2.2,0.034641016151377386,0.0,0,0,0.0,7.25,8,7,0.4330127018922193,24.925,26.0,21.7,1.8619546181365434,1,0.6124496772807395,2
1030,Ir3Rh,111,Ir9Rh3,bridge|A_B|A,0.9363536580711845,0.3979432232816862,2.0,Ir3Rh,200.25,202.0,195.0,3.031088913245535,169.89137499999998,192.22,102.9055,38.67431296315262,1.4580000000000002,1.565,1.137,0.18532943640986985,19.915000000000003,22.42,12.4,4.3387872729600385,9.0,9,9,0.0,2598.5,2719.0,2237.0,208.7121223120497,8.68975,9.1,7.459,0.7105738438051319,2.22,2.28,2.2,0.034641016151377386,0.0,0,0,0.0,7.25,8,7,0.4330127018922193,24.925,26.0,21.7,1.8619546181365434,1,0.5384104347894983,2
1037,Ir3Ru,111,Ir9Ru3,bridge|A_A|A,0.8434316925400152,0.4937351857778367,2.0,Ir3Ru,203.25,207.0,202.0,2.165063509461097,169.44,192.22,101.1,39.456117396419025,1.43625,1.565,1.05,0.22300154147449291,19.84,22.42,12.1,4.4686910835277045,8.75,9,8,0.4330127018922193,2691.0,2719.0,2607.0,48.49742261192856,8.665249999999999,9.1,7.361,0.7530090885905694,2.2,2.2,2.2,0.0,0.0,0,0,0.0,7.0,7,7,0.0,25.925,26.0,25.7,0.12990381056766612,1,0.34969650676217845,2
1038,Ir3Ru,111,Ir9Ru3,bridge|A_B|A,0.5627615914966436,0.2521595947808919,2.0,Ir3Ru,203.25,207.0,202.0,2.165063509461097,169.44,192.22,101.1,39.456117396419025,1.43625,1.565,1.05,0.22300154147449291,19.84,22.42,12.1,4.4686910835277045,8.75,9,8,0.4330127018922193,2691.0,2719.0,2607.0,48.49742261192856,8.665249999999999,9.1,7.361,0.7530090885905694,2.2,2.2,2.2,0.0,0.0,0,0,0.0,7.0,7,7,0.0,25.925,26.0,25.7,0.12990381056766612,1,0.3106019967157517,2
1039,Ir3Ru,111,Ir9Ru3,hollow|A_A_A|FCC,0.8222971493087843,0.7581702440810432,3.0,Ir3Ru,203.25,207.0,202.0,2.165063509461097,169.44,192.22,101.1,39.456117396419025,1.43625,1.565,1.05,0.22300154147449291,19.84,22.42,12.1,4.4686910835277045,8.75,9,8,0.4330127018922193,2691.0,2719.0,2607.0,48.49742261192856,8.665249999999999,9.1,7.361,0.7530090885905694,2.2,2.2,2.2,0.0,0.0,0,0,0.0,7.0,7,7,0.0,25.925,26.0,25.7,0.12990381056766612,1,0.06412690522774112,2
1040,Ir3Ru,111,Ir9Ru3,hollow|A_A_A|HCP,0.9761471751280206,0.8271516463800026,3.0,Ir3Ru,203.25,207.0,202.0,2.165063509461097,169.44,192.22,101.1,39.456117396419025,1.43625,1.565,1.05,0.22300154147449291,19.84,22.42,12.1,4.4686910835277045,8.75,9,8,0.4330127018922193,2691.0,2719.0,2607.0,48.49742261192856,8.665249999999999,9.1,7.361,0.7530090885905694,2.2,2.2,2.2,0.0,0.0,0,0,0.0,7.0,7,7,0.0,25.925,26.0,25.7,0.12990381056766612,1,0.14899552874801802,2
1070,IrO2-columbite,101,Ir16O32,O1C-CUS-Kitchen,1.213041942037414,-0.2247218999999631,1.0,IrO2,168.66666666666666,202.0,152.0,23.570226039551585,74.73933333333332,192.22,15.999,83.07137605831639,1.4956666666666667,1.565,1.461,0.04902607016226723,7.474286,22.42,0.001429,10.56821571907472,13.666666666666666,16,9,3.2998316455372216,942.5733333333333,2719.0,54.36,1256.1233422806147,12.112,13.618,9.1,2.1298056249338817,3.0266666666666664,3.44,2.2,0.5845416057808792,2.6666666666666665,4,0,1.8856180831641267,2.333333333333333,7,0,3.2998316455372216,8.814666666666666,26.0,0.222,12.151865736951214,1,1.437763842037377,2
1081,IrPd,101,Ir6Pd6,bridge|A_A|B,0.7600567586343421,0.2211648761812057,2.0,IrPd,202.0,202.0,202.0,0.0,149.32,192.22,106.42,42.9,1.061,1.565,0.557,0.504,17.21,22.42,12.0,5.210000000000001,9.5,10,9,0.5,2273.525,2719.0,1828.05,445.475,8.718499999999999,9.1,8.337,0.3815,2.2,2.2,2.2,0.0,0.0,0,0,0.0,8.5,10,7,1.5,21.35,26.0,16.7,4.65,1,0.5388918824531364,2
1086,IrPd,101,Ir6Pd6,top-tilt|B,2.166507236203161,0.9312218560816063,1.0,IrPd,202.0,202.0,202.0,0.0,149.32,192.22,106.42,42.9,1.061,1.565,0.557,0.504,17.21,22.42,12.0,5.210000000000001,9.5,10,9,0.5,2273.525,2719.0,1828.05,445.475,8.718499999999999,9.1,8.337,0.3815,2.2,2.2,2.2,0.0,0.0,0,0,0.0,8.5,10,7,1.5,21.35,26.0,16.7,4.65,1,1.2352853801215549,2
1087,IrPd,101,Ir6Pd6,top|A,1.0543921943280243,0.2415399440805004,1.0,IrPd,202.0,202.0,202.0,0.0,149.32,192.22,106.42,42.9,1.061,1.565,0.557,0.504,17.21,22.42,12.0,5.210000000000001,9.5,10,9,0.5,2273.525,2719.0,1828.05,445.475,8.718499999999999,9.1,8.337,0.3815,2.2,2.2,2.2,0.0,0.0,0,0,0.0,8.5,10,7,1.5,21.35,26.0,16.7,4.65,1,0.8128522502475239,2
1088,IrPt,101,Ir6Pt6,bridge|A_A|B,0.8148687698010878,0.360075045181361,2.0,IrPt,205.5,209.0,202.0,3.5,193.65,195.08,192.22,1.4300000000000068,1.8465,2.128,1.565,0.2815000000000001,21.94,22.42,21.46,0.4800000000000004,9.5,10,9,0.5,2380.275,2719.0,2041.55,338.725,9.05,9.1,9.0,0.04999999999999982,2.24,2.28,2.2,0.039999999999999813,0.0,0,0,0.0,8.0,9,7,1.0,23.0,26.0,20.0,3.0,1,0.4547937246197268,2
1089,IrPt,101,Ir6Pt6,bridge|B_B|A,1.2491896635976676,0.9047247710813052,2.0,IrPt,205.5,209.0,202.0,3.5,193.65,195.08,192.22,1.4300000000000068,1.8465,2.128,1.565,0.2815000000000001,21.94,22.42,21.46,0.4800000000000004,9.5,10,9,0.5,2380.275,2719.0,2041.55,338.725,9.05,9.1,9.0,0.04999999999999982,2.24,2.28,2.2,0.039999999999999813,0.0,0,0,0.0,8.0,9,7,1.0,23.0,26.0,20.0,3.0,1,0.34446489251636236,2
1095,IrPt,101,Ir6Pt6,top|B,1.9247087411921906,0.7739016893800681,1.0,IrPt,205.5,209.0,202.0,3.5,193.65,195.08,192.22,1.4300000000000068,1.8465,2.128,1.565,0.2815000000000001,21.94,22.42,21.46,0.4800000000000004,9.5,10,9,0.5,2380.275,2719.0,2041.55,338.725,9.05,9.1,9.0,0.04999999999999982,2.24,2.28,2.2,0.039999999999999813,0.0,0,0,0.0,8.0,9,7,1.0,23.0,26.0,20.0,3.0,1,1.1508070518121225,2
1096,IrRe,101,Ir6Re6,bridge|B_B|A,-0.5386638719395852,-0.4572372369212871,2.0,IrRe,209.5,217.0,202.0,7.5,189.2135,192.22,186.207,3.0065000000000026,0.8574999999999999,1.565,0.15,0.7074999999999999,21.61,22.42,20.8,0.8100000000000005,8.0,9,7,1.0,3089.0,3459.0,2719.0,370.0,8.49,9.1,7.88,0.6099999999999999,2.05,2.2,1.9,0.15000000000000013,0.0,0,0,0.0,6.0,7,5,1.0,29.5,33.0,26.0,3.5,1,-0.08142663501829811,2
1100,IrRe,101,Ir6Re6,top|A,0.9560556271585501,0.6772412754806965,1.0,IrRe,209.5,217.0,202.0,7.5,189.2135,192.22,186.207,3.0065000000000026,0.8574999999999999,1.565,0.15,0.7074999999999999,21.61,22.42,20.8,0.8100000000000005,8.0,9,7,1.0,3089.0,3459.0,2719.0,370.0,8.49,9.1,7.88,0.6099999999999999,2.05,2.2,1.9,0.15000000000000013,0.0,0,0,0.0,6.0,7,5,1.0,29.5,33.0,26.0,3.5,1,0.2788143516778536,2
1102,IrRh,101,Ir6Rh6,bridge|A_A|B,0.8841356368339085,0.3161376399810933,2.0,IrRh,198.5,202.0,195.0,3.5,147.56275,192.22,102.9055,44.65725,1.351,1.565,1.137,0.21399999999999997,17.41,22.42,12.4,5.010000000000001,9.0,9,9,0.0,2478.0,2719.0,2237.0,241.0,8.279499999999999,9.1,7.459,0.8205,2.24,2.28,2.2,0.039999999999999813,0.0,0,0,0.0,7.5,8,7,0.5,23.85,26.0,21.7,2.1500000000000004,1,0.5679979968528153,2
1103,IrRh,101,Ir6Rh6,bridge|A_B|B,0.8731787527126593,0.3246111288798374,2.0,IrRh,198.5,202.0,195.0,3.5,147.56275,192.22,102.9055,44.65725,1.351,1.565,1.137,0.21399999999999997,17.41,22.42,12.4,5.010000000000001,9.0,9,9,0.0,2478.0,2719.0,2237.0,241.0,8.279499999999999,9.1,7.459,0.8205,2.24,2.28,2.2,0.039999999999999813,0.0,0,0,0.0,7.5,8,7,0.5,23.85,26.0,21.7,2.1500000000000004,1,0.5485676238328219,2
1104,IrRh,101,Ir6Rh6,bridge|B_B|A,0.8238086605865226,0.404237352479754,2.0,IrRh,198.5,202.0,195.0,3.5,147.56275,192.22,102.9055,44.65725,1.351,1.565,1.137,0.21399999999999997,17.41,22.42,12.4,5.010000000000001,9.0,9,9,0.0,2478.0,2719.0,2237.0,241.0,8.279499999999999,9.1,7.459,0.8205,2.24,2.28,2.2,0.039999999999999813,0.0,0,0,0.0,7.5,8,7,0.5,23.85,26.0,21.7,2.1500000000000004,1,0.41957130810676857,2
1109,IrRh,101,Ir6Rh6,top|A,1.145485844243063,0.2830887339813444,1.0,IrRh,198.5,202.0,195.0,3.5,147.56275,192.22,102.9055,44.65725,1.351,1.565,1.137,0.21399999999999997,17.41,22.42,12.4,5.010000000000001,9.0,9,9,0.0,2478.0,2719.0,2237.0,241.0,8.279499999999999,9.1,7.459,0.8205,2.24,2.28,2.2,0.039999999999999813,0.0,0,0,0.0,7.5,8,7,0.5,23.85,26.0,21.7,2.1500000000000004,1,0.8623971102617187,2
1110,IrRh,101,Ir6Rh6,top|B,1.1550069984530333,0.5172002423795448,1.0,IrRh,198.5,202.0,195.0,3.5,147.56275,192.22,102.9055,44.65725,1.351,1.565,1.137,0.21399999999999997,17.41,22.42,12.4,5.010000000000001,9.0,9,9,0.0,2478.0,2719.0,2237.0,241.0,8.279499999999999,9.1,7.459,0.8205,2.24,2.28,2.2,0.039999999999999813,0.0,0,0,0.0,7.5,8,7,0.5,23.85,26.0,21.7,2.1500000000000004,1,0.6378067560734886,2
1111,IrRu,101,Ir6Ru6,bridge|A_A|B,0.9688668134775779,0.7342462674795343,2.0,IrRu,204.5,207.0,202.0,2.5,146.66,192.22,101.1,45.56,1.3075,1.565,1.05,0.25749999999999995,17.26,22.42,12.1,5.160000000000001,8.5,9,8,0.5,2663.0,2719.0,2607.0,56.0,8.2305,9.1,7.361,0.8694999999999999,2.2,2.2,2.2,0.0,0.0,0,0,0.0,7.0,7,7,0.0,25.85,26.0,25.7,0.15000000000000036,1,0.2346205459980436,2
1112,IrRu,101,Ir6Ru6,bridge|A_B|A,0.5086394381726317,0.2882108687780373,2.0,IrRu,204.5,207.0,202.0,2.5,146.66,192.22,101.1,45.56,1.3075,1.565,1.05,0.25749999999999995,17.26,22.42,12.1,5.160000000000001,8.5,9,8,0.5,2663.0,2719.0,2607.0,56.0,8.2305,9.1,7.361,0.8694999999999999,2.2,2.2,2.2,0.0,0.0,0,0,0.0,7.0,7,7,0.0,25.85,26.0,25.7,0.15000000000000036,1,0.22042856939459438,2
1113,IrRu,101,Ir6Ru6,bridge|B_B|A,0.28556760453815194,0.0232193377786416,2.0,IrRu,204.5,207.0,202.0,2.5,146.66,192.22,101.1,45.56,1.3075,1.565,1.05,0.25749999999999995,17.26,22.42,12.1,5.160000000000001,8.5,9,8,0.5,2663.0,2719.0,2607.0,56.0,8.2305,9.1,7.361,0.8694999999999999,2.2,2.2,2.2,0.0,0.0,0,0,0.0,7.0,7,7,0.0,25.85,26.0,25.7,0.15000000000000036,1,0.26234826675951034,2
1118,IrRu,101,Ir6Ru6,top|A,1.1164209223900936,0.4341977663797252,1.0,IrRu,204.5,207.0,202.0,2.5,146.66,192.22,101.1,45.56,1.3075,1.565,1.05,0.25749999999999995,17.26,22.42,12.1,5.160000000000001,8.5,9,8,0.5,2663.0,2719.0,2607.0,56.0,8.2305,9.1,7.361,0.8694999999999999,2.2,2.2,2.2,0.0,0.0,0,0,0.0,7.0,7,7,0.0,25.85,26.0,25.7,0.15000000000000036,1,0.6822231560103684,2
1119,IrRu,101,Ir6Ru6,top|B,0.7990897116548334,0.2699157030773449,1.0,IrRu,204.5,207.0,202.0,2.5,146.66,192.22,101.1,45.56,1.3075,1.565,1.05,0.25749999999999995,17.26,22.42,12.1,5.160000000000001,8.5,9,8,0.5,2663.0,2719.0,2607.0,56.0,8.2305,9.1,7.361,0.8694999999999999,2.2,2.2,2.2,0.0,0.0,0,0,0.0,7.0,7,7,0.0,25.85,26.0,25.7,0.15000000000000036,1,0.5291740085774885,2
1158,Mn,111,Mn12,hollow|A_A_A|HCP,-1.6521763207090294,-2.3327796930271916,3.0,Mn,197.0,197.0,197.0,0.0,54.93804,54.93804,54.93804,0.0,,,,,7.3,7.3,7.3,0.0,7.0,7,7,0.0,1519.0,1519.0,1519.0,0.0,7.434,7.434,7.434,0.0,1.55,1.55,1.55,0.0,0.0,0,0,0.0,5.0,5,5,0.0,13.2,13.2,13.2,0.0,1,0.6806033723181621,1
1159,Mn,111,Mn12,top|A,0.5622296803561353,0.4392340492748872,1.0,Mn,197.0,197.0,197.0,0.0,54.93804,54.93804,54.93804,0.0,,,,,7.3,7.3,7.3,0.0,7.0,7,7,0.0,1519.0,1519.0,1519.0,0.0,7.434,7.434,7.434,0.0,1.55,1.55,1.55,0.0,0.0,0,0,0.0,5.0,5,5,0.0,13.2,13.2,13.2,0.0,1,0.12299563108124811,1
1168,Mo-bcc,110,Mo16,longbridge,-1.4781603264654688,-0.8634187066745653,4.0,Mo,209.0,209.0,209.0,0.0,95.95,95.95,95.95,0.0,0.746,0.746,0.746,0.0,10.2,10.2,10.2,0.0,6.0,6,6,0.0,2896.0,2896.0,2896.0,0.0,7.092,7.092,7.092,0.0,2.16,2.16,2.16,0.0,0.0,0,0,0.0,5.0,5,5,0.0,36.0,36.0,36.0,0.0,1,-0.6147416197909035,1
1169,Mo-bcc,110,Mo16,ontop,-1.323553749241467,-0.5222823765070643,4.0,Mo,209.0,209.0,209.0,0.0,95.95,95.95,95.95,0.0,0.746,0.746,0.746,0.0,10.2,10.2,10.2,0.0,6.0,6,6,0.0,2896.0,2896.0,2896.0,0.0,7.092,7.092,7.092,0.0,2.16,2.16,2.16,0.0,0.0,0,0,0.0,5.0,5,5,0.0,36.0,36.0,36.0,0.0,1,-0.8012713727344027,1
1170,Mo-bcc,110,Mo16,shortbridge,-1.500613106520729,-0.9357626197052014,4.0,Mo,209.0,209.0,209.0,0.0,95.95,95.95,95.95,0.0,0.746,0.746,0.746,0.0,10.2,10.2,10.2,0.0,6.0,6,6,0.0,2896.0,2896.0,2896.0,0.0,7.092,7.092,7.092,0.0,2.16,2.16,2.16,0.0,0.0,0,0,0.0,5.0,5,5,0.0,36.0,36.0,36.0,0.0,1,-0.5648504868155277,1
1212,Ni-HAB,001,Ni3C12H12N12,bridged-site,1.988395919921818,0.6798237334151054,2.0,NiC4H4N4,149.46153846153845,170.0,120.0,20.50371592818983,12.830538461538461,58.693,1.008,14.33306521844553,,1.263,0.754,,1.3834893784615387,8.912,8.988e-05,2.403496637180738,10.0,15,1,6.12686392361227,1332.9107692307693,3823.0,13.81,1717.9493592180968,12.708307692307695,14.534,7.64,1.972443677059398,2.543846153846154,3.04,1.91,0.37820504128638727,1.5384615384615385,3,0,1.277942132756627,0.6153846153846154,8,0,2.1317548400847723,33.91323076923077,105.0,0.36,47.592993973990374,1,1.3085721865067126,4
1213,Ni-HAB,001,Ni3C12H12N12,metal-site,3.201889084569704,1.571457350579294,1.0,NiC4H4N4,149.46153846153845,170.0,120.0,20.50371592818983,12.830538461538461,58.693,1.008,14.33306521844553,,1.263,0.754,,1.3834893784615387,8.912,8.988e-05,2.403496637180738,10.0,15,1,6.12686392361227,1332.9107692307693,3823.0,13.81,1717.9493592180968,12.708307692307695,14.534,7.64,1.972443677059398,2.543846153846154,3.04,1.91,0.37820504128638727,1.5384615384615385,3,0,1.277942132756627,0.6153846153846154,8,0,2.1317548400847723,33.91323076923077,105.0,0.36,47.592993973990374,1,1.6304317339904102,4
1215,Ni-fcc,111,Ni16,hcp,1.1157118097873535,0.5660064444527961,3.0,Ni,163.0,163.0,163.0,0.0,58.693,58.693,58.693,0.0,1.156,1.156,1.156,0.0,8.912,8.912,8.912,0.0,10.0,10,10,0.0,1728.0,1728.0,1728.0,0.0,7.64,7.64,7.64,0.0,1.91,1.91,1.91,0.0,0.0,0,0,0.0,8.0,8,8,0.0,17.2,17.2,17.2,0.0,1,0.5497053653345574,1
1216,Ni-fcc,111,Ni16,ontop,2.2927571546316137,1.0370644792856183,1.0,Ni,163.0,163.0,163.0,0.0,58.693,58.693,58.693,0.0,1.156,1.156,1.156,0.0,8.912,8.912,8.912,0.0,10.0,10,10,0.0,1728.0,1728.0,1728.0,0.0,7.64,7.64,7.64,0.0,1.91,1.91,1.91,0.0,0.0,0,0,0.0,8.0,8,8,0.0,17.2,17.2,17.2,0.0,1,1.2556926753459954,1
1217,Ni-fcc,111+2%,Ni16,fcc,0.22810171099535664,-0.0745129324350273,3.0,Ni,163.0,163.0,163.0,0.0,58.693,58.693,58.693,0.0,1.156,1.156,1.156,0.0,8.912,8.912,8.912,0.0,10.0,10,10,0.0,1728.0,1728.0,1728.0,0.0,7.64,7.64,7.64,0.0,1.91,1.91,1.91,0.0,0.0,0,0,0.0,8.0,8,8,0.0,17.2,17.2,17.2,0.0,1,0.3026146434303839,1
1218,Ni-fcc,111+5%,Ni16,fcc,0.059072126894035,-0.22358682542108,3.0,Ni,163.0,163.0,163.0,0.0,58.693,58.693,58.693,0.0,1.156,1.156,1.156,0.0,8.912,8.912,8.912,0.0,10.0,10,10,0.0,1728.0,1728.0,1728.0,0.0,7.64,7.64,7.64,0.0,1.91,1.91,1.91,0.0,0.0,0,0,0.0,8.0,8,8,0.0,17.2,17.2,17.2,0.0,1,0.282658952315115,1
1219,Ni-fcc,111+8%,Ni16,fcc,-0.12374704206575142,-0.3625457027810626,3.0,Ni,163.0,163.0,163.0,0.0,58.693,58.693,58.693,0.0,1.156,1.156,1.156,0.0,8.912,8.912,8.912,0.0,10.0,10,10,0.0,1728.0,1728.0,1728.0,0.0,7.64,7.64,7.64,0.0,1.91,1.91,1.91,0.0,0.0,0,0,0.0,8.0,8,8,0.0,17.2,17.2,17.2,0.0,1,0.23879866071531114,1
1220,Ni-fcc,111-1%,Ni16,fcc,0.4893404379768062,0.0778951714019058,3.0,Ni,163.0,163.0,163.0,0.0,58.693,58.693,58.693,0.0,1.156,1.156,1.156,0.0,8.912,8.912,8.912,0.0,10.0,10,10,0.0,1728.0,1728.0,1728.0,0.0,7.64,7.64,7.64,0.0,1.91,1.91,1.91,0.0,0.0,0,0,0.0,8.0,8,8,0.0,17.2,17.2,17.2,0.0,1,0.41144526657490044,1
1221,Ni-fcc,111-2%,Ni16,fcc,0.5226120667581584,0.1297946274862624,3.0,Ni,163.0,163.0,163.0,0.0,58.693,58.693,58.693,0.0,1.156,1.156,1.156,0.0,8.912,8.912,8.912,0.0,10.0,10,10,0.0,1728.0,1728.0,1728.0,0.0,7.64,7.64,7.64,0.0,1.91,1.91,1.91,0.0,0.0,0,0,0.0,8.0,8,8,0.0,17.2,17.2,17.2,0.0,1,0.39281743927189605,1
1222,Ni-fcc,111-3%,Ni16,fcc,0.5486009771447815,0.1836014655564213,3.0,Ni,163.0,163.0,163.0,0.0,58.693,58.693,58.693,0.0,1.156,1.156,1.156,0.0,8.912,8.912,8.912,0.0,10.0,10,10,0.0,1728.0,1728.0,1728.0,0.0,7.64,7.64,7.64,0.0,1.91,1.91,1.91,0.0,0.0,0,0,0.0,8.0,8,8,0.0,17.2,17.2,17.2,0.0,1,0.3649995115883602,1
1223,Ni-fcc,111-5%,Ni16,fcc,0.5779581410576222,0.2921163826977135,3.0,Ni,163.0,163.0,163.0,0.0,58.693,58.693,58.693,0.0,1.156,1.156,1.156,0.0,8.912,8.912,8.912,0.0,10.0,10,10,0.0,1728.0,1728.0,1728.0,0.0,7.64,7.64,7.64,0.0,1.91,1.91,1.91,0.0,0.0,0,0,0.0,8.0,8,8,0.0,17.2,17.2,17.2,0.0,1,0.2858417583599087,1
1255,Os-hcp,0001,Os16,fcc,-0.27000456729958894,0.146173023400479,3.0,Os,216.0,216.0,216.0,0.0,190.2,190.2,190.2,0.0,1.1,1.1,1.1,0.0,22.57,22.57,22.57,0.0,8.0,8,8,0.0,3306.0,3306.0,3306.0,0.0,8.7,8.7,8.7,0.0,2.2,2.2,2.2,0.0,0.0,0,0,0.0,6.0,6,6,0.0,31.0,31.0,31.0,0.0,1,-0.41617759070006793,1
1256,Os-hcp,0001,Os16,hcp,-0.24380468258567017,0.2227642252764781,3.0,Os,216.0,216.0,216.0,0.0,190.2,190.2,190.2,0.0,1.1,1.1,1.1,0.0,22.57,22.57,22.57,0.0,8.0,8,8,0.0,3306.0,3306.0,3306.0,0.0,8.7,8.7,8.7,0.0,2.2,2.2,2.2,0.0,0.0,0,0,0.0,6.0,6,6,0.0,31.0,31.0,31.0,0.0,1,-0.4665689078621483,1
1257,Os-hcp,0001,Os16,ontop,0.9289239923473266,0.6314951295935316,1.0,Os,216.0,216.0,216.0,0.0,190.2,190.2,190.2,0.0,1.1,1.1,1.1,0.0,22.57,22.57,22.57,0.0,8.0,8,8,0.0,3306.0,3306.0,3306.0,0.0,8.7,8.7,8.7,0.0,2.2,2.2,2.2,0.0,0.0,0,0,0.0,6.0,6,6,0.0,31.0,31.0,31.0,0.0,1,0.297428862753795,1
1258,Os-hcp,0001+2%,Os16,fcc,-0.28249218370116963,0.0213013434113236,3.0,Os,216.0,216.0,216.0,0.0,190.2,190.2,190.2,0.0,1.1,1.1,1.1,0.0,22.57,22.57,22.57,0.0,8.0,8,8,0.0,3306.0,3306.0,3306.0,0.0,8.7,8.7,8.7,0.0,2.2,2.2,2.2,0.0,0.0,0,0,0.0,6.0,6,6,0.0,31.0,31.0,31.0,0.0,1,-0.30379352711249324,1
1259,Os-hcp,0001+5%,Os16,fcc,-0.3790528508097112,-0.1570564884896157,3.0,Os,216.0,216.0,216.0,0.0,190.2,190.2,190.2,0.0,1.1,1.1,1.1,0.0,22.57,22.57,22.57,0.0,8.0,8,8,0.0,3306.0,3306.0,3306.0,0.0,8.7,8.7,8.7,0.0,2.2,2.2,2.2,0.0,0.0,0,0,0.0,6.0,6,6,0.0,31.0,31.0,31.0,0.0,1,-0.22199636232009548,1
1260,Os-hcp,0001+8%,Os16,fcc,-0.6491507654029637,-0.3844220227183541,3.0,Os,216.0,216.0,216.0,0.0,190.2,190.2,190.2,0.0,1.1,1.1,1.1,0.0,22.57,22.57,22.57,0.0,8.0,8,8,0.0,3306.0,3306.0,3306.0,0.0,8.7,8.7,8.7,0.0,2.2,2.2,2.2,0.0,0.0,0,0,0.0,6.0,6,6,0.0,31.0,31.0,31.0,0.0,1,-0.2647287426846096,1
1261,Os-hcp,0001-1%,Os16,fcc,-0.2513532312205109,0.2080341589535237,3.0,Os,216.0,216.0,216.0,0.0,190.2,190.2,190.2,0.0,1.1,1.1,1.1,0.0,22.57,22.57,22.57,0.0,8.0,8,8,0.0,3306.0,3306.0,3306.0,0.0,8.7,8.7,8.7,0.0,2.2,2.2,2.2,0.0,0.0,0,0,0.0,6.0,6,6,0.0,31.0,31.0,31.0,0.0,1,-0.4593873901740346,1
1262,Os-hcp,0001-2%,Os16,fcc,-0.24159434323574278,0.2678213789040455,3.0,Os,216.0,216.0,216.0,0.0,190.2,190.2,190.2,0.0,1.1,1.1,1.1,0.0,22.57,22.57,22.57,0.0,8.0,8,8,0.0,3306.0,3306.0,3306.0,0.0,8.7,8.7,8.7,0.0,2.2,2.2,2.2,0.0,0.0,0,0,0.0,6.0,6,6,0.0,31.0,31.0,31.0,0.0,1,-0.5094157221397883,1
1263,Os-hcp,0001-3%,Os16,fcc,-0.2485925595962082,0.3263321128397365,3.0,Os,216.0,216.0,216.0,0.0,190.2,190.2,190.2,0.0,1.1,1.1,1.1,0.0,22.57,22.57,22.57,0.0,8.0,8,8,0.0,3306.0,3306.0,3306.0,0.0,8.7,8.7,8.7,0.0,2.2,2.2,2.2,0.0,0.0,0,0,0.0,6.0,6,6,0.0,31.0,31.0,31.0,0.0,1,-0.5749246724359447,1
1264,Os-hcp,0001-5%,Os16,fcc,-0.04142009066469302,0.4587605301858275,3.0,Os,216.0,216.0,216.0,0.0,190.2,190.2,190.2,0.0,1.1,1.1,1.1,0.0,22.57,22.57,22.57,0.0,8.0,8,8,0.0,3306.0,3306.0,3306.0,0.0,8.7,8.7,8.7,0.0,2.2,2.2,2.2,0.0,0.0,0,0,0.0,6.0,6,6,0.0,31.0,31.0,31.0,0.0,1,-0.5001806208505205,1
1265,Os3Ag,111,Ag3Os9,bridge|A_A|A,0.2000582408549494,0.1766767126799777,2.0,AgOs3,205.0,216.0,172.0,19.05255888325765,169.61699999999996,190.2,107.868,35.6508017721902,1.1505,1.302,1.1,0.08746856578222828,19.552750000000003,22.57,10.501,5.226030299137196,8.75,11,8,1.299038105676658,2788.2325,3306.0,1234.93,896.7996165079187,8.418999999999999,8.7,7.576,0.48670627692685436,2.1325000000000003,2.2,1.93,0.11691342951089932,0.0,0,0,0.0,7.0,10,6,1.7320508075688772,26.075,31.0,11.3,8.53035022727672,1,0.02338152817497169,2
1266,Os3Ag,111,Ag3Os9,bridge|A_A|B,0.051213136850002415,0.0262272841836193,2.0,AgOs3,205.0,216.0,172.0,19.05255888325765,169.61699999999996,190.2,107.868,35.6508017721902,1.1505,1.302,1.1,0.08746856578222828,19.552750000000003,22.57,10.501,5.226030299137196,8.75,11,8,1.299038105676658,2788.2325,3306.0,1234.93,896.7996165079187,8.418999999999999,8.7,7.576,0.48670627692685436,2.1325000000000003,2.2,1.93,0.11691342951089932,0.0,0,0,0.0,7.0,10,6,1.7320508075688772,26.075,31.0,11.3,8.53035022727672,1,0.024985852666383115,2
1269,Os3Ag,111,Ag3Os9,top|A,0.4587821284087008,0.0804651505794709,1.0,AgOs3,205.0,216.0,172.0,19.05255888325765,169.61699999999996,190.2,107.868,35.6508017721902,1.1505,1.302,1.1,0.08746856578222828,19.552750000000003,22.57,10.501,5.226030299137196,8.75,11,8,1.299038105676658,2788.2325,3306.0,1234.93,896.7996165079187,8.418999999999999,8.7,7.576,0.48670627692685436,2.1325000000000003,2.2,1.93,0.11691342951089932,0.0,0,0,0.0,7.0,10,6,1.7320508075688772,26.075,31.0,11.3,8.53035022727672,1,0.3783169778292299,2
1271,Os3Cu,111,Cu3Os9,bridge|A_A|A,-0.01694543050854085,-0.0287534530244784,2.0,CuOs3,197.0,216.0,140.0,32.90896534380867,158.53749999999997,190.2,63.55,54.841058694649576,1.1320000000000001,1.228,1.1,0.05542562584220403,19.16075,22.57,8.933,5.904994215704195,8.75,11,8,1.299038105676658,2818.9425,3306.0,1357.77,843.6083362074784,8.4565,8.7,7.726,0.4217543716430213,2.125,2.2,1.9,0.1299038105676659,0.0,0,0,0.0,7.0,10,6,1.7320508075688772,26.525,31.0,13.1,7.750927363870726,1,0.011808022515937551,2
1272,Os3Cu,111,Cu3Os9,bridge|A_A|B,0.14741235879814168,0.0836284738805943,2.0,CuOs3,197.0,216.0,140.0,32.90896534380867,158.53749999999997,190.2,63.55,54.841058694649576,1.1320000000000001,1.228,1.1,0.05542562584220403,19.16075,22.57,8.933,5.904994215704195,8.75,11,8,1.299038105676658,2818.9425,3306.0,1357.77,843.6083362074784,8.4565,8.7,7.726,0.4217543716430213,2.125,2.2,1.9,0.1299038105676659,0.0,0,0,0.0,7.0,10,6,1.7320508075688772,26.525,31.0,13.1,7.750927363870726,1,0.06378388491754738,2
1278,Os3Pd,111,Os9Pd3,bridge|A_A|A,0.19788379984366156,0.1058569091809431,2.0,Os3Pd,212.5,216.0,202.0,6.06217782649107,169.25499999999997,190.2,106.42,36.27780416453013,0.96425,1.1,0.557,0.23512589712747511,19.927500000000002,22.57,12.0,4.576944259000759,8.5,10,8,0.8660254037844386,2936.5125,3306.0,1828.05,639.9711227616056,8.60925,8.7,8.337,0.15718361078687543,2.2,2.2,2.2,0.0,0.0,0,0,0.0,7.0,10,6,1.7320508075688772,27.425,31.0,16.7,6.192081637058736,1,0.09202689066271845,2
1279,Os3Pd,111,Os9Pd3,bridge|A_A|B,0.19611365823443022,0.0869704400801083,2.0,Os3Pd,212.5,216.0,202.0,6.06217782649107,169.25499999999997,190.2,106.42,36.27780416453013,0.96425,1.1,0.557,0.23512589712747511,19.927500000000002,22.57,12.0,4.576944259000759,8.5,10,8,0.8660254037844386,2936.5125,3306.0,1828.05,639.9711227616056,8.60925,8.7,8.337,0.15718361078687543,2.2,2.2,2.2,0.0,0.0,0,0,0.0,7.0,10,6,1.7320508075688772,27.425,31.0,16.7,6.192081637058736,1,0.10914321815432192,2
1284,Os3Pt,111,Os9Pt3,bridge|A_A|A,0.2475457125598373,0.1006093298755104,2.0,Os3Pt,214.25,216.0,209.0,3.031088913245535,191.42,195.08,190.2,2.1131019852340405,1.3570000000000002,2.128,1.1,0.4451370575452015,22.292500000000004,22.57,21.46,0.4806440991003632,8.5,10,8,0.8660254037844386,2989.8875,3306.0,2041.55,547.5229109076167,8.774999999999999,9.0,8.7,0.12990381056766612,2.22,2.28,2.2,0.034641016151377386,0.0,0,0,0.0,6.75,9,6,1.299038105676658,28.25,31.0,20.0,4.763139720814412,1,0.1469363826843269,2
1285,Os3Pt,111,Os9Pt3,bridge|A_A|B,0.2802449655983842,0.1664528514783114,2.0,Os3Pt,214.25,216.0,209.0,3.031088913245535,191.42,195.08,190.2,2.1131019852340405,1.3570000000000002,2.128,1.1,0.4451370575452015,22.292500000000004,22.57,21.46,0.4806440991003632,8.5,10,8,0.8660254037844386,2989.8875,3306.0,2041.55,547.5229109076167,8.774999999999999,9.0,8.7,0.12990381056766612,2.22,2.28,2.2,0.034641016151377386,0.0,0,0,0.0,6.75,9,6,1.299038105676658,28.25,31.0,20.0,4.763139720814412,1,0.11379211412007278,2
1290,Os3Re,111,Os9Re3,bridge|A_A|A,0.1390473789488145,0.3035182246793511,2.0,Os3Re,216.25,217.0,216.0,0.4330127018922193,189.20174999999998,190.2,186.207,1.7290197186556295,0.8625,1.1,0.15,0.4113620667976084,22.1275,22.57,20.8,0.766432482349228,7.75,8,7,0.4330127018922193,3344.25,3459.0,3306.0,66.25094338950956,8.495,8.7,7.88,0.35507041555161956,2.125,2.2,1.9,0.1299038105676659,0.0,0,0,0.0,5.75,6,5,0.4330127018922193,31.5,33.0,31.0,0.8660254037844386,1,-0.16447084573053658,2
1291,Os3Re,111,Os9Re3,bridge|A_B|A,-0.24902514490069325,-0.0673232766195042,2.0,Os3Re,216.25,217.0,216.0,0.4330127018922193,189.20174999999998,190.2,186.207,1.7290197186556295,0.8625,1.1,0.15,0.4113620667976084,22.1275,22.57,20.8,0.766432482349228,7.75,8,7,0.4330127018922193,3344.25,3459.0,3306.0,66.25094338950956,8.495,8.7,7.88,0.35507041555161956,2.125,2.2,1.9,0.1299038105676659,0.0,0,0,0.0,5.75,6,5,0.4330127018922193,31.5,33.0,31.0,0.8660254037844386,1,-0.18170186828118906,2
1292,Os3Re,111,Os9Re3,hollow|A_A_A|FCC,0.3299288485096228,0.5965002014789889,3.0,Os3Re,216.25,217.0,216.0,0.4330127018922193,189.20174999999998,190.2,186.207,1.7290197186556295,0.8625,1.1,0.15,0.4113620667976084,22.1275,22.57,20.8,0.766432482349228,7.75,8,7,0.4330127018922193,3344.25,3459.0,3306.0,66.25094338950956,8.495,8.7,7.88,0.35507041555161956,2.125,2.2,1.9,0.1299038105676659,0.0,0,0,0.0,5.75,6,5,0.4330127018922193,31.5,33.0,31.0,0.8660254037844386,1,-0.26657135296936607,2
1296,Os3Re,111,Os9Re3,top|A,0.19257449367018525,0.2395126959789877,1.0,Os3Re,216.25,217.0,216.0,0.4330127018922193,189.20174999999998,190.2,186.207,1.7290197186556295,0.8625,1.1,0.15,0.4113620667976084,22.1275,22.57,20.8,0.766432482349228,7.75,8,7,0.4330127018922193,3344.25,3459.0,3306.0,66.25094338950956,8.495,8.7,7.88,0.35507041555161956,2.125,2.2,1.9,0.1299038105676659,0.0,0,0,0.0,5.75,6,5,0.4330127018922193,31.5,33.0,31.0,0.8660254037844386,1,-0.04693820230880244,2
1297,Os3Re,111,Os9Re3,top|B,0.11714624184710234,0.1904598227782798,1.0,Os3Re,216.25,217.0,216.0,0.4330127018922193,189.20174999999998,190.2,186.207,1.7290197186556295,0.8625,1.1,0.15,0.4113620667976084,22.1275,22.57,20.8,0.766432482349228,7.75,8,7,0.4330127018922193,3344.25,3459.0,3306.0,66.25094338950956,8.495,8.7,7.88,0.35507041555161956,2.125,2.2,1.9,0.1299038105676659,0.0,0,0,0.0,5.75,6,5,0.4330127018922193,31.5,33.0,31.0,0.8660254037844386,1,-0.07331358093117746,2
1298,Os3Rh,111,Os9Rh3,bridge|A_A|A,0.16639004866622104,0.0439725078803121,2.0,Os3Rh,210.75,216.0,195.0,9.093266739736606,168.37637499999997,190.2,102.9055,37.79962730533033,1.10925,1.137,1.1,0.01602146997001208,20.027500000000003,22.57,12.4,4.40373917824387,8.25,9,8,0.4330127018922193,3038.75,3306.0,2237.0,462.89057832278246,8.38975,8.7,7.459,0.537368763048244,2.22,2.28,2.2,0.034641016151377386,0.0,0,0,0.0,6.5,8,6,0.8660254037844386,28.675,31.0,21.7,4.02701812759764,1,0.12241754078590894,2
1299,Os3Rh,111,Os9Rh3,bridge|A_A|B,0.2328935957096878,0.1394100420774293,2.0,Os3Rh,210.75,216.0,195.0,9.093266739736606,168.37637499999997,190.2,102.9055,37.79962730533033,1.10925,1.137,1.1,0.01602146997001208,20.027500000000003,22.57,12.4,4.40373917824387,8.25,9,8,0.4330127018922193,3038.75,3306.0,2237.0,462.89057832278246,8.38975,8.7,7.459,0.537368763048244,2.22,2.28,2.2,0.034641016151377386,0.0,0,0,0.0,6.5,8,6,0.8660254037844386,28.675,31.0,21.7,4.02701812759764,1,0.09348355363225849,2
1302,Os3Rh,111,Os9Rh3,top|A,0.5307435051660618,0.202659094277692,1.0,Os3Rh,210.75,216.0,195.0,9.093266739736606,168.37637499999997,190.2,102.9055,37.79962730533033,1.10925,1.137,1.1,0.01602146997001208,20.027500000000003,22.57,12.4,4.40373917824387,8.25,9,8,0.4330127018922193,3038.75,3306.0,2237.0,462.89057832278246,8.38975,8.7,7.459,0.537368763048244,2.22,2.28,2.2,0.034641016151377386,0.0,0,0,0.0,6.5,8,6,0.8660254037844386,28.675,31.0,21.7,4.02701812759764,1,0.3280844108883698,2
1303,Os3Rh,111,Os9Rh3,top|B,2.2017465380455343,1.2980488618785555,1.0,Os3Rh,210.75,216.0,195.0,9.093266739736606,168.37637499999997,190.2,102.9055,37.79962730533033,1.10925,1.137,1.1,0.01602146997001208,20.027500000000003,22.57,12.4,4.40373917824387,8.25,9,8,0.4330127018922193,3038.75,3306.0,2237.0,462.89057832278246,8.38975,8.7,7.459,0.537368763048244,2.22,2.28,2.2,0.034641016151377386,0.0,0,0,0.0,6.5,8,6,0.8660254037844386,28.675,31.0,21.7,4.02701812759764,1,0.9036976761669788,2
1304,Os3Ru,111,Os9Ru3,bridge|A_A|A,0.17726735043024766,0.0710671549794597,2.0,Os3Ru,213.75,216.0,207.0,3.897114317029974,167.92499999999998,190.2,101.1,38.58143173859674,1.0875000000000001,1.1,1.05,0.021650635094610987,19.9525,22.57,12.1,4.533642988811536,8.0,8,8,0.0,3131.25,3306.0,2607.0,302.6758786226613,8.36525,8.7,7.361,0.5798040078336815,2.2,2.2,2.2,0.0,0.0,0,0,0.0,6.25,7,6,0.4330127018922193,29.675,31.0,25.7,2.294967320028763,1,0.10620019545078796,2
1305,Os3Ru,111,Os9Ru3,bridge|A_A|B,0.2586412986137768,0.1527291981809639,2.0,Os3Ru,213.75,216.0,207.0,3.897114317029974,167.92499999999998,190.2,101.1,38.58143173859674,1.0875000000000001,1.1,1.05,0.021650635094610987,19.9525,22.57,12.1,4.533642988811536,8.0,8,8,0.0,3131.25,3306.0,2607.0,302.6758786226613,8.36525,8.7,7.361,0.5798040078336815,2.2,2.2,2.2,0.0,0.0,0,0,0.0,6.25,7,6,0.4330127018922193,29.675,31.0,25.7,2.294967320028763,1,0.10591210043281293,2
1306,Os3Ru,111,Os9Ru3,bridge|A_B|A,0.3568160055448718,0.1785955233834784,2.0,Os3Ru,213.75,216.0,207.0,3.897114317029974,167.92499999999998,190.2,101.1,38.58143173859674,1.0875000000000001,1.1,1.05,0.021650635094610987,19.9525,22.57,12.1,4.533642988811536,8.0,8,8,0.0,3131.25,3306.0,2607.0,302.6758786226613,8.36525,8.7,7.361,0.5798040078336815,2.2,2.2,2.2,0.0,0.0,0,0,0.0,6.25,7,6,0.4330127018922193,29.675,31.0,25.7,2.294967320028763,1,0.1782204821613934,2
1307,Os3Ru,111,Os9Ru3,hollow|A_A_A|FCC,-0.1735333513105332,0.2506548052814423,3.0,Os3Ru,213.75,216.0,207.0,3.897114317029974,167.92499999999998,190.2,101.1,38.58143173859674,1.0875000000000001,1.1,1.05,0.021650635094610987,19.9525,22.57,12.1,4.533642988811536,8.0,8,8,0.0,3131.25,3306.0,2607.0,302.6758786226613,8.36525,8.7,7.361,0.5798040078336815,2.2,2.2,2.2,0.0,0.0,0,0,0.0,6.25,7,6,0.4330127018922193,29.675,31.0,25.7,2.294967320028763,1,-0.4241881565919755,2
1315,OsPd,101,Os6Pd6,hollow|A_B_B|FCC,1.052495590188612,0.9046481709818864,4.0,OsPd,209.0,216.0,202.0,7.0,148.31,190.2,106.42,41.88999999999999,0.8285,1.1,0.557,0.2715,17.285,22.57,12.0,5.285,9.0,10,8,1.0,2567.025,3306.0,1828.05,738.975,8.5185,8.7,8.337,0.18149999999999977,2.2,2.2,2.2,0.0,0.0,0,0,0.0,8.0,10,6,2.0,23.85,31.0,16.7,7.15,1,0.1478474192067255,2
1316,OsPd,101,Os6Pd6,top-tilt|A,0.33664057002063585,-0.0379673636190318,1.0,OsPd,209.0,216.0,202.0,7.0,148.31,190.2,106.42,41.88999999999999,0.8285,1.1,0.557,0.2715,17.285,22.57,12.0,5.285,9.0,10,8,1.0,2567.025,3306.0,1828.05,738.975,8.5185,8.7,8.337,0.18149999999999977,2.2,2.2,2.2,0.0,0.0,0,0,0.0,8.0,10,6,2.0,23.85,31.0,16.7,7.15,1,0.37460793363966766,2
1317,OsPd,101,Os6Pd6,top-tilt|B,1.748762499650047,0.9935908920823522,1.0,OsPd,209.0,216.0,202.0,7.0,148.31,190.2,106.42,41.88999999999999,0.8285,1.1,0.557,0.2715,17.285,22.57,12.0,5.285,9.0,10,8,1.0,2567.025,3306.0,1828.05,738.975,8.5185,8.7,8.337,0.18149999999999977,2.2,2.2,2.2,0.0,0.0,0,0,0.0,8.0,10,6,2.0,23.85,31.0,16.7,7.15,1,0.7551716075676949,2
1318,OsPd,101,Os6Pd6,top|A,0.34726447953764694,0.0035310851825443,1.0,OsPd,209.0,216.0,202.0,7.0,148.31,190.2,106.42,41.88999999999999,0.8285,1.1,0.557,0.2715,17.285,22.57,12.0,5.285,9.0,10,8,1.0,2567.025,3306.0,1828.05,738.975,8.5185,8.7,8.337,0.18149999999999977,2.2,2.2,2.2,0.0,0.0,0,0,0.0,8.0,10,6,2.0,23.85,31.0,16.7,7.15,1,0.34373339435510264,2
1323,OsPt,101,Os6Pt6,top-tilt|B,1.370287191200741,0.8474026303782694,1.0,OsPt,212.5,216.0,209.0,3.5,192.64,195.08,190.2,2.440000000000012,1.614,2.128,1.1,0.514,22.015,22.57,21.46,0.5549999999999997,9.0,10,8,1.0,2673.775,3306.0,2041.55,632.225,8.85,9.0,8.7,0.15000000000000036,2.24,2.28,2.2,0.039999999999999813,0.0,0,0,0.0,7.5,9,6,1.5,25.5,31.0,20.0,5.5,1,0.5228845608224717,2
1325,OsRe,101,Os6Re6,bridge|B_B|A,-0.5700471234548093,-0.2989658962206931,2.0,OsRe,216.5,217.0,216.0,0.5,188.2035,190.2,186.207,1.9964999999999975,0.625,1.1,0.15,0.47500000000000003,21.685000000000002,22.57,20.8,0.8849999999999998,7.5,8,7,0.5,3382.5,3459.0,3306.0,76.5,8.29,8.7,7.88,0.4099999999999997,2.05,2.2,1.9,0.15000000000000013,0.0,0,0,0.0,5.5,6,5,0.5,32.0,33.0,31.0,1.0,1,-0.27108122723411626,2
1330,OsRe,101,Os6Re6,top|A,0.13649038168807262,0.2782519104811172,1.0,OsRe,216.5,217.0,216.0,0.5,188.2035,190.2,186.207,1.9964999999999975,0.625,1.1,0.15,0.47500000000000003,21.685000000000002,22.57,20.8,0.8849999999999998,7.5,8,7,0.5,3382.5,3459.0,3306.0,76.5,8.29,8.7,7.88,0.4099999999999997,2.05,2.2,1.9,0.15000000000000013,0.0,0,0,0.0,5.5,6,5,0.5,32.0,33.0,31.0,1.0,1,-0.14176152879304457,2
1331,OsRe,101,Os6Re6,top|B,-0.3469865997552438,-0.1874329645207808,1.0,OsRe,216.5,217.0,216.0,0.5,188.2035,190.2,186.207,1.9964999999999975,0.625,1.1,0.15,0.47500000000000003,21.685000000000002,22.57,20.8,0.8849999999999998,7.5,8,7,0.5,3382.5,3459.0,3306.0,76.5,8.29,8.7,7.88,0.4099999999999997,2.05,2.2,1.9,0.15000000000000013,0.0,0,0,0.0,5.5,6,5,0.5,32.0,33.0,31.0,1.0,1,-0.15955363523446303,2
1337,OsRh,101,Os6Rh6,top-tilt|B,1.1912230542032534,0.678088093679321,1.0,OsRh,205.5,216.0,195.0,10.5,146.55275,190.2,102.9055,43.64724999999999,1.1185,1.137,1.1,0.01849999999999996,17.485,22.57,12.4,5.085,8.5,9,8,0.5,2771.5,3306.0,2237.0,534.5,8.0795,8.7,7.459,0.6204999999999998,2.24,2.28,2.2,0.039999999999999813,0.0,0,0,0.0,7.0,8,6,1.0,26.35,31.0,21.7,4.65,1,0.5131349605239324,2
1338,OsRh,101,Os6Rh6,top|A,0.4447760501484607,0.0433937216811273,1.0,OsRh,205.5,216.0,195.0,10.5,146.55275,190.2,102.9055,43.64724999999999,1.1185,1.137,1.1,0.01849999999999996,17.485,22.57,12.4,5.085,8.5,9,8,0.5,2771.5,3306.0,2237.0,534.5,8.0795,8.7,7.459,0.6204999999999998,2.24,2.28,2.2,0.039999999999999813,0.0,0,0,0.0,7.0,8,6,1.0,26.35,31.0,21.7,4.65,1,0.4013823284673334,2
1339,OsRu,101,Os6Ru6,bridge|A_A|B,0.09402264245979702,0.0117566783782194,2.0,OsRu,211.5,216.0,207.0,4.5,145.64999999999998,190.2,101.1,44.55,1.0750000000000002,1.1,1.05,0.025000000000000022,17.335,22.57,12.1,5.235,8.0,8,8,0.0,2956.5,3306.0,2607.0,349.5,8.0305,8.7,7.361,0.6694999999999998,2.2,2.2,2.2,0.0,0.0,0,0,0.0,6.5,7,6,0.5,28.35,31.0,25.7,2.6500000000000004,1,0.08226596408157763,2
1340,OsRu,101,Os6Ru6,bridge|A_B|A,0.14426670106035147,0.0314807139810682,2.0,OsRu,211.5,216.0,207.0,4.5,145.64999999999998,190.2,101.1,44.55,1.0750000000000002,1.1,1.05,0.025000000000000022,17.335,22.57,12.1,5.235,8.0,8,8,0.0,2956.5,3306.0,2607.0,349.5,8.0305,8.7,7.361,0.6694999999999998,2.2,2.2,2.2,0.0,0.0,0,0,0.0,6.5,7,6,0.5,28.35,31.0,25.7,2.6500000000000004,1,0.11278598707928328,2
1341,OsRu,101,Os6Ru6,bridge|A_B|B,0.2249247294300481,0.1328828474805732,2.0,OsRu,211.5,216.0,207.0,4.5,145.64999999999998,190.2,101.1,44.55,1.0750000000000002,1.1,1.05,0.025000000000000022,17.335,22.57,12.1,5.235,8.0,8,8,0.0,2956.5,3306.0,2607.0,349.5,8.0305,8.7,7.361,0.6694999999999998,2.2,2.2,2.2,0.0,0.0,0,0,0.0,6.5,7,6,0.5,28.35,31.0,25.7,2.6500000000000004,1,0.09204188194947491,2
1342,OsRu,101,Os6Ru6,bridge|B_B|A,0.39825367661950134,0.4138597059799167,2.0,OsRu,211.5,216.0,207.0,4.5,145.64999999999998,190.2,101.1,44.55,1.0750000000000002,1.1,1.05,0.025000000000000022,17.335,22.57,12.1,5.235,8.0,8,8,0.0,2956.5,3306.0,2607.0,349.5,8.0305,8.7,7.361,0.6694999999999998,2.2,2.2,2.2,0.0,0.0,0,0,0.0,6.5,7,6,0.5,28.35,31.0,25.7,2.6500000000000004,1,-0.015606029360415385,2
1347,OsRu,101,Os6Ru6,top|A,0.4787674979973568,0.15364009927805,1.0,OsRu,211.5,216.0,207.0,4.5,145.64999999999998,190.2,101.1,44.55,1.0750000000000002,1.1,1.05,0.025000000000000022,17.335,22.57,12.1,5.235,8.0,8,8,0.0,2956.5,3306.0,2607.0,349.5,8.0305,8.7,7.361,0.6694999999999998,2.2,2.2,2.2,0.0,0.0,0,0,0.0,6.5,7,6,0.5,28.35,31.0,25.7,2.6500000000000004,1,0.3251273987193068,2
1348,OsRu,101,Os6Ru6,top|B,0.743163158496715,0.4096865681793815,1.0,OsRu,211.5,216.0,207.0,4.5,145.64999999999998,190.2,101.1,44.55,1.0750000000000002,1.1,1.05,0.025000000000000022,17.335,22.57,12.1,5.235,8.0,8,8,0.0,2956.5,3306.0,2607.0,349.5,8.0305,8.7,7.361,0.6694999999999998,2.2,2.2,2.2,0.0,0.0,0,0,0.0,6.5,7,6,0.5,28.35,31.0,25.7,2.6500000000000004,1,0.3334765903173335,2
1349,Pb,111,Pb12,bridge|A_A|A,0.8744512086270606,0.2296276165806148,2.0,Pb,202.0,202.0,202.0,0.0,207.0,207.0,207.0,0.0,0.36,0.36,0.36,0.0,11.342,11.342,11.342,0.0,14.0,14,14,0.0,600.61,600.61,600.61,0.0,7.417,7.417,7.417,0.0,2.33,2.33,2.33,0.0,2.0,2,2,0.0,10.0,10,10,0.0,4.77,4.77,4.77,0.0,1,0.6448235920464458,1
1371,Pd-fcc,111,Pd16,hcp,1.521111362463828,0.8468540488647704,3.0,Pd,202.0,202.0,202.0,0.0,106.42,106.42,106.42,0.0,0.557,0.557,0.557,0.0,12.0,12.0,12.0,0.0,10.0,10,10,0.0,1828.05,1828.05,1828.05,0.0,8.337,8.337,8.337,0.0,2.2,2.2,2.2,0.0,0.0,0,0,0.0,10.0,10,10,0.0,16.7,16.7,16.7,0.0,1,0.6742573135990575,1
1372,Pd-fcc,111,Pd16,ontop,2.9188276650185867,1.6354089323122023,1.0,Pd,202.0,202.0,202.0,0.0,106.42,106.42,106.42,0.0,0.557,0.557,0.557,0.0,12.0,12.0,12.0,0.0,10.0,10,10,0.0,1828.05,1828.05,1828.05,0.0,8.337,8.337,8.337,0.0,2.2,2.2,2.2,0.0,0.0,0,0,0.0,10.0,10,10,0.0,16.7,16.7,16.7,0.0,1,1.2834187327063844,1
1373,Pd-fcc,111+2%,Pd16,fcc,1.4032073176532864,0.5891410187814472,3.0,Pd,202.0,202.0,202.0,0.0,106.42,106.42,106.42,0.0,0.557,0.557,0.557,0.0,12.0,12.0,12.0,0.0,10.0,10,10,0.0,1828.05,1828.05,1828.05,0.0,8.337,8.337,8.337,0.0,2.2,2.2,2.2,0.0,0.0,0,0,0.0,10.0,10,10,0.0,16.7,16.7,16.7,0.0,1,0.8140662988718392,1
1374,Pd-fcc,111+5%,Pd16,fcc,1.193040094110606,0.438866287438941,3.0,Pd,202.0,202.0,202.0,0.0,106.42,106.42,106.42,0.0,0.557,0.557,0.557,0.0,12.0,12.0,12.0,0.0,10.0,10,10,0.0,1828.05,1828.05,1828.05,0.0,8.337,8.337,8.337,0.0,2.2,2.2,2.2,0.0,0.0,0,0,0.0,10.0,10,10,0.0,16.7,16.7,16.7,0.0,1,0.754173806671665,1
1375,Pd-fcc,111+8%,Pd16,fcc,0.9124177267102057,0.2567498831522243,3.0,Pd,202.0,202.0,202.0,0.0,106.42,106.42,106.42,0.0,0.557,0.557,0.557,0.0,12.0,12.0,12.0,0.0,10.0,10,10,0.0,1828.05,1828.05,1828.05,0.0,8.337,8.337,8.337,0.0,2.2,2.2,2.2,0.0,0.0,0,0,0.0,10.0,10,10,0.0,16.7,16.7,16.7,0.0,1,0.6556678435579815,1
1376,Pd-fcc,111-1%,Pd16,fcc,1.4939489392389893,0.7773171261396783,3.0,Pd,202.0,202.0,202.0,0.0,106.42,106.42,106.42,0.0,0.557,0.557,0.557,0.0,12.0,12.0,12.0,0.0,10.0,10,10,0.0,1828.05,1828.05,1828.05,0.0,8.337,8.337,8.337,0.0,2.2,2.2,2.2,0.0,0.0,0,0,0.0,10.0,10,10,0.0,16.7,16.7,16.7,0.0,1,0.716631813099311,1
1377,Pd-fcc,111-2%,Pd16,fcc,1.53894626777796,0.886536409958353,3.0,Pd,202.0,202.0,202.0,0.0,106.42,106.42,106.42,0.0,0.557,0.557,0.557,0.0,12.0,12.0,12.0,0.0,10.0,10,10,0.0,1828.05,1828.05,1828.05,0.0,8.337,8.337,8.337,0.0,2.2,2.2,2.2,0.0,0.0,0,0,0.0,10.0,10,10,0.0,16.7,16.7,16.7,0.0,1,0.6524098578196069,1
1378,Pd-fcc,111-3%,Pd16,fcc,1.5894252601645953,0.9572401568275382,3.0,Pd,202.0,202.0,202.0,0.0,106.42,106.42,106.42,0.0,0.557,0.557,0.557,0.0,12.0,12.0,12.0,0.0,10.0,10,10,0.0,1828.05,1828.05,1828.05,0.0,8.337,8.337,8.337,0.0,2.2,2.2,2.2,0.0,0.0,0,0,0.0,10.0,10,10,0.0,16.7,16.7,16.7,0.0,1,0.6321851033370571,1
1379,Pd-fcc,111-5%,Pd16,fcc,1.5437463275895629,1.080965285154889,3.0,Pd,202.0,202.0,202.0,0.0,106.42,106.42,106.42,0.0,0.557,0.557,0.557,0.0,12.0,12.0,12.0,0.0,10.0,10,10,0.0,1828.05,1828.05,1828.05,0.0,8.337,8.337,8.337,0.0,2.2,2.2,2.2,0.0,0.0,0,0,0.0,10.0,10,10,0.0,16.7,16.7,16.7,0.0,1,0.4627810424346739,1
1380,Pd3Ag,111,Ag3Pd9,bridge|A_A|A,1.6105312614407807,0.7095425486739941,2.0,AgPd3,194.5,202.0,172.0,12.99038105676658,106.782,107.868,106.42,0.6270023923399307,0.7432500000000001,1.302,0.557,0.3225944629097034,11.62525,12.0,10.501,0.649086040136437,10.25,11,10,0.4330127018922193,1679.77,1828.05,1234.93,256.8284937463131,8.146749999999999,8.337,7.576,0.32952266613997894,2.1325000000000003,2.2,1.93,0.11691342951089932,0.0,0,0,0.0,10.0,10,10,0.0,15.349999999999998,16.7,11.3,2.3382685902179836,1,0.9009887127667866,2
1381,Pd3Ag,111,Ag3Pd9,bridge|A_A|B,1.5453584953344832,0.6029031761762553,2.0,AgPd3,194.5,202.0,172.0,12.99038105676658,106.782,107.868,106.42,0.6270023923399307,0.7432500000000001,1.302,0.557,0.3225944629097034,11.62525,12.0,10.501,0.649086040136437,10.25,11,10,0.4330127018922193,1679.77,1828.05,1234.93,256.8284937463131,8.146749999999999,8.337,7.576,0.32952266613997894,2.1325000000000003,2.2,1.93,0.11691342951089932,0.0,0,0,0.0,10.0,10,10,0.0,15.349999999999998,16.7,11.3,2.3382685902179836,1,0.9424553191582279,2
1386,Pd3Ag,111,Ag3Pd9,top|B,3.2281543978168736,1.7868200110796124,1.0,AgPd3,194.5,202.0,172.0,12.99038105676658,106.782,107.868,106.42,0.6270023923399307,0.7432500000000001,1.302,0.557,0.3225944629097034,11.62525,12.0,10.501,0.649086040136437,10.25,11,10,0.4330127018922193,1679.77,1828.05,1234.93,256.8284937463131,8.146749999999999,8.337,7.576,0.32952266613997894,2.1325000000000003,2.2,1.93,0.11691342951089932,0.0,0,0,0.0,10.0,10,10,0.0,15.349999999999998,16.7,11.3,2.3382685902179836,1,1.4413343867372612,2
1390,Pd3Au,111,Au3Pd9,bridge|A_A|A,1.6217644873305153,0.7339413638809447,2.0,AuPd3,193.0,202.0,166.0,15.588457268119896,129.0566425,196.96657,106.42,39.20781492277297,0.9950000000000001,2.309,0.557,0.7586382537151684,13.8205,19.282,12.0,3.153198495179141,10.25,11,10,0.4330127018922193,1705.37,1828.05,1337.33,212.48799307254987,8.55925,9.226,8.337,0.38494829198218344,2.285,2.54,2.2,0.1472243186433545,0.0,0,0,0.0,10.0,10,10,0.0,15.649999999999999,16.7,12.5,1.8186533479473208,1,0.8878231234495706,2
1391,Pd3Au,111,Au3Pd9,bridge|A_A|B,1.6554206697081324,0.750634051281736,2.0,AuPd3,193.0,202.0,166.0,15.588457268119896,129.0566425,196.96657,106.42,39.20781492277297,0.9950000000000001,2.309,0.557,0.7586382537151684,13.8205,19.282,12.0,3.153198495179141,10.25,11,10,0.4330127018922193,1705.37,1828.05,1337.33,212.48799307254987,8.55925,9.226,8.337,0.38494829198218344,2.285,2.54,2.2,0.1472243186433545,0.0,0,0,0.0,10.0,10,10,0.0,15.649999999999999,16.7,12.5,1.8186533479473208,1,0.9047866184263964,2
1396,Pd3Au,111,Au3Pd9,top-tilt|A,2.5995059085998484,0.9475443325799232,1.0,AuPd3,193.0,202.0,166.0,15.588457268119896,129.0566425,196.96657,106.42,39.20781492277297,0.9950000000000001,2.309,0.557,0.7586382537151684,13.8205,19.282,12.0,3.153198495179141,10.25,11,10,0.4330127018922193,1705.37,1828.05,1337.33,212.48799307254987,8.55925,9.226,8.337,0.38494829198218344,2.285,2.54,2.2,0.1472243186433545,0.0,0,0,0.0,10.0,10,10,0.0,15.649999999999999,16.7,12.5,1.8186533479473208,1,1.651961576019925,2
1397,Pd3Au,111,Au3Pd9,top|A,2.809067726099976,1.2581967017803208,1.0,AuPd3,193.0,202.0,166.0,15.588457268119896,129.0566425,196.96657,106.42,39.20781492277297,0.9950000000000001,2.309,0.557,0.7586382537151684,13.8205,19.282,12.0,3.153198495179141,10.25,11,10,0.4330127018922193,1705.37,1828.05,1337.33,212.48799307254987,8.55925,9.226,8.337,0.38494829198218344,2.285,2.54,2.2,0.1472243186433545,0.0,0,0,0.0,10.0,10,10,0.0,15.649999999999999,16.7,12.5,1.8186533479473208,1,1.550871024319655,2
1399,Pd3Bi,111,Bi3Pd9,bridge|A_A|B,1.7930087608271177,0.6543264330802003,2.0,BiPd3,203.25,207.0,202.0,2.165063509461097,132.0601,208.9804,106.42,44.409955911146774,0.65425,0.946,0.557,0.16844194103607327,11.45175,12.0,9.807,0.9495968552496369,11.25,15,10,2.165063509461097,1507.175,1828.05,544.55,555.7718028786635,8.075,8.337,7.289,0.45379731158304587,2.1550000000000002,2.2,2.02,0.07794228634059955,0.75,3,0,1.299038105676658,10.0,10,10,0.0,15.249999999999998,16.7,10.9,2.5114736709748717,1,1.1386823277469174,2
1400,Pd3Bi,111,Bi3Pd9,bridge|A_B|A,1.9690847442641668,0.8864630752804032,2.0,BiPd3,203.25,207.0,202.0,2.165063509461097,132.0601,208.9804,106.42,44.409955911146774,0.65425,0.946,0.557,0.16844194103607327,11.45175,12.0,9.807,0.9495968552496369,11.25,15,10,2.165063509461097,1507.175,1828.05,544.55,555.7718028786635,8.075,8.337,7.289,0.45379731158304587,2.1550000000000002,2.2,2.02,0.07794228634059955,0.75,3,0,1.299038105676658,10.0,10,10,0.0,15.249999999999998,16.7,10.9,2.5114736709748717,1,1.0826216689837636,2
1405,Pd3Bi,111,Bi3Pd9,top|A,2.7231980647328173,1.0949439090808255,1.0,BiPd3,203.25,207.0,202.0,2.165063509461097,132.0601,208.9804,106.42,44.409955911146774,0.65425,0.946,0.557,0.16844194103607327,11.45175,12.0,9.807,0.9495968552496369,11.25,15,10,2.165063509461097,1507.175,1828.05,544.55,555.7718028786635,8.075,8.337,7.289,0.45379731158304587,2.1550000000000002,2.2,2.02,0.07794228634059955,0.75,3,0,1.299038105676658,10.0,10,10,0.0,15.249999999999998,16.7,10.9,2.5114736709748717,1,1.6282541556519918,2
1406,Pd3Bi,111,Bi3Pd9,top|B,2.2934203140050364,0.6499966936797819,1.0,BiPd3,203.25,207.0,202.0,2.165063509461097,132.0601,208.9804,106.42,44.409955911146774,0.65425,0.946,0.557,0.16844194103607327,11.45175,12.0,9.807,0.9495968552496369,11.25,15,10,2.165063509461097,1507.175,1828.05,544.55,555.7718028786635,8.075,8.337,7.289,0.45379731158304587,2.1550000000000002,2.2,2.02,0.07794228634059955,0.75,3,0,1.299038105676658,10.0,10,10,0.0,15.249999999999998,16.7,10.9,2.5114736709748717,1,1.6434236203252546,2
1409,Pd3Cu,111,Cu3Pd9,bridge-tilt|A_B|A,1.6457565221693156,0.7225697265793087,2.0,CuPd3,186.5,202.0,140.0,26.846787517317598,95.7025,106.42,63.55,18.563254530119444,0.72475,1.228,0.557,0.2905515229696791,11.23325,12.0,8.933,1.3280499567034367,10.25,11,10,0.4330127018922193,1710.48,1828.05,1357.77,203.6372134458729,8.18425,8.337,7.726,0.2645707608561459,2.125,2.2,1.9,0.1299038105676659,0.0,0,0,0.0,10.0,10,10,0.0,15.799999999999999,16.7,13.1,1.5588457268119895,1,0.9231867955900068,2
1425,Pd3Ir,111,Ir3Pd9,hollow|A_A_A|FCC,1.0210549571350676,0.6823391921797111,3.0,IrPd3,202.0,202.0,202.0,0.0,127.87,192.22,106.42,37.152489822352415,0.809,1.565,0.557,0.436476803507357,14.605,22.42,12.0,4.511992353716926,9.75,10,9,0.4330127018922193,2050.7875,2719.0,1828.05,385.79266675087285,8.52775,9.1,8.337,0.3303886915437633,2.2,2.2,2.2,0.0,0.0,0,0,0.0,9.25,10,7,1.299038105676658,19.025,26.0,16.7,4.02701812759764,1,0.3387157649553565,2
1426,Pd3Ir,111,Ir3Pd9,hollow|A_A_A|HCP,1.3870283751746035,1.1074595129801992,3.0,IrPd3,202.0,202.0,202.0,0.0,127.87,192.22,106.42,37.152489822352415,0.809,1.565,0.557,0.436476803507357,14.605,22.42,12.0,4.511992353716926,9.75,10,9,0.4330127018922193,2050.7875,2719.0,1828.05,385.79266675087285,8.52775,9.1,8.337,0.3303886915437633,2.2,2.2,2.2,0.0,0.0,0,0,0.0,9.25,10,7,1.299038105676658,19.025,26.0,16.7,4.02701812759764,1,0.27956886219440436,2
1435,Pd3Os,111,Os3Pd9,bridge|A_A|A,1.699662199280703,0.8084922561764643,2.0,OsPd3,205.5,216.0,202.0,6.06217782649107,127.365,190.2,106.42,36.27780416453013,0.6927500000000001,1.1,0.557,0.23512589712747511,14.6425,22.57,12.0,4.576944259000759,9.5,10,8,0.8660254037844386,2197.5375,3306.0,1828.05,639.9711227616056,8.42775,8.7,8.337,0.15718361078687543,2.2,2.2,2.2,0.0,0.0,0,0,0.0,9.0,10,6,1.7320508075688772,20.275,31.0,16.7,6.192081637058736,1,0.8911699431042388,2
1437,Pd3Os,111,Os3Pd9,hollow|A_A_A|FCC,1.3382313349353088,0.7360567768781721,3.0,OsPd3,205.5,216.0,202.0,6.06217782649107,127.365,190.2,106.42,36.27780416453013,0.6927500000000001,1.1,0.557,0.23512589712747511,14.6425,22.57,12.0,4.576944259000759,9.5,10,8,0.8660254037844386,2197.5375,3306.0,1828.05,639.9711227616056,8.42775,8.7,8.337,0.15718361078687543,2.2,2.2,2.2,0.0,0.0,0,0,0.0,9.0,10,6,1.7320508075688772,20.275,31.0,16.7,6.192081637058736,1,0.6021745580571367,2
1439,Pd3Os,111,Os3Pd9,top-tilt|A,2.0460091850767057,0.9848224317764788,1.0,OsPd3,205.5,216.0,202.0,6.06217782649107,127.365,190.2,106.42,36.27780416453013,0.6927500000000001,1.1,0.557,0.23512589712747511,14.6425,22.57,12.0,4.576944259000759,9.5,10,8,0.8660254037844386,2197.5375,3306.0,1828.05,639.9711227616056,8.42775,8.7,8.337,0.15718361078687543,2.2,2.2,2.2,0.0,0.0,0,0,0.0,9.0,10,6,1.7320508075688772,20.275,31.0,16.7,6.192081637058736,1,1.0611867533002268,2
1445,Pd3Pt,111,Pd9Pt3,bridge-tilt|A_B|A,1.5702787364715818,0.6432984754836752,2.0,Pd3Pt,203.75,209.0,202.0,3.031088913245535,128.585,195.08,106.42,38.39090614976417,0.9497500000000001,2.128,0.557,0.6802629546726766,14.365,21.46,12.0,4.096300159900395,10.0,10,10,0.0,1881.425,2041.55,1828.05,92.44821185398882,8.502749999999999,9.0,8.337,0.2870874213545415,2.22,2.28,2.2,0.034641016151377386,0.0,0,0,0.0,9.75,10,9,0.4330127018922193,17.525,20.0,16.7,1.4289419162443242,1,0.9269802609879065,2
1446,Pd3Pt,111,Pd9Pt3,bridge|A_A|B,1.716828838079875,0.8296804002792442,2.0,Pd3Pt,203.75,209.0,202.0,3.031088913245535,128.585,195.08,106.42,38.39090614976417,0.9497500000000001,2.128,0.557,0.6802629546726766,14.365,21.46,12.0,4.096300159900395,10.0,10,10,0.0,1881.425,2041.55,1828.05,92.44821185398882,8.502749999999999,9.0,8.337,0.2870874213545415,2.22,2.28,2.2,0.034641016151377386,0.0,0,0,0.0,9.75,10,9,0.4330127018922193,17.525,20.0,16.7,1.4289419162443242,1,0.8871484378006309,2
1447,Pd3Pt,111,Pd9Pt3,bridge|A_B|A,1.749332395143663,1.061240705382147,2.0,Pd3Pt,203.75,209.0,202.0,3.031088913245535,128.585,195.08,106.42,38.39090614976417,0.9497500000000001,2.128,0.557,0.6802629546726766,14.365,21.46,12.0,4.096300159900395,10.0,10,10,0.0,1881.425,2041.55,1828.05,92.44821185398882,8.502749999999999,9.0,8.337,0.2870874213545415,2.22,2.28,2.2,0.034641016151377386,0.0,0,0,0.0,9.75,10,9,0.4330127018922193,17.525,20.0,16.7,1.4289419162443242,1,0.6880916897615159,2
1452,Pd3Pt,111,Pd9Pt3,top|A,2.7714069386242586,1.5599165260836116,1.0,Pd3Pt,203.75,209.0,202.0,3.031088913245535,128.585,195.08,106.42,38.39090614976417,0.9497500000000001,2.128,0.557,0.6802629546726766,14.365,21.46,12.0,4.096300159900395,10.0,10,10,0.0,1881.425,2041.55,1828.05,92.44821185398882,8.502749999999999,9.0,8.337,0.2870874213545415,2.22,2.28,2.2,0.034641016151377386,0.0,0,0,0.0,9.75,10,9,0.4330127018922193,17.525,20.0,16.7,1.4289419162443242,1,1.211490412540647,2
1456,Pd3Re,111,Pd9Re3,top-tilt|A,2.178733612761963,1.0476807285784844,1.0,Pd3Re,205.75,217.0,202.0,6.49519052838329,126.36675,186.207,106.42,34.5487844458745,0.45525000000000004,0.557,0.15,0.17623616967013328,14.2,20.8,12.0,3.8105117766515306,9.25,10,7,1.299038105676658,2235.7875,3459.0,1828.05,706.2220661511151,8.22275,8.337,7.88,0.19788680476474416,2.125,2.2,1.9,0.1299038105676659,0.0,0,0,0.0,8.75,10,5,2.165063509461097,20.775,33.0,16.7,7.058107040843175,1,1.1310528841834788,2
1458,Pd3Rh,111,Pd9Rh3,bridge-tilt|A_B|A,0.9828496142499634,0.3577203080793651,2.0,Pd3Rh,200.25,202.0,195.0,3.031088913245535,105.541375,106.42,102.9055,1.521823140800204,0.7020000000000001,1.137,0.557,0.2511473670974872,12.1,12.4,12.0,0.1732050807568879,9.75,10,9,0.4330127018922193,1930.2875,2237.0,1828.05,177.08054443882313,8.1175,8.337,7.459,0.3801851522613686,2.22,2.28,2.2,0.034641016151377386,0.0,0,0,0.0,9.5,10,8,0.8660254037844386,17.95,21.7,16.7,2.165063509461097,1,0.6251293061705983,2
1459,Pd3Rh,111,Pd9Rh3,bridge|A_A|A,1.6674605654003194,0.8684132200768317,2.0,Pd3Rh,200.25,202.0,195.0,3.031088913245535,105.541375,106.42,102.9055,1.521823140800204,0.7020000000000001,1.137,0.557,0.2511473670974872,12.1,12.4,12.0,0.1732050807568879,9.75,10,9,0.4330127018922193,1930.2875,2237.0,1828.05,177.08054443882313,8.1175,8.337,7.459,0.3801851522613686,2.22,2.28,2.2,0.034641016151377386,0.0,0,0,0.0,9.5,10,8,0.8660254037844386,17.95,21.7,16.7,2.165063509461097,1,0.7990473453234876,2
1464,Pd3Rh,111,Pd9Rh3,top-tilt|A,1.9346165764917251,0.8712648370791385,1.0,Pd3Rh,200.25,202.0,195.0,3.031088913245535,105.541375,106.42,102.9055,1.521823140800204,0.7020000000000001,1.137,0.557,0.2511473670974872,12.1,12.4,12.0,0.1732050807568879,9.75,10,9,0.4330127018922193,1930.2875,2237.0,1828.05,177.08054443882313,8.1175,8.337,7.459,0.3801851522613686,2.22,2.28,2.2,0.034641016151377386,0.0,0,0,0.0,9.5,10,8,0.8660254037844386,17.95,21.7,16.7,2.165063509461097,1,1.0633517394125866,2
1465,Pd3Rh,111,Pd9Rh3,top|A,2.4065323727889605,1.3304053742766655,1.0,Pd3Rh,200.25,202.0,195.0,3.031088913245535,105.541375,106.42,102.9055,1.521823140800204,0.7020000000000001,1.137,0.557,0.2511473670974872,12.1,12.4,12.0,0.1732050807568879,9.75,10,9,0.4330127018922193,1930.2875,2237.0,1828.05,177.08054443882313,8.1175,8.337,7.459,0.3801851522613686,2.22,2.28,2.2,0.034641016151377386,0.0,0,0,0.0,9.5,10,8,0.8660254037844386,17.95,21.7,16.7,2.165063509461097,1,1.076126998512295,2
1471,Pd3Ru,111,Pd9Ru3,top|A,1.7996240033730888,0.9105782117775334,1.0,Pd3Ru,203.25,207.0,202.0,2.165063509461097,105.09,106.42,101.1,2.3036275740666103,0.68025,1.05,0.557,0.21347526203286413,12.025,12.1,12.0,0.04330127018922177,9.5,10,8,0.8660254037844386,2022.7875,2607.0,1828.05,337.29524413894427,8.093,8.337,7.361,0.42262039704680604,2.2,2.2,2.2,0.0,0.0,0,0,0.0,9.25,10,7,1.299038105676658,18.95,25.7,16.7,3.897114317029974,1,0.8890457915955554,2
1479,Pd3Tc,111,Pd9Tc3,hollow|A_A_A|FCC,1.712361164485131,0.8217523635802308,3.0,Pd3Tc,203.75,209.0,202.0,3.031088913245535,104.04159,106.42,96.90636,4.119526961229892,0.55525,0.557,0.55,0.003031088913245538,11.75,12.0,11.0,0.4330127018922193,9.25,10,7,1.299038105676658,1978.5375,2430.0,1828.05,260.6519959040214,8.07275,8.337,7.28,0.45769442590007564,2.125,2.2,1.9,0.1299038105676659,0.0,0,0,0.0,8.75,10,5,2.165063509461097,18.275,23.0,16.7,2.727980021920982,1,0.8906088009049002,2
1480,Pd3Tc,111,Pd9Tc3,hollow|A_A_A|HCP,2.007011942256531,1.1772084124794446,3.0,Pd3Tc,203.75,209.0,202.0,3.031088913245535,104.04159,106.42,96.90636,4.119526961229892,0.55525,0.557,0.55,0.003031088913245538,11.75,12.0,11.0,0.4330127018922193,9.25,10,7,1.299038105676658,1978.5375,2430.0,1828.05,260.6519959040214,8.07275,8.337,7.28,0.45769442590007564,2.125,2.2,1.9,0.1299038105676659,0.0,0,0,0.0,8.75,10,5,2.165063509461097,18.275,23.0,16.7,2.727980021920982,1,0.8298035297770863,2
1481,Pd3Tc,111,Pd9Tc3,top|A,1.9402881454823653,0.9634193178798114,1.0,Pd3Tc,203.75,209.0,202.0,3.031088913245535,104.04159,106.42,96.90636,4.119526961229892,0.55525,0.557,0.55,0.003031088913245538,11.75,12.0,11.0,0.4330127018922193,9.25,10,7,1.299038105676658,1978.5375,2430.0,1828.05,260.6519959040214,8.07275,8.337,7.28,0.45769442590007564,2.125,2.2,1.9,0.1299038105676659,0.0,0,0,0.0,8.75,10,5,2.165063509461097,18.275,23.0,16.7,2.727980021920982,1,0.9768688276025539,2
1492,Pd3Zn,111,Pd9Zn3,hollow|A_A_A|FCC,1.9688840861997325,1.0338653728803138,3.0,Pd3Zn,186.25,202.0,139.0,27.279800219209818,96.16499999999999,106.42,65.4,17.762181031618834,,0.557,0.557,,10.7835,12.0,7.134,2.1070398074075394,10.5,12,10,0.8660254037844386,1544.2075,1828.05,692.68,491.62963134736907,8.60125,9.394,8.337,0.457694425900076,2.0625,2.2,1.65,0.23815698604072075,0.0,0,0,0.0,10.0,10,10,0.0,14.362499999999999,16.7,7.35,4.048668762692251,1,0.9350187133194188,2
1495,Pd3Zn,111,Pd9Zn3,hollow|A_A_B|HCP,1.4923906468100832,0.5991041948772136,3.0,Pd3Zn,186.25,202.0,139.0,27.279800219209818,96.16499999999999,106.42,65.4,17.762181031618834,,0.557,0.557,,10.7835,12.0,7.134,2.1070398074075394,10.5,12,10,0.8660254037844386,1544.2075,1828.05,692.68,491.62963134736907,8.60125,9.394,8.337,0.457694425900076,2.0625,2.2,1.65,0.23815698604072075,0.0,0,0,0.0,10.0,10,10,0.0,14.362499999999999,16.7,7.35,4.048668762692251,1,0.8932864519328696,2
1496,Pd3Zn,111,Pd9Zn3,top|A,2.620210407570288,0.9632307429754974,1.0,Pd3Zn,186.25,202.0,139.0,27.279800219209818,96.16499999999999,106.42,65.4,17.762181031618834,,0.557,0.557,,10.7835,12.0,7.134,2.1070398074075394,10.5,12,10,0.8660254037844386,1544.2075,1828.05,692.68,491.62963134736907,8.60125,9.394,8.337,0.457694425900076,2.0625,2.2,1.65,0.23815698604072075,0.0,0,0,0.0,10.0,10,10,0.0,14.362499999999999,16.7,7.35,4.048668762692251,1,1.6569796645947905,2
1507,PdPt,101,Pd6Pt6,bridge|A_A|B,1.6980621562950695,0.8323257549826621,2.0,PdPt,205.5,209.0,202.0,3.5,150.75,195.08,106.42,44.330000000000005,1.3425,2.128,0.557,0.7855000000000001,16.73,21.46,12.0,4.73,10.0,10,10,0.0,1934.8,2041.55,1828.05,106.75,8.6685,9.0,8.337,0.33150000000000013,2.24,2.28,2.2,0.039999999999999813,0.0,0,0,0.0,9.5,10,9,0.5,18.35,20.0,16.7,1.6500000000000004,1,0.8657364013124074,2
1508,PdPt,101,Pd6Pt6,bridge|A_B|A,1.589265900862517,0.6116314996805841,2.0,PdPt,205.5,209.0,202.0,3.5,150.75,195.08,106.42,44.330000000000005,1.3425,2.128,0.557,0.7855000000000001,16.73,21.46,12.0,4.73,10.0,10,10,0.0,1934.8,2041.55,1828.05,106.75,8.6685,9.0,8.337,0.33150000000000013,2.24,2.28,2.2,0.039999999999999813,0.0,0,0,0.0,9.5,10,9,0.5,18.35,20.0,16.7,1.6500000000000004,1,0.9776344011819329,2
1509,PdPt,101,Pd6Pt6,bridge|B_B|A,1.6577353991665227,0.7416560633763538,2.0,PdPt,205.5,209.0,202.0,3.5,150.75,195.08,106.42,44.330000000000005,1.3425,2.128,0.557,0.7855000000000001,16.73,21.46,12.0,4.73,10.0,10,10,0.0,1934.8,2041.55,1828.05,106.75,8.6685,9.0,8.337,0.33150000000000013,2.24,2.28,2.2,0.039999999999999813,0.0,0,0,0.0,9.5,10,9,0.5,18.35,20.0,16.7,1.6500000000000004,1,0.9160793357901689,2
1514,PdPt,101,Pd6Pt6,top-tilt|B,2.0700729729663636,0.6846094379769738,1.0,PdPt,205.5,209.0,202.0,3.5,150.75,195.08,106.42,44.330000000000005,1.3425,2.128,0.557,0.7855000000000001,16.73,21.46,12.0,4.73,10.0,10,10,0.0,1934.8,2041.55,1828.05,106.75,8.6685,9.0,8.337,0.33150000000000013,2.24,2.28,2.2,0.039999999999999813,0.0,0,0,0.0,9.5,10,9,0.5,18.35,20.0,16.7,1.6500000000000004,1,1.3854635349893898,2
1515,PdPt,101,Pd6Pt6,top|A,2.268149065329031,0.9649159439767344,1.0,PdPt,205.5,209.0,202.0,3.5,150.75,195.08,106.42,44.330000000000005,1.3425,2.128,0.557,0.7855000000000001,16.73,21.46,12.0,4.73,10.0,10,10,0.0,1934.8,2041.55,1828.05,106.75,8.6685,9.0,8.337,0.33150000000000013,2.24,2.28,2.2,0.039999999999999813,0.0,0,0,0.0,9.5,10,9,0.5,18.35,20.0,16.7,1.6500000000000004,1,1.3032331213522963,2
1518,PdRe,101,Pd6Re6,bridge|B_B|A,-0.8504970438991761,-0.8315318628184514,2.0,PdRe,209.5,217.0,202.0,7.5,146.3135,186.207,106.42,39.893499999999996,0.35350000000000004,0.557,0.15,0.20350000000000004,16.4,20.8,12.0,4.4,8.5,10,7,1.5,2643.525,3459.0,1828.05,815.475,8.1085,8.337,7.88,0.22849999999999993,2.05,2.2,1.9,0.15000000000000013,0.0,0,0,0.0,7.5,10,5,2.5,24.85,33.0,16.7,8.15,1,-0.018965181080724758,2
1521,PdRe,101,Pd6Re6,top-tilt|B,-0.6366177343703926,-0.5341628666202496,1.0,PdRe,209.5,217.0,202.0,7.5,146.3135,186.207,106.42,39.893499999999996,0.35350000000000004,0.557,0.15,0.20350000000000004,16.4,20.8,12.0,4.4,8.5,10,7,1.5,2643.525,3459.0,1828.05,815.475,8.1085,8.337,7.88,0.22849999999999993,2.05,2.2,1.9,0.15000000000000013,0.0,0,0,0.0,7.5,10,5,2.5,24.85,33.0,16.7,8.15,1,-0.10245486775014301,2
1523,PdRh,101,Pd6Rh6,bridge|A_B|A,0.9225713922429682,0.4334650997778908,2.0,PdRh,198.5,202.0,195.0,3.5,104.66275,106.42,102.9055,1.757249999999999,0.847,1.137,0.557,0.29,12.2,12.4,12.0,0.20000000000000018,9.5,10,9,0.5,2032.525,2237.0,1828.05,204.47500000000002,7.898,8.337,7.459,0.43900000000000006,2.24,2.28,2.2,0.039999999999999813,0.0,0,0,0.0,9.0,10,8,1.0,19.2,21.7,16.7,2.5,1,0.4891062924650774,2
1524,PdRh,101,Pd6Rh6,bridge|B_B|A,0.7542499271767708,0.1698514171774832,2.0,PdRh,198.5,202.0,195.0,3.5,104.66275,106.42,102.9055,1.757249999999999,0.847,1.137,0.557,0.29,12.2,12.4,12.0,0.20000000000000018,9.5,10,9,0.5,2032.525,2237.0,1828.05,204.47500000000002,7.898,8.337,7.459,0.43900000000000006,2.24,2.28,2.2,0.039999999999999813,0.0,0,0,0.0,9.0,10,8,1.0,19.2,21.7,16.7,2.5,1,0.5843985099992876,2
1525,PdRh,101,Pd6Rh6,hollow-tilt|A_B_B|FCC,0.8055332843485636,0.3868857413807518,4.0,PdRh,198.5,202.0,195.0,3.5,104.66275,106.42,102.9055,1.757249999999999,0.847,1.137,0.557,0.29,12.2,12.4,12.0,0.20000000000000018,9.5,10,9,0.5,2032.525,2237.0,1828.05,204.47500000000002,7.898,8.337,7.459,0.43900000000000006,2.24,2.28,2.2,0.039999999999999813,0.0,0,0,0.0,9.0,10,8,1.0,19.2,21.7,16.7,2.5,1,0.4186475429678118,2
1530,PdRh,101,Pd6Rh6,top-tilt|A,1.8671298657257822,0.8361594307797304,1.0,PdRh,198.5,202.0,195.0,3.5,104.66275,106.42,102.9055,1.757249999999999,0.847,1.137,0.557,0.29,12.2,12.4,12.0,0.20000000000000018,9.5,10,9,0.5,2032.525,2237.0,1828.05,204.47500000000002,7.898,8.337,7.459,0.43900000000000006,2.24,2.28,2.2,0.039999999999999813,0.0,0,0,0.0,9.0,10,8,1.0,19.2,21.7,16.7,2.5,1,1.0309704349460518,2
1531,PdRh,101,Pd6Rh6,top|B,1.167550519752423,0.3937028732806311,1.0,PdRh,198.5,202.0,195.0,3.5,104.66275,106.42,102.9055,1.757249999999999,0.847,1.137,0.557,0.29,12.2,12.4,12.0,0.20000000000000018,9.5,10,9,0.5,2032.525,2237.0,1828.05,204.47500000000002,7.898,8.337,7.459,0.43900000000000006,2.24,2.28,2.2,0.039999999999999813,0.0,0,0,0.0,9.0,10,8,1.0,19.2,21.7,16.7,2.5,1,0.7738476464717918,2
1538,PdRu,101,Pd6Ru6,top-tilt|A,1.773143247417153,0.8833458751804528,1.0,PdRu,204.5,207.0,202.0,2.5,103.75999999999999,106.42,101.1,2.6600000000000037,0.8035000000000001,1.05,0.557,0.2465,12.05,12.1,12.0,0.04999999999999982,9.0,10,8,1.0,2217.525,2607.0,1828.05,389.475,7.849,8.337,7.361,0.488,2.2,2.2,2.2,0.0,0.0,0,0,0.0,8.5,10,7,1.5,21.2,25.7,16.7,4.5,1,0.8897973722367001,2
1539,PdRu,101,Pd6Ru6,top|B,0.4049744250049264,0.1041751095807512,1.0,PdRu,204.5,207.0,202.0,2.5,103.75999999999999,106.42,101.1,2.6600000000000037,0.8035000000000001,1.05,0.557,0.2465,12.05,12.1,12.0,0.04999999999999982,9.0,10,8,1.0,2217.525,2607.0,1828.05,389.475,7.849,8.337,7.361,0.488,2.2,2.2,2.2,0.0,0.0,0,0,0.0,8.5,10,7,1.5,21.2,25.7,16.7,4.5,1,0.3007993154241752,2
1540,PdTc,101,Pd6Tc6,bridge|B_B|A,-0.7732569188107438,-0.8247160915190079,2.0,PdTc,205.5,209.0,202.0,3.5,101.66318000000001,106.42,96.90636,4.756819999999998,0.5535000000000001,0.557,0.55,0.003500000000000003,11.5,12.0,11.0,0.5,8.5,10,7,1.5,2129.025,2430.0,1828.05,300.975,7.8085,8.337,7.28,0.5284999999999997,2.05,2.2,1.9,0.15000000000000013,0.0,0,0,0.0,7.5,10,5,2.5,19.85,23.0,16.7,3.1500000000000004,1,0.05145917270826417,2
1542,PdTc,101,Pd6Tc6,top-tilt|B,-0.545402662967655,-0.4963039404202618,1.0,PdTc,205.5,209.0,202.0,3.5,101.66318000000001,106.42,96.90636,4.756819999999998,0.5535000000000001,0.557,0.55,0.003500000000000003,11.5,12.0,11.0,0.5,8.5,10,7,1.5,2129.025,2430.0,1828.05,300.975,7.8085,8.337,7.28,0.5284999999999997,2.05,2.2,1.9,0.15000000000000013,0.0,0,0,0.0,7.5,10,5,2.5,19.85,23.0,16.7,3.1500000000000004,1,-0.049098722547393225,2
1544,PdZn,101,Pd6Zn6,bridge|B_B|A,0.9334198795292619,0.1345027410760622,2.0,PdZn,170.5,202.0,139.0,31.5,85.91,106.42,65.4,20.509999999999998,,0.557,0.557,,9.567,12.0,7.134,2.433,11.0,12,10,1.0,1260.365,1828.05,692.68,567.685,8.8655,9.394,8.337,0.5285000000000002,1.925,2.2,1.65,0.27500000000000013,0.0,0,0,0.0,10.0,10,10,0.0,12.024999999999999,16.7,7.35,4.675,1,0.7989171384531997,2
1545,PdZn,101,Pd6Zn6,hollow-tilt|A_A_B|FCC,1.5319682261004801,0.4818666685795278,4.0,PdZn,170.5,202.0,139.0,31.5,85.91,106.42,65.4,20.509999999999998,,0.557,0.557,,9.567,12.0,7.134,2.433,11.0,12,10,1.0,1260.365,1828.05,692.68,567.685,8.8655,9.394,8.337,0.5285000000000002,1.925,2.2,1.65,0.27500000000000013,0.0,0,0,0.0,10.0,10,10,0.0,12.024999999999999,16.7,7.35,4.675,1,1.0501015575209522,2
1548,PdZn,101,Pd6Zn6,hollow|A_B_B|HCP,0.968172786085173,0.1333142838747107,4.0,PdZn,170.5,202.0,139.0,31.5,85.91,106.42,65.4,20.509999999999998,,0.557,0.557,,9.567,12.0,7.134,2.433,11.0,12,10,1.0,1260.365,1828.05,692.68,567.685,8.8655,9.394,8.337,0.5285000000000002,1.925,2.2,1.65,0.27500000000000013,0.0,0,0,0.0,10.0,10,10,0.0,12.024999999999999,16.7,7.35,4.675,1,0.8348585022104623,2
1593,Pt-fcc,111,Pt16,hcp,1.6945298310139656,1.4962235201892329,3.0,Pt,209.0,209.0,209.0,0.0,195.08,195.08,195.08,0.0,2.128,2.128,2.128,0.0,21.46,21.46,21.46,0.0,10.0,10,10,0.0,2041.55,2041.55,2041.55,0.0,9.0,9.0,9.0,0.0,2.28,2.28,2.28,0.0,0.0,0,0,0.0,9.0,9,9,0.0,20.0,20.0,20.0,0.0,1,0.1983063108247327,1
1594,Pt-fcc,111+2%,Pt16,fcc,1.422908300778714,0.9211800390985444,3.0,Pt,209.0,209.0,209.0,0.0,195.08,195.08,195.08,0.0,2.128,2.128,2.128,0.0,21.46,21.46,21.46,0.0,10.0,10,10,0.0,2041.55,2041.55,2041.55,0.0,9.0,9.0,9.0,0.0,2.28,2.28,2.28,0.0,0.0,0,0,0.0,9.0,9,9,0.0,20.0,20.0,20.0,0.0,1,0.5017282616801696,1
1595,Pt-fcc,111+5%,Pt16,fcc,1.2356474779011328,0.6205308467033319,3.0,Pt,209.0,209.0,209.0,0.0,195.08,195.08,195.08,0.0,2.128,2.128,2.128,0.0,21.46,21.46,21.46,0.0,10.0,10,10,0.0,2041.55,2041.55,2041.55,0.0,9.0,9.0,9.0,0.0,2.28,2.28,2.28,0.0,0.0,0,0,0.0,9.0,9,9,0.0,20.0,20.0,20.0,0.0,1,0.6151166311978009,1
1596,Pt-fcc,111+8%,Pt16,fcc,1.0475805797779025,0.4489553161838557,3.0,Pt,209.0,209.0,209.0,0.0,195.08,195.08,195.08,0.0,2.128,2.128,2.128,0.0,21.46,21.46,21.46,0.0,10.0,10,10,0.0,2041.55,2041.55,2041.55,0.0,9.0,9.0,9.0,0.0,2.28,2.28,2.28,0.0,0.0,0,0,0.0,9.0,9,9,0.0,20.0,20.0,20.0,0.0,1,0.5986252635940468,1
1597,Pt-fcc,111-1%,Pt16,fcc,1.6620912738623135,1.3212081986275734,3.0,Pt,209.0,209.0,209.0,0.0,195.08,195.08,195.08,0.0,2.128,2.128,2.128,0.0,21.46,21.46,21.46,0.0,10.0,10,10,0.0,2041.55,2041.55,2041.55,0.0,9.0,9.0,9.0,0.0,2.28,2.28,2.28,0.0,0.0,0,0,0.0,9.0,9,9,0.0,20.0,20.0,20.0,0.0,1,0.34088307523474004,1
1598,Pt-fcc,111-2%,Pt16,fcc,1.6758661004224242,1.441095569432946,3.0,Pt,209.0,209.0,209.0,0.0,195.08,195.08,195.08,0.0,2.128,2.128,2.128,0.0,21.46,21.46,21.46,0.0,10.0,10,10,0.0,2041.55,2041.55,2041.55,0.0,9.0,9.0,9.0,0.0,2.28,2.28,2.28,0.0,0.0,0,0,0.0,9.0,9,9,0.0,20.0,20.0,20.0,0.0,1,0.2347705309894783,1
1599,Pt-fcc,111-3%,Pt16,fcc,1.76969946077509,1.535789008376014,3.0,Pt,209.0,209.0,209.0,0.0,195.08,195.08,195.08,0.0,2.128,2.128,2.128,0.0,21.46,21.46,21.46,0.0,10.0,10,10,0.0,2041.55,2041.55,2041.55,0.0,9.0,9.0,9.0,0.0,2.28,2.28,2.28,0.0,0.0,0,0,0.0,9.0,9,9,0.0,20.0,20.0,20.0,0.0,1,0.23391045239907604,1
1600,Pt-fcc,111-5%,Pt16,fcc,1.8639338518677442,1.619712997933675,3.0,Pt,209.0,209.0,209.0,0.0,195.08,195.08,195.08,0.0,2.128,2.128,2.128,0.0,21.46,21.46,21.46,0.0,10.0,10,10,0.0,2041.55,2041.55,2041.55,0.0,9.0,9.0,9.0,0.0,2.28,2.28,2.28,0.0,0.0,0,0,0.0,9.0,9,9,0.0,20.0,20.0,20.0,0.0,1,0.24422085393406912,1
1606,Pt3Ag,111,Ag3Pt9,top|A,2.0499386144040947,0.6929972109836626,1.0,AgPt3,199.75,209.0,172.0,16.021469970012117,173.277,195.08,107.868,37.76390375742424,1.9215,2.128,1.302,0.3576684917629732,18.72025,21.46,10.501,4.745386200036832,10.25,11,10,0.4330127018922193,1839.895,2041.55,1234.93,349.2767056003019,8.644,9.0,7.576,0.6166100874945204,2.1925,2.28,1.93,0.15155444566227672,0.0,0,0,0.0,9.25,10,9,0.4330127018922193,17.825,20.0,11.3,3.767210506462308,1,1.3569414034204321,2
1607,Pt3Ag,111,Ag3Pt9,top|B,3.2696880337946737,2.1001797769830546,1.0,AgPt3,199.75,209.0,172.0,16.021469970012117,173.277,195.08,107.868,37.76390375742424,1.9215,2.128,1.302,0.3576684917629732,18.72025,21.46,10.501,4.745386200036832,10.25,11,10,0.4330127018922193,1839.895,2041.55,1234.93,349.2767056003019,8.644,9.0,7.576,0.6166100874945204,2.1925,2.28,1.93,0.15155444566227672,0.0,0,0,0.0,9.25,10,9,0.4330127018922193,17.825,20.0,11.3,3.767210506462308,1,1.169508256811619,2
1608,Pt3Au,111,Au3Pt9,bridge|A_A|A,1.7198246081781485,1.02949141508077,2.0,AuPt3,198.25,209.0,166.0,18.619546181365433,195.5516425,196.96657,195.08,0.8169087730087946,2.1732500000000003,2.309,2.128,0.07837529904249171,20.915499999999998,21.46,19.282,0.943101664721254,10.25,11,10,0.4330127018922193,1865.495,2041.55,1337.33,304.9362049265387,9.0565,9.226,9.0,0.09786087062764194,2.3449999999999998,2.54,2.28,0.11258330249197712,0.0,0,0,0.0,9.25,10,9,0.4330127018922193,18.125,20.0,12.5,3.247595264191645,1,0.6903331930973786,2
1613,Pt3Au,111,Au3Pt9,top|A,2.2129101558757545,0.8018758082806698,1.0,AuPt3,198.25,209.0,166.0,18.619546181365433,195.5516425,196.96657,195.08,0.8169087730087946,2.1732500000000003,2.309,2.128,0.07837529904249171,20.915499999999998,21.46,19.282,0.943101664721254,10.25,11,10,0.4330127018922193,1865.495,2041.55,1337.33,304.9362049265387,9.0565,9.226,9.0,0.09786087062764194,2.3449999999999998,2.54,2.28,0.11258330249197712,0.0,0,0,0.0,9.25,10,9,0.4330127018922193,18.125,20.0,12.5,3.247595264191645,1,1.4110343475950846,2
1615,Pt3Bi,111,Bi3Pt9,bridge-tilt|A_A|A,1.714462909433291,0.9537502968786384,2.0,BiPt3,208.5,209.0,207.0,0.8660254037844386,198.5551,208.9804,195.08,6.019049761382601,1.8325,2.128,0.946,0.5118210136366033,18.54675,21.46,9.807,5.0458970151500315,11.25,15,10,2.165063509461097,1667.3,2041.55,544.55,648.2200147326523,8.57225,9.0,7.289,0.7408847329375874,2.215,2.28,2.02,0.11258330249197693,0.75,3,0,1.299038105676658,9.25,10,9,0.4330127018922193,17.725,20.0,10.9,3.9404155872191957,1,0.7607126125546526,2
1616,Pt3Bi,111,Bi3Pt9,bridge-tilt|A_B|A,1.4934619165572718,0.5845314103834198,2.0,BiPt3,208.5,209.0,207.0,0.8660254037844386,198.5551,208.9804,195.08,6.019049761382601,1.8325,2.128,0.946,0.5118210136366033,18.54675,21.46,9.807,5.0458970151500315,11.25,15,10,2.165063509461097,1667.3,2041.55,544.55,648.2200147326523,8.57225,9.0,7.289,0.7408847329375874,2.215,2.28,2.02,0.11258330249197693,0.75,3,0,1.299038105676658,9.25,10,9,0.4330127018922193,17.725,20.0,10.9,3.9404155872191957,1,0.908930506173852,2
1617,Pt3Bi,111,Bi3Pt9,bridge|A_A|A,1.7040671244129597,0.902119553179432,2.0,BiPt3,208.5,209.0,207.0,0.8660254037844386,198.5551,208.9804,195.08,6.019049761382601,1.8325,2.128,0.946,0.5118210136366033,18.54675,21.46,9.807,5.0458970151500315,11.25,15,10,2.165063509461097,1667.3,2041.55,544.55,648.2200147326523,8.57225,9.0,7.289,0.7408847329375874,2.215,2.28,2.02,0.11258330249197693,0.75,3,0,1.299038105676658,9.25,10,9,0.4330127018922193,17.725,20.0,10.9,3.9404155872191957,1,0.8019475712335277,2
1618,Pt3Bi,111,Bi3Pt9,bridge|A_A|B,1.3456245921047691,0.5014633548825032,2.0,BiPt3,208.5,209.0,207.0,0.8660254037844386,198.5551,208.9804,195.08,6.019049761382601,1.8325,2.128,0.946,0.5118210136366033,18.54675,21.46,9.807,5.0458970151500315,11.25,15,10,2.165063509461097,1667.3,2041.55,544.55,648.2200147326523,8.57225,9.0,7.289,0.7408847329375874,2.215,2.28,2.02,0.11258330249197693,0.75,3,0,1.299038105676658,9.25,10,9,0.4330127018922193,17.725,20.0,10.9,3.9404155872191957,1,0.844161237222266,2
1621,Pt3Bi,111,Bi3Pt9,hollow|A_A_B|HCP,1.6280585952425,0.9449740813842028,3.0,BiPt3,208.5,209.0,207.0,0.8660254037844386,198.5551,208.9804,195.08,6.019049761382601,1.8325,2.128,0.946,0.5118210136366033,18.54675,21.46,9.807,5.0458970151500315,11.25,15,10,2.165063509461097,1667.3,2041.55,544.55,648.2200147326523,8.57225,9.0,7.289,0.7408847329375874,2.215,2.28,2.02,0.11258330249197693,0.75,3,0,1.299038105676658,9.25,10,9,0.4330127018922193,17.725,20.0,10.9,3.9404155872191957,1,0.6830845138582972,2
1622,Pt3Bi,111,Bi3Pt9,top|A,1.9599423616458276,0.6403584215776164,1.0,BiPt3,208.5,209.0,207.0,0.8660254037844386,198.5551,208.9804,195.08,6.019049761382601,1.8325,2.128,0.946,0.5118210136366033,18.54675,21.46,9.807,5.0458970151500315,11.25,15,10,2.165063509461097,1667.3,2041.55,544.55,648.2200147326523,8.57225,9.0,7.289,0.7408847329375874,2.215,2.28,2.02,0.11258330249197693,0.75,3,0,1.299038105676658,9.25,10,9,0.4330127018922193,17.725,20.0,10.9,3.9404155872191957,1,1.3195839400682112,2
1623,Pt3Bi,111,Bi3Pt9,top|B,2.18595064630455,0.9266341528826842,1.0,BiPt3,208.5,209.0,207.0,0.8660254037844386,198.5551,208.9804,195.08,6.019049761382601,1.8325,2.128,0.946,0.5118210136366033,18.54675,21.46,9.807,5.0458970151500315,11.25,15,10,2.165063509461097,1667.3,2041.55,544.55,648.2200147326523,8.57225,9.0,7.289,0.7408847329375874,2.215,2.28,2.02,0.11258330249197693,0.75,3,0,1.299038105676658,9.25,10,9,0.4330127018922193,17.725,20.0,10.9,3.9404155872191957,1,1.2593164934218657,2
1627,Pt3Cu,111,Cu3Pt9,bridge|A_A|B,1.5044124833525938,0.5687924819766295,2.0,CuPt3,191.75,209.0,140.0,29.877876430563134,162.1975,195.08,63.55,56.954160679883614,1.903,2.128,1.228,0.38971143170299744,18.328249999999997,21.46,8.933,5.424350116603832,10.25,11,10,0.4330127018922193,1870.605,2041.55,1357.77,296.0854252998617,8.6815,9.0,7.726,0.5516581822106874,2.185,2.28,1.9,0.1645448267190433,0.0,0,0,0.0,9.25,10,9,0.4330127018922193,18.275,20.0,13.1,2.9877876430563135,1,0.9356200013759643,2
1632,Pt3Cu,111,Cu3Pt9,top-tilt|B,2.5187722629020084,1.1155021096755036,1.0,CuPt3,191.75,209.0,140.0,29.877876430563134,162.1975,195.08,63.55,56.954160679883614,1.903,2.128,1.228,0.38971143170299744,18.328249999999997,21.46,8.933,5.424350116603832,10.25,11,10,0.4330127018922193,1870.605,2041.55,1357.77,296.0854252998617,8.6815,9.0,7.726,0.5516581822106874,2.185,2.28,1.9,0.1645448267190433,0.0,0,0,0.0,9.25,10,9,0.4330127018922193,18.275,20.0,13.1,2.9877876430563135,1,1.4032701532265048,2
1633,Pt3Cu,111,Cu3Pt9,top|A,2.0914809711475737,0.7431034368754581,1.0,CuPt3,191.75,209.0,140.0,29.877876430563134,162.1975,195.08,63.55,56.954160679883614,1.903,2.128,1.228,0.38971143170299744,18.328249999999997,21.46,8.933,5.424350116603832,10.25,11,10,0.4330127018922193,1870.605,2041.55,1357.77,296.0854252998617,8.6815,9.0,7.726,0.5516581822106874,2.185,2.28,1.9,0.1645448267190433,0.0,0,0,0.0,9.25,10,9,0.4330127018922193,18.275,20.0,13.1,2.9877876430563135,1,1.3483775342721156,2
1646,Pt3Ir,111,Ir3Pt9,bridge|A_A|B,1.777163125483864,0.9889346161770618,2.0,IrPt3,207.25,209.0,202.0,3.031088913245535,194.365,195.08,192.22,1.2384163274117532,1.98725,2.128,1.565,0.24378615116531957,21.7,22.42,21.46,0.41569219381653094,9.75,10,9,0.4330127018922193,2210.9125,2719.0,2041.55,293.34445489688403,9.025,9.1,9.0,0.04330127018922177,2.26,2.28,2.2,0.034641016151377386,0.0,0,0,0.0,8.5,9,7,0.8660254037844386,21.5,26.0,20.0,2.598076211353316,1,0.7882285093068022,2
1662,Pt3Os,111,Os3Pt9,bridge|A_A|A,1.4111804877146923,1.008266671674278,2.0,OsPt3,210.75,216.0,209.0,3.031088913245535,193.86,195.08,190.2,2.1131019852340405,1.871,2.128,1.1,0.4451370575452015,21.737499999999997,22.57,21.46,0.4806440991003632,9.5,10,8,0.8660254037844386,2357.6625,3306.0,2041.55,547.5229109076167,8.925,9.0,8.7,0.12990381056766612,2.26,2.28,2.2,0.034641016151377386,0.0,0,0,0.0,8.25,9,6,1.299038105676658,22.75,31.0,20.0,4.763139720814412,1,0.4029138160404142,2
1663,Pt3Os,111,Os3Pt9,hollow|A_A_A|FCC,1.0488925242630815,1.0217651507745131,3.0,OsPt3,210.75,216.0,209.0,3.031088913245535,193.86,195.08,190.2,2.1131019852340405,1.871,2.128,1.1,0.4451370575452015,21.737499999999997,22.57,21.46,0.4806440991003632,9.5,10,8,0.8660254037844386,2357.6625,3306.0,2041.55,547.5229109076167,8.925,9.0,8.7,0.12990381056766612,2.26,2.28,2.2,0.034641016151377386,0.0,0,0,0.0,8.25,9,6,1.299038105676658,22.75,31.0,20.0,4.763139720814412,1,0.027127373488568418,2
1664,Pt3Os,111,Os3Pt9,hollow|A_A_A|HCP,1.9908229861089708,1.6536743015793718,3.0,OsPt3,210.75,216.0,209.0,3.031088913245535,193.86,195.08,190.2,2.1131019852340405,1.871,2.128,1.1,0.4451370575452015,21.737499999999997,22.57,21.46,0.4806440991003632,9.5,10,8,0.8660254037844386,2357.6625,3306.0,2041.55,547.5229109076167,8.925,9.0,8.7,0.12990381056766612,2.26,2.28,2.2,0.034641016151377386,0.0,0,0,0.0,8.25,9,6,1.299038105676658,22.75,31.0,20.0,4.763139720814412,1,0.337148684529599,2
1665,Pt3Os,111,Os3Pt9,hollow|A_A_B|FCC,1.2993122758460345,1.098189138680823,3.0,OsPt3,210.75,216.0,209.0,3.031088913245535,193.86,195.08,190.2,2.1131019852340405,1.871,2.128,1.1,0.4451370575452015,21.737499999999997,22.57,21.46,0.4806440991003632,9.5,10,8,0.8660254037844386,2357.6625,3306.0,2041.55,547.5229109076167,8.925,9.0,8.7,0.12990381056766612,2.26,2.28,2.2,0.034641016151377386,0.0,0,0,0.0,8.25,9,6,1.299038105676658,22.75,31.0,20.0,4.763139720814412,1,0.20112313716521157,2
1666,Pt3Os,111,Os3Pt9,top|A,1.9624512002289771,0.8577558815785551,1.0,OsPt3,210.75,216.0,209.0,3.031088913245535,193.86,195.08,190.2,2.1131019852340405,1.871,2.128,1.1,0.4451370575452015,21.737499999999997,22.57,21.46,0.4806440991003632,9.5,10,8,0.8660254037844386,2357.6625,3306.0,2041.55,547.5229109076167,8.925,9.0,8.7,0.12990381056766612,2.26,2.28,2.2,0.034641016151377386,0.0,0,0,0.0,8.25,9,6,1.299038105676658,22.75,31.0,20.0,4.763139720814412,1,1.104695318650422,2
1670,Pt3Pd,111,Pd3Pt9,bridge|A_A|A,1.6132217606038461,0.8879573883795047,2.0,PdPt3,207.25,209.0,202.0,3.031088913245535,172.915,195.08,106.42,38.39090614976417,1.7352500000000002,2.128,0.557,0.6802629546726766,19.095,21.46,12.0,4.096300159900395,10.0,10,10,0.0,1988.175,2041.55,1828.05,92.44821185398882,8.83425,9.0,8.337,0.2870874213545415,2.26,2.28,2.2,0.034641016151377386,0.0,0,0,0.0,9.25,10,9,0.4330127018922193,19.175,20.0,16.7,1.4289419162443242,1,0.7252643722243415,2
1671,Pt3Pd,111,Pd3Pt9,bridge|A_A|B,1.5088425030640842,0.693677903681305,2.0,PdPt3,207.25,209.0,202.0,3.031088913245535,172.915,195.08,106.42,38.39090614976417,1.7352500000000002,2.128,0.557,0.6802629546726766,19.095,21.46,12.0,4.096300159900395,10.0,10,10,0.0,1988.175,2041.55,1828.05,92.44821185398882,8.83425,9.0,8.337,0.2870874213545415,2.26,2.28,2.2,0.034641016151377386,0.0,0,0,0.0,9.25,10,9,0.4330127018922193,19.175,20.0,16.7,1.4289419162443242,1,0.8151645993827792,2
1672,Pt3Pd,111,Pd3Pt9,bridge|A_B|A,1.6904611671336136,1.154525819180776,2.0,PdPt3,207.25,209.0,202.0,3.031088913245535,172.915,195.08,106.42,38.39090614976417,1.7352500000000002,2.128,0.557,0.6802629546726766,19.095,21.46,12.0,4.096300159900395,10.0,10,10,0.0,1988.175,2041.55,1828.05,92.44821185398882,8.83425,9.0,8.337,0.2870874213545415,2.26,2.28,2.2,0.034641016151377386,0.0,0,0,0.0,9.25,10,9,0.4330127018922193,19.175,20.0,16.7,1.4289419162443242,1,0.5359353479528377,2
1677,Pt3Pd,111,Pd3Pt9,top-tilt|A,2.458530315150269,1.311062706282314,1.0,PdPt3,207.25,209.0,202.0,3.031088913245535,172.915,195.08,106.42,38.39090614976417,1.7352500000000002,2.128,0.557,0.6802629546726766,19.095,21.46,12.0,4.096300159900395,10.0,10,10,0.0,1988.175,2041.55,1828.05,92.44821185398882,8.83425,9.0,8.337,0.2870874213545415,2.26,2.28,2.2,0.034641016151377386,0.0,0,0,0.0,9.25,10,9,0.4330127018922193,19.175,20.0,16.7,1.4289419162443242,1,1.1474676088679552,2
1678,Pt3Pd,111,Pd3Pt9,top|A,1.9522644294228653,0.6841253473802453,1.0,PdPt3,207.25,209.0,202.0,3.031088913245535,172.915,195.08,106.42,38.39090614976417,1.7352500000000002,2.128,0.557,0.6802629546726766,19.095,21.46,12.0,4.096300159900395,10.0,10,10,0.0,1988.175,2041.55,1828.05,92.44821185398882,8.83425,9.0,8.337,0.2870874213545415,2.26,2.28,2.2,0.034641016151377386,0.0,0,0,0.0,9.25,10,9,0.4330127018922193,19.175,20.0,16.7,1.4289419162443242,1,1.26813908204262,2
1679,Pt3Pd,111,Pd3Pt9,top|B,2.998085350932001,1.7874934927793902,1.0,PdPt3,207.25,209.0,202.0,3.031088913245535,172.915,195.08,106.42,38.39090614976417,1.7352500000000002,2.128,0.557,0.6802629546726766,19.095,21.46,12.0,4.096300159900395,10.0,10,10,0.0,1988.175,2041.55,1828.05,92.44821185398882,8.83425,9.0,8.337,0.2870874213545415,2.26,2.28,2.2,0.034641016151377386,0.0,0,0,0.0,9.25,10,9,0.4330127018922193,19.175,20.0,16.7,1.4289419162443242,1,1.2105918581526107,2
1682,Pt3Re,111,Pt9Re3,hollow|A_A_B|HCP,2.1958754851138074,1.3309636157836169,3.0,Pt3Re,211.0,217.0,209.0,3.4641016151377544,192.86175,195.08,186.207,3.8421217038896702,1.6335000000000002,2.128,0.15,0.85649912434281,21.294999999999998,21.46,20.8,0.2857883832488648,9.25,10,7,1.299038105676658,2395.9125,3459.0,2041.55,613.7738542971263,8.72,9.0,7.88,0.48497422611928565,2.185,2.28,1.9,0.1645448267190433,0.0,0,0,0.0,8.0,9,5,1.7320508075688772,23.25,33.0,20.0,5.629165124598851,1,0.8649118693301905,2
1685,Pt3Rh,111,Pt9Rh3,bridge|A_A|A,1.5292197117657185,0.8501768309769204,2.0,Pt3Rh,205.5,209.0,195.0,6.06217782649107,172.036375,195.08,102.9055,39.91272929056437,1.8802500000000002,2.128,1.137,0.4291155875751894,19.195,21.46,12.4,3.9230950791435073,9.75,10,9,0.4330127018922193,2090.4125,2237.0,2041.55,84.63233258483429,8.61475,9.0,7.459,0.6672725736159102,2.28,2.28,2.28,0.0,0.0,0,0,0.0,8.75,9,8,0.4330127018922193,20.425,21.7,20.0,0.7361215932167725,1,0.679042880788798,2
1686,Pt3Rh,111,Pt9Rh3,bridge|A_A|B,1.562980570145315,0.8021223434742524,2.0,Pt3Rh,205.5,209.0,195.0,6.06217782649107,172.036375,195.08,102.9055,39.91272929056437,1.8802500000000002,2.128,1.137,0.4291155875751894,19.195,21.46,12.4,3.9230950791435073,9.75,10,9,0.4330127018922193,2090.4125,2237.0,2041.55,84.63233258483429,8.61475,9.0,7.459,0.6672725736159102,2.28,2.28,2.28,0.0,0.0,0,0,0.0,8.75,9,8,0.4330127018922193,20.425,21.7,20.0,0.7361215932167725,1,0.7608582266710626,2
1687,Pt3Rh,111,Pt9Rh3,bridge|A_B|A,1.3011869981828796,0.614827068577938,2.0,Pt3Rh,205.5,209.0,195.0,6.06217782649107,172.036375,195.08,102.9055,39.91272929056437,1.8802500000000002,2.128,1.137,0.4291155875751894,19.195,21.46,12.4,3.9230950791435073,9.75,10,9,0.4330127018922193,2090.4125,2237.0,2041.55,84.63233258483429,8.61475,9.0,7.459,0.6672725736159102,2.28,2.28,2.28,0.0,0.0,0,0,0.0,8.75,9,8,0.4330127018922193,20.425,21.7,20.0,0.7361215932167725,1,0.6863599296049416,2
1692,Pt3Rh,111,Pt9Rh3,top|A,1.8749398593844329,0.714544137180269,1.0,Pt3Rh,205.5,209.0,195.0,6.06217782649107,172.036375,195.08,102.9055,39.91272929056437,1.8802500000000002,2.128,1.137,0.4291155875751894,19.195,21.46,12.4,3.9230950791435073,9.75,10,9,0.4330127018922193,2090.4125,2237.0,2041.55,84.63233258483429,8.61475,9.0,7.459,0.6672725736159102,2.28,2.28,2.28,0.0,0.0,0,0,0.0,8.75,9,8,0.4330127018922193,20.425,21.7,20.0,0.7361215932167725,1,1.1603957222041639,2
1694,Pt3Ru,111,Pt9Ru3,bridge|A_A|A,1.5417278589857715,0.8662899157833408,2.0,Pt3Ru,208.5,209.0,207.0,0.8660254037844386,171.585,195.08,101.1,40.69453372383078,1.8585,2.128,1.05,0.46678769263981246,19.119999999999997,21.46,12.1,4.052998889711174,9.5,10,8,0.8660254037844386,2182.9125,2607.0,2041.55,244.84703228495545,8.59025,9.0,7.361,0.7097078184013476,2.26,2.28,2.2,0.034641016151377386,0.0,0,0,0.0,8.5,9,7,0.8660254037844386,21.425,25.7,20.0,2.4681724007856496,1,0.6754379432024307,2
1700,Pt3Ru,111,Pt9Ru3,top|B,0.5099488766961942,0.1331261171843607,1.0,Pt3Ru,208.5,209.0,207.0,0.8660254037844386,171.585,195.08,101.1,40.69453372383078,1.8585,2.128,1.05,0.46678769263981246,19.119999999999997,21.46,12.1,4.052998889711174,9.5,10,8,0.8660254037844386,2182.9125,2607.0,2041.55,244.84703228495545,8.59025,9.0,7.361,0.7097078184013476,2.26,2.28,2.2,0.034641016151377386,0.0,0,0,0.0,8.5,9,7,0.8660254037844386,21.425,25.7,20.0,2.4681724007856496,1,0.3768227595118334,2
1703,Pt3Tc,111,Pt9Tc3,top|A,2.079366923111537,0.8243668333788037,1.0,Pt3Tc,209.0,209.0,209.0,0.0,170.53659,195.08,96.90636,42.510433110994065,1.7335,2.128,0.55,0.6832940435859222,18.845,21.46,11.0,4.529312861792614,9.25,10,7,1.299038105676658,2138.6625,2430.0,2041.55,168.20378405003262,8.57,9.0,7.28,0.7447818472546172,2.185,2.28,1.9,0.1645448267190433,0.0,0,0,0.0,8.0,9,5,1.7320508075688772,20.75,23.0,20.0,1.299038105676658,1,1.2550000897327331,2
1712,Pt3Zn,111,Pt9Zn3,hollow|A_A_A|FCC,2.117734126314555,1.5924066462802102,3.0,Pt3Zn,191.5,209.0,139.0,30.31088913245535,162.66,195.08,65.4,56.15308718138301,,2.128,2.128,,17.8785,21.46,7.134,6.203339967307935,10.5,12,10,0.8660254037844386,1704.3325,2041.55,692.68,584.0778432013578,9.0985,9.394,9.0,0.17060700454553449,2.1225,2.28,1.65,0.27279800219209815,0.0,0,0,0.0,9.25,10,9,0.4330127018922193,16.8375,20.0,7.35,5.477610678936575,1,0.5253274800343446,2
1713,Pt3Zn,111,Pt9Zn3,hollow|A_A_A|HCP,1.6535529761370509,1.06047062317964,3.0,Pt3Zn,191.5,209.0,139.0,30.31088913245535,162.66,195.08,65.4,56.15308718138301,,2.128,2.128,,17.8785,21.46,7.134,6.203339967307935,10.5,12,10,0.8660254037844386,1704.3325,2041.55,692.68,584.0778432013578,9.0985,9.394,9.0,0.17060700454553449,2.1225,2.28,1.65,0.27279800219209815,0.0,0,0,0.0,9.25,10,9,0.4330127018922193,16.8375,20.0,7.35,5.477610678936575,1,0.593082352957411,2
1716,Pt3Zn,111,Pt9Zn3,top|A,1.8828741861518787,0.7679527364788328,1.0,Pt3Zn,191.5,209.0,139.0,30.31088913245535,162.66,195.08,65.4,56.15308718138301,,2.128,2.128,,17.8785,21.46,7.134,6.203339967307935,10.5,12,10,0.8660254037844386,1704.3325,2041.55,692.68,584.0778432013578,9.0985,9.394,9.0,0.17060700454553449,2.1225,2.28,1.65,0.27279800219209815,0.0,0,0,0.0,9.25,10,9,0.4330127018922193,16.8375,20.0,7.35,5.477610678936575,1,1.114921449673046,2
1717,Pt3Zn,111,Pt9Zn3,top|B,2.575876814013761,1.2776361062759634,1.0,Pt3Zn,191.5,209.0,139.0,30.31088913245535,162.66,195.08,65.4,56.15308718138301,,2.128,2.128,,17.8785,21.46,7.134,6.203339967307935,10.5,12,10,0.8660254037844386,1704.3325,2041.55,692.68,584.0778432013578,9.0985,9.394,9.0,0.17060700454553449,2.1225,2.28,1.65,0.27279800219209815,0.0,0,0,0.0,9.25,10,9,0.4330127018922193,16.8375,20.0,7.35,5.477610678936575,1,1.2982407077377975,2
1723,PtRe,101,Pt6Re6,bridge|B_B|A,-0.7058344912365457,-0.6522526535219413,2.0,PtRe,213.0,217.0,209.0,4.0,190.64350000000002,195.08,186.207,4.436500000000009,1.139,2.128,0.15,0.9890000000000001,21.130000000000003,21.46,20.8,0.33000000000000007,8.5,10,7,1.5,2750.275,3459.0,2041.55,708.725,8.44,9.0,7.88,0.56,2.09,2.28,1.9,0.18999999999999995,0.0,0,0,0.0,7.0,9,5,2.0,26.5,33.0,20.0,6.5,1,-0.05358183771460445,2
1725,PtRe,101,Pt6Re6,top-tilt|A,1.660650223563004,0.9641291267806764,1.0,PtRe,213.0,217.0,209.0,4.0,190.64350000000002,195.08,186.207,4.436500000000009,1.139,2.128,0.15,0.9890000000000001,21.130000000000003,21.46,20.8,0.33000000000000007,8.5,10,7,1.5,2750.275,3459.0,2041.55,708.725,8.44,9.0,7.88,0.56,2.09,2.28,1.9,0.18999999999999995,0.0,0,0,0.0,7.0,9,5,2.0,26.5,33.0,20.0,6.5,1,0.6965210967823277,2
1726,PtRe,101,Pt6Re6,top-tilt|B,-0.4735008750774246,-0.3705712923211877,1.0,PtRe,213.0,217.0,209.0,4.0,190.64350000000002,195.08,186.207,4.436500000000009,1.139,2.128,0.15,0.9890000000000001,21.130000000000003,21.46,20.8,0.33000000000000007,8.5,10,7,1.5,2750.275,3459.0,2041.55,708.725,8.44,9.0,7.88,0.56,2.09,2.28,1.9,0.18999999999999995,0.0,0,0,0.0,7.0,9,5,2.0,26.5,33.0,20.0,6.5,1,-0.10292958275623693,2
1728,PtRh,101,Pt6Rh6,bridge|A_A|B,1.5154136482604503,0.7817505408792158,2.0,PtRh,202.0,209.0,195.0,7.0,148.99275,195.08,102.9055,46.087250000000004,1.6325,2.128,1.137,0.49550000000000005,16.93,21.46,12.4,4.53,9.5,10,9,0.5,2139.275,2237.0,2041.55,97.72500000000002,8.2295,9.0,7.459,0.7705000000000002,2.28,2.28,2.28,0.0,0.0,0,0,0.0,8.5,9,8,0.5,20.85,21.7,20.0,0.8499999999999996,1,0.7336631073812345,2
1729,PtRh,101,Pt6Rh6,bridge|A_B|A,1.1436712733327847,0.5855019043782477,2.0,PtRh,202.0,209.0,195.0,7.0,148.99275,195.08,102.9055,46.087250000000004,1.6325,2.128,1.137,0.49550000000000005,16.93,21.46,12.4,4.53,9.5,10,9,0.5,2139.275,2237.0,2041.55,97.72500000000002,8.2295,9.0,7.459,0.7705000000000002,2.28,2.28,2.28,0.0,0.0,0,0,0.0,8.5,9,8,0.5,20.85,21.7,20.0,0.8499999999999996,1,0.5581693689545371,2
1730,PtRh,101,Pt6Rh6,bridge|A_B|B,1.076432208571077,0.5147731229779993,2.0,PtRh,202.0,209.0,195.0,7.0,148.99275,195.08,102.9055,46.087250000000004,1.6325,2.128,1.137,0.49550000000000005,16.93,21.46,12.4,4.53,9.5,10,9,0.5,2139.275,2237.0,2041.55,97.72500000000002,8.2295,9.0,7.459,0.7705000000000002,2.28,2.28,2.28,0.0,0.0,0,0,0.0,8.5,9,8,0.5,20.85,21.7,20.0,0.8499999999999996,1,0.5616590855930776,2
1731,PtRh,101,Pt6Rh6,bridge|B_B|A,0.7975692586965891,0.3332099261796202,2.0,PtRh,202.0,209.0,195.0,7.0,148.99275,195.08,102.9055,46.087250000000004,1.6325,2.128,1.137,0.49550000000000005,16.93,21.46,12.4,4.53,9.5,10,9,0.5,2139.275,2237.0,2041.55,97.72500000000002,8.2295,9.0,7.459,0.7705000000000002,2.28,2.28,2.28,0.0,0.0,0,0,0.0,8.5,9,8,0.5,20.85,21.7,20.0,0.8499999999999996,1,0.4643593325169689,2
1736,PtRh,101,Pt6Rh6,top|A,1.914466427128999,0.6997611446794281,1.0,PtRh,202.0,209.0,195.0,7.0,148.99275,195.08,102.9055,46.087250000000004,1.6325,2.128,1.137,0.49550000000000005,16.93,21.46,12.4,4.53,9.5,10,9,0.5,2139.275,2237.0,2041.55,97.72500000000002,8.2295,9.0,7.459,0.7705000000000002,2.28,2.28,2.28,0.0,0.0,0,0,0.0,8.5,9,8,0.5,20.85,21.7,20.0,0.8499999999999996,1,1.214705282449571,2
1737,PtRh,101,Pt6Rh6,top|B,1.450983071758416,0.477304135879308,1.0,PtRh,202.0,209.0,195.0,7.0,148.99275,195.08,102.9055,46.087250000000004,1.6325,2.128,1.137,0.49550000000000005,16.93,21.46,12.4,4.53,9.5,10,9,0.5,2139.275,2237.0,2041.55,97.72500000000002,8.2295,9.0,7.459,0.7705000000000002,2.28,2.28,2.28,0.0,0.0,0,0,0.0,8.5,9,8,0.5,20.85,21.7,20.0,0.8499999999999996,1,0.973678935879108,2
1744,PtRu,101,Pt6Ru6,top|B,0.48393670034273994,0.1626984967778071,1.0,PtRu,208.0,209.0,207.0,1.0,148.09,195.08,101.1,46.99000000000001,1.589,2.128,1.05,0.539,16.78,21.46,12.1,4.680000000000001,9.0,10,8,1.0,2324.275,2607.0,2041.55,282.725,8.1805,9.0,7.361,0.8195,2.24,2.28,2.2,0.039999999999999813,0.0,0,0,0.0,8.0,9,7,1.0,22.85,25.7,20.0,2.8499999999999996,1,0.3212382035649328,2
1745,PtTc,101,Pt6Tc6,bridge|B_B|A,-0.5759507146101853,-0.5490321192183956,2.0,PtTc,209.0,209.0,209.0,0.0,145.99318,195.08,96.90636,49.08682,1.339,2.128,0.55,0.789,16.23,21.46,11.0,5.23,8.5,10,7,1.5,2235.775,2430.0,2041.55,194.22500000000002,8.14,9.0,7.28,0.8599999999999999,2.09,2.28,1.9,0.18999999999999995,0.0,0,0,0.0,7.0,9,5,2.0,21.5,23.0,20.0,1.5,1,-0.026918595391789757,2
1746,PtTc,101,Pt6Tc6,hollow-tilt|A_B_B|HCP,1.0883962091708397,0.770909525480306,4.0,PtTc,209.0,209.0,209.0,0.0,145.99318,195.08,96.90636,49.08682,1.339,2.128,0.55,0.789,16.23,21.46,11.0,5.23,8.5,10,7,1.5,2235.775,2430.0,2041.55,194.22500000000002,8.14,9.0,7.28,0.8599999999999999,2.09,2.28,1.9,0.18999999999999995,0.0,0,0,0.0,7.0,9,5,2.0,21.5,23.0,20.0,1.5,1,0.3174866836905337,2
1749,PtTc,101,Pt6Tc6,top-tilt|B,-0.10401450748153324,-0.2094385385199757,1.0,PtTc,209.0,209.0,209.0,0.0,145.99318,195.08,96.90636,49.08682,1.339,2.128,0.55,0.789,16.23,21.46,11.0,5.23,8.5,10,7,1.5,2235.775,2430.0,2041.55,194.22500000000002,8.14,9.0,7.28,0.8599999999999999,2.09,2.28,1.9,0.18999999999999995,0.0,0,0,0.0,7.0,9,5,2.0,21.5,23.0,20.0,1.5,1,0.10542403103844247,2
1751,PtZn,101,Pt6Zn6,bridge|A_A|B,2.2543108109575023,1.0413649663795468,2.0,PtZn,174.0,209.0,139.0,35.0,130.24,195.08,65.4,64.84,,2.128,2.128,,14.297,21.46,7.134,7.163,11.0,12,10,1.0,1367.115,2041.55,692.68,674.435,9.197,9.394,9.0,0.19700000000000006,1.9649999999999999,2.28,1.65,0.31499999999999995,0.0,0,0,0.0,9.5,10,9,0.5,13.675,20.0,7.35,6.325,1,1.2129458445779555,2
1752,PtZn,101,Pt6Zn6,bridge|B_B|A,1.1549639082805379,0.3787460001811951,2.0,PtZn,174.0,209.0,139.0,35.0,130.24,195.08,65.4,64.84,,2.128,2.128,,14.297,21.46,7.134,7.163,11.0,12,10,1.0,1367.115,2041.55,692.68,674.435,9.197,9.394,9.0,0.19700000000000006,1.9649999999999999,2.28,1.65,0.31499999999999995,0.0,0,0,0.0,9.5,10,9,0.5,13.675,20.0,7.35,6.325,1,0.7762179080993428,2
1756,PtZn,101,Pt6Zn6,top|A,2.3128560316867173,0.9484306073835568,1.0,PtZn,174.0,209.0,139.0,35.0,130.24,195.08,65.4,64.84,,2.128,2.128,,14.297,21.46,7.134,7.163,11.0,12,10,1.0,1367.115,2041.55,692.68,674.435,9.197,9.394,9.0,0.19700000000000006,1.9649999999999999,2.28,1.65,0.31499999999999995,0.0,0,0,0.0,9.5,10,9,0.5,13.675,20.0,7.35,6.325,1,1.3644254243031604,2
1757,PtZn,101,Pt6Zn6,top|B,2.244819012756418,0.8097307823817346,1.0,PtZn,174.0,209.0,139.0,35.0,130.24,195.08,65.4,64.84,,2.128,2.128,,14.297,21.46,7.134,7.163,11.0,12,10,1.0,1367.115,2041.55,692.68,674.435,9.197,9.394,9.0,0.19700000000000006,1.9649999999999999,2.28,1.65,0.31499999999999995,0.0,0,0,0.0,9.5,10,9,0.5,13.675,20.0,7.35,6.325,1,1.4350882303746832,2
1761,Re-hcp,0001,Re16,fcc,-0.866577578568958,-0.2184076827179524,3.0,Re,217.0,217.0,217.0,0.0,186.207,186.207,186.207,0.0,0.15,0.15,0.15,0.0,20.8,20.8,20.8,0.0,7.0,7,7,0.0,3459.0,3459.0,3459.0,0.0,7.88,7.88,7.88,0.0,1.9,1.9,1.9,0.0,0.0,0,0,0.0,5.0,5,5,0.0,33.0,33.0,33.0,0.0,1,-0.6481698958510056,1
1762,Re-hcp,0001,Re16,hcp,-1.2448110210070658,-0.6360477301714127,3.0,Re,217.0,217.0,217.0,0.0,186.207,186.207,186.207,0.0,0.15,0.15,0.15,0.0,20.8,20.8,20.8,0.0,7.0,7,7,0.0,3459.0,3459.0,3459.0,0.0,7.88,7.88,7.88,0.0,1.9,1.9,1.9,0.0,0.0,0,0,0.0,5.0,5,5,0.0,33.0,33.0,33.0,0.0,1,-0.6087632908356531,1
1763,Re-hcp,0001,Re16,ontop,-0.2563270296936421,0.1491468194799381,1.0,Re,217.0,217.0,217.0,0.0,186.207,186.207,186.207,0.0,0.15,0.15,0.15,0.0,20.8,20.8,20.8,0.0,7.0,7,7,0.0,3459.0,3459.0,3459.0,0.0,7.88,7.88,7.88,0.0,1.9,1.9,1.9,0.0,0.0,0,0,0.0,5.0,5,5,0.0,33.0,33.0,33.0,0.0,1,-0.4054738491735802,1
1767,Re3Ag,111,Ag3Re9,top|B,2.7777480181209513,1.92133703818115,1.0,AgRe3,205.75,217.0,172.0,19.48557158514987,166.62225,186.207,107.868,33.92178205353457,0.438,1.302,0.15,0.49883063257983673,18.225250000000003,20.8,10.501,4.4595978167879675,8.0,11,7,1.7320508075688772,2902.9825,3459.0,1234.93,963.0505598974282,7.804,7.88,7.576,0.13163586137523478,1.9074999999999998,1.93,1.9,0.012990381056766592,0.0,0,0,0.0,6.25,10,5,2.165063509461097,27.575,33.0,11.3,9.396375631061158,1,0.8564109799398012,2
1770,Re3Au,111,Au3Re9,top-tilt|A,-0.19659202129379583,-0.045862746620628,1.0,AuRe3,204.25,217.0,166.0,22.083647796503186,188.89689249999998,196.96657,186.207,4.659030476898464,0.6897500000000001,2.309,0.15,0.9348744233853016,20.4205,20.8,19.282,0.6573132814723892,8.0,11,7,1.7320508075688772,2928.5825,3459.0,1337.33,918.710059223665,8.2165,9.226,7.88,0.5828350967469277,2.0599999999999996,2.54,1.9,0.2771281292110204,0.0,0,0,0.0,6.25,10,5,2.165063509461097,27.875,33.0,12.5,8.876760388790496,1,-0.15072927467316782,2
1772,Re3Au,111,Au3Re9,top|B,2.6028727668823857,1.6849325624797302,1.0,AuRe3,204.25,217.0,166.0,22.083647796503186,188.89689249999998,196.96657,186.207,4.659030476898464,0.6897500000000001,2.309,0.15,0.9348744233853016,20.4205,20.8,19.282,0.6573132814723892,8.0,11,7,1.7320508075688772,2928.5825,3459.0,1337.33,918.710059223665,8.2165,9.226,7.88,0.5828350967469277,2.0599999999999996,2.54,1.9,0.2771281292110204,0.0,0,0,0.0,6.25,10,5,2.165063509461097,27.875,33.0,12.5,8.876760388790496,1,0.9179402044026554,2
1773,Re3Cu,111,Cu3Re9,bridge|A_A|A,-0.5182481940941431,-0.3084081104199185,2.0,CuRe3,197.75,217.0,140.0,33.34197804570089,155.54274999999998,186.207,63.55,53.11203897599395,0.4195,1.228,0.15,0.4667876926398124,17.83325,20.8,8.933,5.138561733354967,8.0,11,7,1.7320508075688772,2933.6925,3459.0,1357.77,909.859279596988,7.8415,7.88,7.726,0.06668395609140174,1.9,1.9,1.9,0.0,0.0,0,0,0.0,6.25,10,5,2.165063509461097,28.025,33.0,13.1,8.616952767655166,1,-0.20984008367422463,2
1776,Re3Cu,111,Cu3Re9,top-tilt|A,-0.18995069339564674,-0.0147721079221128,1.0,CuRe3,197.75,217.0,140.0,33.34197804570089,155.54274999999998,186.207,63.55,53.11203897599395,0.4195,1.228,0.15,0.4667876926398124,17.83325,20.8,8.933,5.138561733354967,8.0,11,7,1.7320508075688772,2933.6925,3459.0,1357.77,909.859279596988,7.8415,7.88,7.726,0.06668395609140174,1.9,1.9,1.9,0.0,0.0,0,0,0.0,6.25,10,5,2.165063509461097,28.025,33.0,13.1,8.616952767655166,1,-0.17517858547353393,2
1778,Re3Cu,111,Cu3Re9,top|B,2.602664915988844,1.5447324377790892,1.0,CuRe3,197.75,217.0,140.0,33.34197804570089,155.54274999999998,186.207,63.55,53.11203897599395,0.4195,1.228,0.15,0.4667876926398124,17.83325,20.8,8.933,5.138561733354967,8.0,11,7,1.7320508075688772,2933.6925,3459.0,1357.77,909.859279596988,7.8415,7.88,7.726,0.06668395609140174,1.9,1.9,1.9,0.0,0.0,0,0,0.0,6.25,10,5,2.165063509461097,28.025,33.0,13.1,8.616952767655166,1,1.057932478209755,2
1779,Re3Ir,111,Ir3Re9,bridge|A_A|A,-0.5928836446914355,-0.496251150419198,2.0,IrRe3,213.25,217.0,202.0,6.49519052838329,187.71025,192.22,186.207,2.603705376477917,0.5037499999999999,1.565,0.15,0.6127129731774903,21.205000000000002,22.42,20.8,0.7014805770653957,7.5,9,7,0.8660254037844386,3274.0,3459.0,2719.0,320.4293994002423,8.185,9.1,7.88,0.5282754963085075,1.9749999999999999,2.2,1.9,0.1299038105676659,0.0,0,0,0.0,5.5,7,5,0.8660254037844386,31.25,33.0,26.0,3.031088913245535,1,-0.09663249427223752,2
1785,Re3Os,111,Os3Re9,bridge|A_B|A,-0.5066468544101258,-0.0253721665204693,2.0,OsRe3,216.75,217.0,216.0,0.4330127018922193,187.20524999999998,190.2,186.207,1.7290197186556295,0.3875,1.1,0.15,0.4113620667976084,21.2425,22.57,20.8,0.766432482349228,7.25,8,7,0.4330127018922193,3420.75,3459.0,3306.0,66.25094338950956,8.085,8.7,7.88,0.3550704155516196,1.9749999999999999,2.2,1.9,0.1299038105676659,0.0,0,0,0.0,5.25,6,5,0.4330127018922193,32.5,33.0,31.0,0.8660254037844386,1,-0.4812746878896565,2
1786,Re3Os,111,Os3Re9,hollow|A_A_A|FCC,-0.998269086054071,-0.3686531618214985,3.0,OsRe3,216.75,217.0,216.0,0.4330127018922193,187.20524999999998,190.2,186.207,1.7290197186556295,0.3875,1.1,0.15,0.4113620667976084,21.2425,22.57,20.8,0.766432482349228,7.25,8,7,0.4330127018922193,3420.75,3459.0,3306.0,66.25094338950956,8.085,8.7,7.88,0.3550704155516196,1.9749999999999999,2.2,1.9,0.1299038105676659,0.0,0,0,0.0,5.25,6,5,0.4330127018922193,32.5,33.0,31.0,0.8660254037844386,1,-0.6296159242325725,2
1789,Re3Os,111,Os3Re9,top|A,-0.42130734281750076,-0.1513226418202293,1.0,OsRe3,216.75,217.0,216.0,0.4330127018922193,187.20524999999998,190.2,186.207,1.7290197186556295,0.3875,1.1,0.15,0.4113620667976084,21.2425,22.57,20.8,0.766432482349228,7.25,8,7,0.4330127018922193,3420.75,3459.0,3306.0,66.25094338950956,8.085,8.7,7.88,0.3550704155516196,1.9749999999999999,2.2,1.9,0.1299038105676659,0.0,0,0,0.0,5.25,6,5,0.4330127018922193,32.5,33.0,31.0,0.8660254037844386,1,-0.26998470099727145,2
1790,Re3Os,111,Os3Re9,top|B,0.8331745742889609,0.755113997381045,1.0,OsRe3,216.75,217.0,216.0,0.4330127018922193,187.20524999999998,190.2,186.207,1.7290197186556295,0.3875,1.1,0.15,0.4113620667976084,21.2425,22.57,20.8,0.766432482349228,7.25,8,7,0.4330127018922193,3420.75,3459.0,3306.0,66.25094338950956,8.085,8.7,7.88,0.3550704155516196,1.9749999999999999,2.2,1.9,0.1299038105676659,0.0,0,0,0.0,5.25,6,5,0.4330127018922193,32.5,33.0,31.0,0.8660254037844386,1,0.0780605769079159,2
1791,Re3Pd,111,Pd3Re9,bridge|A_A|A,-0.5258545127610559,-0.3812917611204511,2.0,PdRe3,213.25,217.0,202.0,6.49519052838329,166.26024999999998,186.207,106.42,34.5487844458745,0.25175000000000003,0.557,0.15,0.17623616967013328,18.6,20.8,12.0,3.8105117766515306,7.75,10,7,1.299038105676658,3051.2625,3459.0,1828.05,706.2220661511151,7.99425,8.337,7.88,0.19788680476474416,1.9749999999999999,2.2,1.9,0.1299038105676659,0.0,0,0,0.0,6.25,10,5,2.165063509461097,28.925,33.0,16.7,7.058107040843175,1,-0.14456275164060478,2
1794,Re3Pd,111,Pd3Re9,top-tilt|A,-0.1590216714931624,-0.1666675492189142,1.0,PdRe3,213.25,217.0,202.0,6.49519052838329,166.26024999999998,186.207,106.42,34.5487844458745,0.25175000000000003,0.557,0.15,0.17623616967013328,18.6,20.8,12.0,3.8105117766515306,7.75,10,7,1.299038105676658,3051.2625,3459.0,1828.05,706.2220661511151,7.99425,8.337,7.88,0.19788680476474416,1.9749999999999999,2.2,1.9,0.1299038105676659,0.0,0,0,0.0,6.25,10,5,2.165063509461097,28.925,33.0,16.7,7.058107040843175,1,0.007645877725751787,2
1796,Re3Pd,111,Pd3Re9,top|B,2.6640991541982184,1.6900676227822942,1.0,PdRe3,213.25,217.0,202.0,6.49519052838329,166.26024999999998,186.207,106.42,34.5487844458745,0.25175000000000003,0.557,0.15,0.17623616967013328,18.6,20.8,12.0,3.8105117766515306,7.75,10,7,1.299038105676658,3051.2625,3459.0,1828.05,706.2220661511151,7.99425,8.337,7.88,0.19788680476474416,1.9749999999999999,2.2,1.9,0.1299038105676659,0.0,0,0,0.0,6.25,10,5,2.165063509461097,28.925,33.0,16.7,7.058107040843175,1,0.9740315314159242,2
1797,Re3Pt,111,Pt3Re9,bridge|A_A|A,-0.4710696330088578,-0.430243408019237,2.0,PtRe3,215.0,217.0,209.0,3.4641016151377544,188.42525,195.08,186.207,3.8421217038896702,0.6445000000000001,2.128,0.15,0.8564991243428098,20.965000000000003,21.46,20.8,0.2857883832488648,7.75,10,7,1.299038105676658,3104.6375,3459.0,2041.55,613.7738542971263,8.16,9.0,7.88,0.4849742261192857,1.9949999999999997,2.28,1.9,0.1645448267190433,0.0,0,0,0.0,6.0,9,5,1.7320508075688772,29.75,33.0,20.0,5.629165124598851,1,-0.040826224989620796,2
1800,Re3Pt,111,Pt3Re9,top-tilt|A,-0.11277038492448208,-0.1280952765183656,1.0,PtRe3,215.0,217.0,209.0,3.4641016151377544,188.42525,195.08,186.207,3.8421217038896702,0.6445000000000001,2.128,0.15,0.8564991243428098,20.965000000000003,21.46,20.8,0.2857883832488648,7.75,10,7,1.299038105676658,3104.6375,3459.0,2041.55,613.7738542971263,8.16,9.0,7.88,0.4849742261192857,1.9949999999999997,2.28,1.9,0.1645448267190433,0.0,0,0,0.0,6.0,9,5,1.7320508075688772,29.75,33.0,20.0,5.629165124598851,1,0.015324891593883533,2
1806,Re3Rh,111,Re9Rh3,top|A,-0.30607626998759546,-0.2376270831183546,1.0,Re3Rh,211.5,217.0,195.0,9.526279441628825,165.38162499999999,186.207,102.9055,36.070607586674704,0.39675,1.137,0.15,0.4273835367676205,18.700000000000003,20.8,12.4,3.6373066958946425,7.5,9,7,0.8660254037844386,3153.5,3459.0,2237.0,529.141521712292,7.77475,7.88,7.459,0.18229834749662444,1.9949999999999997,2.28,1.9,0.1645448267190433,0.0,0,0,0.0,5.75,8,5,1.299038105676658,30.175,33.0,21.7,4.893043531382078,1,-0.06844918686924087,2
1807,Re3Rh,111,Re9Rh3,top|B,1.981180871522375,1.3015410348788237,1.0,Re3Rh,211.5,217.0,195.0,9.526279441628825,165.38162499999999,186.207,102.9055,36.070607586674704,0.39675,1.137,0.15,0.4273835367676205,18.700000000000003,20.8,12.4,3.6373066958946425,7.5,9,7,0.8660254037844386,3153.5,3459.0,2237.0,529.141521712292,7.77475,7.88,7.459,0.18229834749662444,1.9949999999999997,2.28,1.9,0.1645448267190433,0.0,0,0,0.0,5.75,8,5,1.299038105676658,30.175,33.0,21.7,4.893043531382078,1,0.6796398366435514,2
1808,Re3Ru,111,Re9Ru3,bridge|A_A|B,-0.3842012197590916,-0.0465186770189802,2.0,Re3Ru,214.5,217.0,207.0,4.330127018922194,164.93025,186.207,101.1,36.85241201994111,0.375,1.05,0.15,0.3897114317029974,18.625,20.8,12.1,3.7672105064623085,7.25,8,7,0.4330127018922193,3246.0,3459.0,2607.0,368.9268220121709,7.75025,7.88,7.361,0.22473359228206188,1.9749999999999999,2.2,1.9,0.1299038105676659,0.0,0,0,0.0,5.5,7,5,0.8660254037844386,31.175,33.0,25.7,3.160992723813201,1,-0.3376825427401114,2
1809,Re3Ru,111,Re9Ru3,bridge|A_B|A,-0.38155715707290394,-0.0204496270190475,2.0,Re3Ru,214.5,217.0,207.0,4.330127018922194,164.93025,186.207,101.1,36.85241201994111,0.375,1.05,0.15,0.3897114317029974,18.625,20.8,12.1,3.7672105064623085,7.25,8,7,0.4330127018922193,3246.0,3459.0,2607.0,368.9268220121709,7.75025,7.88,7.361,0.22473359228206188,1.9749999999999999,2.2,1.9,0.1299038105676659,0.0,0,0,0.0,5.5,7,5,0.8660254037844386,31.175,33.0,25.7,3.160992723813201,1,-0.36110753005385643,2
1814,Re3Ru,111,Re9Ru3,top|A,-0.42077836275214536,-0.228091397918547,1.0,Re3Ru,214.5,217.0,207.0,4.330127018922194,164.93025,186.207,101.1,36.85241201994111,0.375,1.05,0.15,0.3897114317029974,18.625,20.8,12.1,3.7672105064623085,7.25,8,7,0.4330127018922193,3246.0,3459.0,2607.0,368.9268220121709,7.75025,7.88,7.361,0.22473359228206188,1.9749999999999999,2.2,1.9,0.1299038105676659,0.0,0,0,0.0,5.5,7,5,0.8660254037844386,31.175,33.0,25.7,3.160992723813201,1,-0.19268696483359837,2
1815,Re3Ru,111,Re9Ru3,top|B,1.2669705089002705,0.8591048859824468,1.0,Re3Ru,214.5,217.0,207.0,4.330127018922194,164.93025,186.207,101.1,36.85241201994111,0.375,1.05,0.15,0.3897114317029974,18.625,20.8,12.1,3.7672105064623085,7.25,8,7,0.4330127018922193,3246.0,3459.0,2607.0,368.9268220121709,7.75025,7.88,7.361,0.22473359228206188,1.9749999999999999,2.2,1.9,0.1299038105676659,0.0,0,0,0.0,5.5,7,5,0.8660254037844386,31.175,33.0,25.7,3.160992723813201,1,0.4078656229178237,2
1820,Re3Tc,111,Re9Tc3,top|A,-0.25914818079548013,0.115251503379909,1.0,Re3Tc,215.0,217.0,209.0,3.4641016151377544,163.88184,186.207,96.90636,38.66831140710439,0.25,0.55,0.15,0.17320508075688776,18.35,20.8,11.0,4.24352447854375,7.0,7,7,0.0,3201.75,3459.0,2430.0,445.57007024709367,7.73,7.88,7.28,0.25980762113533146,1.9,1.9,1.9,0.0,0.0,0,0,0.0,5.0,5,5,0.0,30.5,33.0,23.0,4.330127018922194,1,-0.37439968417538916,2
1821,Re3Tc,111,Re9Tc3,top|B,0.11801201757709831,0.3365591032824113,1.0,Re3Tc,215.0,217.0,209.0,3.4641016151377544,163.88184,186.207,96.90636,38.66831140710439,0.25,0.55,0.15,0.17320508075688776,18.35,20.8,11.0,4.24352447854375,7.0,7,7,0.0,3201.75,3459.0,2430.0,445.57007024709367,7.73,7.88,7.28,0.25980762113533146,1.9,1.9,1.9,0.0,0.0,0,0,0.0,5.0,5,5,0.0,30.5,33.0,23.0,4.330127018922194,1,-0.21854708570531298,2
1822,Re3Zn,111,Re9Zn3,bridge|A_A|A,-0.22094658945395673,-0.1172807923240952,2.0,Re3Zn,197.5,217.0,139.0,33.77499074759311,156.00525,186.207,65.4,52.31096547749333,,0.15,0.15,,17.3835,20.8,7.134,5.917551584059069,8.25,12,7,2.165063509461097,2767.42,3459.0,692.68,1197.8516974984843,8.2585,9.394,7.88,0.6555812306648202,1.8375,1.9,1.65,0.10825317547305482,0.0,0,0,0.0,6.25,10,5,2.165063509461097,26.5875,33.0,7.35,11.106775803535426,1,-0.10366579712986153,2
1826,Re3Zn,111,Re9Zn3,top-tilt|A,-0.05325952841123547,0.0077813672804722,1.0,Re3Zn,197.5,217.0,139.0,33.77499074759311,156.00525,186.207,65.4,52.31096547749333,,0.15,0.15,,17.3835,20.8,7.134,5.917551584059069,8.25,12,7,2.165063509461097,2767.42,3459.0,692.68,1197.8516974984843,8.2585,9.394,7.88,0.6555812306648202,1.8375,1.9,1.65,0.10825317547305482,0.0,0,0,0.0,6.25,10,5,2.165063509461097,26.5875,33.0,7.35,11.106775803535426,1,-0.06104089569170767,2
1829,ReRh,101,Re6Rh6,bridge|A_A|B,-0.7294637070279526,-0.6517198546199552,2.0,ReRh,206.0,217.0,195.0,11.0,144.55625,186.207,102.9055,41.650749999999995,0.6435,1.137,0.15,0.4935,16.6,20.8,12.4,4.2,8.0,9,7,1.0,2848.0,3459.0,2237.0,611.0,7.669499999999999,7.88,7.459,0.21050000000000013,2.09,2.28,1.9,0.18999999999999995,0.0,0,0,0.0,6.5,8,5,1.5,27.35,33.0,21.7,5.65,1,-0.07774385240799742,2
1832,ReRh,101,Re6Rh6,top-tilt|B,1.2517665271767155,0.7712537494816161,1.0,ReRh,206.0,217.0,195.0,11.0,144.55625,186.207,102.9055,41.650749999999995,0.6435,1.137,0.15,0.4935,16.6,20.8,12.4,4.2,8.0,9,7,1.0,2848.0,3459.0,2237.0,611.0,7.669499999999999,7.88,7.459,0.21050000000000013,2.09,2.28,1.9,0.18999999999999995,0.0,0,0,0.0,6.5,8,5,1.5,27.35,33.0,21.7,5.65,1,0.4805127776950995,2
1834,ReRh,101,Re6Rh6,top|B,1.5524802362021615,0.9133847939818908,1.0,ReRh,206.0,217.0,195.0,11.0,144.55625,186.207,102.9055,41.650749999999995,0.6435,1.137,0.15,0.4935,16.6,20.8,12.4,4.2,8.0,9,7,1.0,2848.0,3459.0,2237.0,611.0,7.669499999999999,7.88,7.459,0.21050000000000013,2.09,2.28,1.9,0.18999999999999995,0.0,0,0,0.0,6.5,8,5,1.5,27.35,33.0,21.7,5.65,1,0.6390954422202707,2
1835,ReRu,101,Re6Ru6,bridge|A_A|B,-0.4988287646770694,-0.4616895635182345,2.0,ReRu,212.0,217.0,207.0,5.0,143.6535,186.207,101.1,42.5535,0.6,1.05,0.15,0.45,16.45,20.8,12.1,4.3500000000000005,7.5,8,7,0.5,3033.0,3459.0,2607.0,426.0,7.6205,7.88,7.361,0.25950000000000006,2.05,2.2,1.9,0.15000000000000013,0.0,0,0,0.0,6.0,7,5,1.0,29.35,33.0,25.7,3.6500000000000004,1,-0.0371392011588349,2
1840,ReRu,101,Re6Ru6,top|A,-0.31409251999247095,-0.282508043018538,1.0,ReRu,212.0,217.0,207.0,5.0,143.6535,186.207,101.1,42.5535,0.6,1.05,0.15,0.45,16.45,20.8,12.1,4.3500000000000005,7.5,8,7,0.5,3033.0,3459.0,2607.0,426.0,7.6205,7.88,7.361,0.25950000000000006,2.05,2.2,1.9,0.15000000000000013,0.0,0,0,0.0,6.0,7,5,1.0,29.35,33.0,25.7,3.6500000000000004,1,-0.03158447697393296,2
1841,ReRu,101,Re6Ru6,top|B,0.4399066946739816,0.3780816342813295,1.0,ReRu,212.0,217.0,207.0,5.0,143.6535,186.207,101.1,42.5535,0.6,1.05,0.15,0.45,16.45,20.8,12.1,4.3500000000000005,7.5,8,7,0.5,3033.0,3459.0,2607.0,426.0,7.6205,7.88,7.361,0.25950000000000006,2.05,2.2,1.9,0.15000000000000013,0.0,0,0,0.0,6.0,7,5,1.0,29.35,33.0,25.7,3.6500000000000004,1,0.061825060392652065,2
1847,ReTc,101,Re6Tc6,top|B,-0.3979406354889611,0.0075353763830889,1.0,ReTc,213.0,217.0,209.0,4.0,141.55668,186.207,96.90636,44.650319999999994,0.35000000000000003,0.55,0.15,0.2,15.9,20.8,11.0,4.9,7.0,7,7,0.0,2944.5,3459.0,2430.0,514.5,7.58,7.88,7.28,0.2999999999999998,1.9,1.9,1.9,0.0,0.0,0,0,0.0,5.0,5,5,0.0,28.0,33.0,23.0,5.0,1,-0.40547601187204996,2
1848,ReZn,101,Re6Zn6,bridge|A_A|B,-0.5750126659259188,-0.5285370491211552,2.0,ReZn,178.0,217.0,139.0,39.0,125.8035,186.207,65.4,60.403499999999994,,0.15,0.15,,13.967,20.8,7.134,6.833,9.5,12,7,2.5,2075.84,3459.0,692.68,1383.16,8.637,9.394,7.88,0.7570000000000001,1.775,1.9,1.65,0.125,0.0,0,0,0.0,7.5,10,5,2.5,20.175,33.0,7.35,12.825,1,-0.04647561680476364,2
1849,ReZn,101,Re6Zn6,bridge|A_B|B,0.6487437202510319,0.4444723767782079,2.0,ReZn,178.0,217.0,139.0,39.0,125.8035,186.207,65.4,60.403499999999994,,0.15,0.15,,13.967,20.8,7.134,6.833,9.5,12,7,2.5,2075.84,3459.0,692.68,1383.16,8.637,9.394,7.88,0.7570000000000001,1.775,1.9,1.65,0.125,0.0,0,0,0.0,7.5,10,5,2.5,20.175,33.0,7.35,12.825,1,0.204271343472824,2
1850,ReZn,101,Re6Zn6,bridge|B_B|A,1.009043693847157,0.5330628464770371,2.0,ReZn,178.0,217.0,139.0,39.0,125.8035,186.207,65.4,60.403499999999994,,0.15,0.15,,13.967,20.8,7.134,6.833,9.5,12,7,2.5,2075.84,3459.0,692.68,1383.16,8.637,9.394,7.88,0.7570000000000001,1.775,1.9,1.65,0.125,0.0,0,0,0.0,7.5,10,5,2.5,20.175,33.0,7.35,12.825,1,0.4759808473701199,2
1853,ReZn,101,Re6Zn6,top|A,-0.06221180796736702,-0.124661744123955,1.0,ReZn,178.0,217.0,139.0,39.0,125.8035,186.207,65.4,60.403499999999994,,0.15,0.15,,13.967,20.8,7.134,6.833,9.5,12,7,2.5,2075.84,3459.0,692.68,1383.16,8.637,9.394,7.88,0.7570000000000001,1.775,1.9,1.65,0.125,0.0,0,0,0.0,7.5,10,5,2.5,20.175,33.0,7.35,12.825,1,0.06244993615658798,2
1862,Rh-fcc,111,Rh16,hcp,0.6834556178181028,0.4470537846791558,3.0,Rh,195.0,195.0,195.0,0.0,102.9055,102.9055,102.9055,0.0,1.137,1.137,1.137,0.0,12.4,12.4,12.4,0.0,9.0,9,9,0.0,2237.0,2237.0,2237.0,0.0,7.459,7.459,7.459,0.0,2.28,2.28,2.28,0.0,0.0,0,0,0.0,8.0,8,8,0.0,21.7,21.7,21.7,0.0,1,0.23640183313894703,1
1863,Rh-fcc,111,Rh16,ontop,2.015025407395917,1.1479820255626692,1.0,Rh,195.0,195.0,195.0,0.0,102.9055,102.9055,102.9055,0.0,1.137,1.137,1.137,0.0,12.4,12.4,12.4,0.0,9.0,9,9,0.0,2237.0,2237.0,2237.0,0.0,7.459,7.459,7.459,0.0,2.28,2.28,2.28,0.0,0.0,0,0,0.0,8.0,8,8,0.0,21.7,21.7,21.7,0.0,1,0.8670433818332479,1
1864,Rh-fcc,111+2%,Rh16,fcc,0.4844937859165583,0.189200343847915,3.0,Rh,195.0,195.0,195.0,0.0,102.9055,102.9055,102.9055,0.0,1.137,1.137,1.137,0.0,12.4,12.4,12.4,0.0,9.0,9,9,0.0,2237.0,2237.0,2237.0,0.0,7.459,7.459,7.459,0.0,2.28,2.28,2.28,0.0,0.0,0,0,0.0,8.0,8,8,0.0,21.7,21.7,21.7,0.0,1,0.2952934420686433,1
1865,Rh-fcc,111+5%,Rh16,fcc,0.4152415838154741,0.0896353869102313,3.0,Rh,195.0,195.0,195.0,0.0,102.9055,102.9055,102.9055,0.0,1.137,1.137,1.137,0.0,12.4,12.4,12.4,0.0,9.0,9,9,0.0,2237.0,2237.0,2237.0,0.0,7.459,7.459,7.459,0.0,2.28,2.28,2.28,0.0,0.0,0,0,0.0,8.0,8,8,0.0,21.7,21.7,21.7,0.0,1,0.3256061969052428,1
1866,Rh-fcc,111+8%,Rh16,fcc,0.23720316646679895,0.0082560699229361,3.0,Rh,195.0,195.0,195.0,0.0,102.9055,102.9055,102.9055,0.0,1.137,1.137,1.137,0.0,12.4,12.4,12.4,0.0,9.0,9,9,0.0,2237.0,2237.0,2237.0,0.0,7.459,7.459,7.459,0.0,2.28,2.28,2.28,0.0,0.0,0,0,0.0,8.0,8,8,0.0,21.7,21.7,21.7,0.0,1,0.22894709654386286,1
1867,Rh-fcc,111-1%,Rh16,fcc,0.6166581772432097,0.3075623805270879,3.0,Rh,195.0,195.0,195.0,0.0,102.9055,102.9055,102.9055,0.0,1.137,1.137,1.137,0.0,12.4,12.4,12.4,0.0,9.0,9,9,0.0,2237.0,2237.0,2237.0,0.0,7.459,7.459,7.459,0.0,2.28,2.28,2.28,0.0,0.0,0,0,0.0,8.0,8,8,0.0,21.7,21.7,21.7,0.0,1,0.3090957967161218,1
1868,Rh-fcc,111-2%,Rh16,fcc,0.6041897865956809,0.3441853657277534,3.0,Rh,195.0,195.0,195.0,0.0,102.9055,102.9055,102.9055,0.0,1.137,1.137,1.137,0.0,12.4,12.4,12.4,0.0,9.0,9,9,0.0,2237.0,2237.0,2237.0,0.0,7.459,7.459,7.459,0.0,2.28,2.28,2.28,0.0,0.0,0,0,0.0,8.0,8,8,0.0,21.7,21.7,21.7,0.0,1,0.2600044208679275,1
1869,Rh-fcc,111-3%,Rh16,fcc,0.5738858346064571,0.3719238341000164,3.0,Rh,195.0,195.0,195.0,0.0,102.9055,102.9055,102.9055,0.0,1.137,1.137,1.137,0.0,12.4,12.4,12.4,0.0,9.0,9,9,0.0,2237.0,2237.0,2237.0,0.0,7.459,7.459,7.459,0.0,2.28,2.28,2.28,0.0,0.0,0,0,0.0,8.0,8,8,0.0,21.7,21.7,21.7,0.0,1,0.20196200050644075,1
1870,Rh-fcc,111-5%,Rh16,fcc,0.5717267207696646,0.3634458553497097,3.0,Rh,195.0,195.0,195.0,0.0,102.9055,102.9055,102.9055,0.0,1.137,1.137,1.137,0.0,12.4,12.4,12.4,0.0,9.0,9,9,0.0,2237.0,2237.0,2237.0,0.0,7.459,7.459,7.459,0.0,2.28,2.28,2.28,0.0,0.0,0,0,0.0,8.0,8,8,0.0,21.7,21.7,21.7,0.0,1,0.20828086541995489,1
1871,Rh3Ag,111,Ag3Rh9,bridge-tilt|A_A|B,1.336705040576279,0.8692789502791811,2.0,AgRh3,189.25,195.0,172.0,9.959292143521045,104.146125,107.868,102.9055,2.1488255331401347,1.17825,1.302,1.137,0.0714470958122162,11.92525,12.4,10.501,0.8222911208933249,9.5,11,9,0.8660254037844386,1986.4825,2237.0,1234.93,433.90903818513624,7.48825,7.576,7.459,0.050662486121389655,2.1925,2.28,1.93,0.15155444566227672,0.0,0,0,0.0,8.5,10,8,0.8660254037844386,19.099999999999998,21.7,11.3,4.50333209967908,1,0.4674260902970979,2
1873,Rh3Ag,111,Ag3Rh9,bridge|A_A|B,0.6867707986670835,0.2336633368803404,2.0,AgRh3,189.25,195.0,172.0,9.959292143521045,104.146125,107.868,102.9055,2.1488255331401347,1.17825,1.302,1.137,0.0714470958122162,11.92525,12.4,10.501,0.8222911208933249,9.5,11,9,0.8660254037844386,1986.4825,2237.0,1234.93,433.90903818513624,7.48825,7.576,7.459,0.050662486121389655,2.1925,2.28,1.93,0.15155444566227672,0.0,0,0,0.0,8.5,10,8,0.8660254037844386,19.099999999999998,21.7,11.3,4.50333209967908,1,0.45310746178674305,2
1876,Rh3Ag,111,Ag3Rh9,top-tilt|A,1.2215590110317933,0.4151161915768853,1.0,AgRh3,189.25,195.0,172.0,9.959292143521045,104.146125,107.868,102.9055,2.1488255331401347,1.17825,1.302,1.137,0.0714470958122162,11.92525,12.4,10.501,0.8222911208933249,9.5,11,9,0.8660254037844386,1986.4825,2237.0,1234.93,433.90903818513624,7.48825,7.576,7.459,0.050662486121389655,2.1925,2.28,1.93,0.15155444566227672,0.0,0,0,0.0,8.5,10,8,0.8660254037844386,19.099999999999998,21.7,11.3,4.50333209967908,1,0.806442819454908,2
1877,Rh3Ag,111,Ag3Rh9,top|B,2.9604140439183135,1.7962400478762677,1.0,AgRh3,189.25,195.0,172.0,9.959292143521045,104.146125,107.868,102.9055,2.1488255331401347,1.17825,1.302,1.137,0.0714470958122162,11.92525,12.4,10.501,0.8222911208933249,9.5,11,9,0.8660254037844386,1986.4825,2237.0,1234.93,433.90903818513624,7.48825,7.576,7.459,0.050662486121389655,2.1925,2.28,1.93,0.15155444566227672,0.0,0,0,0.0,8.5,10,8,0.8660254037844386,19.099999999999998,21.7,11.3,4.50333209967908,1,1.1641739960420459,2
1882,Rh3Au,111,Au3Rh9,bridge-tilt|A_A|B,1.3980582477851178,0.9787345649791632,2.0,AuRh3,187.75,195.0,166.0,12.55736835487436,126.4207675,196.96657,102.9055,40.72963806357317,1.4300000000000002,2.309,1.137,0.5074908866176812,14.1205,19.282,12.4,2.9799934144222533,9.5,11,9,0.8660254037844386,2012.0825,2237.0,1337.33,389.56853751137294,7.90075,9.226,7.459,0.7651334442435521,2.3449999999999998,2.54,2.28,0.11258330249197712,0.0,0,0,0.0,8.5,10,8,0.8660254037844386,19.4,21.7,12.5,3.9837168574084174,1,0.41932368280595456,2
1883,Rh3Au,111,Au3Rh9,bridge|A_A|A,0.6120962181960923,0.2665289742807317,2.0,AuRh3,187.75,195.0,166.0,12.55736835487436,126.4207675,196.96657,102.9055,40.72963806357317,1.4300000000000002,2.309,1.137,0.5074908866176812,14.1205,19.282,12.4,2.9799934144222533,9.5,11,9,0.8660254037844386,2012.0825,2237.0,1337.33,389.56853751137294,7.90075,9.226,7.459,0.7651334442435521,2.3449999999999998,2.54,2.28,0.11258330249197712,0.0,0,0,0.0,8.5,10,8,0.8660254037844386,19.4,21.7,12.5,3.9837168574084174,1,0.3455672439153606,2
1884,Rh3Au,111,Au3Rh9,bridge|A_A|B,0.6458851012226482,0.3283739190782171,2.0,AuRh3,187.75,195.0,166.0,12.55736835487436,126.4207675,196.96657,102.9055,40.72963806357317,1.4300000000000002,2.309,1.137,0.5074908866176812,14.1205,19.282,12.4,2.9799934144222533,9.5,11,9,0.8660254037844386,2012.0825,2237.0,1337.33,389.56853751137294,7.90075,9.226,7.459,0.7651334442435521,2.3449999999999998,2.54,2.28,0.11258330249197712,0.0,0,0,0.0,8.5,10,8,0.8660254037844386,19.4,21.7,12.5,3.9837168574084174,1,0.3175111821444311,2
1887,Rh3Au,111,Au3Rh9,top-tilt|A,1.4662882101341388,0.5148528523794766,1.0,AuRh3,187.75,195.0,166.0,12.55736835487436,126.4207675,196.96657,102.9055,40.72963806357317,1.4300000000000002,2.309,1.137,0.5074908866176812,14.1205,19.282,12.4,2.9799934144222533,9.5,11,9,0.8660254037844386,2012.0825,2237.0,1337.33,389.56853751137294,7.90075,9.226,7.459,0.7651334442435521,2.3449999999999998,2.54,2.28,0.11258330249197712,0.0,0,0,0.0,8.5,10,8,0.8660254037844386,19.4,21.7,12.5,3.9837168574084174,1,0.9514353577546621,2
1888,Rh3Au,111,Au3Rh9,top-tilt|B,2.356052655628035,1.2576239021808533,1.0,AuRh3,187.75,195.0,166.0,12.55736835487436,126.4207675,196.96657,102.9055,40.72963806357317,1.4300000000000002,2.309,1.137,0.5074908866176812,14.1205,19.282,12.4,2.9799934144222533,9.5,11,9,0.8660254037844386,2012.0825,2237.0,1337.33,389.56853751137294,7.90075,9.226,7.459,0.7651334442435521,2.3449999999999998,2.54,2.28,0.11258330249197712,0.0,0,0,0.0,8.5,10,8,0.8660254037844386,19.4,21.7,12.5,3.9837168574084174,1,1.0984287534471817,2
1889,Rh3Au,111,Au3Rh9,top|B,3.110243052748943,2.4943580331790827,1.0,AuRh3,187.75,195.0,166.0,12.55736835487436,126.4207675,196.96657,102.9055,40.72963806357317,1.4300000000000002,2.309,1.137,0.5074908866176812,14.1205,19.282,12.4,2.9799934144222533,9.5,11,9,0.8660254037844386,2012.0825,2237.0,1337.33,389.56853751137294,7.90075,9.226,7.459,0.7651334442435521,2.3449999999999998,2.54,2.28,0.11258330249197712,0.0,0,0,0.0,8.5,10,8,0.8660254037844386,19.4,21.7,12.5,3.9837168574084174,1,0.6158850195698604,2
1890,Rh3Bi,111,Bi3Rh9,bridge|A_A|A,1.0087903109601568,0.4907680565819419,2.0,BiRh3,198.0,207.0,195.0,5.196152422706632,129.424225,208.9804,102.9055,45.931779051946975,1.08925,1.137,0.946,0.08270542606141391,11.751750000000001,12.4,9.807,1.1228019360065247,10.5,15,9,2.598076211353316,1813.8875,2237.0,544.55,732.8523473174866,7.416499999999999,7.459,7.289,0.07361215932167725,2.215,2.28,2.02,0.11258330249197693,0.75,3,0,1.299038105676658,8.5,10,8,0.8660254037844386,19.0,21.7,10.9,4.676537180435968,1,0.5180222543782149,2
1891,Rh3Bi,111,Bi3Rh9,bridge|A_A|B,0.6994921521889603,0.1258703377833399,2.0,BiRh3,198.0,207.0,195.0,5.196152422706632,129.424225,208.9804,102.9055,45.931779051946975,1.08925,1.137,0.946,0.08270542606141391,11.751750000000001,12.4,9.807,1.1228019360065247,10.5,15,9,2.598076211353316,1813.8875,2237.0,544.55,732.8523473174866,7.416499999999999,7.459,7.289,0.07361215932167725,2.215,2.28,2.02,0.11258330249197693,0.75,3,0,1.299038105676658,8.5,10,8,0.8660254037844386,19.0,21.7,10.9,4.676537180435968,1,0.5736218144056204,2
1894,Rh3Bi,111,Bi3Rh9,top|A,1.2600824571997409,0.4249150109834545,1.0,BiRh3,198.0,207.0,195.0,5.196152422706632,129.424225,208.9804,102.9055,45.931779051946975,1.08925,1.137,0.946,0.08270542606141391,11.751750000000001,12.4,9.807,1.1228019360065247,10.5,15,9,2.598076211353316,1813.8875,2237.0,544.55,732.8523473174866,7.416499999999999,7.459,7.289,0.07361215932167725,2.215,2.28,2.02,0.11258330249197693,0.75,3,0,1.299038105676658,8.5,10,8,0.8660254037844386,19.0,21.7,10.9,4.676537180435968,1,0.8351674462162864,2
1895,Rh3Bi,111,Bi3Rh9,top|B,2.3892003926885295,1.2289073206819694,1.0,BiRh3,198.0,207.0,195.0,5.196152422706632,129.424225,208.9804,102.9055,45.931779051946975,1.08925,1.137,0.946,0.08270542606141391,11.751750000000001,12.4,9.807,1.1228019360065247,10.5,15,9,2.598076211353316,1813.8875,2237.0,544.55,732.8523473174866,7.416499999999999,7.459,7.289,0.07361215932167725,2.215,2.28,2.02,0.11258330249197693,0.75,3,0,1.299038105676658,8.5,10,8,0.8660254037844386,19.0,21.7,10.9,4.676537180435968,1,1.16029307200656,2
1896,Rh3Cu,111,Cu3Rh9,bridge|A_A|A,0.6858279215006445,0.2477135267807853,2.0,CuRh3,181.25,195.0,140.0,23.81569860407206,93.066625,102.9055,63.55,17.04143138931924,1.15975,1.228,1.137,0.03940415587219195,11.53325,12.4,8.933,1.5012550374603246,9.5,11,9,0.8660254037844386,2017.1925,2237.0,1357.77,380.717757884696,7.5257499999999995,7.726,7.459,0.11561439140522271,2.185,2.28,1.9,0.1645448267190433,0.0,0,0,0.0,8.5,10,8,0.8660254037844386,19.549999999999997,21.7,13.1,3.7239092362730863,1,0.43811439471985925,2
1897,Rh3Cu,111,Cu3Rh9,bridge|A_A|B,0.6756913574665491,0.2336570782762237,2.0,CuRh3,181.25,195.0,140.0,23.81569860407206,93.066625,102.9055,63.55,17.04143138931924,1.15975,1.228,1.137,0.03940415587219195,11.53325,12.4,8.933,1.5012550374603246,9.5,11,9,0.8660254037844386,2017.1925,2237.0,1357.77,380.717757884696,7.5257499999999995,7.726,7.459,0.11561439140522271,2.185,2.28,1.9,0.1645448267190433,0.0,0,0,0.0,8.5,10,8,0.8660254037844386,19.549999999999997,21.7,13.1,3.7239092362730863,1,0.44203427919032534,2
1902,Rh3Cu,111,Cu3Rh9,top-tilt|A,1.3035329049210138,0.4619003156811914,1.0,CuRh3,181.25,195.0,140.0,23.81569860407206,93.066625,102.9055,63.55,17.04143138931924,1.15975,1.228,1.137,0.03940415587219195,11.53325,12.4,8.933,1.5012550374603246,9.5,11,9,0.8660254037844386,2017.1925,2237.0,1357.77,380.717757884696,7.5257499999999995,7.726,7.459,0.11561439140522271,2.185,2.28,1.9,0.1645448267190433,0.0,0,0,0.0,8.5,10,8,0.8660254037844386,19.549999999999997,21.7,13.1,3.7239092362730863,1,0.8416325892398224,2
1903,Rh3Cu,111,Cu3Rh9,top|B,2.329040883528783,1.1939230049800926,1.0,CuRh3,181.25,195.0,140.0,23.81569860407206,93.066625,102.9055,63.55,17.04143138931924,1.15975,1.228,1.137,0.03940415587219195,11.53325,12.4,8.933,1.5012550374603246,9.5,11,9,0.8660254037844386,2017.1925,2237.0,1357.77,380.717757884696,7.5257499999999995,7.726,7.459,0.11561439140522271,2.185,2.28,1.9,0.1645448267190433,0.0,0,0,0.0,8.5,10,8,0.8660254037844386,19.549999999999997,21.7,13.1,3.7239092362730863,1,1.1351178785486904,2
1910,Rh3Ir,111,Ir3Rh9,bridge|A_A|B,0.8377555032114098,0.3669676887810738,2.0,IrRh3,196.75,202.0,195.0,3.031088913245535,125.234125,192.22,102.9055,38.67431296315262,1.244,1.565,1.137,0.18532943640986985,14.905000000000001,22.42,12.4,4.3387872729600385,9.0,9,9,0.0,2357.5,2719.0,2237.0,208.7121223120497,7.869249999999999,9.1,7.459,0.7105738438051319,2.26,2.28,2.2,0.034641016151377386,0.0,0,0,0.0,7.75,8,7,0.4330127018922193,22.775,26.0,21.7,1.8619546181365434,1,0.470787814430336,2
1912,Rh3Ir,111,Ir3Rh9,hollow|A_A_A|HCP,0.583971689624574,0.5510463058825508,3.0,IrRh3,196.75,202.0,195.0,3.031088913245535,125.234125,192.22,102.9055,38.67431296315262,1.244,1.565,1.137,0.18532943640986985,14.905000000000001,22.42,12.4,4.3387872729600385,9.0,9,9,0.0,2357.5,2719.0,2237.0,208.7121223120497,7.869249999999999,9.1,7.459,0.7105738438051319,2.26,2.28,2.2,0.034641016151377386,0.0,0,0,0.0,7.75,8,7,0.4330127018922193,22.775,26.0,21.7,1.8619546181365434,1,0.03292538374202325,2
1914,Rh3Ir,111,Ir3Rh9,top-tilt|A,1.2663251134552336,0.5191193252802577,1.0,IrRh3,196.75,202.0,195.0,3.031088913245535,125.234125,192.22,102.9055,38.67431296315262,1.244,1.565,1.137,0.18532943640986985,14.905000000000001,22.42,12.4,4.3387872729600385,9.0,9,9,0.0,2357.5,2719.0,2237.0,208.7121223120497,7.869249999999999,9.1,7.459,0.7105738438051319,2.26,2.28,2.2,0.034641016151377386,0.0,0,0,0.0,7.75,8,7,0.4330127018922193,22.775,26.0,21.7,1.8619546181365434,1,0.7472057881749758,2
1915,Rh3Ir,111,Ir3Rh9,top|B,1.085271027136148,0.252245582782848,1.0,IrRh3,196.75,202.0,195.0,3.031088913245535,125.234125,192.22,102.9055,38.67431296315262,1.244,1.565,1.137,0.18532943640986985,14.905000000000001,22.42,12.4,4.3387872729600385,9.0,9,9,0.0,2357.5,2719.0,2237.0,208.7121223120497,7.869249999999999,9.1,7.459,0.7105738438051319,2.26,2.28,2.2,0.034641016151377386,0.0,0,0,0.0,7.75,8,7,0.4330127018922193,22.775,26.0,21.7,1.8619546181365434,1,0.8330254443533001,2
1928,Rh3Os,111,Os3Rh9,top|A,1.0652810972204747,0.5876258889774135,1.0,OsRh3,200.25,216.0,195.0,9.093266739736606,124.729125,190.2,102.9055,37.79962730533033,1.12775,1.137,1.1,0.01602146997001208,14.9425,22.57,12.4,4.40373917824387,8.75,9,8,0.4330127018922193,2504.25,3306.0,2237.0,462.89057832278246,7.7692499999999995,8.7,7.459,0.537368763048244,2.26,2.28,2.2,0.034641016151377386,0.0,0,0,0.0,7.5,8,6,0.8660254037844386,24.025,31.0,21.7,4.02701812759764,1,0.4776552082430612,2
1930,Rh3Pd,111,Pd3Rh9,bridge|A_A|A,0.6595890507166007,0.2118188542780217,2.0,PdRh3,196.75,202.0,195.0,3.031088913245535,103.784125,106.42,102.9055,1.521823140800204,0.992,1.137,0.557,0.2511473670974872,12.3,12.4,12.0,0.1732050807568879,9.25,10,9,0.4330127018922193,2134.7625,2237.0,1828.05,177.08054443882313,7.6785,8.337,7.459,0.3801851522613686,2.26,2.28,2.2,0.034641016151377386,0.0,0,0,0.0,8.5,10,8,0.8660254037844386,20.45,21.7,16.7,2.165063509461097,1,0.44777019643857896,2
1931,Rh3Pd,111,Pd3Rh9,bridge|A_A|B,0.6725543473997873,0.2413449744789204,2.0,PdRh3,196.75,202.0,195.0,3.031088913245535,103.784125,106.42,102.9055,1.521823140800204,0.992,1.137,0.557,0.2511473670974872,12.3,12.4,12.0,0.1732050807568879,9.25,10,9,0.4330127018922193,2134.7625,2237.0,1828.05,177.08054443882313,7.6785,8.337,7.459,0.3801851522613686,2.26,2.28,2.2,0.034641016151377386,0.0,0,0,0.0,8.5,10,8,0.8660254037844386,20.45,21.7,16.7,2.165063509461097,1,0.43120937292086686,2
1937,Rh3Pd,111,Pd3Rh9,top-tilt|A,1.3608929992203653,0.4194579038784241,1.0,PdRh3,196.75,202.0,195.0,3.031088913245535,103.784125,106.42,102.9055,1.521823140800204,0.992,1.137,0.557,0.2511473670974872,12.3,12.4,12.0,0.1732050807568879,9.25,10,9,0.4330127018922193,2134.7625,2237.0,1828.05,177.08054443882313,7.6785,8.337,7.459,0.3801851522613686,2.26,2.28,2.2,0.034641016151377386,0.0,0,0,0.0,8.5,10,8,0.8660254037844386,20.45,21.7,16.7,2.165063509461097,1,0.9414350953419413,2
1938,Rh3Pd,111,Pd3Rh9,top|B,2.544348725148059,1.4568184430798965,1.0,PdRh3,196.75,202.0,195.0,3.031088913245535,103.784125,106.42,102.9055,1.521823140800204,0.992,1.137,0.557,0.2511473670974872,12.3,12.4,12.0,0.1732050807568879,9.25,10,9,0.4330127018922193,2134.7625,2237.0,1828.05,177.08054443882313,7.6785,8.337,7.459,0.3801851522613686,2.26,2.28,2.2,0.034641016151377386,0.0,0,0,0.0,8.5,10,8,0.8660254037844386,20.45,21.7,16.7,2.165063509461097,1,1.0875302820681627,2
1939,Rh3Pt,111,Pt3Rh9,bridge|A_A|A,0.6973108704006816,0.2500912574804488,2.0,PtRh3,198.5,209.0,195.0,6.06217782649107,125.94912500000001,195.08,102.9055,39.91272929056437,1.38475,2.128,1.137,0.4291155875751894,14.665000000000001,21.46,12.4,3.9230950791435073,9.25,10,9,0.4330127018922193,2188.1375,2237.0,2041.55,84.63233258483429,7.84425,9.0,7.459,0.6672725736159102,2.28,2.28,2.28,0.0,0.0,0,0,0.0,8.25,9,8,0.4330127018922193,21.275,21.7,20.0,0.7361215932167725,1,0.4472196129202328,2
1940,Rh3Pt,111,Pt3Rh9,bridge|A_A|B,0.7753857985829972,0.3337976920782921,2.0,PtRh3,198.5,209.0,195.0,6.06217782649107,125.94912500000001,195.08,102.9055,39.91272929056437,1.38475,2.128,1.137,0.4291155875751894,14.665000000000001,21.46,12.4,3.9230950791435073,9.25,10,9,0.4330127018922193,2188.1375,2237.0,2041.55,84.63233258483429,7.84425,9.0,7.459,0.6672725736159102,2.28,2.28,2.28,0.0,0.0,0,0,0.0,8.25,9,8,0.4330127018922193,21.275,21.7,20.0,0.7361215932167725,1,0.4415881065047051,2
1941,Rh3Pt,111,Pt3Rh9,bridge|A_B|A,1.0467714494110432,0.5302562643781812,2.0,PtRh3,198.5,209.0,195.0,6.06217782649107,125.94912500000001,195.08,102.9055,39.91272929056437,1.38475,2.128,1.137,0.4291155875751894,14.665000000000001,21.46,12.4,3.9230950791435073,9.25,10,9,0.4330127018922193,2188.1375,2237.0,2041.55,84.63233258483429,7.84425,9.0,7.459,0.6672725736159102,2.28,2.28,2.28,0.0,0.0,0,0,0.0,8.25,9,8,0.4330127018922193,21.275,21.7,20.0,0.7361215932167725,1,0.516515185032862,2
1946,Rh3Pt,111,Pt3Rh9,top-tilt|A,1.439157840751427,0.5074063210785198,1.0,PtRh3,198.5,209.0,195.0,6.06217782649107,125.94912500000001,195.08,102.9055,39.91272929056437,1.38475,2.128,1.137,0.4291155875751894,14.665000000000001,21.46,12.4,3.9230950791435073,9.25,10,9,0.4330127018922193,2188.1375,2237.0,2041.55,84.63233258483429,7.84425,9.0,7.459,0.6672725736159102,2.28,2.28,2.28,0.0,0.0,0,0,0.0,8.25,9,8,0.4330127018922193,21.275,21.7,20.0,0.7361215932167725,1,0.9317515196729071,2
1947,Rh3Pt,111,Pt3Rh9,top|B,2.554567694710354,1.4037521627805063,1.0,PtRh3,198.5,209.0,195.0,6.06217782649107,125.94912500000001,195.08,102.9055,39.91272929056437,1.38475,2.128,1.137,0.4291155875751894,14.665000000000001,21.46,12.4,3.9230950791435073,9.25,10,9,0.4330127018922193,2188.1375,2237.0,2041.55,84.63233258483429,7.84425,9.0,7.459,0.6672725736159102,2.28,2.28,2.28,0.0,0.0,0,0,0.0,8.25,9,8,0.4330127018922193,21.275,21.7,20.0,0.7361215932167725,1,1.1508155319298479,2
1952,Rh3Re,111,Re3Rh9,top|A,0.9635129679078581,0.6247056171786198,1.0,ReRh3,200.5,217.0,195.0,9.526279441628825,123.730875,186.207,102.9055,36.070607586674704,0.89025,1.137,0.15,0.4273835367676204,14.5,20.8,12.4,3.6373066958946425,8.5,9,7,0.8660254037844386,2542.5,3459.0,2237.0,529.141521712292,7.5642499999999995,7.88,7.459,0.18229834749662444,2.185,2.28,1.9,0.1645448267190433,0.0,0,0,0.0,7.25,8,5,1.299038105676658,24.525,33.0,21.7,4.893043531382078,1,0.3388073507292383,2
1959,Rh3Ru,111,Rh9Ru3,top|A,1.10189972832331,0.501502267180399,1.0,Rh3Ru,198.0,207.0,195.0,5.196152422706632,102.454125,102.9055,101.1,0.781804433266406,1.11525,1.137,1.05,0.03767210506462307,12.325000000000001,12.4,12.1,0.12990381056766612,8.75,9,8,0.4330127018922193,2329.5,2607.0,2237.0,160.21469970012114,7.4345,7.459,7.361,0.042435244785437434,2.26,2.28,2.2,0.034641016151377386,0.0,0,0,0.0,7.75,8,7,0.4330127018922193,22.7,25.7,21.7,1.7320508075688772,1,0.600397461142911,2
1960,Rh3Ru,111,Rh9Ru3,top|B,1.1616580127738925,0.5775549557810109,1.0,Rh3Ru,198.0,207.0,195.0,5.196152422706632,102.454125,102.9055,101.1,0.781804433266406,1.11525,1.137,1.05,0.03767210506462307,12.325000000000001,12.4,12.1,0.12990381056766612,8.75,9,8,0.4330127018922193,2329.5,2607.0,2237.0,160.21469970012114,7.4345,7.459,7.361,0.042435244785437434,2.26,2.28,2.2,0.034641016151377386,0.0,0,0,0.0,7.75,8,7,0.4330127018922193,22.7,25.7,21.7,1.7320508075688772,1,0.5841030569928816,2
1969,Rh3Tc,111,Rh9Tc3,hollow|A_A_A|FCC,0.8838147406735196,0.7008555864784967,3.0,Rh3Tc,198.5,209.0,195.0,6.06217782649107,101.405715,102.9055,96.90636,2.5977038204296874,0.9902500000000001,1.137,0.55,0.25417845601073275,12.05,12.4,11.0,0.6062177826491072,8.5,9,7,0.8660254037844386,2285.25,2430.0,2237.0,83.57145146519834,7.41425,7.459,7.28,0.077509273638707,2.185,2.28,1.9,0.1645448267190433,0.0,0,0,0.0,7.25,8,5,1.299038105676658,22.025,23.0,21.7,0.5629165124598854,1,0.18295915419502295,2
1970,Rh3Tc,111,Rh9Tc3,hollow|A_A_A|HCP,0.7783383046112329,0.5674447021782498,3.0,Rh3Tc,198.5,209.0,195.0,6.06217782649107,101.405715,102.9055,96.90636,2.5977038204296874,0.9902500000000001,1.137,0.55,0.25417845601073275,12.05,12.4,11.0,0.6062177826491072,8.5,9,7,0.8660254037844386,2285.25,2430.0,2237.0,83.57145146519834,7.41425,7.459,7.28,0.077509273638707,2.185,2.28,1.9,0.1645448267190433,0.0,0,0,0.0,7.25,8,5,1.299038105676658,22.025,23.0,21.7,0.5629165124598854,1,0.21089360243298305,2
1973,Rh3Tc,111,Rh9Tc3,top|A,1.0107737139575346,0.5212724259771448,1.0,Rh3Tc,198.5,209.0,195.0,6.06217782649107,101.405715,102.9055,96.90636,2.5977038204296874,0.9902500000000001,1.137,0.55,0.25417845601073275,12.05,12.4,11.0,0.6062177826491072,8.5,9,7,0.8660254037844386,2285.25,2430.0,2237.0,83.57145146519834,7.41425,7.459,7.28,0.077509273638707,2.185,2.28,1.9,0.1645448267190433,0.0,0,0,0.0,7.25,8,5,1.299038105676658,22.025,23.0,21.7,0.5629165124598854,1,0.4895012879803897,2
1974,Rh3Tc,111,Rh9Tc3,top|B,0.0797461285495936,0.0956561776773696,1.0,Rh3Tc,198.5,209.0,195.0,6.06217782649107,101.405715,102.9055,96.90636,2.5977038204296874,0.9902500000000001,1.137,0.55,0.25417845601073275,12.05,12.4,11.0,0.6062177826491072,8.5,9,7,0.8660254037844386,2285.25,2430.0,2237.0,83.57145146519834,7.41425,7.459,7.28,0.077509273638707,2.185,2.28,1.9,0.1645448267190433,0.0,0,0,0.0,7.25,8,5,1.299038105676658,22.025,23.0,21.7,0.5629165124598854,1,-0.015910049127775994,2
1975,Rh3Zn,111,Rh9Zn3,bridge|A_A|A,0.6531794778830451,0.3273962139836612,2.0,Rh3Zn,181.0,195.0,139.0,24.24871130596428,93.529125,102.9055,65.4,16.24035789081863,,1.137,1.137,,11.0835,12.4,7.134,2.280244888164427,9.75,12,9,1.299038105676658,1850.92,2237.0,692.68,668.7101757861922,7.94275,9.394,7.459,0.8378795781614446,2.1225,2.28,1.65,0.27279800219209815,0.0,0,0,0.0,8.5,10,8,0.8660254037844386,18.112499999999997,21.7,7.35,6.213732272153347,1,0.3257832638993839,2
1978,Rh3Zn,111,Rh9Zn3,hollow|A_A_B|FCC,0.46077279577432806,0.3351303695789056,3.0,Rh3Zn,181.0,195.0,139.0,24.24871130596428,93.529125,102.9055,65.4,16.24035789081863,,1.137,1.137,,11.0835,12.4,7.134,2.280244888164427,9.75,12,9,1.299038105676658,1850.92,2237.0,692.68,668.7101757861922,7.94275,9.394,7.459,0.8378795781614446,2.1225,2.28,1.65,0.27279800219209815,0.0,0,0,0.0,8.5,10,8,0.8660254037844386,18.112499999999997,21.7,7.35,6.213732272153347,1,0.12564242619542249,2
1980,Rh3Zn,111,Rh9Zn3,top|A,1.4802955353109735,0.5459599539798319,1.0,Rh3Zn,181.0,195.0,139.0,24.24871130596428,93.529125,102.9055,65.4,16.24035789081863,,1.137,1.137,,11.0835,12.4,7.134,2.280244888164427,9.75,12,9,1.299038105676658,1850.92,2237.0,692.68,668.7101757861922,7.94275,9.394,7.459,0.8378795781614446,2.1225,2.28,1.65,0.27279800219209815,0.0,0,0,0.0,8.5,10,8,0.8660254037844386,18.112499999999997,21.7,7.35,6.213732272153347,1,0.9343355813311416,2
1981,Rh3Zn,111,Rh9Zn3,top|B,2.192180171134511,1.0882685484801868,1.0,Rh3Zn,181.0,195.0,139.0,24.24871130596428,93.529125,102.9055,65.4,16.24035789081863,,1.137,1.137,,11.0835,12.4,7.134,2.280244888164427,9.75,12,9,1.299038105676658,1850.92,2237.0,692.68,668.7101757861922,7.94275,9.394,7.459,0.8378795781614446,2.1225,2.28,1.65,0.27279800219209815,0.0,0,0,0.0,8.5,10,8,0.8660254037844386,18.112499999999997,21.7,7.35,6.213732272153347,1,1.1039116226543242,2
1985,RhRu,101,Rh6Ru6,bridge|A_A|B,0.8697153374734067,0.6088928098805582,2.0,RhRu,201.0,207.0,195.0,6.0,102.00274999999999,102.9055,101.1,0.9027500000000046,1.0935000000000001,1.137,1.05,0.04349999999999998,12.25,12.4,12.1,0.15000000000000036,8.5,9,8,0.5,2422.0,2607.0,2237.0,185.0,7.41,7.459,7.361,0.04899999999999993,2.24,2.28,2.2,0.039999999999999813,0.0,0,0,0.0,7.5,8,7,0.5,23.7,25.7,21.7,2.0,1,0.2608225275928485,2
1986,RhRu,101,Rh6Ru6,bridge|B_B|A,0.0035769881094425368,-0.1740667327204619,2.0,RhRu,201.0,207.0,195.0,6.0,102.00274999999999,102.9055,101.1,0.9027500000000046,1.0935000000000001,1.137,1.05,0.04349999999999998,12.25,12.4,12.1,0.15000000000000036,8.5,9,8,0.5,2422.0,2607.0,2237.0,185.0,7.41,7.459,7.361,0.04899999999999993,2.24,2.28,2.2,0.039999999999999813,0.0,0,0,0.0,7.5,8,7,0.5,23.7,25.7,21.7,2.0,1,0.17764372082990443,2
1991,RhRu,101,Rh6Ru6,top-tilt|A,0.9711298682329568,0.514183044179731,1.0,RhRu,201.0,207.0,195.0,6.0,102.00274999999999,102.9055,101.1,0.9027500000000046,1.0935000000000001,1.137,1.05,0.04349999999999998,12.25,12.4,12.1,0.15000000000000036,8.5,9,8,0.5,2422.0,2607.0,2237.0,185.0,7.41,7.459,7.361,0.04899999999999993,2.24,2.28,2.2,0.039999999999999813,0.0,0,0,0.0,7.5,8,7,0.5,23.7,25.7,21.7,2.0,1,0.45694682405322573,2
1992,RhRu,101,Rh6Ru6,top|B,0.4319817703119229,0.1687962957811351,1.0,RhRu,201.0,207.0,195.0,6.0,102.00274999999999,102.9055,101.1,0.9027500000000046,1.0935000000000001,1.137,1.05,0.04349999999999998,12.25,12.4,12.1,0.15000000000000036,8.5,9,8,0.5,2422.0,2607.0,2237.0,185.0,7.41,7.459,7.361,0.04899999999999993,2.24,2.28,2.2,0.039999999999999813,0.0,0,0,0.0,7.5,8,7,0.5,23.7,25.7,21.7,2.0,1,0.26318547453078783,2
1993,RhTc,101,Rh6Tc6,bridge|B_B|A,-0.6689508805545077,-0.6418936878172872,2.0,RhTc,202.0,209.0,195.0,7.0,99.90593000000001,102.9055,96.90636,2.9995699999999985,0.8435,1.137,0.55,0.2935,11.7,12.4,11.0,0.7000000000000002,8.0,9,7,1.0,2333.5,2430.0,2237.0,96.5,7.3695,7.459,7.28,0.08949999999999969,2.09,2.28,1.9,0.18999999999999995,0.0,0,0,0.0,6.5,8,5,1.5,22.35,23.0,21.7,0.6500000000000004,1,-0.027057192737220515,2
1994,RhTc,101,Rh6Tc6,hollow-tilt|A_A_B|HCP,-0.24872333689777176,-0.0160902273192959,4.0,RhTc,202.0,209.0,195.0,7.0,99.90593000000001,102.9055,96.90636,2.9995699999999985,0.8435,1.137,0.55,0.2935,11.7,12.4,11.0,0.7000000000000002,8.0,9,7,1.0,2333.5,2430.0,2237.0,96.5,7.3695,7.459,7.28,0.08949999999999969,2.09,2.28,1.9,0.18999999999999995,0.0,0,0,0.0,6.5,8,5,1.5,22.35,23.0,21.7,0.6500000000000004,1,-0.23263310957847586,2
1998,RhTc,101,Rh6Tc6,top-tilt|A,1.0641056135918494,0.6024332355817705,1.0,RhTc,202.0,209.0,195.0,7.0,99.90593000000001,102.9055,96.90636,2.9995699999999985,0.8435,1.137,0.55,0.2935,11.7,12.4,11.0,0.7000000000000002,8.0,9,7,1.0,2333.5,2430.0,2237.0,96.5,7.3695,7.459,7.28,0.08949999999999969,2.09,2.28,1.9,0.18999999999999995,0.0,0,0,0.0,6.5,8,5,1.5,22.35,23.0,21.7,0.6500000000000004,1,0.4616723780100789,2
2002,RhZn,101,Rh6Zn6,bridge|B_B|A,0.8643952492919342,0.2885246160848282,2.0,RhZn,167.0,195.0,139.0,28.0,84.15275,102.9055,65.4,18.75275,,1.137,1.137,,9.767,12.4,7.134,2.633,10.5,12,9,1.5,1464.84,2237.0,692.68,772.1600000000001,8.4265,9.394,7.459,0.9675000000000002,1.9649999999999999,2.28,1.65,0.31499999999999995,0.0,0,0,0.0,9.0,10,8,1.0,14.524999999999999,21.7,7.35,7.175,1,0.575870633207106,2
2004,RhZn,101,Rh6Zn6,hollow|A_B_B|FCC,0.8951144670165927,0.2627570682788018,4.0,RhZn,167.0,195.0,139.0,28.0,84.15275,102.9055,65.4,18.75275,,1.137,1.137,,9.767,12.4,7.134,2.633,10.5,12,9,1.5,1464.84,2237.0,692.68,772.1600000000001,8.4265,9.394,7.459,0.9675000000000002,1.9649999999999999,2.28,1.65,0.31499999999999995,0.0,0,0,0.0,9.0,10,8,1.0,14.524999999999999,21.7,7.35,7.175,1,0.6323573987377908,2
2012,Ru-hcp,0001,Ru16,fcc,-0.19354233470244478,-0.2055647258748649,3.0,Ru,207.0,207.0,207.0,0.0,101.1,101.1,101.1,0.0,1.05,1.05,1.05,0.0,12.1,12.1,12.1,0.0,8.0,8,8,0.0,2607.0,2607.0,2607.0,0.0,7.361,7.361,7.361,0.0,2.2,2.2,2.2,0.0,0.0,0,0,0.0,7.0,7,7,0.0,25.7,25.7,25.7,0.0,1,0.012022391172420127,1
2013,Ru-hcp,0001,Ru16,hcp,-0.13168694427022679,-0.1491966163084725,3.0,Ru,207.0,207.0,207.0,0.0,101.1,101.1,101.1,0.0,1.05,1.05,1.05,0.0,12.1,12.1,12.1,0.0,8.0,8,8,0.0,2607.0,2607.0,2607.0,0.0,7.361,7.361,7.361,0.0,2.2,2.2,2.2,0.0,0.0,0,0,0.0,7.0,7,7,0.0,25.7,25.7,25.7,0.0,1,0.017509672038245716,1
2014,Ru-hcp,0001,Ru16,ontop,0.9248439927148417,0.5637511649474618,1.0,Ru,207.0,207.0,207.0,0.0,101.1,101.1,101.1,0.0,1.05,1.05,1.05,0.0,12.1,12.1,12.1,0.0,8.0,8,8,0.0,2607.0,2607.0,2607.0,0.0,7.361,7.361,7.361,0.0,2.2,2.2,2.2,0.0,0.0,0,0,0.0,7.0,7,7,0.0,25.7,25.7,25.7,0.0,1,0.36109282776737994,1
2015,Ru-hcp,0001+2%,Ru16,fcc,-0.3156691267633691,-0.2869327501393854,3.0,Ru,207.0,207.0,207.0,0.0,101.1,101.1,101.1,0.0,1.05,1.05,1.05,0.0,12.1,12.1,12.1,0.0,8.0,8,8,0.0,2607.0,2607.0,2607.0,0.0,7.361,7.361,7.361,0.0,2.2,2.2,2.2,0.0,0.0,0,0,0.0,7.0,7,7,0.0,25.7,25.7,25.7,0.0,1,-0.028736376623983706,1
2016,Ru-hcp,0001+5%,Ru16,fcc,-0.46489933568869807,-0.4158488581088022,3.0,Ru,207.0,207.0,207.0,0.0,101.1,101.1,101.1,0.0,1.05,1.05,1.05,0.0,12.1,12.1,12.1,0.0,8.0,8,8,0.0,2607.0,2607.0,2607.0,0.0,7.361,7.361,7.361,0.0,2.2,2.2,2.2,0.0,0.0,0,0,0.0,7.0,7,7,0.0,25.7,25.7,25.7,0.0,1,-0.04905047757989589,1
2017,Ru-hcp,0001+8%,Ru16,fcc,-0.4955660379246718,-0.5478831185610034,3.0,Ru,207.0,207.0,207.0,0.0,101.1,101.1,101.1,0.0,1.05,1.05,1.05,0.0,12.1,12.1,12.1,0.0,8.0,8,8,0.0,2607.0,2607.0,2607.0,0.0,7.361,7.361,7.361,0.0,2.2,2.2,2.2,0.0,0.0,0,0,0.0,7.0,7,7,0.0,25.7,25.7,25.7,0.0,1,0.05231708063633156,1
2018,Ru-hcp,0001-1%,Ru16,fcc,-0.14683071042356866,-0.1627991789282532,3.0,Ru,207.0,207.0,207.0,0.0,101.1,101.1,101.1,0.0,1.05,1.05,1.05,0.0,12.1,12.1,12.1,0.0,8.0,8,8,0.0,2607.0,2607.0,2607.0,0.0,7.361,7.361,7.361,0.0,2.2,2.2,2.2,0.0,0.0,0,0,0.0,7.0,7,7,0.0,25.7,25.7,25.7,0.0,1,0.015968468504684558,1
2019,Ru-hcp,0001-2%,Ru16,fcc,-0.13476450556448627,-0.1153083751851227,3.0,Ru,207.0,207.0,207.0,0.0,101.1,101.1,101.1,0.0,1.05,1.05,1.05,0.0,12.1,12.1,12.1,0.0,8.0,8,8,0.0,2607.0,2607.0,2607.0,0.0,7.361,7.361,7.361,0.0,2.2,2.2,2.2,0.0,0.0,0,0,0.0,7.0,7,7,0.0,25.7,25.7,25.7,0.0,1,-0.01945613037936357,1
2020,Ru-hcp,0001-3%,Ru16,fcc,-0.20727237235285076,-0.0618558293426758,3.0,Ru,207.0,207.0,207.0,0.0,101.1,101.1,101.1,0.0,1.05,1.05,1.05,0.0,12.1,12.1,12.1,0.0,8.0,8,8,0.0,2607.0,2607.0,2607.0,0.0,7.361,7.361,7.361,0.0,2.2,2.2,2.2,0.0,0.0,0,0,0.0,7.0,7,7,0.0,25.7,25.7,25.7,0.0,1,-0.14541654301017495,1
2021,Ru-hcp,0001-5%,Ru16,fcc,-0.1838437349781705,0.0609411186815123,3.0,Ru,207.0,207.0,207.0,0.0,101.1,101.1,101.1,0.0,1.05,1.05,1.05,0.0,12.1,12.1,12.1,0.0,8.0,8,8,0.0,2607.0,2607.0,2607.0,0.0,7.361,7.361,7.361,0.0,2.2,2.2,2.2,0.0,0.0,0,0,0.0,7.0,7,7,0.0,25.7,25.7,25.7,0.0,1,-0.2447848536596828,1
2022,Ru3Ag,111,Ag3Ru9,bridge|A_A|A,0.0366153564935635,-0.0926487756179312,2.0,AgRu3,198.25,207.0,172.0,15.155444566227676,102.79199999999999,107.868,101.1,2.9306299664065407,1.113,1.302,1.05,0.10911920087683927,11.700249999999999,12.1,10.501,0.6923873103256588,8.75,11,8,1.299038105676658,2263.9825,2607.0,1234.93,594.1237378852574,7.41475,7.576,7.361,0.0930977309068271,2.1325000000000003,2.2,1.93,0.11691342951089932,0.0,0,0,0.0,7.75,10,7,1.299038105676658,22.099999999999998,25.7,11.3,6.235382907247958,1,0.12926413211149468,2
2025,Ru3Ag,111,Ag3Ru9,top-tilt|B,2.1768937246273237,1.2385160683815002,1.0,AgRu3,198.25,207.0,172.0,15.155444566227676,102.79199999999999,107.868,101.1,2.9306299664065407,1.113,1.302,1.05,0.10911920087683927,11.700249999999999,12.1,10.501,0.6923873103256588,8.75,11,8,1.299038105676658,2263.9825,2607.0,1234.93,594.1237378852574,7.41475,7.576,7.361,0.0930977309068271,2.1325000000000003,2.2,1.93,0.11691342951089932,0.0,0,0,0.0,7.75,10,7,1.299038105676658,22.099999999999998,25.7,11.3,6.235382907247958,1,0.9383776562458235,2
2031,Ru3Au,111,Au3Ru9,top-tilt|B,2.024457775104487,1.1816225069823076,1.0,AuRu3,196.75,207.0,166.0,17.75352077758099,125.06664249999999,196.96657,101.1,41.51144249683957,1.3647500000000001,2.309,1.05,0.5451629916823042,13.895499999999998,19.282,12.1,3.1098972249899193,8.75,11,8,1.299038105676658,2289.5825,2607.0,1337.33,549.7832372114941,7.827249999999999,9.226,7.361,0.8075686890289895,2.285,2.54,2.2,0.1472243186433545,0.0,0,0,0.0,7.75,10,7,1.299038105676658,22.4,25.7,12.5,5.715767664977295,1,0.8428352681221796,2
2032,Ru3Au,111,Au3Ru9,top|A,0.8971609324186129,0.3489910321812886,1.0,AuRu3,196.75,207.0,166.0,17.75352077758099,125.06664249999999,196.96657,101.1,41.51144249683957,1.3647500000000001,2.309,1.05,0.5451629916823042,13.895499999999998,19.282,12.1,3.1098972249899193,8.75,11,8,1.299038105676658,2289.5825,2607.0,1337.33,549.7832372114941,7.827249999999999,9.226,7.361,0.8075686890289895,2.285,2.54,2.2,0.1472243186433545,0.0,0,0,0.0,7.75,10,7,1.299038105676658,22.4,25.7,12.5,5.715767664977295,1,0.5481699002373244,2
2033,Ru3Au,111,Au3Ru9,top|B,3.049341033434958,2.322820190381094,1.0,AuRu3,196.75,207.0,166.0,17.75352077758099,125.06664249999999,196.96657,101.1,41.51144249683957,1.3647500000000001,2.309,1.05,0.5451629916823042,13.895499999999998,19.282,12.1,3.1098972249899193,8.75,11,8,1.299038105676658,2289.5825,2607.0,1337.33,549.7832372114941,7.827249999999999,9.226,7.361,0.8075686890289895,2.285,2.54,2.2,0.1472243186433545,0.0,0,0,0.0,7.75,10,7,1.299038105676658,22.4,25.7,12.5,5.715767664977295,1,0.7265208430538639,2
2034,Ru3Bi,111,Bi3Ru9,bridge|A_A|A,0.16727069560917487,0.0403818297789939,2.0,BiRu3,207.0,207.0,207.0,0.0,128.0701,208.9804,101.1,46.713583485213384,1.024,1.05,0.946,0.04503332099679085,11.52675,12.1,9.807,0.9928981254388586,9.75,15,8,3.031088913245535,2091.3875,2607.0,544.55,893.0670470176077,7.343,7.361,7.289,0.03117691453623982,2.1550000000000002,2.2,2.02,0.07794228634059955,0.75,3,0,1.299038105676658,7.75,10,7,1.299038105676658,22.0,25.7,10.9,6.408587988004846,1,0.12688886583018097,2
2035,Ru3Bi,111,Bi3Ru9,bridge|A_A|B,0.09617982294723747,-0.0276331603191692,2.0,BiRu3,207.0,207.0,207.0,0.0,128.0701,208.9804,101.1,46.713583485213384,1.024,1.05,0.946,0.04503332099679085,11.52675,12.1,9.807,0.9928981254388586,9.75,15,8,3.031088913245535,2091.3875,2607.0,544.55,893.0670470176077,7.343,7.361,7.289,0.03117691453623982,2.1550000000000002,2.2,2.02,0.07794228634059955,0.75,3,0,1.299038105676658,7.75,10,7,1.299038105676658,22.0,25.7,10.9,6.408587988004846,1,0.12381298326640666,2
2038,Ru3Bi,111,Bi3Ru9,top|A,0.4936945125068063,0.2229432761786256,1.0,BiRu3,207.0,207.0,207.0,0.0,128.0701,208.9804,101.1,46.713583485213384,1.024,1.05,0.946,0.04503332099679085,11.52675,12.1,9.807,0.9928981254388586,9.75,15,8,3.031088913245535,2091.3875,2607.0,544.55,893.0670470176077,7.343,7.361,7.289,0.03117691453623982,2.1550000000000002,2.2,2.02,0.07794228634059955,0.75,3,0,1.299038105676658,7.75,10,7,1.299038105676658,22.0,25.7,10.9,6.408587988004846,1,0.27075123632818066,2
2039,Ru3Bi,111,Bi3Ru9,top|B,1.8039188584776367,0.831991463078225,1.0,BiRu3,207.0,207.0,207.0,0.0,128.0701,208.9804,101.1,46.713583485213384,1.024,1.05,0.946,0.04503332099679085,11.52675,12.1,9.807,0.9928981254388586,9.75,15,8,3.031088913245535,2091.3875,2607.0,544.55,893.0670470176077,7.343,7.361,7.289,0.03117691453623982,2.1550000000000002,2.2,2.02,0.07794228634059955,0.75,3,0,1.299038105676658,7.75,10,7,1.299038105676658,22.0,25.7,10.9,6.408587988004846,1,0.9719273953994116,2
2040,Ru3Cu,111,Cu3Ru9,bridge|A_A|A,-0.1884166238756256,-0.2243790848252729,2.0,CuRu3,190.25,207.0,140.0,29.011851026778693,91.71249999999999,101.1,63.55,16.259626956052834,1.0945,1.228,1.05,0.07707626093681501,11.30825,12.1,8.933,1.3713512268926586,8.75,11,8,1.299038105676658,2294.6925,2607.0,1357.77,540.9324575848171,7.452249999999999,7.726,7.361,0.15804963619066015,2.125,2.2,1.9,0.1299038105676659,0.0,0,0,0.0,7.75,10,7,1.299038105676658,22.549999999999997,25.7,13.1,5.455960043841963,1,0.03596246094964731,2
2041,Ru3Cu,111,Cu3Ru9,bridge|A_A|B,0.29944971541501614,0.0340291961809953,2.0,CuRu3,190.25,207.0,140.0,29.011851026778693,91.71249999999999,101.1,63.55,16.259626956052834,1.0945,1.228,1.05,0.07707626093681501,11.30825,12.1,8.933,1.3713512268926586,8.75,11,8,1.299038105676658,2294.6925,2607.0,1357.77,540.9324575848171,7.452249999999999,7.726,7.361,0.15804963619066015,2.125,2.2,1.9,0.1299038105676659,0.0,0,0,0.0,7.75,10,7,1.299038105676658,22.549999999999997,25.7,13.1,5.455960043841963,1,0.2654205192340208,2
2046,Ru3Cu,111,Cu3Ru9,top|A,0.5065678871214055,0.2272267561755825,1.0,CuRu3,190.25,207.0,140.0,29.011851026778693,91.71249999999999,101.1,63.55,16.259626956052834,1.0945,1.228,1.05,0.07707626093681501,11.30825,12.1,8.933,1.3713512268926586,8.75,11,8,1.299038105676658,2294.6925,2607.0,1357.77,540.9324575848171,7.452249999999999,7.726,7.361,0.15804963619066015,2.125,2.2,1.9,0.1299038105676659,0.0,0,0,0.0,7.75,10,7,1.299038105676658,22.549999999999997,25.7,13.1,5.455960043841963,1,0.279341130945823,2
2047,Ru3Cu,111,Cu3Ru9,top|B,2.7310691411497747,1.6020136254782074,1.0,CuRu3,190.25,207.0,140.0,29.011851026778693,91.71249999999999,101.1,63.55,16.259626956052834,1.0945,1.228,1.05,0.07707626093681501,11.30825,12.1,8.933,1.3713512268926586,8.75,11,8,1.299038105676658,2294.6925,2607.0,1357.77,540.9324575848171,7.452249999999999,7.726,7.361,0.15804963619066015,2.125,2.2,1.9,0.1299038105676659,0.0,0,0,0.0,7.75,10,7,1.299038105676658,22.549999999999997,25.7,13.1,5.455960043841963,1,1.1290555156715674,2
2053,Ru3Ir,111,Ir3Ru9,bridge|A_A|A,0.12520073257761083,-0.0733816191196865,2.0,IrRu3,205.75,207.0,202.0,2.165063509461097,123.88,192.22,101.1,39.456117396419025,1.17875,1.565,1.05,0.22300154147449291,14.68,22.42,12.1,4.4686910835277045,8.25,9,8,0.4330127018922193,2635.0,2719.0,2607.0,48.49742261192856,7.79575,9.1,7.361,0.7530090885905694,2.2,2.2,2.2,0.0,0.0,0,0,0.0,7.0,7,7,0.0,25.775,26.0,25.7,0.12990381056766612,1,0.19858235169729732,2
2054,Ru3Ir,111,Ir3Ru9,bridge|A_A|B,0.2441612553458076,0.0560987168800011,2.0,IrRu3,205.75,207.0,202.0,2.165063509461097,123.88,192.22,101.1,39.456117396419025,1.17875,1.565,1.05,0.22300154147449291,14.68,22.42,12.1,4.4686910835277045,8.25,9,8,0.4330127018922193,2635.0,2719.0,2607.0,48.49742261192856,7.79575,9.1,7.361,0.7530090885905694,2.2,2.2,2.2,0.0,0.0,0,0,0.0,7.0,7,7,0.0,25.775,26.0,25.7,0.12990381056766612,1,0.1880625384658065,2
2055,Ru3Ir,111,Ir3Ru9,bridge|A_B|A,0.49609176049272763,0.2346283886807896,2.0,IrRu3,205.75,207.0,202.0,2.165063509461097,123.88,192.22,101.1,39.456117396419025,1.17875,1.565,1.05,0.22300154147449291,14.68,22.42,12.1,4.4686910835277045,8.25,9,8,0.4330127018922193,2635.0,2719.0,2607.0,48.49742261192856,7.79575,9.1,7.361,0.7530090885905694,2.2,2.2,2.2,0.0,0.0,0,0,0.0,7.0,7,7,0.0,25.775,26.0,25.7,0.12990381056766612,1,0.261463371811938,2
2060,Ru3Ir,111,Ir3Ru9,top|A,0.9641063492513754,0.3122323982796615,1.0,IrRu3,205.75,207.0,202.0,2.165063509461097,123.88,192.22,101.1,39.456117396419025,1.17875,1.565,1.05,0.22300154147449291,14.68,22.42,12.1,4.4686910835277045,8.25,9,8,0.4330127018922193,2635.0,2719.0,2607.0,48.49742261192856,7.79575,9.1,7.361,0.7530090885905694,2.2,2.2,2.2,0.0,0.0,0,0,0.0,7.0,7,7,0.0,25.775,26.0,25.7,0.12990381056766612,1,0.651873950971714,2
2061,Ru3Ir,111,Ir3Ru9,top|B,1.5470041129685952,0.9638698023817368,1.0,IrRu3,205.75,207.0,202.0,2.165063509461097,123.88,192.22,101.1,39.456117396419025,1.17875,1.565,1.05,0.22300154147449291,14.68,22.42,12.1,4.4686910835277045,8.25,9,8,0.4330127018922193,2635.0,2719.0,2607.0,48.49742261192856,7.79575,9.1,7.361,0.7530090885905694,2.2,2.2,2.2,0.0,0.0,0,0,0.0,7.0,7,7,0.0,25.775,26.0,25.7,0.12990381056766612,1,0.5831343105868584,2
2066,Ru3Os,111,Os3Ru9,bridge|A_A|B,0.16311572842346203,0.0162056035813975,2.0,OsRu3,209.25,216.0,207.0,3.897114317029974,123.37499999999999,190.2,101.1,38.58143173859674,1.0625,1.1,1.05,0.021650635094610987,14.7175,22.57,12.1,4.533642988811536,8.0,8,8,0.0,2781.75,3306.0,2607.0,302.6758786226613,7.695749999999999,8.7,7.361,0.5798040078336815,2.2,2.2,2.2,0.0,0.0,0,0,0.0,6.75,7,6,0.4330127018922193,27.025,31.0,25.7,2.294967320028763,1,0.14691012484206453,2
2067,Ru3Os,111,Os3Ru9,bridge|A_B|A,0.0789365508319865,-0.0278207828188215,2.0,OsRu3,209.25,216.0,207.0,3.897114317029974,123.37499999999999,190.2,101.1,38.58143173859674,1.0625,1.1,1.05,0.021650635094610987,14.7175,22.57,12.1,4.533642988811536,8.0,8,8,0.0,2781.75,3306.0,2607.0,302.6758786226613,7.695749999999999,8.7,7.361,0.5798040078336815,2.2,2.2,2.2,0.0,0.0,0,0,0.0,6.75,7,6,0.4330127018922193,27.025,31.0,25.7,2.294967320028763,1,0.106757333650808,2
2068,Ru3Os,111,Os3Ru9,hollow|A_A_A|FCC,-0.22737884440072542,0.1377305554786971,3.0,OsRu3,209.25,216.0,207.0,3.897114317029974,123.37499999999999,190.2,101.1,38.58143173859674,1.0625,1.1,1.05,0.021650635094610987,14.7175,22.57,12.1,4.533642988811536,8.0,8,8,0.0,2781.75,3306.0,2607.0,302.6758786226613,7.695749999999999,8.7,7.361,0.5798040078336815,2.2,2.2,2.2,0.0,0.0,0,0,0.0,6.75,7,6,0.4330127018922193,27.025,31.0,25.7,2.294967320028763,1,-0.3651093998794225,2
2069,Ru3Os,111,Os3Ru9,hollow|A_A_A|HCP,-0.2823696750761769,0.0855705503789749,3.0,OsRu3,209.25,216.0,207.0,3.897114317029974,123.37499999999999,190.2,101.1,38.58143173859674,1.0625,1.1,1.05,0.021650635094610987,14.7175,22.57,12.1,4.533642988811536,8.0,8,8,0.0,2781.75,3306.0,2607.0,302.6758786226613,7.695749999999999,8.7,7.361,0.5798040078336815,2.2,2.2,2.2,0.0,0.0,0,0,0.0,6.75,7,6,0.4330127018922193,27.025,31.0,25.7,2.294967320028763,1,-0.3679402254551518,2
2070,Ru3Os,111,Os3Ru9,hollow|A_A_B|FCC,-0.3152927975301458,0.0429021480784967,3.0,OsRu3,209.25,216.0,207.0,3.897114317029974,123.37499999999999,190.2,101.1,38.58143173859674,1.0625,1.1,1.05,0.021650635094610987,14.7175,22.57,12.1,4.533642988811536,8.0,8,8,0.0,2781.75,3306.0,2607.0,302.6758786226613,7.695749999999999,8.7,7.361,0.5798040078336815,2.2,2.2,2.2,0.0,0.0,0,0,0.0,6.75,7,6,0.4330127018922193,27.025,31.0,25.7,2.294967320028763,1,-0.35819494560864246,2
2074,Ru3Pd,111,Pd3Ru9,bridge|A_A|B,0.04143012488115031,-0.0709532753199937,2.0,PdRu3,205.75,207.0,202.0,2.165063509461097,102.42999999999999,106.42,101.1,2.3036275740666103,0.9267500000000001,1.05,0.557,0.21347526203286413,12.075,12.1,12.0,0.04330127018922177,8.5,10,8,0.8660254037844386,2412.2625,2607.0,1828.05,337.29524413894427,7.6049999999999995,8.337,7.361,0.42262039704680604,2.2,2.2,2.2,0.0,0.0,0,0,0.0,7.75,10,7,1.299038105676658,23.45,25.7,16.7,3.897114317029974,1,0.11238340020114401,2
2077,Ru3Pd,111,Pd3Ru9,top-tilt|A,0.6453267759664806,0.2634866054803524,1.0,PdRu3,205.75,207.0,202.0,2.165063509461097,102.42999999999999,106.42,101.1,2.3036275740666103,0.9267500000000001,1.05,0.557,0.21347526203286413,12.075,12.1,12.0,0.04330127018922177,8.5,10,8,0.8660254037844386,2412.2625,2607.0,1828.05,337.29524413894427,7.6049999999999995,8.337,7.361,0.42262039704680604,2.2,2.2,2.2,0.0,0.0,0,0,0.0,7.75,10,7,1.299038105676658,23.45,25.7,16.7,3.897114317029974,1,0.38184017048612817,2
2078,Ru3Pd,111,Pd3Ru9,top|B,2.5507044604256253,1.4124023896810058,1.0,PdRu3,205.75,207.0,202.0,2.165063509461097,102.42999999999999,106.42,101.1,2.3036275740666103,0.9267500000000001,1.05,0.557,0.21347526203286413,12.075,12.1,12.0,0.04330127018922177,8.5,10,8,0.8660254037844386,2412.2625,2607.0,1828.05,337.29524413894427,7.6049999999999995,8.337,7.361,0.42262039704680604,2.2,2.2,2.2,0.0,0.0,0,0,0.0,7.75,10,7,1.299038105676658,23.45,25.7,16.7,3.897114317029974,1,1.1383020707446194,2
2079,Ru3Pt,111,Pt3Ru9,bridge-tilt|A_A|B,0.8969502006887441,0.6336222434773617,2.0,PtRu3,207.5,209.0,207.0,0.8660254037844386,124.595,195.08,101.1,40.69453372383078,1.3195000000000001,2.128,1.05,0.46678769263981246,14.44,21.46,12.1,4.052998889711174,8.5,10,8,0.8660254037844386,2465.6375,2607.0,2041.55,244.84703228495545,7.77075,9.0,7.361,0.7097078184013476,2.22,2.28,2.2,0.034641016151377386,0.0,0,0,0.0,7.5,9,7,0.8660254037844386,24.275,25.7,20.0,2.4681724007856496,1,0.26332795721138236,2
2083,Ru3Pt,111,Pt3Ru9,hollow|A_A_B|FCC,0.8048293051987103,0.6544854835818796,3.0,PtRu3,207.5,209.0,207.0,0.8660254037844386,124.595,195.08,101.1,40.69453372383078,1.3195000000000001,2.128,1.05,0.46678769263981246,14.44,21.46,12.1,4.052998889711174,8.5,10,8,0.8660254037844386,2465.6375,2607.0,2041.55,244.84703228495545,7.77075,9.0,7.361,0.7097078184013476,2.22,2.28,2.2,0.034641016151377386,0.0,0,0,0.0,7.5,9,7,0.8660254037844386,24.275,25.7,20.0,2.4681724007856496,1,0.1503438216168307,2
2084,Ru3Pt,111,Pt3Ru9,top-tilt|A,0.7496823094644318,0.3187220411790576,1.0,PtRu3,207.5,209.0,207.0,0.8660254037844386,124.595,195.08,101.1,40.69453372383078,1.3195000000000001,2.128,1.05,0.46678769263981246,14.44,21.46,12.1,4.052998889711174,8.5,10,8,0.8660254037844386,2465.6375,2607.0,2041.55,244.84703228495545,7.77075,9.0,7.361,0.7097078184013476,2.22,2.28,2.2,0.034641016151377386,0.0,0,0,0.0,7.5,9,7,0.8660254037844386,24.275,25.7,20.0,2.4681724007856496,1,0.4309602682853742,2
2085,Ru3Pt,111,Pt3Ru9,top|B,2.474547465890628,1.376012742076341,1.0,PtRu3,207.5,209.0,207.0,0.8660254037844386,124.595,195.08,101.1,40.69453372383078,1.3195000000000001,2.128,1.05,0.46678769263981246,14.44,21.46,12.1,4.052998889711174,8.5,10,8,0.8660254037844386,2465.6375,2607.0,2041.55,244.84703228495545,7.77075,9.0,7.361,0.7097078184013476,2.22,2.28,2.2,0.034641016151377386,0.0,0,0,0.0,7.5,9,7,0.8660254037844386,24.275,25.7,20.0,2.4681724007856496,1,1.098534723814287,2
2086,Ru3Re,111,Re3Ru9,bridge|A_B|A,-0.5511319499098422,-0.3300272827210619,2.0,ReRu3,209.5,217.0,207.0,4.330127018922194,122.37674999999999,186.207,101.1,36.85241201994111,0.8250000000000001,1.05,0.15,0.3897114317029974,14.274999999999999,20.8,12.1,3.7672105064623085,7.75,8,7,0.4330127018922193,2820.0,3459.0,2607.0,368.9268220121709,7.490749999999999,7.88,7.361,0.22473359228206188,2.125,2.2,1.9,0.1299038105676659,0.0,0,0,0.0,6.5,7,5,0.8660254037844386,27.525,33.0,25.7,3.160992723813201,1,-0.22110466718878025,2
2091,Ru3Re,111,Re3Ru9,top|A,0.5437932577492152,0.3099635130791967,1.0,ReRu3,209.5,217.0,207.0,4.330127018922194,122.37674999999999,186.207,101.1,36.85241201994111,0.8250000000000001,1.05,0.15,0.3897114317029974,14.274999999999999,20.8,12.1,3.7672105064623085,7.75,8,7,0.4330127018922193,2820.0,3459.0,2607.0,368.9268220121709,7.490749999999999,7.88,7.361,0.22473359228206188,2.125,2.2,1.9,0.1299038105676659,0.0,0,0,0.0,6.5,7,5,0.8660254037844386,27.525,33.0,25.7,3.160992723813201,1,0.2338297446700185,2
2092,Ru3Re,111,Re3Ru9,top|B,-0.13693804324658,-0.036343932420209,1.0,ReRu3,209.5,217.0,207.0,4.330127018922194,122.37674999999999,186.207,101.1,36.85241201994111,0.8250000000000001,1.05,0.15,0.3897114317029974,14.274999999999999,20.8,12.1,3.7672105064623085,7.75,8,7,0.4330127018922193,2820.0,3459.0,2607.0,368.9268220121709,7.490749999999999,7.88,7.361,0.22473359228206188,2.125,2.2,1.9,0.1299038105676659,0.0,0,0,0.0,6.5,7,5,0.8660254037844386,27.525,33.0,25.7,3.160992723813201,1,-0.10059411082637099,2
2093,Ru3Rh,111,Rh3Ru9,bridge|A_A|A,0.08622030273511756,-0.1530479795211476,2.0,RhRu3,204.0,207.0,195.0,5.196152422706632,101.551375,102.9055,101.1,0.781804433266406,1.0717500000000002,1.137,1.05,0.03767210506462307,12.174999999999999,12.4,12.1,0.12990381056766612,8.25,9,8,0.4330127018922193,2514.5,2607.0,2237.0,160.21469970012114,7.3854999999999995,7.459,7.361,0.042435244785437434,2.22,2.28,2.2,0.034641016151377386,0.0,0,0,0.0,7.25,8,7,0.4330127018922193,24.7,25.7,21.7,1.7320508075688772,1,0.23926828225626517,2
2094,Ru3Rh,111,Rh3Ru9,bridge|A_A|B,0.2185961686456326,0.0191600796796365,2.0,RhRu3,204.0,207.0,195.0,5.196152422706632,101.551375,102.9055,101.1,0.781804433266406,1.0717500000000002,1.137,1.05,0.03767210506462307,12.174999999999999,12.4,12.1,0.12990381056766612,8.25,9,8,0.4330127018922193,2514.5,2607.0,2237.0,160.21469970012114,7.3854999999999995,7.459,7.361,0.042435244785437434,2.22,2.28,2.2,0.034641016151377386,0.0,0,0,0.0,7.25,8,7,0.4330127018922193,24.7,25.7,21.7,1.7320508075688772,1,0.1994360889659961,2
2095,Ru3Rh,111,Rh3Ru9,bridge|A_B|A,0.41387940998989914,0.212673427777986,2.0,RhRu3,204.0,207.0,195.0,5.196152422706632,101.551375,102.9055,101.1,0.781804433266406,1.0717500000000002,1.137,1.05,0.03767210506462307,12.174999999999999,12.4,12.1,0.12990381056766612,8.25,9,8,0.4330127018922193,2514.5,2607.0,2237.0,160.21469970012114,7.3854999999999995,7.459,7.361,0.042435244785437434,2.22,2.28,2.2,0.034641016151377386,0.0,0,0,0.0,7.25,8,7,0.4330127018922193,24.7,25.7,21.7,1.7320508075688772,1,0.20120598221191313,2
2100,Ru3Rh,111,Rh3Ru9,top-tilt|A,0.7049600536792973,0.2537967677789083,1.0,RhRu3,204.0,207.0,195.0,5.196152422706632,101.551375,102.9055,101.1,0.781804433266406,1.0717500000000002,1.137,1.05,0.03767210506462307,12.174999999999999,12.4,12.1,0.12990381056766612,8.25,9,8,0.4330127018922193,2514.5,2607.0,2237.0,160.21469970012114,7.3854999999999995,7.459,7.361,0.042435244785437434,2.22,2.28,2.2,0.034641016151377386,0.0,0,0,0.0,7.25,8,7,0.4330127018922193,24.7,25.7,21.7,1.7320508075688772,1,0.45116328590038896,2
2101,Ru3Rh,111,Rh3Ru9,top|B,1.6716921406700163,1.0375386376771305,1.0,RhRu3,204.0,207.0,195.0,5.196152422706632,101.551375,102.9055,101.1,0.781804433266406,1.0717500000000002,1.137,1.05,0.03767210506462307,12.174999999999999,12.4,12.1,0.12990381056766612,8.25,9,8,0.4330127018922193,2514.5,2607.0,2237.0,160.21469970012114,7.3854999999999995,7.459,7.361,0.042435244785437434,2.22,2.28,2.2,0.034641016151377386,0.0,0,0,0.0,7.25,8,7,0.4330127018922193,24.7,25.7,21.7,1.7320508075688772,1,0.6341535029928858,2
2109,Ru3Tc,111,Ru9Tc3,hollow|A_A_A|FCC,-0.019246951413314818,0.1895762690809306,3.0,Ru3Tc,207.5,209.0,207.0,0.8660254037844386,100.05158999999999,101.1,96.90636,1.8158993871632814,0.925,1.05,0.55,0.21650635094610965,11.825,12.1,11.0,0.4763139720814411,7.75,8,7,0.4330127018922193,2562.75,2607.0,2430.0,76.64324823492282,7.34075,7.361,7.28,0.03507402885326956,2.125,2.2,1.9,0.1299038105676659,0.0,0,0,0.0,6.5,7,5,0.8660254037844386,25.025,25.7,23.0,1.1691342951089918,1,-0.2088232204942454,2
2110,Ru3Tc,111,Ru9Tc3,hollow|A_A_A|HCP,-0.2943073793848412,-0.0556536747200198,3.0,Ru3Tc,207.5,209.0,207.0,0.8660254037844386,100.05158999999999,101.1,96.90636,1.8158993871632814,0.925,1.05,0.55,0.21650635094610965,11.825,12.1,11.0,0.4763139720814411,7.75,8,7,0.4330127018922193,2562.75,2607.0,2430.0,76.64324823492282,7.34075,7.361,7.28,0.03507402885326956,2.125,2.2,1.9,0.1299038105676659,0.0,0,0,0.0,6.5,7,5,0.8660254037844386,25.025,25.7,23.0,1.1691342951089918,1,-0.2386537046648214,2
2111,Ru3Tc,111,Ru9Tc3,hollow|A_A_B|FCC,-0.5536368399647795,-0.2715701552216387,3.0,Ru3Tc,207.5,209.0,207.0,0.8660254037844386,100.05158999999999,101.1,96.90636,1.8158993871632814,0.925,1.05,0.55,0.21650635094610965,11.825,12.1,11.0,0.4763139720814411,7.75,8,7,0.4330127018922193,2562.75,2607.0,2430.0,76.64324823492282,7.34075,7.361,7.28,0.03507402885326956,2.125,2.2,1.9,0.1299038105676659,0.0,0,0,0.0,6.5,7,5,0.8660254037844386,25.025,25.7,23.0,1.1691342951089918,1,-0.28206668474314084,2
2113,Ru3Tc,111,Ru9Tc3,top|A,0.4564286892787537,0.2617931049798017,1.0,Ru3Tc,207.5,209.0,207.0,0.8660254037844386,100.05158999999999,101.1,96.90636,1.8158993871632814,0.925,1.05,0.55,0.21650635094610965,11.825,12.1,11.0,0.4763139720814411,7.75,8,7,0.4330127018922193,2562.75,2607.0,2430.0,76.64324823492282,7.34075,7.361,7.28,0.03507402885326956,2.125,2.2,1.9,0.1299038105676659,0.0,0,0,0.0,6.5,7,5,0.8660254037844386,25.025,25.7,23.0,1.1691342951089918,1,0.194635584298952,2
2114,Ru3Tc,111,Ru9Tc3,top|B,0.17015433327514312,0.1628699285801076,1.0,Ru3Tc,207.5,209.0,207.0,0.8660254037844386,100.05158999999999,101.1,96.90636,1.8158993871632814,0.925,1.05,0.55,0.21650635094610965,11.825,12.1,11.0,0.4763139720814411,7.75,8,7,0.4330127018922193,2562.75,2607.0,2430.0,76.64324823492282,7.34075,7.361,7.28,0.03507402885326956,2.125,2.2,1.9,0.1299038105676659,0.0,0,0,0.0,6.5,7,5,0.8660254037844386,25.025,25.7,23.0,1.1691342951089918,1,0.0072844046950355235,2
2123,Ru3Zn,111,Ru9Zn3,bridge-tilt|A_B|A,1.1222848356690451,0.7858455819776964,2.0,Ru3Zn,190.0,207.0,139.0,29.444863728670914,92.17499999999998,101.1,65.4,15.458553457552226,,1.05,1.05,,10.8585,12.1,7.134,2.1503410775967606,9.0,12,8,1.7320508075688772,2128.42,2607.0,692.68,828.9248754863133,7.869249999999999,9.394,7.361,0.8803148229468821,2.0625,2.2,1.65,0.23815698604072075,0.0,0,0,0.0,7.75,10,7,1.299038105676658,21.112499999999997,25.7,7.35,7.945783079722224,1,0.33643925369134875,2
2125,Ru3Zn,111,Ru9Zn3,bridge|A_A|B,0.24329084562849754,0.0547871281786456,2.0,Ru3Zn,190.0,207.0,139.0,29.444863728670914,92.17499999999998,101.1,65.4,15.458553457552226,,1.05,1.05,,10.8585,12.1,7.134,2.1503410775967606,9.0,12,8,1.7320508075688772,2128.42,2607.0,692.68,828.9248754863133,7.869249999999999,9.394,7.361,0.8803148229468821,2.0625,2.2,1.65,0.23815698604072075,0.0,0,0,0.0,7.75,10,7,1.299038105676658,21.112499999999997,25.7,7.35,7.945783079722224,1,0.18850371744985195,2
2126,Ru3Zn,111,Ru9Zn3,bridge|A_B|A,0.5572398097012953,0.3426760862756737,2.0,Ru3Zn,190.0,207.0,139.0,29.444863728670914,92.17499999999998,101.1,65.4,15.458553457552226,,1.05,1.05,,10.8585,12.1,7.134,2.1503410775967606,9.0,12,8,1.7320508075688772,2128.42,2607.0,692.68,828.9248754863133,7.869249999999999,9.394,7.361,0.8803148229468821,2.0625,2.2,1.65,0.23815698604072075,0.0,0,0,0.0,7.75,10,7,1.299038105676658,21.112499999999997,25.7,7.35,7.945783079722224,1,0.21456372342562158,2
2131,Ru3Zn,111,Ru9Zn3,top|A,0.49107681184943663,0.2245262983750535,1.0,Ru3Zn,190.0,207.0,139.0,29.444863728670914,92.17499999999998,101.1,65.4,15.458553457552226,,1.05,1.05,,10.8585,12.1,7.134,2.1503410775967606,9.0,12,8,1.7320508075688772,2128.42,2607.0,692.68,828.9248754863133,7.869249999999999,9.394,7.361,0.8803148229468821,2.0625,2.2,1.65,0.23815698604072075,0.0,0,0,0.0,7.75,10,7,1.299038105676658,21.112499999999997,25.7,7.35,7.945783079722224,1,0.26655051347438313,2
2136,RuTc,101,Ru6Tc6,bridge|B_B|A,-0.424590226408567,-0.3680067554188326,2.0,RuTc,208.0,209.0,207.0,1.0,99.00318,101.1,96.90636,2.096819999999994,0.8,1.05,0.55,0.25,11.55,12.1,11.0,0.5499999999999998,7.5,8,7,0.5,2518.5,2607.0,2430.0,88.5,7.3205,7.361,7.28,0.04049999999999976,2.05,2.2,1.9,0.15000000000000013,0.0,0,0,0.0,6.0,7,5,1.0,24.35,25.7,23.0,1.3499999999999996,1,-0.056583470989734375,2
2141,RuTc,101,Ru6Tc6,top|A,0.4303036058830735,0.280145142581091,1.0,RuTc,208.0,209.0,207.0,1.0,99.00318,101.1,96.90636,2.096819999999994,0.8,1.05,0.55,0.25,11.55,12.1,11.0,0.5499999999999998,7.5,8,7,0.5,2518.5,2607.0,2430.0,88.5,7.3205,7.361,7.28,0.04049999999999976,2.05,2.2,1.9,0.15000000000000013,0.0,0,0,0.0,6.0,7,5,1.0,24.35,25.7,23.0,1.3499999999999996,1,0.15015846330198246,2
2142,RuTc,101,Ru6Tc6,top|B,0.045611699299607206,0.1150876908803866,1.0,RuTc,208.0,209.0,207.0,1.0,99.00318,101.1,96.90636,2.096819999999994,0.8,1.05,0.55,0.25,11.55,12.1,11.0,0.5499999999999998,7.5,8,7,0.5,2518.5,2607.0,2430.0,88.5,7.3205,7.361,7.28,0.04049999999999976,2.05,2.2,1.9,0.15000000000000013,0.0,0,0,0.0,6.0,7,5,1.0,24.35,25.7,23.0,1.3499999999999996,1,-0.0694759915807794,2
2145,RuZn,101,Ru6Zn6,bridge|B_B|A,0.5559304100927895,0.2579138501795341,2.0,RuZn,173.0,207.0,139.0,34.0,83.25,101.1,65.4,17.849999999999994,,1.05,1.05,,9.617,12.1,7.134,2.4829999999999997,10.0,12,8,2.0,1649.84,2607.0,692.68,957.16,8.3775,9.394,7.361,1.0165000000000002,1.925,2.2,1.65,0.27500000000000013,0.0,0,0,0.0,8.5,10,7,1.5,16.525,25.7,7.35,9.174999999999999,1,0.29801655991325543,2
2148,RuZn,101,Ru6Zn6,top|A,1.3104854232873167,0.5074989758767288,1.0,RuZn,173.0,207.0,139.0,34.0,83.25,101.1,65.4,17.849999999999994,,1.05,1.05,,9.617,12.1,7.134,2.4829999999999997,10.0,12,8,2.0,1649.84,2607.0,692.68,957.16,8.3775,9.394,7.361,1.0165000000000002,1.925,2.2,1.65,0.27500000000000013,0.0,0,0,0.0,8.5,10,7,1.5,16.525,25.7,7.35,9.174999999999999,1,0.8029864474105879,2
2149,RuZn,101,Ru6Zn6,top|B,2.1305801779870768,1.0205713874792082,1.0,RuZn,173.0,207.0,139.0,34.0,83.25,101.1,65.4,17.849999999999994,,1.05,1.05,,9.617,12.1,7.134,2.4829999999999997,10.0,12,8,2.0,1649.84,2607.0,692.68,957.16,8.3775,9.394,7.361,1.0165000000000002,1.925,2.2,1.65,0.27500000000000013,0.0,0,0,0.0,8.5,10,7,1.5,16.525,25.7,7.35,9.174999999999999,1,1.1100087905078686,2
2170,Sn,111,Sn12,hollow|A_A_A|HCP,0.6365672112699944,0.2655656911782671,3.0,Sn,217.0,217.0,217.0,0.0,118.71,118.71,118.71,0.0,1.2,1.2,1.2,0.0,7.287,7.287,7.287,0.0,14.0,14,14,0.0,505.08,505.08,505.08,0.0,7.344,7.344,7.344,0.0,1.96,1.96,1.96,0.0,2.0,2,2,0.0,10.0,10,10,0.0,7.0,7.0,7.0,0.0,1,0.37100152009172727,1
2203,Tc-hcp,0001,Tc16,fcc,-0.803226058100921,-0.4438522292984999,3.0,Tc,209.0,209.0,209.0,0.0,96.90636,96.90636,96.90636,0.0,0.55,0.55,0.55,0.0,11.0,11.0,11.0,0.0,7.0,7,7,0.0,2430.0,2430.0,2430.0,0.0,7.28,7.28,7.28,0.0,1.9,1.9,1.9,0.0,0.0,0,0,0.0,5.0,5,5,0.0,23.0,23.0,23.0,0.0,1,-0.3593738288024211,1
2204,Tc-hcp,0001,Tc16,hcp,-1.234718855350303,-0.7788404194070608,3.0,Tc,209.0,209.0,209.0,0.0,96.90636,96.90636,96.90636,0.0,0.55,0.55,0.55,0.0,11.0,11.0,11.0,0.0,7.0,7,7,0.0,2430.0,2430.0,2430.0,0.0,7.28,7.28,7.28,0.0,1.9,1.9,1.9,0.0,0.0,0,0,0.0,5.0,5,5,0.0,23.0,23.0,23.0,0.0,1,-0.4558784359432422,1
2205,Tc-hcp,0001,Tc16,ontop,0.007450870608413004,0.180158953393402,1.0,Tc,209.0,209.0,209.0,0.0,96.90636,96.90636,96.90636,0.0,0.55,0.55,0.55,0.0,11.0,11.0,11.0,0.0,7.0,7,7,0.0,2430.0,2430.0,2430.0,0.0,7.28,7.28,7.28,0.0,1.9,1.9,1.9,0.0,0.0,0,0,0.0,5.0,5,5,0.0,23.0,23.0,23.0,0.0,1,-0.17270808278498898,1
2208,Tc3Ag,111,Ag3Tc9,top|B,2.625920739287304,1.714647665784355,1.0,AgTc3,199.75,209.0,172.0,16.021469970012117,99.64677,107.868,96.90636,4.746529353569822,0.738,1.302,0.55,0.3256255518229489,10.87525,11.0,10.501,0.21607333824421768,8.0,11,7,1.7320508075688772,2131.2325,2430.0,1234.93,517.4804896503346,7.354,7.576,7.28,0.12817175976009665,1.9074999999999998,1.93,1.9,0.012990381056766592,0.0,0,0,0.0,6.25,10,5,2.165063509461097,20.075,23.0,11.3,5.066248612138966,1,0.9112730735029491,2
2212,Tc3Au,111,Au3Tc9,top|B,2.760590444158709,1.8474596275781323,1.0,AuTc3,198.25,209.0,166.0,18.619546181365433,121.9214125,196.96657,96.90636,43.327341884002855,0.9897500000000001,2.309,0.55,0.7616693426284138,13.0705,19.282,11.0,3.5862111970713606,8.0,11,7,1.7320508075688772,2156.8325,2430.0,1337.33,473.1399889765713,7.766500000000001,9.226,7.28,0.8426427178822591,2.0599999999999996,2.54,1.9,0.2771281292110204,0.0,0,0,0.0,6.25,10,5,2.165063509461097,20.375,23.0,12.5,4.546633369868303,1,0.9131308165805767,2
2216,Tc3Cu,111,Cu3Tc9,top|B,2.271915436023337,1.2814235227750714,1.0,CuTc3,191.75,209.0,140.0,29.877876430563134,88.56727000000001,96.90636,63.55,14.443727568889553,0.7195,1.228,0.55,0.29358261188292467,10.48325,11.0,8.933,0.8950372548112175,8.0,11,7,1.7320508075688772,2161.9425,2430.0,1357.77,464.2892093498943,7.3915,7.726,7.28,0.1931236650439297,1.9,1.9,1.9,0.0,0.0,0,0,0.0,6.25,10,5,2.165063509461097,20.525,23.0,13.1,4.286825748732972,1,0.9904919132482655,2
2226,Tc3Re,111,Re3Tc9,hollow|A_A_B|FCC,-0.8557183988214486,-0.4659639277189171,3.0,ReTc3,211.0,217.0,209.0,3.4641016151377544,119.23152,186.207,96.90636,38.66831140710439,0.45,0.55,0.15,0.17320508075688776,13.45,20.8,11.0,4.24352447854375,7.0,7,7,0.0,2687.25,3459.0,2430.0,445.57007024709367,7.43,7.88,7.28,0.25980762113533146,1.9,1.9,1.9,0.0,0.0,0,0,0.0,5.0,5,5,0.0,25.5,33.0,23.0,4.330127018922194,1,-0.38975447110253153,2
2230,Tc3Rh,111,Rh3Tc9,bridge|A_A|A,-0.6808207528083073,-0.6643106979200866,2.0,RhTc3,205.5,209.0,195.0,6.06217782649107,98.40614500000001,102.9055,96.90636,2.5977038204296874,0.69675,1.137,0.55,0.25417845601073275,11.35,12.4,11.0,0.6062177826491072,7.5,9,7,0.8660254037844386,2381.75,2430.0,2237.0,83.57145146519834,7.32475,7.459,7.28,0.077509273638707,1.9949999999999997,2.28,1.9,0.1645448267190433,0.0,0,0,0.0,5.75,8,5,1.299038105676658,22.675,23.0,21.7,0.5629165124598854,1,-0.01651005488822077,2
2234,Tc3Rh,111,Rh3Tc9,top-tilt|A,-0.09916071089123164,-0.1862040983206725,1.0,RhTc3,205.5,209.0,195.0,6.06217782649107,98.40614500000001,102.9055,96.90636,2.5977038204296874,0.69675,1.137,0.55,0.25417845601073275,11.35,12.4,11.0,0.6062177826491072,7.5,9,7,0.8660254037844386,2381.75,2430.0,2237.0,83.57145146519834,7.32475,7.459,7.28,0.077509273638707,1.9949999999999997,2.28,1.9,0.1645448267190433,0.0,0,0,0.0,5.75,8,5,1.299038105676658,22.675,23.0,21.7,0.5629165124598854,1,0.08704338742944086,2
2262,TiH2,111,Ti36H81,ontop,-0.3181406592656536,-0.4483093349999762,1.0,Ti4H9,140.6153846153846,187.0,120.0,30.923076923076923,15.426153846153847,47.867,1.008,21.627230769230767,0.5463076923076924,0.754,0.079,0.31153846153846154,1.384677609230769,4.5,8.988e-05,2.0768815938461542,1.9230769230769231,4,1,1.3846153846153846,606.7915384615385,1941.0,13.81,889.4723076923077,11.514923076923077,13.598,6.828,3.124615384615385,1.996923076923077,2.2,1.54,0.3046153846153847,0.0,0,0,0.0,0.6153846153846154,2,0,0.923076923076923,6.140153846153846,18.7,0.558,8.37323076923077,1,0.13016867573432261,2
2289,V-bcc,100,V16,bridge,-1.4328206169072417,-1.5440429013870016,2.0,V,179.0,179.0,179.0,0.0,50.9415,50.9415,50.9415,0.0,0.525,0.525,0.525,0.0,6.0,6.0,6.0,0.0,5.0,5,5,0.0,2183.0,2183.0,2183.0,0.0,6.746,6.746,6.746,0.0,1.63,1.63,1.63,0.0,0.0,0,0,0.0,3.0,3,3,0.0,22.8,22.8,22.8,0.0,1,0.1112222844797599,1
2290,V-bcc,100,V16,hollow,-1.9770153468708438,-1.463861021347839,4.0,V,179.0,179.0,179.0,0.0,50.9415,50.9415,50.9415,0.0,0.525,0.525,0.525,0.0,6.0,6.0,6.0,0.0,5.0,5,5,0.0,2183.0,2183.0,2183.0,0.0,6.746,6.746,6.746,0.0,1.63,1.63,1.63,0.0,0.0,0,0,0.0,3.0,3,3,0.0,22.8,22.8,22.8,0.0,1,-0.5131543255230049,1
2291,V-bcc,100,V16,ontop,-1.0015963572033975,-1.290932948999398,1.0,V,179.0,179.0,179.0,0.0,50.9415,50.9415,50.9415,0.0,0.525,0.525,0.525,0.0,6.0,6.0,6.0,0.0,5.0,5,5,0.0,2183.0,2183.0,2183.0,0.0,6.746,6.746,6.746,0.0,1.63,1.63,1.63,0.0,0.0,0,0,0.0,3.0,3,3,0.0,22.8,22.8,22.8,0.0,1,0.28933659179600046,1
2312,W-bcc,110,W16,longbridge,-1.537952347466024,-0.6412555808710749,4.0,W,210.0,210.0,210.0,0.0,183.84,183.84,183.84,0.0,0.815,0.815,0.815,0.0,19.3,19.3,19.3,0.0,6.0,6,6,0.0,3695.0,3695.0,3695.0,0.0,7.98,7.98,7.98,0.0,2.36,2.36,2.36,0.0,0.0,0,0,0.0,4.0,4,4,0.0,35.0,35.0,35.0,0.0,1,-0.896696766594949,1
2313,W-bcc,110,W16,ontop,-1.5064723936256124,-0.5599532721025753,4.0,W,210.0,210.0,210.0,0.0,183.84,183.84,183.84,0.0,0.815,0.815,0.815,0.0,19.3,19.3,19.3,0.0,6.0,6,6,0.0,3695.0,3695.0,3695.0,0.0,7.98,7.98,7.98,0.0,2.36,2.36,2.36,0.0,0.0,0,0,0.0,4.0,4,4,0.0,35.0,35.0,35.0,0.0,1,-0.9465191215230371,1
2314,W-bcc,110,W16,shortbridge,-1.5570357005624067,-0.7933223178988555,4.0,W,210.0,210.0,210.0,0.0,183.84,183.84,183.84,0.0,0.815,0.815,0.815,0.0,19.3,19.3,19.3,0.0,6.0,6,6,0.0,3695.0,3695.0,3695.0,0.0,7.98,7.98,7.98,0.0,2.36,2.36,2.36,0.0,0.0,0,0,0.0,4.0,4,4,0.0,35.0,35.0,35.0,0.0,1,-0.7637133826635512,1
2372,Zn3Ag,111,Ag3Zn9,bridge|A_A|A,0.4630740967211209,0.1097278645728465,2.0,AgZn3,147.25,172.0,139.0,14.289419162443238,76.017,107.868,65.4,18.389183423958766,,1.302,1.302,,7.97575,10.501,7.134,1.457953767271102,11.75,12,11,0.4330127018922193,828.2425000000001,1234.93,692.68,234.80113760105598,8.9395,9.394,7.576,0.787217092040055,1.7199999999999998,1.93,1.65,0.12124355652982141,0.0,0,0,0.0,10.0,10,10,0.0,8.337499999999999,11.3,7.35,1.710400172474267,1,0.3533462321482744,2
2373,Zn3Ag,111,Ag3Zn9,bridge|A_A|B,0.3490599065787813,0.022996748678338,2.0,AgZn3,147.25,172.0,139.0,14.289419162443238,76.017,107.868,65.4,18.389183423958766,,1.302,1.302,,7.97575,10.501,7.134,1.457953767271102,11.75,12,11,0.4330127018922193,828.2425000000001,1234.93,692.68,234.80113760105598,8.9395,9.394,7.576,0.787217092040055,1.7199999999999998,1.93,1.65,0.12124355652982141,0.0,0,0,0.0,10.0,10,10,0.0,8.337499999999999,11.3,7.35,1.710400172474267,1,0.32606315790044327,2
2374,Zn3Ag,111,Ag3Zn9,hollow|A_A_A|FCC,0.4035022521741671,0.1259571420786187,3.0,AgZn3,147.25,172.0,139.0,14.289419162443238,76.017,107.868,65.4,18.389183423958766,,1.302,1.302,,7.97575,10.501,7.134,1.457953767271102,11.75,12,11,0.4330127018922193,828.2425000000001,1234.93,692.68,234.80113760105598,8.9395,9.394,7.576,0.787217092040055,1.7199999999999998,1.93,1.65,0.12124355652982141,0.0,0,0,0.0,10.0,10,10,0.0,8.337499999999999,11.3,7.35,1.710400172474267,1,0.2775451100955484,2
2376,Zn3Ag,111,Ag3Zn9,top|B,2.966372133314529,1.592214806075276,1.0,AgZn3,147.25,172.0,139.0,14.289419162443238,76.017,107.868,65.4,18.389183423958766,,1.302,1.302,,7.97575,10.501,7.134,1.457953767271102,11.75,12,11,0.4330127018922193,828.2425000000001,1234.93,692.68,234.80113760105598,8.9395,9.394,7.576,0.787217092040055,1.7199999999999998,1.93,1.65,0.12124355652982141,0.0,0,0,0.0,10.0,10,10,0.0,8.337499999999999,11.3,7.35,1.710400172474267,1,1.3741573272392529,2
2377,Zn3Au,111,Au3Zn9,bridge|A_A|A,0.48655206375029636,0.088010186981478,2.0,AuZn3,145.75,166.0,139.0,11.691342951089922,98.2916425,196.96657,65.4,56.9699959543918,,2.309,2.309,,10.171,19.282,7.134,5.26023830258668,11.75,12,11,0.4330127018922193,853.8425,1337.33,692.68,279.1416382748192,9.352,9.394,9.226,0.07274613391789252,1.8724999999999998,2.54,1.65,0.3853813046840752,0.0,0,0,0.0,10.0,10,10,0.0,8.6375,12.5,7.35,2.23001541474493,1,0.39854187676881836,2
2378,Zn3Au,111,Au3Zn9,bridge|A_A|B,0.3305026419101794,-0.0313022073197544,2.0,AuZn3,145.75,166.0,139.0,11.691342951089922,98.2916425,196.96657,65.4,56.9699959543918,,2.309,2.309,,10.171,19.282,7.134,5.26023830258668,11.75,12,11,0.4330127018922193,853.8425,1337.33,692.68,279.1416382748192,9.352,9.394,9.226,0.07274613391789252,1.8724999999999998,2.54,1.65,0.3853813046840752,0.0,0,0,0.0,10.0,10,10,0.0,8.6375,12.5,7.35,2.23001541474493,1,0.36180484922993383,2
2379,Zn3Au,111,Au3Zn9,hollow|A_A_A|FCC,0.3691362468905031,0.0468656221827359,3.0,AuZn3,145.75,166.0,139.0,11.691342951089922,98.2916425,196.96657,65.4,56.9699959543918,,2.309,2.309,,10.171,19.282,7.134,5.26023830258668,11.75,12,11,0.4330127018922193,853.8425,1337.33,692.68,279.1416382748192,9.352,9.394,9.226,0.07274613391789252,1.8724999999999998,2.54,1.65,0.3853813046840752,0.0,0,0,0.0,10.0,10,10,0.0,8.6375,12.5,7.35,2.23001541474493,1,0.32227062470776724,2
2381,Zn3Au,111,Au3Zn9,top|B,3.140279272091623,1.9202140242822452,1.0,AuZn3,145.75,166.0,139.0,11.691342951089922,98.2916425,196.96657,65.4,56.9699959543918,,2.309,2.309,,10.171,19.282,7.134,5.26023830258668,11.75,12,11,0.4330127018922193,853.8425,1337.33,692.68,279.1416382748192,9.352,9.394,9.226,0.07274613391789252,1.8724999999999998,2.54,1.65,0.3853813046840752,0.0,0,0,0.0,10.0,10,10,0.0,8.6375,12.5,7.35,2.23001541474493,1,1.2200652478093779,2
2384,Zn3Cu,111,Cu3Zn9,hollow|A_A_B|FCC,0.6830446911257353,0.2542562319839589,3.0,CuZn3,139.25,140.0,139.0,0.4330127018922193,64.9375,65.4,63.55,0.8010734985006094,,1.228,1.228,,7.58375,8.933,7.134,0.7789898507041023,11.75,12,11,0.4330127018922193,858.9525,1357.77,692.68,287.9924179014962,8.977,9.394,7.726,0.7222651867562219,1.7125,1.9,1.65,0.10825317547305482,0.0,0,0,0.0,10.0,10,10,0.0,8.7875,13.1,7.35,2.4898230358802613,1,0.4287884591417764,2
2386,Zn3Cu,111,Cu3Zn9,top|B,2.530926752077852,1.1398654139746895,1.0,CuZn3,139.25,140.0,139.0,0.4330127018922193,64.9375,65.4,63.55,0.8010734985006094,,1.228,1.228,,7.58375,8.933,7.134,0.7789898507041023,11.75,12,11,0.4330127018922193,858.9525,1357.77,692.68,287.9924179014962,8.977,9.394,7.726,0.7222651867562219,1.7125,1.9,1.65,0.10825317547305482,0.0,0,0,0.0,10.0,10,10,0.0,8.7875,13.1,7.35,2.4898230358802613,1,1.3910613381031625,2
2401,Zn3Pd,111,Pd3Zn9,bridge|A_A|A,0.5530418149001748,0.1273484601814516,2.0,PdZn3,154.75,202.0,139.0,27.279800219209818,75.655,106.42,65.4,17.762181031618834,,0.557,0.557,,8.3505,12.0,7.134,2.1070398074075394,11.5,12,10,0.8660254037844386,976.5225,1828.05,692.68,491.62963134736907,9.129750000000001,9.394,8.337,0.457694425900076,1.7874999999999999,2.2,1.65,0.23815698604072075,0.0,0,0,0.0,10.0,10,10,0.0,9.6875,16.7,7.35,4.048668762692251,1,0.42569335471872316,2
2402,Zn3Pd,111,Pd3Zn9,bridge|A_A|B,0.47617106219754357,-0.000860423922063,2.0,PdZn3,154.75,202.0,139.0,27.279800219209818,75.655,106.42,65.4,17.762181031618834,,0.557,0.557,,8.3505,12.0,7.134,2.1070398074075394,11.5,12,10,0.8660254037844386,976.5225,1828.05,692.68,491.62963134736907,9.129750000000001,9.394,8.337,0.457694425900076,1.7874999999999999,2.2,1.65,0.23815698604072075,0.0,0,0,0.0,10.0,10,10,0.0,9.6875,16.7,7.35,4.048668762692251,1,0.47703148611960655,2
2405,Zn3Pd,111,Pd3Zn9,top|B,3.005732737716752,1.6157044889813506,1.0,PdZn3,154.75,202.0,139.0,27.279800219209818,75.655,106.42,65.4,17.762181031618834,,0.557,0.557,,8.3505,12.0,7.134,2.1070398074075394,11.5,12,10,0.8660254037844386,976.5225,1828.05,692.68,491.62963134736907,9.129750000000001,9.394,8.337,0.457694425900076,1.7874999999999999,2.2,1.65,0.23815698604072075,0.0,0,0,0.0,10.0,10,10,0.0,9.6875,16.7,7.35,4.048668762692251,1,1.3900282487354017,2
2406,Zn3Pt,111,Pt3Zn9,bridge|A_A|A,0.6601328305256143,0.160215866174326,2.0,PtZn3,156.5,209.0,139.0,30.31088913245535,97.82000000000001,195.08,65.4,56.15308718138301,,2.128,2.128,,10.7155,21.46,7.134,6.203339967307935,11.5,12,10,0.8660254037844386,1029.8975,2041.55,692.68,584.0778432013578,9.2955,9.394,9.0,0.17060700454553449,1.8074999999999997,2.28,1.65,0.27279800219209815,0.0,0,0,0.0,9.75,10,9,0.4330127018922193,10.5125,20.0,7.35,5.477610678936575,1,0.4999169643512883,2
2407,Zn3Pt,111,Pt3Zn9,bridge|A_A|B,0.499115227045615,-0.0371272121220727,2.0,PtZn3,156.5,209.0,139.0,30.31088913245535,97.82000000000001,195.08,65.4,56.15308718138301,,2.128,2.128,,10.7155,21.46,7.134,6.203339967307935,11.5,12,10,0.8660254037844386,1029.8975,2041.55,692.68,584.0778432013578,9.2955,9.394,9.0,0.17060700454553449,1.8074999999999997,2.28,1.65,0.27279800219209815,0.0,0,0,0.0,9.75,10,9,0.4330127018922193,10.5125,20.0,7.35,5.477610678936575,1,0.5362424391676877,2
2410,Zn3Pt,111,Pt3Zn9,top|B,3.0087657130535876,1.774845777578662,1.0,PtZn3,156.5,209.0,139.0,30.31088913245535,97.82000000000001,195.08,65.4,56.15308718138301,,2.128,2.128,,10.7155,21.46,7.134,6.203339967307935,11.5,12,10,0.8660254037844386,1029.8975,2041.55,692.68,584.0778432013578,9.2955,9.394,9.0,0.17060700454553449,1.8074999999999997,2.28,1.65,0.27279800219209815,0.0,0,0,0.0,9.75,10,9,0.4330127018922193,10.5125,20.0,7.35,5.477610678936575,1,1.2339199354749257,2
2411,Zn3Re,111,Re3Zn9,bridge|A_B|A,-0.0968569562998244,-0.1198934934246835,2.0,ReZn3,158.5,217.0,139.0,33.77499074759311,95.60175000000001,186.207,65.4,52.31096547749333,,0.15,0.15,,10.5505,20.8,7.134,5.917551584059069,10.75,12,7,2.165063509461097,1384.26,3459.0,692.68,1197.851697498484,9.015500000000001,9.394,7.88,0.6555812306648202,1.7125,1.9,1.65,0.10825317547305482,0.0,0,0,0.0,8.75,10,5,2.165063509461097,13.7625,33.0,7.35,11.106775803535426,1,0.023036537124859105,2
2413,Zn3Re,111,Re3Zn9,hollow|A_A_A|HCP,0.5946045961676912,0.367125514673603,3.0,ReZn3,158.5,217.0,139.0,33.77499074759311,95.60175000000001,186.207,65.4,52.31096547749333,,0.15,0.15,,10.5505,20.8,7.134,5.917551584059069,10.75,12,7,2.165063509461097,1384.26,3459.0,692.68,1197.851697498484,9.015500000000001,9.394,7.88,0.6555812306648202,1.7125,1.9,1.65,0.10825317547305482,0.0,0,0,0.0,8.75,10,5,2.165063509461097,13.7625,33.0,7.35,11.106775803535426,1,0.22747908149408824,2
2417,Zn3Rh,111,Rh3Zn9,bridge|A_A|A,0.8018838344795554,0.2266470175790118,2.0,RhZn3,153.0,195.0,139.0,24.24871130596428,74.776375,102.9055,65.4,16.24035789081863,,1.137,1.137,,8.4505,12.4,7.134,2.280244888164427,11.25,12,9,1.299038105676658,1078.76,2237.0,692.68,668.7101757861922,8.910250000000001,9.394,7.459,0.8378795781614446,1.8074999999999997,2.28,1.65,0.27279800219209815,0.0,0,0,0.0,9.5,10,8,0.8660254037844386,10.9375,21.7,7.35,6.213732272153347,1,0.5752368169005435,2
2418,Zn3Rh,111,Rh3Zn9,bridge|A_A|B,0.6345019855114146,-0.0002508890203216,2.0,RhZn3,153.0,195.0,139.0,24.24871130596428,74.776375,102.9055,65.4,16.24035789081863,,1.137,1.137,,8.4505,12.4,7.134,2.280244888164427,11.25,12,9,1.299038105676658,1078.76,2237.0,692.68,668.7101757861922,8.910250000000001,9.394,7.459,0.8378795781614446,1.8074999999999997,2.28,1.65,0.27279800219209815,0.0,0,0,0.0,9.5,10,8,0.8660254037844386,10.9375,21.7,7.35,6.213732272153347,1,0.6347528745317361,2
2421,Zn3Rh,111,Rh3Zn9,hollow|A_A_B|HCP,1.0168644377093847,0.3392647311746941,3.0,RhZn3,153.0,195.0,139.0,24.24871130596428,74.776375,102.9055,65.4,16.24035789081863,,1.137,1.137,,8.4505,12.4,7.134,2.280244888164427,11.25,12,9,1.299038105676658,1078.76,2237.0,692.68,668.7101757861922,8.910250000000001,9.394,7.459,0.8378795781614446,1.8074999999999997,2.28,1.65,0.27279800219209815,0.0,0,0,0.0,9.5,10,8,0.8660254037844386,10.9375,21.7,7.35,6.213732272153347,1,0.6775997065346906,2
2422,Zn3Rh,111,Rh3Zn9,top|B,2.618291945799973,1.4353013133776358,1.0,RhZn3,153.0,195.0,139.0,24.24871130596428,74.776375,102.9055,65.4,16.24035789081863,,1.137,1.137,,8.4505,12.4,7.134,2.280244888164427,11.25,12,9,1.299038105676658,1078.76,2237.0,692.68,668.7101757861922,8.910250000000001,9.394,7.459,0.8378795781614446,1.8074999999999997,2.28,1.65,0.27279800219209815,0.0,0,0,0.0,9.5,10,8,0.8660254037844386,10.9375,21.7,7.35,6.213732272153347,1,1.1829906324223374,2
2424,Zn3Ru,111,Ru3Zn9,hollow|A_A_A|HCP,0.6107835307084024,0.0684487395818678,3.0,RuZn3,156.0,207.0,139.0,29.444863728670914,74.325,101.1,65.4,15.458553457552226,,1.05,1.05,,8.3755,12.1,7.134,2.1503410775967606,11.0,12,8,1.7320508075688772,1171.26,2607.0,692.68,828.9248754863133,8.88575,9.394,7.361,0.8803148229468821,1.7874999999999999,2.2,1.65,0.23815698604072075,0.0,0,0,0.0,9.25,10,7,1.299038105676658,11.9375,25.7,7.35,7.945783079722224,1,0.5423347911265346,2
2443,Zr-hcp,0001,Zr16,fcc,-3.206745845941389,-2.3850348018313525,3.0,Zr,186.0,186.0,186.0,0.0,91.22,91.22,91.22,0.0,0.426,0.426,0.426,0.0,6.52,6.52,6.52,0.0,4.0,4,4,0.0,2128.0,2128.0,2128.0,0.0,6.634,6.634,6.634,0.0,1.33,1.33,1.33,0.0,0.0,0,0,0.0,2.0,2,2,0.0,21.0,21.0,21.0,0.0,1,-0.8217110441100366,1
2444,Zr-hcp,0001,Zr16,hcp,-3.2080531611063927,-2.2756631342635956,3.0,Zr,186.0,186.0,186.0,0.0,91.22,91.22,91.22,0.0,0.426,0.426,0.426,0.0,6.52,6.52,6.52,0.0,4.0,4,4,0.0,2128.0,2128.0,2128.0,0.0,6.634,6.634,6.634,0.0,1.33,1.33,1.33,0.0,0.0,0,0,0.0,2.0,2,2,0.0,21.0,21.0,21.0,0.0,1,-0.9323900268427971,1
2445,Zr-hcp,0001,Zr16,ontop,-0.8332409518778326,-1.2934778936760267,1.0,Zr,186.0,186.0,186.0,0.0,91.22,91.22,91.22,0.0,0.426,0.426,0.426,0.0,6.52,6.52,6.52,0.0,4.0,4,4,0.0,2128.0,2128.0,2128.0,0.0,6.634,6.634,6.634,0.0,1.33,1.33,1.33,0.0,0.0,0,0,0.0,2.0,2,2,0.0,21.0,21.0,21.0,0.0,1,0.4602369417981941,1
2446,Zr-hcp,0001-1%,Zr16,fcc,-3.19366829812377,-2.3402300337802444,3.0,Zr,186.0,186.0,186.0,0.0,91.22,91.22,91.22,0.0,0.426,0.426,0.426,0.0,6.52,6.52,6.52,0.0,4.0,4,4,0.0,2128.0,2128.0,2128.0,0.0,6.634,6.634,6.634,0.0,1.33,1.33,1.33,0.0,0.0,0,0,0.0,2.0,2,2,0.0,21.0,21.0,21.0,0.0,1,-0.8534382643435254,1
2447,Zr-hcp,0001-1%,Zr16,hcp,-3.2101240527263797,-2.2849873870545707,3.0,Zr,186.0,186.0,186.0,0.0,91.22,91.22,91.22,0.0,0.426,0.426,0.426,0.0,6.52,6.52,6.52,0.0,4.0,4,4,0.0,2128.0,2128.0,2128.0,0.0,6.634,6.634,6.634,0.0,1.33,1.33,1.33,0.0,0.0,0,0,0.0,2.0,2,2,0.0,21.0,21.0,21.0,0.0,1,-0.925136665671809,1
2448,Zr-hcp,0001-1%,Zr16,ontop,-0.8332409518778326,-1.3082402054787965,1.0,Zr,186.0,186.0,186.0,0.0,91.22,91.22,91.22,0.0,0.426,0.426,0.426,0.0,6.52,6.52,6.52,0.0,4.0,4,4,0.0,2128.0,2128.0,2128.0,0.0,6.634,6.634,6.634,0.0,1.33,1.33,1.33,0.0,0.0,0,0,0.0,2.0,2,2,0.0,21.0,21.0,21.0,0.0,1,0.47499925360096384,1
2449,Zr-hcp,0001-3%,Zr16,fcc,-3.2025679659960367,-2.2466098118238733,3.0,Zr,186.0,186.0,186.0,0.0,91.22,91.22,91.22,0.0,0.426,0.426,0.426,0.0,6.52,6.52,6.52,0.0,4.0,4,4,0.0,2128.0,2128.0,2128.0,0.0,6.634,6.634,6.634,0.0,1.33,1.33,1.33,0.0,0.0,0,0,0.0,2.0,2,2,0.0,21.0,21.0,21.0,0.0,1,-0.9559581541721633,1
2450,Zr-hcp,0001-3%,Zr16,hcp,-3.1929158086651714,-2.316741031172569,3.0,Zr,186.0,186.0,186.0,0.0,91.22,91.22,91.22,0.0,0.426,0.426,0.426,0.0,6.52,6.52,6.52,0.0,4.0,4,4,0.0,2128.0,2128.0,2128.0,0.0,6.634,6.634,6.634,0.0,1.33,1.33,1.33,0.0,0.0,0,0,0.0,2.0,2,2,0.0,21.0,21.0,21.0,0.0,1,-0.8761747774926025,1
2451,Zr-hcp,0001-3%,Zr16,ontop,-0.8260162480992581,-1.3573356645320018,1.0,Zr,186.0,186.0,186.0,0.0,91.22,91.22,91.22,0.0,0.426,0.426,0.426,0.0,6.52,6.52,6.52,0.0,4.0,4,4,0.0,2128.0,2128.0,2128.0,0.0,6.634,6.634,6.634,0.0,1.33,1.33,1.33,0.0,0.0,0,0,0.0,2.0,2,2,0.0,21.0,21.0,21.0,0.0,1,0.5313194164327437,1
2452,Zr-hcp,0001+1%,Zr16,fcc,-3.3313375210717653,-2.4264532492125,3.0,Zr,186.0,186.0,186.0,0.0,91.22,91.22,91.22,0.0,0.426,0.426,0.426,0.0,6.52,6.52,6.52,0.0,4.0,4,4,0.0,2128.0,2128.0,2128.0,0.0,6.634,6.634,6.634,0.0,1.33,1.33,1.33,0.0,0.0,0,0,0.0,2.0,2,2,0.0,21.0,21.0,21.0,0.0,1,-0.9048842718592653,1
2453,Zr-hcp,0001+1%,Zr16,hcp,-3.2065590855169974,-2.268127213610569,3.0,Zr,186.0,186.0,186.0,0.0,91.22,91.22,91.22,0.0,0.426,0.426,0.426,0.0,6.52,6.52,6.52,0.0,4.0,4,4,0.0,2128.0,2128.0,2128.0,0.0,6.634,6.634,6.634,0.0,1.33,1.33,1.33,0.0,0.0,0,0,0.0,2.0,2,2,0.0,21.0,21.0,21.0,0.0,1,-0.9384318719064284,1
2454,Zr-hcp,0001+1%,Zr16,ontop,-0.8332409518778326,-1.288779031907325,1.0,Zr,186.0,186.0,186.0,0.0,91.22,91.22,91.22,0.0,0.426,0.426,0.426,0.0,6.52,6.52,6.52,0.0,4.0,4,4,0.0,2128.0,2128.0,2128.0,0.0,6.634,6.634,6.634,0.0,1.33,1.33,1.33,0.0,0.0,0,0,0.0,2.0,2,2,0.0,21.0,21.0,21.0,0.0,1,0.45553808002949225,1
