Products,Sites,Facet,surfaceComposition,ChemicalComposition,Reaction_Energy,Site
O*,"{""O"": ""hollow|A_A_A|FCC""}",111,Ag,Ag12,1.96179968563575,hollow|A_A_A|FCC
O*,"{""O"": ""hollow|A_A_A|HCP""}",111,Ag,Ag12,2.05068050093888,hollow|A_A_A|HCP
O*,"{""O"": ""top|A""}",111,Ag,Ag12,3.42680848324,top|A
OH*,"{""OH"": ""bridge|A_A|A""}",111,Ag,Ag12,0.7181514141819889,bridge|A_A|A
OH*,"{""OH"": ""hollow|A_A_A|FCC""}",111,Ag,Ag12,0.5630175459781412,hollow|A_A_A|FCC
OH*,"{""OH"": ""hollow|A_A_A|HCP""}",111,Ag,Ag12,0.5899550472794317,hollow|A_A_A|HCP
OH*,"{""OH"": ""top|A""}",111,Ag,Ag12,1.3874351285820694,top|A
O*,{},12,Ag2O3-corundum,Ag12O18,4.69957874000001,
O*,{},12,Ag2O3,Ag12O18,4.69940074,
OH*,{},012,Ag2O3,Ag12O18,2.0583175900000015,
OH*,{},012,Ag2O3-corundum,Ag12O18,2.0584894400000024,
OH*,"{""OH"": ""hcp""}",111,Ag-fcc,Ag16,0.746135465313273,hcp
OH*,"{""OH"": ""ontop""}",111,Ag-fcc,Ag16,1.571387348925782,ontop
OH*,"{""OH"": ""fcc""}",111-1%,Ag-fcc,Ag16,0.7802479282399872,fcc
OH*,"{""OH"": ""fcc""}",111+5%,Ag-fcc,Ag16,0.3680494772706879,fcc
OH*,"{""OH"": ""fcc""}",111+8%,Ag-fcc,Ag16,0.1735584240595926,fcc
OH*,"{""OH"": ""fcc""}",111-2%,Ag-fcc,Ag16,0.8286288163508289,fcc
OH*,"{""OH"": ""fcc""}",111+2%,Ag-fcc,Ag16,0.5650899650390784,fcc
OH*,"{""OH"": ""fcc""}",111,Ag-fcc,Ag16,0.7180485551725724,fcc
OH*,"{""OH"": ""fcc""}",111-5%,Ag-fcc,Ag16,0.9229947662897756,fcc
OH*,"{""OH"": ""fcc""}",111-3%,Ag-fcc,Ag16,0.8704833261581371,fcc
"{""Ostar"": 1.0}","{""O"": ""bridge""}",111,Ag,Ag16,2.40295620579,bridge
"{""Ostar"": 1.0}","{""O"": ""ontop""}",111,Ag,Ag16,3.68898916688,ontop
O*,"{""Ostar"": ""fcc""}",111,Ag-fcc,Ag16,2.25866811,fcc
O*,{},111,Ag,Ag27,1.94753318202856,
O*,{},111,Ag,Ag27,2.227047372784,
O*,{},111,Ag,Ag27,1.94640683477337,
O*,{},111,Ag,Ag27,3.38129901947104,
OH*,{},111,Ag-fcc,Ag27,0.4956176909108762,
O*,"{""Ostar"": ""peroxo""}",110,Ag2O,Ag28O16,3.57222019999998,peroxo
OH*,{},110,Ag2O,Ag28O16,1.8124859899999703,
O*,{},110,Ag2O,Ag28O16,4.90392272999998,
OH*,{},100,Ag-fcc,Ag36,0.2391990271789836,
"{""H2gas"": 0.5, ""OHstar"": 1}",{},100,Ag-fcc,Ag36,0.223472479294287,
"{""H2gas"": 0.5, ""OHstar"": 1}","{""OHstar"": ""ontop""}",211,Ag,Ag36,0.4837300049999982,ontop
"{""H2gas"": 0.5, ""OHstar"": 1}",,111,Ag,Ag36,0.682900693151,nan
O*,"{""O"": ""hollow|A_A_A|HCP""}",111,Au3Ag,Ag3Au9,2.48644482663786,hollow|A_A_A|HCP
O*,"{""O"": ""top|B""}",111,Au3Ag,Ag3Au9,4.01755279674018,top|B
OH*,"{""OH"": ""bridge|A_B|A""}",111,Au3Ag,Ag3Au9,1.1040401305807563,bridge|A_B|A
OH*,"{""OH"": ""hollow|A_A_A|FCC""}",111,Au3Ag,Ag3Au9,1.3640065352818738,hollow|A_A_A|FCC
OH*,"{""OH"": ""hollow|A_A_A|HCP""}",111,Au3Ag,Ag3Au9,1.4356949260808278,hollow|A_A_A|HCP
OH*,"{""OH"": ""hollow|A_A_B|FCC""}",111,Au3Ag,Ag3Au9,1.1576560807815213,hollow|A_A_B|FCC
OH*,"{""OH"": ""hollow|A_A_B|HCP""}",111,Au3Ag,Ag3Au9,1.192428555780566,hollow|A_A_B|HCP
OH*,"{""OH"": ""top|A""}",111,Au3Ag,Ag3Au9,1.3229593872828218,top|A
OH*,"{""OH"": ""top|B""}",111,Au3Ag,Ag3Au9,1.796723458181873,top|B
O*,"{""O"": ""hollow|A_A_A|FCC""}",111,Au3Ag,Ag3Au9,2.28714552193907,hollow|A_A_A|FCC
O*,"{""O"": ""hollow|A_A_B|FCC""}",111,Au3Ag,Ag3Au9,2.35964984603908,hollow|A_A_B|FCC
O*,"{""O"": ""hollow|A_A_B|HCP""}",111,Au3Ag,Ag3Au9,2.54508386233994,hollow|A_A_B|HCP
OH*,"{""OH"": ""bridge|A_A|A""}",111,Bi3Ag,Ag3Bi9,0.3125900918793149,bridge|A_A|A
O*,"{""O"": ""hollow|A_A_A|HCP""}",111,Bi3Ag,Ag3Bi9,1.44534762023596,hollow|A_A_A|HCP
OH*,"{""OH"": ""hollow|A_A_A|HCP""}",111,Bi3Ag,Ag3Bi9,0.7102768478770258,hollow|A_A_A|HCP
OH*,"{""OH"": ""hollow|A_A_B|FCC""}",111,Bi3Ag,Ag3Bi9,0.1301029324794171,hollow|A_A_B|FCC
OH*,"{""OH"": ""top|B""}",111,Bi3Ag,Ag3Bi9,1.070074881074902,top|B
OH*,"{""OH"": ""hollow-tilt|A_A_B|FCC""}",111,Bi3Ag,Ag3Bi9,0.1407080250763783,hollow-tilt|A_A_B|FCC
OH*,"{""OH"": ""hollow|A_A_A|FCC""}",111,Bi3Ag,Ag3Bi9,0.2734210734751059,hollow|A_A_A|FCC
OH*,"{""OH"": ""top|A""}",111,Bi3Ag,Ag3Bi9,0.3320813339786355,top|A
O*,"{""O"": ""hollow|A_A_A|FCC""}",111,Bi3Ag,Ag3Bi9,0.987068051235667,hollow|A_A_A|FCC
O*,"{""O"": ""hollow|A_A_A|FCC""}",111,Cd3Ag,Ag3Cd9,1.07978676013937,hollow|A_A_A|FCC
O*,"{""O"": ""hollow|A_A_A|HCP""}",111,Cd3Ag,Ag3Cd9,0.993594973839038,hollow|A_A_A|HCP
OH*,"{""OH"": ""bridge-tilt|A_B|A""}",111,Cu3Ag,Ag3Cu9,1.2017049164759328,bridge-tilt|A_B|A
OH*,"{""OH"": ""bridge|A_A|B""}",111,Cu3Ag,Ag3Cu9,0.1959592433748866,bridge|A_A|B
O*,"{""O"": ""hollow|A_A_A|FCC""}",111,Cu3Ag,Ag3Cu9,0.633847553737553,hollow|A_A_A|FCC
OH*,"{""OH"": ""hollow|A_A_A|FCC""}",111,Cu3Ag,Ag3Cu9,0.122962121179512,hollow|A_A_A|FCC
O*,"{""O"": ""hollow|A_A_A|HCP""}",111,Cu3Ag,Ag3Cu9,0.660178649337297,hollow|A_A_A|HCP
O*,"{""O"": ""top|B""}",111,Cu3Ag,Ag3Cu9,3.62409196863501,top|B
O*,"{""O"": ""bridge|A_A|B""}",111,Cu3Ag,Ag3Cu9,0.990585122632012,bridge|A_A|B
OH*,"{""OH"": ""top|B""}",111,Cu3Ag,Ag3Cu9,1.5527089107753227,top|B
OH*,"{""OH"": ""hollow|A_A_A|HCP""}",111,Cu3Ag,Ag3Cu9,0.0618273934786657,hollow|A_A_A|HCP
OH*,"{""OH"": ""top|B""}",111,Ir3Ag,Ag3Ir9,1.99393728248549,top|B
OH*,"{""OH"": ""top|A""}",111,Ir3Ag,Ag3Ir9,0.2901937623799995,top|A
OH*,"{""OH"": ""bridge|A_A|B""}",111,Ir3Ag,Ag3Ir9,0.2964681632846577,bridge|A_A|B
OH*,"{""OH"": ""bridge|A_A|A""}",111,Ir3Ag,Ag3Ir9,0.4672938841803216,bridge|A_A|A
O*,"{""O"": ""top|B""}",111,Ir3Ag,Ag3Ir9,3.99302799284106,top|B
O*,"{""O"": ""hollow|A_A_A|HCP""}",111,Ir3Ag,Ag3Ir9,0.0386932273430034,hollow|A_A_A|HCP
O*,"{""O"": ""hollow|A_A_A|FCC""}",111,Ir3Ag,Ag3Ir9,0.335996780140533,hollow|A_A_A|FCC
OH*,"{""OH"": ""hollow|A_A_A|HCP""}",111,Ir3Ag,Ag3Ir9,0.4875162961806154,hollow|A_A_A|HCP
OH*,"{""OH"": ""hollow|A_A_A|FCC""}",111,Ir3Ag,Ag3Ir9,1.0256527051795956,hollow|A_A_A|FCC
O*,"{""O"": ""hollow|A_A_A|FCC""}",111,Os3Ag,Ag3Os9,-0.519316743757543,hollow|A_A_A|FCC
OH*,"{""OH"": ""hollow|A_A_A|FCC""}",111,Os3Ag,Ag3Os9,0.2795264917848499,hollow|A_A_A|FCC
O*,"{""O"": ""top|B""}",111,Os3Ag,Ag3Os9,3.8388594485402896,top|B
O*,"{""O"": ""hollow|A_A_A|HCP""}",111,Os3Ag,Ag3Os9,-1.00148491456292,hollow|A_A_A|HCP
OH*,"{""OH"": ""hollow|A_A_A|HCP""}",111,Os3Ag,Ag3Os9,-0.0054591478138945,hollow|A_A_A|HCP
OH*,"{""OH"": ""bridge|A_A|A""}",111,Os3Ag,Ag3Os9,0.1766767126799777,bridge|A_A|A
OH*,"{""OH"": ""bridge|A_A|B""}",111,Os3Ag,Ag3Os9,0.0262272841836193,bridge|A_A|B
OH*,"{""OH"": ""top|A""}",111,Os3Ag,Ag3Os9,0.0804651505794709,top|A
OH*,"{""OH"": ""top|B""}",111,Os3Ag,Ag3Os9,1.919074819784214,top|B
O*,"{""O"": ""hollow|A_A_A|FCC""}",111,Pd3Ag,Ag3Pd9,1.39590371953437,hollow|A_A_A|FCC
O*,"{""O"": ""hollow|A_A_A|HCP""}",111,Pd3Ag,Ag3Pd9,1.40593968603554,hollow|A_A_A|HCP
OH*,"{""OH"": ""hollow|A_A_B|FCC""}",111,Pd3Ag,Ag3Pd9,0.7683451247766016,hollow|A_A_B|FCC
OH*,"{""OH"": ""hollow|A_A_A|HCP""}",111,Pd3Ag,Ag3Pd9,0.6711728647759401,hollow|A_A_A|HCP
OH*,"{""OH"": ""hollow|A_A_A|FCC""}",111,Pd3Ag,Ag3Pd9,0.7903355964780303,hollow|A_A_A|FCC
OH*,"{""OH"": ""bridge|A_A|B""}",111,Pd3Ag,Ag3Pd9,0.6029031761762553,bridge|A_A|B
OH*,"{""OH"": ""bridge|A_A|A""}",111,Pd3Ag,Ag3Pd9,0.7095425486739941,bridge|A_A|A
O*,"{""O"": ""hollow|A_A_B|HCP""}",111,Pd3Ag,Ag3Pd9,1.82411294053219,hollow|A_A_B|HCP
O*,"{""O"": ""hollow|A_A_B|FCC""}",111,Pd3Ag,Ag3Pd9,1.68577285003613,hollow|A_A_B|FCC
OH*,"{""OH"": ""top|B""}",111,Pd3Ag,Ag3Pd9,1.7868200110796124,top|B
OH*,"{""OH"": ""top|B""}",111,Pt3Ag,Ag3Pt9,2.1001797769830546,top|B
OH*,"{""OH"": ""top|A""}",111,Pt3Ag,Ag3Pt9,0.6929972109836626,top|A
OH*,"{""OH"": ""hollow|A_A_A|HCP""}",111,Pt3Ag,Ag3Pt9,1.007923128080506,hollow|A_A_A|HCP
OH*,"{""OH"": ""hollow|A_A_A|FCC""}",111,Pt3Ag,Ag3Pt9,1.515758436577812,hollow|A_A_A|FCC
OH*,"{""OH"": ""bridge|A_A|B""}",111,Pt3Ag,Ag3Pt9,0.5567563426783408,bridge|A_A|B
O*,"{""O"": ""hollow|A_A_B|FCC""}",111,Pt3Ag,Ag3Pt9,1.44300159083997,hollow|A_A_B|FCC
O*,"{""O"": ""bridge|A_A|A""}",111,Pt3Ag,Ag3Pt9,1.83387502453462,bridge|A_A|A
O*,"{""O"": ""hollow|A_A_A|HCP""}",111,Pt3Ag,Ag3Pt9,1.27417808364027,hollow|A_A_A|HCP
O*,"{""O"": ""hollow|A_A_A|FCC""}",111,Pt3Ag,Ag3Pt9,1.42350803573555,hollow|A_A_A|FCC
O*,"{""O"": ""bridge|A_A|B""}",111,Pt3Ag,Ag3Pt9,1.44091896753872,bridge|A_A|B
OH*,"{""OH"": ""bridge|A_A|A""}",111,Pt3Ag,Ag3Pt9,1.002783305780099,bridge|A_A|A
O*,"{""O"": ""top|A""}",111,Re3Ag,Ag3Re9,-0.10008932026193,top|A
O*,"{""O"": ""hollow|A_A_A|FCC""}",111,Re3Ag,Ag3Re9,-0.80701100456298,hollow|A_A_A|FCC
O*,"{""O"": ""hollow|A_A_A|HCP""}",111,Re3Ag,Ag3Re9,-1.58877542316276,hollow|A_A_A|HCP
OH*,"{""OH"": ""hollow|A_A_A|HCP""}",111,Re3Ag,Ag3Re9,-1.0053560060215432,hollow|A_A_A|HCP
OH*,"{""OH"": ""hollow|A_A_A|FCC""}",111,Re3Ag,Ag3Re9,-0.2583120887239829,hollow|A_A_A|FCC
OH*,"{""OH"": ""top|B""}",111,Re3Ag,Ag3Re9,1.92133703818115,top|B
OH*,"{""OH"": ""hollow|A_A_A|HCP""}",111,Rh3Ag,Ag3Rh9,0.2584455604782079,hollow|A_A_A|HCP
OH*,"{""OH"": ""bridge|A_A|B""}",111,Rh3Ag,Ag3Rh9,0.2336633368803404,bridge|A_A|B
OH*,"{""OH"": ""top|B""}",111,Rh3Ag,Ag3Rh9,1.7962400478762677,top|B
OH*,"{""OH"": ""top-tilt|A""}",111,Rh3Ag,Ag3Rh9,0.4151161915768853,top-tilt|A
OH*,"{""OH"": ""bridge-tilt|A_A|B""}",111,Rh3Ag,Ag3Rh9,0.8692789502791811,bridge-tilt|A_A|B
OH*,"{""OH"": ""bridge|A_A|A""}",111,Rh3Ag,Ag3Rh9,0.2448070788785799,bridge|A_A|A
O*,"{""O"": ""hollow|A_A_A|HCP""}",111,Rh3Ag,Ag3Rh9,0.116141995935152,hollow|A_A_A|HCP
O*,"{""O"": ""hollow|A_A_A|FCC""}",111,Rh3Ag,Ag3Rh9,0.232033102834805,hollow|A_A_A|FCC
O*,"{""O"": ""bridge|A_A|A""}",111,Rh3Ag,Ag3Rh9,0.870650948239756,bridge|A_A|A
OH*,"{""OH"": ""hollow|A_A_A|FCC""}",111,Rh3Ag,Ag3Rh9,0.3636646348794556,hollow|A_A_A|FCC
OH*,"{""OH"": ""top-tilt|B""}",111,Ru3Ag,Ag3Ru9,1.2385160683815002,top-tilt|B
OH*,"{""OH"": ""hollow|A_A_A|HCP""}",111,Ru3Ag,Ag3Ru9,-0.4268501485158822,hollow|A_A_A|HCP
OH*,"{""OH"": ""hollow|A_A_A|FCC""}",111,Ru3Ag,Ag3Ru9,-0.3243621447210216,hollow|A_A_A|FCC
O*,"{""O"": ""hollow|A_A_A|HCP""}",111,Ru3Ag,Ag3Ru9,-0.90358951215984,hollow|A_A_A|HCP
O*,"{""O"": ""hollow|A_A_A|FCC""}",111,Ru3Ag,Ag3Ru9,-0.566767546861399,hollow|A_A_A|FCC
OH*,"{""OH"": ""bridge|A_A|A""}",111,Ru3Ag,Ag3Ru9,-0.0926487756179312,bridge|A_A|A
OH*,"{""OH"": ""hollow|A_A_A|FCC""}",111,Tc3Ag,Ag3Tc9,-0.643046225918738,hollow|A_A_A|FCC
O*,"{""O"": ""hollow|A_A_A|FCC""}",111,Tc3Ag,Ag3Tc9,-0.887157373657999,hollow|A_A_A|FCC
O*,"{""O"": ""hollow|A_A_A|HCP""}",111,Tc3Ag,Ag3Tc9,-1.47472067646248,hollow|A_A_A|HCP
OH*,"{""OH"": ""hollow|A_A_A|HCP""}",111,Tc3Ag,Ag3Tc9,-1.1980153249197656,hollow|A_A_A|HCP
OH*,"{""OH"": ""top|B""}",111,Tc3Ag,Ag3Tc9,1.714647665784355,top|B
OH*,"{""OH"": ""top|B""}",111,Zn3Ag,Ag3Zn9,1.592214806075276,top|B
OH*,"{""OH"": ""hollow|A_A_A|FCC""}",111,Zn3Ag,Ag3Zn9,0.1259571420786187,hollow|A_A_A|FCC
OH*,"{""OH"": ""bridge|A_A|B""}",111,Zn3Ag,Ag3Zn9,0.022996748678338,bridge|A_A|B
OH*,"{""OH"": ""bridge|A_A|A""}",111,Zn3Ag,Ag3Zn9,0.1097278645728465,bridge|A_A|A
OH*,"{""OH"": ""hollow|A_A_A|HCP""}",111,Zn3Ag,Ag3Zn9,-0.0583897793286496,hollow|A_A_A|HCP
O*,"{""O"": ""hollow|A_A_A|HCP""}",111,Zn3Ag,Ag3Zn9,0.139685285237476,hollow|A_A_A|HCP
"{""H2gas"": 0.5, ""OHstar"": 1}","{""OHstar"": ""hollow""}",100,Ag,Ag64,0.4372530450000056,hollow
OH*,"{""OH"": ""bridge|A_A|B""}",101,AgAu,Ag6Au6,0.989271493080082,bridge|A_A|B
OH*,"{""OH"": ""hollow|A_B_B|FCC""}",101,AgAu,Ag6Au6,1.1019678475757928,hollow|A_B_B|FCC
O*,"{""O"": ""hollow|A_B_B|HCP""}",101,AgAu,Ag6Au6,2.33980825733653,hollow|A_B_B|HCP
O*,"{""O"": ""hollow|A_B_B|FCC""}",101,AgAu,Ag6Au6,2.17172830113469,hollow|A_B_B|FCC
O*,"{""O"": ""hollow|A_A_B|HCP""}",101,AgAu,Ag6Au6,2.43148694703615,hollow|A_A_B|HCP
O*,"{""O"": ""hollow|A_A_B|FCC""}",101,AgAu,Ag6Au6,2.27274131193173,hollow|A_A_B|FCC
OH*,"{""OH"": ""hollow|A_B_B|HCP""}",101,AgAu,Ag6Au6,1.169690043073274,hollow|A_B_B|HCP
OH*,"{""OH"": ""hollow-tilt|A_A_B|FCC""}",101,AgAu,Ag6Au6,1.263809866079896,hollow-tilt|A_A_B|FCC
OH*,"{""OH"": ""top-tilt|A""}",101,AgAu,Ag6Au6,1.2580724818734552,top-tilt|A
OH*,"{""OH"": ""hollow|A_A_B|FCC""}",101,AgAu,Ag6Au6,0.8994113401757886,hollow|A_A_B|FCC
OH*,"{""OH"": ""hollow|A_A_B|HCP""}",101,AgAu,Ag6Au6,0.9083320481776128,hollow|A_A_B|HCP
O*,"{""O"": ""hollow|A_B_B|HCP""}",101,AgBi,Ag6Bi6,1.47067924173808,hollow|A_B_B|HCP
O*,"{""O"": ""hollow|A_B_B|FCC""}",101,AgBi,Ag6Bi6,1.28029928444067,hollow|A_B_B|FCC
OH*,"{""OH"": ""bridge|A_A|B""}",101,AgBi,Ag6Bi6,0.3511196426815104,bridge|A_A|B
OH*,"{""OH"": ""bridge|A_B|A""}",101,AgBi,Ag6Bi6,0.3556861210862507,bridge|A_B|A
OH*,"{""OH"": ""bridge|A_B|B""}",101,AgBi,Ag6Bi6,0.3361029044798442,bridge|A_B|B
OH*,"{""OH"": ""bridge|B_B|A""}",101,AgBi,Ag6Bi6,0.5792826064833889,bridge|B_B|A
OH*,"{""OH"": ""hollow|A_A_B|FCC""}",101,AgBi,Ag6Bi6,0.3125928129855992,hollow|A_A_B|FCC
OH*,"{""OH"": ""hollow|A_A_B|HCP""}",101,AgBi,Ag6Bi6,0.3676101494828572,hollow|A_A_B|HCP
OH*,"{""OH"": ""hollow|A_B_B|FCC""}",101,AgBi,Ag6Bi6,0.3601139574865328,hollow|A_B_B|FCC
OH*,"{""OH"": ""hollow|A_B_B|HCP""}",101,AgBi,Ag6Bi6,0.4717709730801971,hollow|A_B_B|HCP
O*,"{""O"": ""hollow|A_A_B|HCP""}",101,AgBi,Ag6Bi6,1.3607834829416,hollow|A_A_B|HCP
O*,"{""O"": ""top|B""}",101,AgBi,Ag6Bi6,2.1442857566397,top|B
O*,"{""O"": ""hollow|A_A_B|FCC""}",101,AgBi,Ag6Bi6,1.3337156391388,hollow|A_A_B|FCC
OH*,"{""OH"": ""top-tilt|B""}",101,AgBi,Ag6Bi6,0.4308287248830993,top-tilt|B
OH*,"{""OH"": ""hollow-tilt|A_B_B|HCP""}",101,AgBi,Ag6Bi6,0.799988290583201,hollow-tilt|A_B_B|HCP
OH*,"{""OH"": ""hollow-tilt|A_A_B|FCC""}",101,AgCu,Ag6Cu6,0.5228350396836277,hollow-tilt|A_A_B|FCC
OH*,"{""OH"": ""hollow|A_A_B|HCP""}",101,AgCu,Ag6Cu6,0.4150598639870395,hollow|A_A_B|HCP
O*,"{""O"": ""bridge|B_B|A""}",101,AgCu,Ag6Cu6,0.844416180941892,bridge|B_B|A
O*,"{""O"": ""hollow|A_A_B|FCC""}",101,AgCu,Ag6Cu6,1.51626606494011,hollow|A_A_B|FCC
OH*,"{""OH"": ""bridge|B_B|A""}",101,AgCu,Ag6Cu6,0.0965553778850107,bridge|B_B|A
O*,"{""O"": ""top|A""}",101,AgCu,Ag6Cu6,3.5309695789436,top|A
O*,"{""O"": ""hollow|A_A_B|HCP""}",101,AgCu,Ag6Cu6,1.63905131203848,hollow|A_A_B|HCP
OH*,"{""OH"": ""hollow|A_A_B|FCC""}",101,AgCu,Ag6Cu6,0.3464315293866775,hollow|A_A_B|FCC
OH*,"{""OH"": ""hollow|A_B_B|HCP""}",101,AgCu,Ag6Cu6,0.3989207922830928,hollow|A_B_B|HCP
OH*,"{""OH"": ""top-tilt|A""}",101,AgIr,Ag6Ir6,1.4484701265799913,top-tilt|A
O*,"{""O"": ""bridge|B_B|A""}",101,AgIr,Ag6Ir6,0.507282373236933,bridge|B_B|A
O*,"{""O"": ""hollow|A_B_B|FCC""}",101,AgIr,Ag6Ir6,0.405422680338063,hollow|A_B_B|FCC
O*,"{""O"": ""hollow-tilt|A_A_B|HCP""}",101,AgIr,Ag6Ir6,1.21268049213887,hollow-tilt|A_A_B|HCP
OH*,"{""OH"": ""bridge|B_B|A""}",101,AgIr,Ag6Ir6,0.1676119203810913,bridge|B_B|A
OH*,"{""OH"": ""hollow|A_A_B|FCC""}",101,AgIr,Ag6Ir6,0.932095613575143,hollow|A_A_B|FCC
OH*,"{""OH"": ""top|B""}",101,AgIr,Ag6Ir6,0.4570330154791691,top|B
O*,{},100,AgO2,Ag6O12,4.59122291999999,
OH*,{},100,AgO2,Ag6O12,1.872240000000005,
O*,{},100,AgO2-rutile,Ag6O12,4.59639222,
O*,{},100,AgO2-rutile,Ag6O12,4.59639222,
OH*,{},100,AgO2-rutile,Ag6O12,1.907824500000004,
O*,"{""O"": ""bridge|B_B|A""}",101,AgPd,Ag6Pd6,1.68443867583466,bridge|B_B|A
O*,"{""O"": ""top|B""}",101,AgPd,Ag6Pd6,2.66695711983977,top|B
O*,"{""O"": ""hollow|A_A_B|HCP""}",101,AgPd,Ag6Pd6,2.10335738624036,hollow|A_A_B|HCP
O*,"{""O"": ""hollow|A_B_B|FCC""}",101,AgPd,Ag6Pd6,1.57583287264043,hollow|A_B_B|FCC
O*,"{""O"": ""hollow|A_B_B|HCP""}",101,AgPd,Ag6Pd6,1.58173801503636,hollow|A_B_B|HCP
OH*,"{""OH"": ""bridge|B_B|A""}",101,AgPd,Ag6Pd6,0.5666449594763208,bridge|B_B|A
OH*,"{""OH"": ""hollow|A_A_B|FCC""}",101,AgPd,Ag6Pd6,0.6663779467825179,hollow|A_A_B|FCC
OH*,"{""OH"": ""hollow|A_A_B|HCP""}",101,AgPd,Ag6Pd6,0.8786584421803809,hollow|A_A_B|HCP
OH*,"{""OH"": ""hollow|A_B_B|FCC""}",101,AgPd,Ag6Pd6,0.9003042816810876,hollow|A_B_B|FCC
OH*,"{""OH"": ""hollow|A_B_B|HCP""}",101,AgPd,Ag6Pd6,0.5725528230804002,hollow|A_B_B|HCP
OH*,"{""OH"": ""top|B""}",101,AgPd,Ag6Pd6,0.8869045799773403,top|B
OH*,"{""OH"": ""top|A""}",101,AgPd,Ag6Pd6,1.301957368978833,top|A
O*,"{""O"": ""hollow|A_A_B|FCC""}",101,AgPd,Ag6Pd6,1.95678748483971,hollow|A_A_B|FCC
OH*,"{""OH"": ""top|A""}",101,AgPt,Ag6Pt6,1.647118398982343,top|A
O*,"{""O"": ""hollow|A_B_B|FCC""}",101,AgPt,Ag6Pt6,1.33857695284297,hollow|A_B_B|FCC
O*,"{""O"": ""hollow|A_B_B|HCP""}",101,AgPt,Ag6Pt6,1.26718149263962,hollow|A_B_B|HCP
OH*,"{""OH"": ""bridge|A_B|A""}",101,AgPt,Ag6Pt6,0.74018896158384,bridge|A_B|A
OH*,"{""OH"": ""bridge|B_B|A""}",101,AgPt,Ag6Pt6,0.648395439781666,bridge|B_B|A
OH*,"{""OH"": ""bridge-tilt|A_B|A""}",101,AgPt,Ag6Pt6,0.6365685560857628,bridge-tilt|A_B|A
OH*,"{""OH"": ""hollow|A_A_B|FCC""}",101,AgPt,Ag6Pt6,0.6630440080815561,hollow|A_A_B|FCC
OH*,"{""OH"": ""hollow-tilt|A_A_B|FCC""}",101,AgPt,Ag6Pt6,0.6401597784832802,hollow-tilt|A_A_B|FCC
O*,"{""O"": ""hollow|A_A_B|FCC""}",101,AgPt,Ag6Pt6,1.84548013544173,hollow|A_A_B|FCC
OH*,"{""OH"": ""top|B""}",101,AgPt,Ag6Pt6,0.7892557126805286,top|B
OH*,"{""OH"": ""top-tilt|A""}",101,AgPt,Ag6Pt6,1.5577099549817603,top-tilt|A
OH*,"{""OH"": ""top-tilt|B""}",101,AgPt,Ag6Pt6,0.9177048732861977,top-tilt|B
O*,"{""O"": ""top|B""}",101,AgPt,Ag6Pt6,2.31064404853879,top|B
O*,"{""O"": ""hollow|A_A_B|HCP""}",101,AgPt,Ag6Pt6,2.07835978454006,hollow|A_A_B|HCP
O*,"{""O"": ""bridge|B_B|B""}",101,AgRe,Ag6Re6,-1.01023283026387,bridge|B_B|B
O*,"{""O"": ""top|B""}",101,AgRe,Ag6Re6,-0.496411289368723,top|B
OH*,"{""OH"": ""bridge|B_B|A""}",101,AgRe,Ag6Re6,-0.751000996820153,bridge|B_B|A
OH*,"{""OH"": ""bridge|B_B|B""}",101,AgRe,Ag6Re6,-0.7449637431228666,bridge|B_B|B
OH*,"{""OH"": ""bridge-tilt|B_B|B""}",101,AgRe,Ag6Re6,-0.222317414426584,bridge-tilt|B_B|B
OH*,"{""OH"": ""top-tilt|B""}",101,AgRe,Ag6Re6,0.5622107284769982,top-tilt|B
O*,"{""O"": ""hollow-tilt|A_A_B|HCP""}",101,AgRh,Ag6Rh6,1.34523680293552,hollow-tilt|A_A_B|HCP
O*,"{""O"": ""hollow|A_B_B|FCC""}",101,AgRh,Ag6Rh6,0.52346471113907,hollow|A_B_B|FCC
O*,"{""O"": ""hollow|A_A_B|FCC""}",101,AgRh,Ag6Rh6,1.54953660763914,hollow|A_A_B|FCC
OH*,"{""OH"": ""top-tilt|A""}",101,AgRh,Ag6Rh6,1.3237210338819525,top-tilt|A
OH*,"{""OH"": ""bridge|B_B|A""}",101,AgRh,Ag6Rh6,0.0814393180816068,bridge|B_B|A
OH*,"{""OH"": ""hollow|A_A_B|FCC""}",101,AgRh,Ag6Rh6,1.1673755788768858,hollow|A_A_B|FCC
OH*,"{""OH"": ""hollow-tilt|A_A_B|FCC""}",101,AgRh,Ag6Rh6,0.6150183645776224,hollow-tilt|A_A_B|FCC
OH*,"{""OH"": ""top|B""}",101,AgRh,Ag6Rh6,0.5169848642807437,top|B
O*,"{""O"": ""bridge|B_B|A""}",101,AgRh,Ag6Rh6,0.612177904240355,bridge|B_B|A
O*,"{""O"": ""bridge|B_B|B""}",101,AgRu,Ag6Ru6,0.274504086639183,bridge|B_B|B
O*,"{""O"": ""hollow|A_B_B|FCC""}",101,AgRu,Ag6Ru6,0.0825030111407727,hollow|A_B_B|FCC
OH*,"{""OH"": ""bridge|A_A|A""}",101,AgRu,Ag6Ru6,1.0407324377855502,bridge|A_A|A
OH*,"{""OH"": ""bridge|B_B|A""}",101,AgRu,Ag6Ru6,-0.0213545416146416,bridge|B_B|A
OH*,"{""OH"": ""bridge|B_B|B""}",101,AgRu,Ag6Ru6,0.0171005860801187,bridge|B_B|B
OH*,"{""OH"": ""hollow-tilt|A_A_B|HCP""}",101,AgRu,Ag6Ru6,0.4946236374788668,hollow-tilt|A_A_B|HCP
OH*,"{""OH"": ""top|B""}",101,AgRu,Ag6Ru6,-0.0339634805160358,top|B
OH*,"{""OH"": ""hollow|A_A_B|FCC""}",101,AgZn,Ag6Zn6,0.2295574111820997,hollow|A_A_B|FCC
OH*,"{""OH"": ""top-tilt|B""}",101,AgZn,Ag6Zn6,0.3656986857794209,top-tilt|B
O*,"{""O"": ""bridge|B_B|A""}",101,AgZn,Ag6Zn6,0.507622787637786,bridge|B_B|A
OH*,"{""OH"": ""bridge|B_B|A""}",101,AgZn,Ag6Zn6,-0.0223786421221348,bridge|B_B|A
O*,{},110,AgO2-rutile,Ag8O16,4.77671874000001,
OH*,{},110,AgO2,Ag8O16,2.0749724300000025,
O*,{},110,AgO2,Ag8O16,4.74743185,
O*,{},110,AgO2-rutile,Ag8O16,4.77671874000001,
OH*,{},110,AgO2-rutile,Ag8O16,2.088802900000005,
O*,"{""Ostar"": ""peroxo""}",111,AgO,Ag8O8,3.12540989999999,peroxo
OH*,{},111,AgO,Ag8O8,1.1258792699999989,
O*,{},111,AgO,Ag8O8,3.85804023999999,
O*,"{""O"": ""hollow|A_A_A|FCC""}",111,Ag3Al,Ag9Al3,2.2466703571443,hollow|A_A_A|FCC
O*,"{""O"": ""hollow|A_A_A|HCP""}",111,Ag3Al,Ag9Al3,2.34613422384047,hollow|A_A_A|HCP
O*,"{""O"": ""hollow|A_A_B|FCC""}",111,Ag3Al,Ag9Al3,-0.0786736890624411,hollow|A_A_B|FCC
O*,"{""O"": ""hollow|A_A_B|HCP""}",111,Ag3Al,Ag9Al3,-0.105449554761606,hollow|A_A_B|HCP
O*,"{""O"": ""top|B""}",111,Ag3Al,Ag9Al3,0.695831956840095,top|B
OH*,"{""OH"": ""top|B""}",111,Ag3Au,Ag9Au3,1.7235165360806377,top|B
O*,"{""O"": ""hollow|A_A_A|HCP""}",111,Ag3Au,Ag9Au3,2.31125644073819,hollow|A_A_A|HCP
O*,"{""O"": ""hollow|A_A_A|FCC""}",111,Ag3Au,Ag9Au3,2.20836298734122,hollow|A_A_A|FCC
O*,"{""O"": ""hollow|A_A_B|HCP""}",111,Ag3Au,Ag9Au3,2.22520424883606,hollow|A_A_B|HCP
O*,"{""O"": ""top|B""}",111,Ag3Au,Ag9Au3,3.29476483483796,top|B
O*,"{""O"": ""bridge|A_A|B""}",111,Ag3Au,Ag9Au3,2.57130570424107,bridge|A_A|B
OH*,"{""OH"": ""hollow|A_A_A|FCC""}",111,Ag3Au,Ag9Au3,0.6606996112794832,hollow|A_A_A|FCC
OH*,"{""OH"": ""hollow|A_A_A|HCP""}",111,Ag3Au,Ag9Au3,0.7265883037806589,hollow|A_A_A|HCP
OH*,"{""OH"": ""hollow|A_A_B|FCC""}",111,Ag3Au,Ag9Au3,0.8570795427848452,hollow|A_A_B|FCC
OH*,"{""OH"": ""hollow|A_A_B|HCP""}",111,Ag3Au,Ag9Au3,1.001232392981251,hollow|A_A_B|HCP
O*,"{""O"": ""hollow|A_A_B|FCC""}",111,Ag3Au,Ag9Au3,2.10328173864019,hollow|A_A_B|FCC
OH*,"{""OH"": ""top|B""}",111,Ag3Bi,Ag9Bi3,1.0560895903807932,top|B
OH*,"{""OH"": ""hollow|A_A_A|HCP""}",111,Ag3Bi,Ag9Bi3,0.4048664795817558,hollow|A_A_A|HCP
OH*,"{""OH"": ""hollow|A_A_A|FCC""}",111,Ag3Bi,Ag9Bi3,0.489941646778675,hollow|A_A_A|FCC
OH*,"{""OH"": ""bridge|A_B|A""}",111,Ag3Bi,Ag9Bi3,0.7736131125828933,bridge|A_B|A
OH*,"{""OH"": ""hollow|A_A_B|HCP""}",111,Ag3Bi,Ag9Bi3,0.6645350557854499,hollow|A_A_B|HCP
O*,"{""O"": ""hollow|A_A_A|FCC""}",111,Ag3Bi,Ag9Bi3,1.93845435914028,hollow|A_A_A|FCC
O*,"{""O"": ""hollow|A_A_B|FCC""}",111,Ag3Bi,Ag9Bi3,1.71657463993671,hollow|A_A_B|FCC
O*,"{""O"": ""hollow|A_A_A|HCP""}",111,Ag3Bi,Ag9Bi3,1.88486820544114,hollow|A_A_A|HCP
O*,"{""O"": ""hollow|A_A_B|HCP""}",111,Ag3Bi,Ag9Bi3,1.66637031694319,hollow|A_A_B|HCP
OH*,"{""OH"": ""hollow|A_A_B|FCC""}",111,Ag3Bi,Ag9Bi3,0.6129463536825597,hollow|A_A_B|FCC
O*,"{""O"": ""top|B""}",111,Ag3Bi,Ag9Bi3,2.41553944343815,top|B
OH*,"{""OH"": ""top|B""}",111,Ag3Cu,Ag9Cu3,0.7860828652745795,top|B
O*,"{""O"": ""hollow|A_A_A|FCC""}",111,Ag3Cu,Ag9Cu3,2.13930552913718,hollow|A_A_A|FCC
O*,"{""O"": ""hollow|A_A_A|HCP""}",111,Ag3Cu,Ag9Cu3,2.23105279153589,hollow|A_A_A|HCP
O*,"{""O"": ""hollow|A_A_B|FCC""}",111,Ag3Cu,Ag9Cu3,1.36886580813353,hollow|A_A_B|FCC
O*,"{""O"": ""hollow|A_A_B|HCP""}",111,Ag3Cu,Ag9Cu3,1.44296948143511,hollow|A_A_B|HCP
O*,"{""O"": ""top|B""}",111,Ag3Cu,Ag9Cu3,2.30904116193761,top|B
OH*,"{""OH"": ""hollow|A_A_A|FCC""}",111,Ag3Cu,Ag9Cu3,0.6571138311745699,hollow|A_A_A|FCC
OH*,"{""OH"": ""hollow|A_A_A|HCP""}",111,Ag3Cu,Ag9Cu3,0.7084841619770259,hollow|A_A_A|HCP
OH*,"{""OH"": ""hollow|A_A_B|FCC""}",111,Ag3Cu,Ag9Cu3,0.2957799873810245,hollow|A_A_B|FCC
OH*,"{""OH"": ""hollow|A_A_B|HCP""}",111,Ag3Cu,Ag9Cu3,0.3185133298801474,hollow|A_A_B|HCP
O*,"{""O"": ""hollow|A_A_B|HCP""}",111,Ag3Ga,Ag9Ga3,0.823292936143673,hollow|A_A_B|HCP
O*,"{""O"": ""top|B""}",111,Ag3Ga,Ag9Ga3,1.68758975414295,top|B
O*,"{""O"": ""top|B""}",111,Ag3Ir,Ag9Ir3,0.681139170137442,top|B
O*,"{""O"": ""hollow|A_A_A|FCC""}",111,Ag3Ir,Ag9Ir3,2.32136016363421,hollow|A_A_A|FCC
O*,"{""O"": ""hollow-tilt|A_A_B|FCC""}",111,Ag3Ir,Ag9Ir3,0.642869352031823,hollow-tilt|A_A_B|FCC
O*,"{""O"": ""hollow-tilt|A_A_B|HCP""}",111,Ag3Ir,Ag9Ir3,0.561225676432343,hollow-tilt|A_A_B|HCP
OH*,"{""OH"": ""hollow|A_A_A|HCP""}",111,Ag3Ir,Ag9Ir3,1.1868364803784743,hollow|A_A_A|HCP
OH*,"{""OH"": ""hollow|A_A_A|FCC""}",111,Ag3Ir,Ag9Ir3,0.7691523504735187,hollow|A_A_A|FCC
OH*,"{""OH"": ""top|A""}",111,Ag3Ir,Ag9Ir3,1.333953058475231,top|A
OH*,"{""OH"": ""top|B""}",111,Ag3Ir,Ag9Ir3,0.0017770394741773,top|B
OH*,"{""OH"": ""top|B""}",111,Ag3Os,Ag9Os3,-0.6007632729189254,top|B
OH*,"{""OH"": ""hollow|A_A_A|FCC""}",111,Ag3Os,Ag9Os3,0.6967168710806391,hollow|A_A_A|FCC
O*,"{""O"": ""top|B""}",111,Ag3Os,Ag9Os3,-0.797905395160512,top|B
O*,"{""O"": ""hollow|A_A_A|FCC""}",111,Ag3Os,Ag9Os3,2.18489575384211,hollow|A_A_A|FCC
OH*,"{""OH"": ""hollow|A_A_A|HCP""}",111,Ag3Os,Ag9Os3,1.2261301267834597,hollow|A_A_A|HCP
OH*,"{""OH"": ""top-tilt|A""}",111,Ag3Pd,Ag9Pd3,1.2480450868796424,top-tilt|A
OH*,"{""OH"": ""top|B""}",111,Ag3Pd,Ag9Pd3,1.2875079881822558,top|B
OH*,"{""OH"": ""hollow|A_A_B|HCP""}",111,Ag3Pd,Ag9Pd3,0.7383972279830004,hollow|A_A_B|HCP
OH*,"{""OH"": ""hollow|A_A_B|FCC""}",111,Ag3Pd,Ag9Pd3,0.7241181903781353,hollow|A_A_B|FCC
OH*,"{""OH"": ""hollow|A_A_A|HCP""}",111,Ag3Pd,Ag9Pd3,0.8663557673834248,hollow|A_A_A|HCP
O*,"{""O"": ""top|B""}",111,Ag3Pd,Ag9Pd3,2.76765447853887,top|B
OH*,"{""OH"": ""bridge|A_A|B""}",111,Ag3Pd,Ag9Pd3,0.901139943377416,bridge|A_A|B
O*,"{""O"": ""hollow|A_A_B|HCP""}",111,Ag3Pd,Ag9Pd3,1.97960463833789,hollow|A_A_B|HCP
O*,"{""O"": ""hollow|A_A_B|FCC""}",111,Ag3Pd,Ag9Pd3,1.95659101863913,hollow|A_A_B|FCC
O*,"{""O"": ""hollow|A_A_A|HCP""}",111,Ag3Pd,Ag9Pd3,2.53889925893947,hollow|A_A_A|HCP
O*,"{""O"": ""hollow|A_A_A|FCC""}",111,Ag3Pd,Ag9Pd3,2.22858172573962,hollow|A_A_A|FCC
OH*,"{""OH"": ""hollow|A_A_A|FCC""}",111,Ag3Pd,Ag9Pd3,0.6618731021779922,hollow|A_A_A|FCC
O*,"{""O"": ""top|B""}",111,Ag3Pt,Ag9Pt3,2.19592235073998,top|B
O*,"{""O"": ""hollow|A_A_A|FCC""}",111,Ag3Pt,Ag9Pt3,2.38981516164114,hollow|A_A_A|FCC
OH*,"{""OH"": ""hollow|A_A_A|FCC""}",111,Ag3Pt,Ag9Pt3,0.7573574399838208,hollow|A_A_A|FCC
O*,"{""O"": ""hollow|A_A_A|HCP""}",111,Ag3Pt,Ag9Pt3,2.82847709163963,hollow|A_A_A|HCP
O*,"{""O"": ""hollow|A_A_B|FCC""}",111,Ag3Pt,Ag9Pt3,1.67449822124382,hollow|A_A_B|FCC
O*,"{""O"": ""hollow|A_A_B|HCP""}",111,Ag3Pt,Ag9Pt3,1.69252970873987,hollow|A_A_B|HCP
OH*,"{""OH"": ""top-tilt|A""}",111,Ag3Pt,Ag9Pt3,1.3035667863849767,top-tilt|A
OH*,"{""OH"": ""top|B""}",111,Ag3Pt,Ag9Pt3,0.6598892562805077,top|B
OH*,"{""OH"": ""hollow|A_A_A|HCP""}",111,Ag3Pt,Ag9Pt3,1.00314848248388,hollow|A_A_A|HCP
O*,"{""O"": ""bridge|A_B|A""}",111,Ag3Pt,Ag9Pt3,1.80456047274112,bridge|A_B|A
OH*,"{""OH"": ""hollow|A_A_A|FCC""}",111,Ag3Re,Ag9Re3,0.6052921995841416,hollow|A_A_A|FCC
O*,"{""O"": ""hollow|A_A_A|HCP""}",111,Ag3Re,Ag9Re3,2.94698226014208,hollow|A_A_A|HCP
O*,"{""O"": ""top|B""}",111,Ag3Re,Ag9Re3,-1.94374588496083,top|B
OH*,"{""OH"": ""hollow|A_A_A|HCP""}",111,Ag3Re,Ag9Re3,1.2364143971834665,hollow|A_A_A|HCP
O*,"{""O"": ""hollow|A_A_A|FCC""}",111,Ag3Re,Ag9Re3,2.04493114364215,hollow|A_A_A|FCC
OH*,"{""OH"": ""top|B""}",111,Ag3Rh,Ag9Rh3,0.2639973631856946,top|B
OH*,"{""OH"": ""top|A""}",111,Ag3Rh,Ag9Rh3,1.2530567435795774,top|A
OH*,"{""OH"": ""hollow|A_A_A|FCC""}",111,Ag3Rh,Ag9Rh3,0.6994604588807078,hollow|A_A_A|FCC
OH*,"{""OH"": ""bridge-tilt|A_B|A""}",111,Ag3Rh,Ag9Rh3,0.2835159527866153,bridge-tilt|A_B|A
OH*,"{""OH"": ""hollow|A_A_A|HCP""}",111,Ag3Rh,Ag9Rh3,1.0801758829810524,hollow|A_A_A|HCP
O*,"{""O"": ""hollow|A_A_B|HCP""}",111,Ag3Rh,Ag9Rh3,1.00408754744041,hollow|A_A_B|HCP
O*,"{""O"": ""hollow|A_A_B|FCC""}",111,Ag3Rh,Ag9Rh3,1.06524227543906,hollow|A_A_B|FCC
O*,"{""O"": ""hollow|A_A_A|HCP""}",111,Ag3Rh,Ag9Rh3,2.72544798953805,hollow|A_A_A|HCP
O*,"{""O"": ""hollow|A_A_A|FCC""}",111,Ag3Rh,Ag9Rh3,2.25136595363784,hollow|A_A_A|FCC
O*,"{""O"": ""top|B""}",111,Ag3Rh,Ag9Rh3,1.32372076184021,top|B
O*,"{""O"": ""top|B""}",111,Ag3Ru,Ag9Ru3,-0.0435658337630116,top|B
OH*,"{""OH"": ""hollow|A_A_A|FCC""}",111,Ag3Ru,Ag9Ru3,0.6498040370832996,hollow|A_A_A|FCC
OH*,"{""OH"": ""hollow|A_A_A|HCP""}",111,Ag3Ru,Ag9Ru3,1.141720822179991,hollow|A_A_A|HCP
OH*,"{""OH"": ""top|A""}",111,Ag3Ru,Ag9Ru3,1.2264089073840978,top|A
OH*,"{""OH"": ""top|B""}",111,Ag3Ru,Ag9Ru3,-0.2817163279206625,top|B
O*,"{""O"": ""hollow|A_A_A|HCP""}",111,Ag3Ru,Ag9Ru3,2.77061290014154,hollow|A_A_A|HCP
O*,"{""O"": ""hollow|A_A_A|FCC""}",111,Ag3Ru,Ag9Ru3,2.15278999434287,hollow|A_A_A|FCC
O*,"{""O"": ""hollow-tilt|A_A_B|HCP""}",111,Ag3Ru,Ag9Ru3,-0.0352624160624941,hollow-tilt|A_A_B|HCP
O*,"{""O"": ""hollow|A_A_B|FCC""}",111,Ag3Sc,Ag9Sc3,-1.01268607256151,hollow|A_A_B|FCC
O*,"{""O"": ""top|B""}",111,Ag3Sc,Ag9Sc3,-0.593663006566374,top|B
O*,"{""O"": ""hollow|A_A_A|FCC""}",111,Ag3Sc,Ag9Sc3,1.68415077943411,hollow|A_A_A|FCC
O*,"{""O"": ""hollow|A_A_B|HCP""}",111,Ag3Sc,Ag9Sc3,-1.09237379386121,hollow|A_A_B|HCP
OH*,"{""OH"": ""hollow|A_A_A|HCP""}",111,Ag3Tc,Ag9Tc3,1.1675721811815265,hollow|A_A_A|HCP
OH*,"{""OH"": ""hollow|A_A_A|FCC""}",111,Ag3Tc,Ag9Tc3,0.5765621484796384,hollow|A_A_A|FCC
OH*,"{""OH"": ""top|B""}",111,Ag3Tc,Ag9Tc3,-0.8302231313165294,top|B
O*,"{""O"": ""top|B""}",111,Ag3Tc,Ag9Tc3,-1.24075161966556,top|B
O*,"{""O"": ""hollow|A_A_A|FCC""}",111,Ag3Tc,Ag9Tc3,2.03890613514142,hollow|A_A_A|FCC
O*,"{""O"": ""top|B""}",111,Ag3Y,Ag9Y3,-0.0149594582655368,top|B
O*,"{""O"": ""hollow|A_A_B|FCC""}",111,Ag3Y,Ag9Y3,-0.686088512662707,hollow|A_A_B|FCC
O*,"{""O"": ""hollow|A_A_B|HCP""}",111,Ag3Y,Ag9Y3,-0.848574216459554,hollow|A_A_B|HCP
O*,"{""O"": ""top|A""}",111,Ag3Y,Ag9Y3,2.43892912453504,top|A
O*,"{""O"": ""top|B""}",111,Ag3Zn,Ag9Zn3,2.23951607614055,top|B
O*,"{""O"": ""hollow|A_A_B|FCC""}",111,Ag3Zn,Ag9Zn3,1.16888200104205,hollow|A_A_B|FCC
OH*,"{""OH"": ""hollow|A_A_A|HCP""}",111,Ag3Zn,Ag9Zn3,0.6672993241853646,hollow|A_A_A|HCP
OH*,"{""OH"": ""hollow|A_A_B|HCP""}",111,Ag3Zn,Ag9Zn3,0.178110072182676,hollow|A_A_B|HCP
OH*,"{""OH"": ""hollow|A_A_A|FCC""}",111,Ag3Zn,Ag9Zn3,0.6005755143822853,hollow|A_A_A|FCC
OH*,"{""OH"": ""bridge|A_B|A""}",111,Ag3Zn,Ag9Zn3,0.2163532231833187,bridge|A_B|A
O*,"{""O"": ""hollow|A_A_A|FCC""}",111,Ag3Zn,Ag9Zn3,2.12129649104082,hollow|A_A_A|FCC
O*,"{""O"": ""hollow|A_A_B|HCP""}",111,Ag3Zn,Ag9Zn3,1.21103501974341,hollow|A_A_B|HCP
OH*,"{""OH"": ""top|B""}",111,Ag3Zn,Ag9Zn3,0.6107064485812543,top|B
OH*,"{""OH"": ""hollow|A_A_B|FCC""}",111,Ag3Zn,Ag9Zn3,0.1828890714795079,hollow|A_A_B|FCC
OH*,"{""OH"": ""bridge|A_A|A""}",111,Al,Al12,-0.7638851788900638,bridge|A_A|A
O*,"{""O"": ""hollow|A_A_A|HCP""}",111,Al,Al12,-1.58891637818209,hollow|A_A_A|HCP
O*,"{""O"": ""hollow|A_A_A|FCC""}",111,Al,Al12,-2.04037146814193,hollow|A_A_A|FCC
OH*,"{""OH"": ""hollow|A_A_A|FCC""}",111,Al,Al12,-0.7693354830199723,hollow|A_A_A|FCC
OH*,"{""OH"": ""hollow|A_A_A|HCP""}",111,Al,Al12,-0.5158698778399184,hollow|A_A_A|HCP
O*,"{""O"": ""top|A""}",111,Al,Al12,0.903947613917865,top|A
O*,"{""O"": ""hollow|A_A_B|FCC""}",111,Co3Al,Al3Co9,-0.341126942261496,hollow|A_A_B|FCC
O*,"{""O"": ""top|B""}",111,Co3Al,Al3Co9,1.71004186693955,top|B
O*,"{""O"": ""hollow|A_A_A|HCP""}",111,Cu3Al,Al3Cu9,1.28827630164216,hollow|A_A_A|HCP
O*,"{""O"": ""hollow|A_A_B|HCP""}",111,Cu3Al,Al3Cu9,-0.0866237669580983,hollow|A_A_B|HCP
O*,"{""O"": ""top|B""}",111,Cu3Al,Al3Cu9,1.23339815134005,top|B
O*,"{""O"": ""hollow|A_A_A|FCC""}",111,Cu3Al,Al3Cu9,1.22676374383792,hollow|A_A_A|FCC
O*,"{""O"": ""hollow|A_A_B|FCC""}",111,Cu3Al,Al3Cu9,-0.0985009917605453,hollow|A_A_B|FCC
O*,"{""O"": ""hollow|A_A_A|HCP""}",111,Fe3Al,Al3Fe9,-0.382319399061259,hollow|A_A_A|HCP
O*,"{""O"": ""hollow|A_A_B|FCC""}",111,Fe3Al,Al3Fe9,-0.386517979561347,hollow|A_A_B|FCC
O*,"{""O"": ""hollow|A_A_A|FCC""}",111,Fe3Al,Al3Fe9,-0.28930898426205,hollow|A_A_A|FCC
O*,"{""O"": ""top|B""}",111,Hf3Al,Al3Hf9,0.189573003735688,top|B
O*,"{""O"": ""hollow|A_A_A|HCP""}",111,Hf3Al,Al3Hf9,-3.33380269426215,hollow|A_A_A|HCP
O*,"{""O"": ""hollow|A_A_B|FCC""}",111,Hf3Al,Al3Hf9,-2.55097580716409,hollow|A_A_B|FCC
O*,"{""O"": ""hollow|A_A_B|HCP""}",111,Hf3Al,Al3Hf9,-2.45641652026114,hollow|A_A_B|HCP
O*,"{""O"": ""hollow|A_A_A|FCC""}",111,Hf3Al,Al3Hf9,-3.62053666526134,hollow|A_A_A|FCC
O*,"{""O"": ""hollow|A_A_B|HCP""}",111,Ir3Al,Al3Ir9,0.137940627438923,hollow|A_A_B|HCP
O*,"{""O"": ""hollow|A_A_B|FCC""}",111,Ir3Al,Al3Ir9,0.142210773839736,hollow|A_A_B|FCC
O*,"{""O"": ""hollow|A_A_A|HCP""}",111,Ir3Al,Al3Ir9,0.468157709539639,hollow|A_A_A|HCP
O*,"{""O"": ""hollow|A_A_A|FCC""}",111,Ir3Al,Al3Ir9,0.848359790841471,hollow|A_A_A|FCC
O*,"{""O"": ""top-tilt|A""}",111,Ir3Al,Al3Ir9,1.53776360243847,top-tilt|A
O*,"{""O"": ""top|B""}",111,Ir3Al,Al3Ir9,1.72007824164012,top|B
O*,"{""O"": ""hollow|A_A_B|FCC""}",111,La3Al,Al3La9,-2.2611991952619,hollow|A_A_B|FCC
O*,"{""O"": ""top|B""}",111,La3Al,Al3La9,-0.437205712662205,top|B
O*,"{""O"": ""bridge|A_B|A""}",111,La3Al,Al3La9,-2.09834627386061,bridge|A_B|A
O*,"{""O"": ""hollow|A_A_A|HCP""}",111,La3Al,Al3La9,-2.71054513086182,hollow|A_A_A|HCP
O*,"{""O"": ""hollow|A_A_A|FCC""}",111,La3Al,Al3La9,-3.07789405106104,hollow|A_A_A|FCC
O*,"{""O"": ""top|A""}",111,Nb3Al,Al3Nb9,-0.712391172361265,top|A
O*,"{""O"": ""hollow|A_A_B|HCP""}",111,Nb3Al,Al3Nb9,-1.91537774506122,hollow|A_A_B|HCP
O*,"{""O"": ""hollow|A_A_A|FCC""}",111,Nb3Al,Al3Nb9,-2.47550136046101,hollow|A_A_A|FCC
O*,"{""O"": ""hollow|A_A_A|HCP""}",111,Nb3Al,Al3Nb9,-2.26360100806068,hollow|A_A_A|HCP
O*,"{""O"": ""hollow|A_A_B|FCC""}",111,Nb3Al,Al3Nb9,-1.87135788936229,hollow|A_A_B|FCC
O*,"{""O"": ""top|B""}",111,Nb3Al,Al3Nb9,1.02058635373925,top|B
O*,"{""O"": ""hollow|A_A_B|FCC""}",111,Pd3Al,Al3Pd9,0.413161325835802,hollow|A_A_B|FCC
O*,"{""O"": ""top|B""}",111,Pd3Al,Al3Pd9,1.41490175523705,top|B
O*,"{""O"": ""hollow|A_A_B|HCP""}",111,Pd3Al,Al3Pd9,0.468812823535529,hollow|A_A_B|HCP
O*,"{""O"": ""hollow|A_A_A|HCP""}",111,Rh3Al,Al3Rh9,0.46944303913898,hollow|A_A_A|HCP
O*,"{""O"": ""top|B""}",111,Rh3Al,Al3Rh9,1.45544916623822,top|B
O*,"{""O"": ""hollow|A_A_A|FCC""}",111,Rh3Al,Al3Rh9,0.603985372839645,hollow|A_A_A|FCC
O*,"{""O"": ""hollow|A_A_B|HCP""}",111,Rh3Al,Al3Rh9,0.0073198622374661,hollow|A_A_B|HCP
O*,"{""O"": ""hollow|A_A_A|HCP""}",111,Ru3Al,Al3Ru9,-0.536639646863648,hollow|A_A_A|HCP
O*,"{""O"": ""hollow|A_A_B|HCP""}",111,Ru3Al,Al3Ru9,-0.352445245262231,hollow|A_A_B|HCP
O*,"{""O"": ""hollow|A_A_A|FCC""}",111,Ru3Al,Al3Ru9,-0.499563319965262,hollow|A_A_A|FCC
O*,"{""O"": ""hollow|A_A_B|HCP""}",111,Sc3Al,Al3Sc9,-2.64021935016189,hollow|A_A_B|HCP
O*,"{""O"": ""hollow|A_A_B|FCC""}",111,Sc3Al,Al3Sc9,-2.66361787486147,hollow|A_A_B|FCC
O*,"{""O"": ""hollow|A_A_A|HCP""}",111,Sc3Al,Al3Sc9,-3.8233335852602894,hollow|A_A_A|HCP
O*,"{""O"": ""hollow|A_A_A|FCC""}",111,Sc3Al,Al3Sc9,-3.75961323186147,hollow|A_A_A|FCC
O*,"{""O"": ""hollow|A_A_B|FCC""}",111,Ta3Al,Al3Ta9,-1.90583171946145,hollow|A_A_B|FCC
O*,"{""O"": ""hollow|A_A_A|HCP""}",111,Ta3Al,Al3Ta9,-2.41210278166199,hollow|A_A_A|HCP
O*,"{""O"": ""hollow|A_A_A|FCC""}",111,Ta3Al,Al3Ta9,-2.66647874366407,hollow|A_A_A|FCC
O*,"{""O"": ""hollow|A_A_B|FCC""}",111,Ti3Al,Al3Ti9,-2.53114020496304,hollow|A_A_B|FCC
O*,"{""O"": ""hollow|A_A_A|HCP""}",111,Ti3Al,Al3Ti9,-3.22495688676298,hollow|A_A_A|HCP
O*,"{""O"": ""hollow|A_A_A|FCC""}",111,Ti3Al,Al3Ti9,-3.42841014526329,hollow|A_A_A|FCC
O*,"{""O"": ""hollow|A_A_A|FCC""}",111,V3Al,Al3V9,-2.61003580286359,hollow|A_A_A|FCC
O*,"{""O"": ""hollow|A_A_A|HCP""}",111,V3Al,Al3V9,-2.47028629876166,hollow|A_A_A|HCP
O*,"{""O"": ""hollow|A_A_B|FCC""}",111,V3Al,Al3V9,-2.114517046961,hollow|A_A_B|FCC
O*,"{""O"": ""hollow|A_A_A|HCP""}",111,Al3Co,Al9Co3,-1.57905524486176,hollow|A_A_A|HCP
O*,"{""O"": ""hollow|A_A_B|FCC""}",111,Al3Co,Al9Co3,-0.909329209362284,hollow|A_A_B|FCC
O*,"{""O"": ""top|B""}",111,Al3Co,Al9Co3,1.97016119963865,top|B
O*,"{""O"": ""hollow|A_A_A|FCC""}",111,Al3Co,Al9Co3,-1.46802749246143,hollow|A_A_A|FCC
O*,"{""O"": ""hollow|A_A_B|HCP""}",111,Al3Cu,Al9Cu3,-1.15101568676272,hollow|A_A_B|HCP
O*,"{""O"": ""top|B""}",111,Al3Cu,Al9Cu3,2.48092758243712,top|B
O*,"{""O"": ""hollow|A_A_A|FCC""}",111,Al3Cu,Al9Cu3,-1.96858375586106,hollow|A_A_A|FCC
O*,"{""O"": ""hollow|A_A_A|HCP""}",111,Al3Cu,Al9Cu3,-1.80736787126096,hollow|A_A_A|HCP
O*,"{""O"": ""hollow|A_A_B|FCC""}",111,Al3Cu,Al9Cu3,-1.35490541586131,hollow|A_A_B|FCC
O*,"{""O"": ""hollow|A_A_B|HCP""}",111,Al3Hf,Al9Hf3,-1.75920140881243,hollow|A_A_B|HCP
O*,"{""O"": ""top|B""}",111,Al3Hf,Al9Hf3,0.173714617408052,top|B
O*,"{""O"": ""hollow|A_A_B|FCC""}",111,Al3Hf,Al9Hf3,-1.86760190209242,hollow|A_A_B|FCC
O*,"{""O"": ""hollow|A_A_A|HCP""}",111,Al3Hf,Al9Hf3,-0.553112058081922,hollow|A_A_A|HCP
O*,"{""O"": ""hollow|A_A_A|FCC""}",111,Al3Hf,Al9Hf3,-0.507453396811968,hollow|A_A_A|FCC
O*,"{""O"": ""top|B""}",111,Al3Ir,Al9Ir3,2.57740391132921,top|B
O*,"{""O"": ""hollow|A_A_A|FCC""}",111,Al3Ir,Al9Ir3,-1.68465078861135,hollow|A_A_A|FCC
O*,"{""O"": ""hollow|A_A_A|HCP""}",111,Al3Ir,Al9Ir3,-1.76399918396072,hollow|A_A_A|HCP
O*,"{""O"": ""bridge|A_B|A""}",111,Al3La,Al9La3,-1.40882912679189,bridge|A_B|A
O*,"{""O"": ""hollow|A_A_A|HCP""}",111,Al3La,Al9La3,-1.19857519919168,hollow|A_A_A|HCP
O*,"{""O"": ""bridge|A_A|B""}",111,Al3La,Al9La3,-1.91251646808195,bridge|A_A|B
O*,"{""O"": ""hollow|A_A_B|HCP""}",111,Al3La,Al9La3,-1.96468150729123,hollow|A_A_B|HCP
O*,"{""O"": ""hollow|A_A_B|FCC""}",111,Al3Mo,Al9Mo3,-0.9913372453222,hollow|A_A_B|FCC
O*,"{""O"": ""hollow|A_A_B|HCP""}",111,Al3Mo,Al9Mo3,-1.06071593385167,hollow|A_A_B|HCP
O*,"{""O"": ""hollow|A_A_A|HCP""}",111,Al3Mo,Al9Mo3,-1.48465500850142,hollow|A_A_A|HCP
O*,"{""O"": ""hollow|A_A_B|HCP""}",111,Al3Nb,Al9Nb3,-1.14518959335254,hollow|A_A_B|HCP
O*,"{""O"": ""hollow|A_A_A|HCP""}",111,Al3Nb,Al9Nb3,-0.909377781622595,hollow|A_A_A|HCP
O*,"{""O"": ""hollow|A_A_B|FCC""}",111,Al3Nb,Al9Nb3,-1.22637666191184,hollow|A_A_B|FCC
O*,"{""O"": ""hollow|A_A_A|FCC""}",111,Al3Ni,Al9Ni3,-1.66795918966108,hollow|A_A_A|FCC
O*,"{""O"": ""hollow|A_A_B|FCC""}",111,Al3Ni,Al9Ni3,-1.02606305286116,hollow|A_A_B|FCC
O*,"{""O"": ""top|B""}",111,Al3Ni,Al9Ni3,2.47082113843845,top|B
O*,"{""O"": ""hollow|A_A_A|HCP""}",111,Al3Ni,Al9Ni3,-1.70570137916201,hollow|A_A_A|HCP
O*,"{""O"": ""hollow|A_A_A|HCP""}",111,Al3Pd,Al9Pd3,-1.84833719471152,hollow|A_A_A|HCP
O*,"{""O"": ""hollow|A_A_A|FCC""}",111,Al3Pd,Al9Pd3,-1.75365001439258,hollow|A_A_A|FCC
O*,"{""O"": ""top|B""}",111,Al3Pd,Al9Pd3,3.45739407866841,top|B
O*,"{""O"": ""top|B""}",111,Al3Pt,Al9Pt3,3.29102503828636,top|B
O*,"{""O"": ""hollow|A_A_A|HCP""}",111,Al3Pt,Al9Pt3,-1.96852457103358,hollow|A_A_A|HCP
O*,"{""O"": ""hollow|A_A_A|FCC""}",111,Al3Pt,Al9Pt3,-1.95153527957353,hollow|A_A_A|FCC
O*,"{""O"": ""hollow|A_A_A|HCP""}",111,Al3Rh,Al9Rh3,-1.70580342180182,hollow|A_A_A|HCP
O*,"{""O"": ""hollow|A_A_A|FCC""}",111,Al3Rh,Al9Rh3,-1.56316406872173,hollow|A_A_A|FCC
O*,"{""O"": ""hollow|A_A_A|FCC""}",111,Al3Ru,Al9Ru3,-1.63186723464077,hollow|A_A_A|FCC
O*,"{""O"": ""hollow|A_A_A|HCP""}",111,Al3Ru,Al9Ru3,-1.76727434612093,hollow|A_A_A|HCP
O*,"{""O"": ""hollow|A_A_B|FCC""}",111,Al3Sc,Al9Sc3,-2.15320673670175,hollow|A_A_B|FCC
O*,"{""O"": ""hollow|A_A_B|HCP""}",111,Al3Sc,Al9Sc3,-2.09234738823142,hollow|A_A_B|HCP
O*,"{""O"": ""hollow|A_A_A|FCC""}",111,Al3Ta,Al9Ta3,-0.523075044112545,hollow|A_A_A|FCC
O*,"{""O"": ""hollow|A_A_A|HCP""}",111,Al3Ta,Al9Ta3,-0.863035434332403,hollow|A_A_A|HCP
O*,"{""O"": ""hollow|A_A_B|FCC""}",111,Al3Ta,Al9Ta3,-1.33281807161274,hollow|A_A_B|FCC
O*,"{""O"": ""hollow|A_A_B|HCP""}",111,Al3Ta,Al9Ta3,-1.18765663141238,hollow|A_A_B|HCP
O*,"{""O"": ""hollow|A_A_B|HCP""}",111,Al3Ti,Al9Ti3,-1.61180591401279,hollow|A_A_B|HCP
O*,"{""O"": ""hollow|A_A_A|HCP""}",111,Al3Ti,Al9Ti3,-0.720387781782108,hollow|A_A_A|HCP
O*,"{""O"": ""hollow|A_A_A|FCC""}",111,Al3Ti,Al9Ti3,-0.610821824932089,hollow|A_A_A|FCC
O*,"{""O"": ""hollow|A_A_B|FCC""}",111,Al3Ti,Al9Ti3,-1.74794501171272,hollow|A_A_B|FCC
O*,"{""O"": ""top|B""}",111,Al3Ti,Al9Ti3,0.0571199600979639,top|B
O*,"{""O"": ""hollow|A_A_B|FCC""}",111,Al3V,Al9V3,-1.32037362548198,hollow|A_A_B|FCC
O*,"{""O"": ""hollow|A_A_B|HCP""}",111,Al3V,Al9V3,-1.20191117879148,hollow|A_A_B|HCP
O*,"{""O"": ""hollow|A_A_A|FCC""}",111,Al3Y,Al9Y3,-0.948689115502191,hollow|A_A_A|FCC
O*,"{""O"": ""hollow|A_A_B|FCC""}",111,Al3Y,Al9Y3,-2.11907264072232,hollow|A_A_B|FCC
O*,"{""O"": ""hollow|A_A_B|HCP""}",111,Al3Y,Al9Y3,-2.09566323141206,hollow|A_A_B|HCP
O*,"{""O"": ""top|B""}",111,Al3Y,Al9Y3,1.30834564958769,top|B
O*,"{""O"": ""hollow|A_A_A|HCP""}",111,Al3Y,Al9Y3,-1.12225134916224,hollow|A_A_A|HCP
O*,"{""O"": ""hollow|A_A_A|FCC""}",111,Al3Zr,Al9Zr3,-0.4958797149622,hollow|A_A_A|FCC
O*,"{""O"": ""hollow|A_A_A|HCP""}",111,Al3Zr,Al9Zr3,-0.537480070452318,hollow|A_A_A|HCP
O*,"{""O"": ""hollow|A_A_B|FCC""}",111,Al3Zr,Al9Zr3,-1.72775593362184,hollow|A_A_B|FCC
O*,"{""O"": ""hollow|A_A_B|HCP""}",111,Al3Zr,Al9Zr3,-1.64583783123197,hollow|A_A_B|HCP
O*,"{""O"": ""top|B""}",111,Al3Zr,Al9Zr3,0.410094058598418,top|B
OH*,"{""OH"": ""top|A""}",111,Au,Au12,2.035280490378568,top|A
OH*,"{""OH"": ""hollow|A_A_A|HCP""}",111,Au,Au12,1.4154380916778564,hollow|A_A_A|HCP
OH*,"{""OH"": ""hollow|A_A_A|FCC""}",111,Au,Au12,1.3747626511802764,hollow|A_A_A|FCC
O*,"{""O"": ""top|A""}",111,Au,Au12,3.70546121743593,top|A
O*,"{""O"": ""hollow|A_A_A|HCP""}",111,Au,Au12,2.61923161793658,hollow|A_A_A|HCP
O*,"{""O"": ""hollow|A_A_A|FCC""}",111,Au,Au12,2.41503195113529,hollow|A_A_A|FCC
OH*,"{""OH"": ""bridge|A_A|A""}",111,Au,Au12,1.2733503133794102,bridge|A_A|A
OH*,{},012,Au2O3-corundum,Au12O18,1.8421802500000128,
O*,{},12,Au2O3-corundum,Au12O18,4.33078267000001,
OH*,"{""OH"": ""ontop""}",111,Au-fcc,Au16,2.2236436759558273,ontop
OH*,"{""OH"": ""hcp""}",111,Au-fcc,Au16,1.5766644525974698,hcp
OH*,"{""OH"": ""fcc""}",111,Au-fcc,Au16,1.5193882991516148,fcc
O*,"{""Ostar"": ""fcc""}",111,Au-fcc,Au16,2.83033630000001,fcc
OH*,"{""OH"": ""fcc""}",111+2%,Au-fcc,Au16,1.1904243012722873,fcc
OH*,"{""OH"": ""fcc""}",111-3%,Au-fcc,Au16,1.883091574192804,fcc
OH*,"{""OH"": ""fcc""}",111+8%,Au-fcc,Au16,0.4335240125001292,fcc
OH*,"{""OH"": ""fcc""}",111-1%,Au-fcc,Au16,1.661817308238824,fcc
OH*,"{""OH"": ""fcc""}",111-2%,Au-fcc,Au16,1.7779478753909643,fcc
OH*,"{""OH"": ""fcc""}",111-5%,Au-fcc,Au16,2.1607739504433994,fcc
"{""Ostar"": 1.0}","{""O"": ""bridge""}",111,Au,Au16,2.68692014846,bridge
"{""Ostar"": 1.0}","{""O"": ""fcc""}",111,Au,Au16,2.54564325815,fcc
"{""Ostar"": 1.0}","{""O"": ""ontop""}",111,Au,Au16,3.89795880177,ontop
OH*,"{""OH"": ""fcc""}",111+5%,Au-fcc,Au16,0.7859161955566378,fcc
O*,{},111,Au,Au27,2.33803982324025,
O*,{},111,Au,Au27,3.6369820914405904,
O*,{},111,Au,Au27,2.33858690813213,
OH*,{},111,Au-fcc,Au27,1.15477478556204,
OH*,{},100,Au2O3-corundum,Au32O48,0.714709790000029,
O*,"{""Ostar"": ""peroxo""}",100,Au2O3-corundum,Au32O48,2.86808843,peroxo
O*,{},100,Au2O3-corundum,Au32O48,3.16382041000003,
"{""H2gas"": 0.5, ""OHstar"": 1}",{},100,Au-fcc,Au36,1.002615999415866,
OH*,{},100,Au-fcc,Au36,0.988672205428884,
"{""H2gas"": 0.5, ""OHstar"": 1}","{""OHstar"": ""ontop""}",211,Au,Au36,0.9495004449999982,ontop
O*,"{""O"": ""hollow|A_A_A|FCC""}",111,Bi3Au,Au3Bi9,0.816997582340093,hollow|A_A_A|FCC
O*,"{""O"": ""hollow|A_A_A|HCP""}",111,Bi3Au,Au3Bi9,1.44175435703784,hollow|A_A_A|HCP
O*,"{""O"": ""hollow|A_A_B|HCP""}",111,Bi3Au,Au3Bi9,1.2538152608393,hollow|A_A_B|HCP
OH*,"{""OH"": ""hollow|A_A_A|FCC""}",111,Bi3Au,Au3Bi9,0.2224598658802961,hollow|A_A_A|FCC
OH*,"{""OH"": ""bridge|A_A|A""}",111,Bi3Au,Au3Bi9,0.1796271068823216,bridge|A_A|A
OH*,"{""OH"": ""hollow|A_A_B|HCP""}",111,Bi3Au,Au3Bi9,0.4779997948797927,hollow|A_A_B|HCP
OH*,"{""OH"": ""top|A""}",111,Bi3Au,Au3Bi9,0.1733193719818473,top|A
OH*,"{""OH"": ""top|B""}",111,Bi3Au,Au3Bi9,1.493628506480377,top|B
OH*,"{""OH"": ""hollow|A_A_A|HCP""}",111,Bi3Au,Au3Bi9,0.7128592081797933,hollow|A_A_A|HCP
OH*,"{""OH"": ""bridge|A_A|B""}",111,Cu3Au,Au3Cu9,0.4253957000809123,bridge|A_A|B
O*,"{""O"": ""hollow|A_A_A|FCC""}",111,Cu3Au,Au3Cu9,0.856096667539362,hollow|A_A_A|FCC
OH*,"{""OH"": ""hollow-tilt|A_A_A|HCP""}",111,Cu3Au,Au3Cu9,0.6353553365814832,hollow-tilt|A_A_A|HCP
OH*,"{""OH"": ""hollow|A_A_A|FCC""}",111,Cu3Au,Au3Cu9,0.1634561978834199,hollow|A_A_A|FCC
O*,"{""O"": ""top|B""}",111,Cu3Au,Au3Cu9,3.47155352234023,top|B
O*,"{""O"": ""hollow|A_A_B|FCC""}",111,Cu3Au,Au3Cu9,1.37134027533813,hollow|A_A_B|FCC
OH*,"{""OH"": ""top|B""}",111,Cu3Au,Au3Cu9,1.8310132032828503,top|B
O*,"{""O"": ""hollow|A_A_A|HCP""}",111,Cu3Au,Au3Cu9,0.998740646540512,hollow|A_A_A|HCP
OH*,"{""OH"": ""hollow|A_A_A|HCP""}",111,Cu3Au,Au3Cu9,0.1474231143846509,hollow|A_A_A|HCP
O*,"{""O"": ""hollow|A_A_A|HCP""}",111,Hf3Au,Au3Hf9,-3.50504366086187,hollow|A_A_A|HCP
O*,"{""O"": ""hollow|A_A_A|FCC""}",111,Hf3Au,Au3Hf9,-3.8832827129628495,hollow|A_A_A|FCC
O*,"{""O"": ""top|B""}",111,Hf3Au,Au3Hf9,2.46622840113542,top|B
O*,"{""O"": ""hollow|A_A_A|FCC""}",111,Ir3Au,Au3Ir9,0.332022557438734,hollow|A_A_A|FCC
O*,"{""O"": ""hollow|A_A_A|HCP""}",111,Ir3Au,Au3Ir9,0.278824574139264,hollow|A_A_A|HCP
O*,"{""O"": ""top|B""}",111,Ir3Au,Au3Ir9,3.6292336957374705,top|B
OH*,"{""OH"": ""bridge|A_A|A""}",111,Ir3Au,Au3Ir9,0.5265572849792761,bridge|A_A|A
OH*,"{""OH"": ""bridge|A_A|B""}",111,Ir3Au,Au3Ir9,0.3767832430793305,bridge|A_A|B
O*,"{""O"": ""bridge|A_A|A""}",111,Ir3Au,Au3Ir9,1.11850025993755,bridge|A_A|A
OH*,"{""OH"": ""top|A""}",111,Ir3Au,Au3Ir9,0.3669777569783718,top|A
OH*,"{""OH"": ""top|B""}",111,Ir3Au,Au3Ir9,2.2328224839810673,top|B
OH*,"{""OH"": ""hollow|A_A_A|HCP""}",111,Ir3Au,Au3Ir9,0.6034675402814855,hollow|A_A_A|HCP
OH*,"{""OH"": ""hollow|A_A_A|FCC""}",111,Ir3Au,Au3Ir9,0.9044428611786088,hollow|A_A_A|FCC
OH*,"{""OH"": ""top|B""}",111,Pd3Au,Au3Pd9,1.9679675539817936,top|B
OH*,"{""OH"": ""top|A""}",111,Pd3Au,Au3Pd9,1.2581967017803208,top|A
OH*,"{""OH"": ""top-tilt|A""}",111,Pd3Au,Au3Pd9,0.9475443325799232,top-tilt|A
OH*,"{""OH"": ""hollow|A_A_A|HCP""}",111,Pd3Au,Au3Pd9,0.8327161021815073,hollow|A_A_A|HCP
OH*,"{""OH"": ""hollow|A_A_A|FCC""}",111,Pd3Au,Au3Pd9,0.736902506680849,hollow|A_A_A|FCC
OH*,"{""OH"": ""bridge|A_A|B""}",111,Pd3Au,Au3Pd9,0.750634051281736,bridge|A_A|B
O*,"{""O"": ""hollow|A_A_B|HCP""}",111,Pd3Au,Au3Pd9,1.9914867612386,hollow|A_A_B|HCP
O*,"{""O"": ""hollow|A_A_B|FCC""}",111,Pd3Au,Au3Pd9,1.84578068514003,hollow|A_A_B|FCC
O*,"{""O"": ""hollow|A_A_A|HCP""}",111,Pd3Au,Au3Pd9,1.63489490923877,hollow|A_A_A|HCP
O*,"{""O"": ""hollow|A_A_A|FCC""}",111,Pd3Au,Au3Pd9,1.40228465283855,hollow|A_A_A|FCC
O*,"{""O"": ""top|B""}",111,Pd3Au,Au3Pd9,3.40722689923842,top|B
OH*,"{""OH"": ""bridge|A_A|A""}",111,Pd3Au,Au3Pd9,0.7339413638809447,bridge|A_A|A
OH*,"{""OH"": ""bridge|A_A|B""}",111,Pt3Au,Au3Pt9,0.7544422844811152,bridge|A_A|B
OH*,"{""OH"": ""top|A""}",111,Pt3Au,Au3Pt9,0.8018758082806698,top|A
OH*,"{""OH"": ""hollow|A_A_A|HCP""}",111,Pt3Au,Au3Pt9,1.1704047500796833,hollow|A_A_A|HCP
OH*,"{""OH"": ""hollow|A_A_A|FCC""}",111,Pt3Au,Au3Pt9,1.4439539892781568,hollow|A_A_A|FCC
OH*,"{""OH"": ""top|B""}",111,Pt3Au,Au3Pt9,1.5503054652807575,top|B
OH*,"{""OH"": ""bridge|A_A|A""}",111,Pt3Au,Au3Pt9,1.02949141508077,bridge|A_A|A
O*,"{""O"": ""hollow|A_A_A|HCP""}",111,Pt3Au,Au3Pt9,1.51265701913854,hollow|A_A_A|HCP
O*,"{""O"": ""hollow|A_A_A|FCC""}",111,Pt3Au,Au3Pt9,1.42002647523606,hollow|A_A_A|FCC
O*,"{""O"": ""top|B""}",111,Pt3Au,Au3Pt9,3.81809702653828,top|B
O*,"{""O"": ""bridge|A_A|B""}",111,Pt3Au,Au3Pt9,1.79523839683662,bridge|A_A|B
O*,"{""O"": ""hollow|A_A_B|FCC""}",111,Pt3Au,Au3Pt9,1.68999374383549,hollow|A_A_B|FCC
OH*,"{""OH"": ""top|A""}",111,Re3Au,Au3Re9,-0.5392851376192311,top|A
OH*,"{""OH"": ""top|B""}",111,Re3Au,Au3Re9,1.6849325624797302,top|B
OH*,"{""OH"": ""hollow|A_A_A|HCP""}",111,Re3Au,Au3Re9,-1.4267989805185834,hollow|A_A_A|HCP
OH*,"{""OH"": ""top-tilt|A""}",111,Re3Au,Au3Re9,-0.045862746620628,top-tilt|A
O*,"{""O"": ""hollow|A_A_A|FCC""}",111,Re3Au,Au3Re9,-0.794673907363347,hollow|A_A_A|FCC
O*,"{""O"": ""hollow|A_A_A|HCP""}",111,Re3Au,Au3Re9,-1.51512250656032,hollow|A_A_A|HCP
O*,"{""O"": ""top|A""}",111,Re3Au,Au3Re9,-0.103330060061296,top|A
OH*,"{""OH"": ""hollow|A_A_A|FCC""}",111,Re3Au,Au3Re9,-0.7166768293201358,hollow|A_A_A|FCC
OH*,"{""OH"": ""top-tilt|B""}",111,Rh3Au,Au3Rh9,1.2576239021808533,top-tilt|B
OH*,"{""OH"": ""hollow|A_A_A|HCP""}",111,Rh3Au,Au3Rh9,0.3897691956780136,hollow|A_A_A|HCP
OH*,"{""OH"": ""bridge|A_A|B""}",111,Rh3Au,Au3Rh9,0.3283739190782171,bridge|A_A|B
OH*,"{""OH"": ""bridge-tilt|A_A|B""}",111,Rh3Au,Au3Rh9,0.9787345649791632,bridge-tilt|A_A|B
OH*,"{""OH"": ""top-tilt|A""}",111,Rh3Au,Au3Rh9,0.5148528523794766,top-tilt|A
OH*,"{""OH"": ""top|B""}",111,Rh3Au,Au3Rh9,2.4943580331790827,top|B
OH*,"{""OH"": ""bridge|A_A|A""}",111,Rh3Au,Au3Rh9,0.2665289742807317,bridge|A_A|A
O*,"{""O"": ""hollow|A_A_A|FCC""}",111,Rh3Au,Au3Rh9,0.240805917037335,hollow|A_A_A|FCC
O*,"{""O"": ""hollow|A_A_A|HCP""}",111,Rh3Au,Au3Rh9,0.372652963138364,hollow|A_A_A|HCP
OH*,"{""OH"": ""hollow|A_A_A|FCC""}",111,Rh3Au,Au3Rh9,0.2959929164798041,hollow|A_A_A|FCC
OH*,"{""OH"": ""hollow|A_A_A|FCC""}",111,Ru3Au,Au3Ru9,-0.2675390608193311,hollow|A_A_A|FCC
OH*,"{""OH"": ""top|B""}",111,Ru3Au,Au3Ru9,2.322820190381094,top|B
O*,"{""O"": ""hollow|A_A_A|FCC""}",111,Ru3Au,Au3Ru9,-0.518419040261676,hollow|A_A_A|FCC
O*,"{""O"": ""hollow|A_A_A|HCP""}",111,Ru3Au,Au3Ru9,-0.687100504059515,hollow|A_A_A|HCP
OH*,"{""OH"": ""hollow|A_A_A|HCP""}",111,Ru3Au,Au3Ru9,-0.2242574500188539,hollow|A_A_A|HCP
OH*,"{""OH"": ""top|A""}",111,Ru3Au,Au3Ru9,0.3489910321812886,top|A
OH*,"{""OH"": ""top-tilt|B""}",111,Ru3Au,Au3Ru9,1.1816225069823076,top-tilt|B
OH*,"{""OH"": ""hollow|A_A_A|FCC""}",111,Tc3Au,Au3Tc9,-0.7054583921191124,hollow|A_A_A|FCC
O*,"{""O"": ""top|A""}",111,Tc3Au,Au3Tc9,0.145890025036181,top|A
O*,"{""O"": ""hollow|A_A_A|FCC""}",111,Tc3Au,Au3Tc9,-0.865067716560759,hollow|A_A_A|FCC
O*,"{""O"": ""hollow|A_A_A|HCP""}",111,Tc3Au,Au3Tc9,-1.36272066136388,hollow|A_A_A|HCP
OH*,"{""OH"": ""top|B""}",111,Tc3Au,Au3Tc9,1.8474596275781323,top|B
OH*,"{""OH"": ""hollow|A_A_A|HCP""}",111,Tc3Au,Au3Tc9,-1.1641650437187536,hollow|A_A_A|HCP
O*,"{""O"": ""hollow|A_A_A|HCP""}",111,Ti3Au,Au3Ti9,-3.40681029295973,hollow|A_A_A|HCP
O*,"{""O"": ""hollow|A_A_A|FCC""}",111,Ti3Au,Au3Ti9,-3.6818035042599,hollow|A_A_A|FCC
OH*,"{""OH"": ""top|B""}",111,Zn3Au,Au3Zn9,1.9202140242822452,top|B
OH*,"{""OH"": ""hollow|A_A_A|FCC""}",111,Zn3Au,Au3Zn9,0.0468656221827359,hollow|A_A_A|FCC
OH*,"{""OH"": ""bridge|A_A|B""}",111,Zn3Au,Au3Zn9,-0.0313022073197544,bridge|A_A|B
OH*,"{""OH"": ""bridge|A_A|A""}",111,Zn3Au,Au3Zn9,0.088010186981478,bridge|A_A|A
OH*,"{""OH"": ""hollow|A_A_A|HCP""}",111,Zn3Au,Au3Zn9,-0.1461044507187807,hollow|A_A_A|HCP
O*,"{""O"": ""hollow|A_A_A|HCP""}",111,Zn3Au,Au3Zn9,0.122355851435543,hollow|A_A_A|HCP
"{""H2gas"": 0.5, ""OHstar"": 1}","{""OHstar"": ""hollow""}",100,Au,Au64,1.1804693849999808,hollow
OH*,"{""OH"": ""bridge|A_B|A""}",101,AuBi,Au6Bi6,0.2210247375813878,bridge|A_B|A
O*,"{""O"": ""hollow|A_A_B|HCP""}",101,AuBi,Au6Bi6,1.54597205243755,hollow|A_A_B|HCP
O*,"{""O"": ""hollow|A_B_B|FCC""}",101,AuBi,Au6Bi6,1.35619060953815,hollow|A_B_B|FCC
OH*,"{""OH"": ""bridge|B_B|A""}",101,AuBi,Au6Bi6,0.4169061564797403,bridge|B_B|A
OH*,"{""OH"": ""hollow|A_B_B|FCC""}",101,AuBi,Au6Bi6,0.4554755719808554,hollow|A_B_B|FCC
OH*,"{""OH"": ""hollow|A_B_B|HCP""}",101,AuBi,Au6Bi6,0.5003455112790789,hollow|A_B_B|HCP
OH*,"{""OH"": ""top|B""}",101,AuBi,Au6Bi6,0.3094524832785055,top|B
O*,"{""O"": ""hollow|A_A_B|HCP""}",101,AuCu,Au6Cu6,2.07591674643828,hollow|A_A_B|HCP
OH*,"{""OH"": ""top-tilt|A""}",101,AuCu,Au6Cu6,1.300820205277773,top-tilt|A
O*,"{""O"": ""hollow|A_B_B|FCC""}",101,AuCu,Au6Cu6,1.36588003903654,hollow|A_B_B|FCC
O*,"{""O"": ""hollow|A_B_B|HCP""}",101,AuCu,Au6Cu6,1.46311406883234,hollow|A_B_B|HCP
OH*,"{""OH"": ""bridge|B_B|A""}",101,AuCu,Au6Cu6,0.3462068993802631,bridge|B_B|A
OH*,"{""OH"": ""top-tilt|B""}",101,AuCu,Au6Cu6,0.7824681049795572,top-tilt|B
OH*,"{""OH"": ""top|B""}",101,AuCu,Au6Cu6,0.7838787431800256,top|B
O*,"{""O"": ""hollow|A_A_B|FCC""}",101,AuCu,Au6Cu6,1.92273379843738,hollow|A_A_B|FCC
OH*,"{""OH"": ""bridge|B_B|A""}",101,AuIr,Au6Ir6,0.4312098203816958,bridge|B_B|A
O*,"{""O"": ""top|B""}",101,AuIr,Au6Ir6,1.58175121263758,top|B
OH*,"{""OH"": ""hollow|A_A_B|FCC""}",101,AuIr,Au6Ir6,1.564003948079403,hollow|A_A_B|FCC
OH*,"{""OH"": ""top|B""}",101,AuIr,Au6Ir6,0.5522452394806123,top|B
O*,{},100,AuO2-rutile,Au6O12,4.08980587000001,
O*,{},100,AuO2-rutile,Au6O12,4.08980587000001,
OH*,{},100,AuO2,Au6O12,1.377483370000007,
O*,{},100,AuO2,Au6O12,4.07693465000001,
OH*,{},100,AuO2-rutile,Au6O12,1.3927296500000068,
OH*,"{""OH"": ""hollow|A_A_B|FCC""}",101,AuPd,Au6Pd6,1.2806859581804702,hollow|A_A_B|FCC
OH*,"{""OH"": ""hollow|A_B_B|FCC""}",101,AuPd,Au6Pd6,1.0876998305801635,hollow|A_B_B|FCC
O*,"{""O"": ""hollow|A_A_B|HCP""}",101,AuPd,Au6Pd6,2.42677692863782,hollow|A_A_B|HCP
O*,"{""O"": ""hollow|A_B_B|HCP""}",101,AuPd,Au6Pd6,2.02022334313716,hollow|A_B_B|HCP
O*,"{""O"": ""hollow|A_A_B|FCC""}",101,AuPd,Au6Pd6,2.19826511483899,hollow|A_A_B|FCC
OH*,"{""OH"": ""top-tilt|B""}",101,AuPd,Au6Pd6,1.24693880807979,top-tilt|B
OH*,"{""OH"": ""top|B""}",101,AuPd,Au6Pd6,1.002879497977915,top|B
O*,"{""O"": ""hollow|A_B_B|FCC""}",101,AuPd,Au6Pd6,1.87030997903622,hollow|A_B_B|FCC
OH*,"{""OH"": ""bridge|B_B|A""}",101,AuPd,Au6Pd6,0.7982512518800604,bridge|B_B|A
OH*,"{""OH"": ""top|A""}",101,AuPd,Au6Pd6,1.4028935075810978,top|A
OH*,"{""OH"": ""top|B""}",101,AuPt,Au6Pt6,0.8547920176796424,top|B
OH*,"{""OH"": ""top|A""}",101,AuPt,Au6Pt6,1.518621210278866,top|A
OH*,"{""OH"": ""hollow|A_A_B|FCC""}",101,AuPt,Au6Pt6,1.4911703661790623,hollow|A_A_B|FCC
OH*,"{""OH"": ""bridge|B_B|A""}",101,AuPt,Au6Pt6,0.8758185261802964,bridge|B_B|A
O*,"{""O"": ""hollow|A_A_B|HCP""}",101,AuPt,Au6Pt6,2.42249712213726,hollow|A_A_B|HCP
O*,"{""O"": ""hollow|A_B_B|FCC""}",101,AuPt,Au6Pt6,1.67845638923592,hollow|A_B_B|FCC
O*,"{""O"": ""hollow|A_A_B|FCC""}",101,AuPt,Au6Pt6,2.10634165873836,hollow|A_A_B|FCC
O*,"{""O"": ""hollow|A_B_B|HCP""}",101,AuPt,Au6Pt6,1.77454536393617,hollow|A_B_B|HCP
O*,"{""O"": ""top|B""}",101,AuRe,Au6Re6,0.619271912040688,top|B
OH*,"{""OH"": ""top|B""}",101,AuRe,Au6Re6,0.5934319818815084,top|B
OH*,"{""OH"": ""bridge|B_B|A""}",101,AuRe,Au6Re6,0.4251539268815349,bridge|B_B|A
OH*,"{""OH"": ""hollow-tilt|A_A_B|FCC""}",101,AuRh,Au6Rh6,1.5768064959783032,hollow-tilt|A_A_B|FCC
OH*,"{""OH"": ""top|B""}",101,AuRh,Au6Rh6,0.5231117794800184,top|B
OH*,"{""OH"": ""hollow|A_A_B|FCC""}",101,AuRh,Au6Rh6,1.5874480518804148,hollow|A_A_B|FCC
O*,"{""O"": ""hollow|A_A_B|FCC""}",101,AuRh,Au6Rh6,1.86634432793636,hollow|A_A_B|FCC
O*,"{""O"": ""hollow|A_B_B|FCC""}",101,AuRh,Au6Rh6,0.866565158936112,hollow|A_B_B|FCC
O*,"{""O"": ""hollow-tilt|A_A_B|HCP""}",101,AuRh,Au6Rh6,1.81761390963931,hollow-tilt|A_A_B|HCP
OH*,"{""OH"": ""bridge|B_B|A""}",101,AuRh,Au6Rh6,0.2709155853780203,bridge|B_B|A
OH*,"{""OH"": ""top-tilt|A""}",101,AuRh,Au6Rh6,1.4217112679806403,top-tilt|A
OH*,"{""OH"": ""top|B""}",101,AuRu,Au6Ru6,0.5651348638792797,top|B
O*,"{""O"": ""top|B""}",101,AuRu,Au6Ru6,1.64956973653517,top|B
OH*,"{""OH"": ""bridge|B_B|B""}",101,AuRu,Au6Ru6,0.7230637492801861,bridge|B_B|B
OH*,"{""OH"": ""bridge|B_B|A""}",101,AuRu,Au6Ru6,0.6603983812791512,bridge|B_B|A
OH*,"{""OH"": ""bridge|A_A|A""}",101,AuRu,Au6Ru6,1.543373501380188,bridge|A_A|A
O*,"{""O"": ""top-tilt|B""}",101,AuRu,Au6Ru6,1.64921626063716,top-tilt|B
O*,"{""O"": ""top|B""}",101,AuTc,Au6Tc6,1.01383344063635,top|B
OH*,"{""OH"": ""bridge|B_B|A""}",101,AuTc,Au6Tc6,0.3702103332806246,bridge|B_B|A
OH*,"{""OH"": ""top-tilt|B""}",101,AuTc,Au6Tc6,0.5715997443811602,top-tilt|B
OH*,"{""OH"": ""bridge|B_B|A""}",101,AuZn,Au6Zn6,0.0188970815842139,bridge|B_B|A
O*,"{""O"": ""hollow|A_A_B|FCC""}",101,AuZn,Au6Zn6,1.58328090064225,hollow|A_A_B|FCC
OH*,{},110,AuO2,Au8O16,1.5054696800000045,
OH*,{},110,AuO2-rutile,Au8O16,1.5057529100000124,
O*,{},110,AuO2-rutile,Au8O16,4.10672336,
O*,{},110,AuO2-rutile,Au8O16,4.10672336,
O*,{},110,AuO2,Au8O16,4.10687876000002,
O*,{},100-lc,Au2O5-C12c,Au8O18,4.08754252,
OH*,{},100,Au2O5-0.5ML,Au8O18,1.4991327800000107,
O*,{},100,Au2O5-0.5ML,Au8O18,4.07249799,
OH*,{},100-lc,Au2O5-C12c,Au8O18,1.4952997799999963,
OH*,"{""OH"": ""hollow|A_A_B|HCP""}",111,Au3Bi,Au9Bi3,0.8797825444788714,hollow|A_A_B|HCP
OH*,"{""OH"": ""top-tilt|A""}",111,Au3Bi,Au9Bi3,1.131174506180173,top-tilt|A
OH*,"{""OH"": ""top|B""}",111,Au3Bi,Au9Bi3,0.9005717696790043,top|B
OH*,"{""OH"": ""hollow|A_A_B|FCC""}",111,Au3Bi,Au9Bi3,0.9496118535797676,hollow|A_A_B|FCC
O*,"{""O"": ""hollow|A_A_A|FCC""}",111,Au3Bi,Au9Bi3,1.92074954443871,hollow|A_A_A|FCC
OH*,"{""OH"": ""hollow|A_A_A|FCC""}",111,Au3Bi,Au9Bi3,0.955087328177683,hollow|A_A_A|FCC
O*,"{""O"": ""hollow|A_A_A|HCP""}",111,Au3Bi,Au9Bi3,2.02131588023605,hollow|A_A_A|HCP
OH*,"{""OH"": ""hollow|A_A_A|HCP""}",111,Au3Bi,Au9Bi3,1.1357808491783317,hollow|A_A_A|HCP
O*,"{""O"": ""hollow|A_A_B|HCP""}",111,Au3Bi,Au9Bi3,1.86352876613802,hollow|A_A_B|HCP
O*,"{""O"": ""hollow|A_A_B|FCC""}",111,Au3Bi,Au9Bi3,1.79428354943576,hollow|A_A_B|FCC
O*,"{""O"": ""hollow|A_A_A|FCC""}",111,Au3Cd,Au9Cd3,2.42551581703793,hollow|A_A_A|FCC
O*,"{""O"": ""top|B""}",111,Au3Cd,Au9Cd3,3.7163593766379694,top|B
O*,"{""O"": ""hollow|A_A_B|HCP""}",111,Au3Cd,Au9Cd3,2.12405953503895,hollow|A_A_B|HCP
O*,"{""O"": ""hollow|A_A_B|FCC""}",111,Au3Cd,Au9Cd3,1.97628022363989,hollow|A_A_B|FCC
O*,"{""O"": ""hollow|A_A_A|HCP""}",111,Au3Cd,Au9Cd3,2.59055258804057,hollow|A_A_A|HCP
O*,"{""O"": ""top|B""}",111,Au3Cu,Au9Cu3,2.98212195283833,top|B
OH*,"{""OH"": ""bridge|A_B|A""}",111,Au3Cu,Au9Cu3,0.7784546979827383,bridge|A_B|A
OH*,"{""OH"": ""bridge-tilt|A_B|A""}",111,Au3Cu,Au9Cu3,0.7720457367803419,bridge-tilt|A_B|A
OH*,"{""OH"": ""hollow|A_A_A|FCC""}",111,Au3Cu,Au9Cu3,1.4355247188804017,hollow|A_A_A|FCC
OH*,"{""OH"": ""hollow|A_A_A|HCP""}",111,Au3Cu,Au9Cu3,1.5551919495818538,hollow|A_A_A|HCP
OH*,"{""OH"": ""hollow-tilt|A_A_B|FCC""}",111,Au3Cu,Au9Cu3,0.8197411701811461,hollow-tilt|A_A_B|FCC
O*,"{""O"": ""hollow|A_A_A|HCP""}",111,Au3Cu,Au9Cu3,2.73933817633935,hollow|A_A_A|HCP
O*,"{""O"": ""hollow|A_A_A|FCC""}",111,Au3Cu,Au9Cu3,2.53158728793989,hollow|A_A_A|FCC
OH*,"{""OH"": ""hollow|A_A_B|FCC""}",111,Au3Cu,Au9Cu3,0.983006888281011,hollow|A_A_B|FCC
O*,"{""O"": ""hollow|A_A_B|FCC""}",111,Au3Cu,Au9Cu3,1.90663214233774,hollow|A_A_B|FCC
OH*,"{""OH"": ""top|A""}",111,Au3Cu,Au9Cu3,1.3765255405822927,top|A
O*,"{""O"": ""hollow|A_A_B|HCP""}",111,Au3Cu,Au9Cu3,2.04720479084045,hollow|A_A_B|HCP
OH*,"{""OH"": ""top|B""}",111,Au3Cu,Au9Cu3,1.1945347167828686,top|B
OH*,"{""OH"": ""hollow|A_A_B|HCP""}",111,Au3Cu,Au9Cu3,1.0634346231826155,hollow|A_A_B|HCP
OH*,"{""OH"": ""top-tilt|A""}",111,Au3Cu,Au9Cu3,1.4119657829804737,top-tilt|A
OH*,"{""OH"": ""hollow-tilt|A_A_B|HCP""}",111,Au3Cu,Au9Cu3,0.8383011026825216,hollow-tilt|A_A_B|HCP
O*,"{""O"": ""top|B""}",111,Au3Hf,Au9Hf3,-1.34458223316341,top|B
O*,"{""O"": ""top|A""}",111,Au3Hf,Au9Hf3,3.26974546403636,top|A
OH*,"{""OH"": ""top|B""}",111,Au3Ir,Au9Ir3,0.1768707297786704,top|B
OH*,"{""OH"": ""top|A""}",111,Au3Ir,Au9Ir3,1.427203069478196,top|A
OH*,"{""OH"": ""hollow|A_A_A|FCC""}",111,Au3Ir,Au9Ir3,1.250842961377998,hollow|A_A_A|FCC
O*,"{""O"": ""top|B""}",111,Au3Ir,Au9Ir3,1.11251416363649,top|B
O*,"{""O"": ""hollow|A_A_A|FCC""}",111,Au3Ir,Au9Ir3,2.40279145433652,hollow|A_A_A|FCC
O*,"{""O"": ""hollow|A_A_B|FCC""}",111,Au3Ir,Au9Ir3,1.25415758003857,hollow|A_A_B|FCC
O*,"{""O"": ""hollow|A_A_A|HCP""}",111,Au3Ir,Au9Ir3,3.28266189153857,hollow|A_A_A|HCP
O*,"{""O"": ""hollow-tilt|A_A_B|HCP""}",111,Au3Ir,Au9Ir3,1.19528343803887,hollow-tilt|A_A_B|HCP
OH*,"{""OH"": ""hollow|A_A_A|HCP""}",111,Au3Ir,Au9Ir3,1.8444241976802689,hollow|A_A_A|HCP
OH*,"{""OH"": ""hollow|A_A_A|FCC""}",111,Au3Os,Au9Os3,1.2353429489784276,hollow|A_A_A|FCC
OH*,"{""OH"": ""top|A""}",111,Au3Os,Au9Os3,1.3897037416799094,top|A
OH*,"{""OH"": ""top|B""}",111,Au3Os,Au9Os3,-0.377523664820842,top|B
OH*,"{""OH"": ""bridge|A_A|A""}",111,Au3Os,Au9Os3,1.1885088919779037,bridge|A_A|A
O*,"{""O"": ""top|B""}",111,Au3Os,Au9Os3,-0.274332518864128,top|B
O*,"{""O"": ""hollow|A_A_A|FCC""}",111,Au3Os,Au9Os3,2.33683105983783,hollow|A_A_A|FCC
OH*,"{""OH"": ""hollow|A_A_A|HCP""}",111,Au3Os,Au9Os3,1.8756189199783648,hollow|A_A_A|HCP
OH*,"{""OH"": ""hollow|A_A_B|FCC""}",111,Au3Pd,Au9Pd3,1.359169983978859,hollow|A_A_B|FCC
OH*,"{""OH"": ""top|B""}",111,Au3Pd,Au9Pd3,1.103435629579394,top|B
OH*,"{""OH"": ""top|A""}",111,Au3Pd,Au9Pd3,1.3966053649791093,top|A
OH*,"{""OH"": ""hollow|A_A_B|HCP""}",111,Au3Pd,Au9Pd3,1.3349311716782497,hollow|A_A_B|HCP
OH*,"{""OH"": ""hollow|A_A_A|HCP""}",111,Au3Pd,Au9Pd3,1.6062338389791648,hollow|A_A_A|HCP
OH*,"{""OH"": ""hollow|A_A_A|FCC""}",111,Au3Pd,Au9Pd3,1.3773692295807225,hollow|A_A_A|FCC
OH*,"{""OH"": ""bridge|A_B|A""}",111,Au3Pd,Au9Pd3,1.1164161399800605,bridge|A_B|A
O*,"{""O"": ""top|B""}",111,Au3Pd,Au9Pd3,3.1466086458384,top|B
O*,"{""O"": ""top|A""}",111,Au3Pd,Au9Pd3,3.69346861633659,top|A
O*,"{""O"": ""hollow|A_A_B|HCP""}",111,Au3Pd,Au9Pd3,2.45249331903671,hollow|A_A_B|HCP
O*,"{""O"": ""hollow|A_A_B|FCC""}",111,Au3Pd,Au9Pd3,2.31164284233802,hollow|A_A_B|FCC
O*,"{""O"": ""hollow|A_A_A|HCP""}",111,Au3Pd,Au9Pd3,2.8571086376358,hollow|A_A_A|HCP
O*,"{""O"": ""hollow|A_A_A|FCC""}",111,Au3Pd,Au9Pd3,2.46588104783569,hollow|A_A_A|FCC
OH*,"{""OH"": ""bridge|A_A|A""}",111,Au3Pd,Au9Pd3,1.2697276617808484,bridge|A_A|A
O*,"{""O"": ""top|B""}",111,Au3Pt,Au9Pt3,2.47823297523775,top|B
OH*,"{""OH"": ""top|B""}",111,Au3Pt,Au9Pt3,0.7720943091779873,top|B
OH*,"{""OH"": ""hollow|A_A_B|FCC""}",111,Au3Pt,Au9Pt3,1.5161456545801002,hollow|A_A_B|FCC
OH*,"{""OH"": ""bridge|A_A|A""}",111,Au3Pt,Au9Pt3,1.279673966780024,bridge|A_A|A
OH*,"{""OH"": ""hollow|A_A_A|HCP""}",111,Au3Pt,Au9Pt3,1.6919234390778684,hollow|A_A_A|HCP
O*,"{""O"": ""hollow|A_A_B|FCC""}",111,Au3Pt,Au9Pt3,2.05786403413714,hollow|A_A_B|FCC
O*,"{""O"": ""hollow|A_A_A|HCP""}",111,Au3Pt,Au9Pt3,3.07057759023866,hollow|A_A_A|HCP
O*,"{""O"": ""hollow|A_A_A|FCC""}",111,Au3Pt,Au9Pt3,2.49001496023612,hollow|A_A_A|FCC
OH*,"{""OH"": ""top|A""}",111,Au3Pt,Au9Pt3,1.443908954378344,top|A
O*,"{""O"": ""hollow|A_A_B|HCP""}",111,Au3Pt,Au9Pt3,2.17109726913606,hollow|A_A_B|HCP
OH*,"{""OH"": ""hollow|A_A_A|FCC""}",111,Au3Pt,Au9Pt3,1.3676334045784415,hollow|A_A_A|FCC
O*,"{""O"": ""top|B""}",111,Au3Re,Au9Re3,-1.46896084285999,top|B
OH*,"{""OH"": ""hollow|A_A_A|FCC""}",111,Au3Re,Au9Re3,1.1512505208819448,hollow|A_A_A|FCC
OH*,"{""OH"": ""hollow|A_A_A|HCP""}",111,Au3Re,Au9Re3,1.8695974488808815,hollow|A_A_A|HCP
OH*,"{""OH"": ""top|A""}",111,Au3Re,Au9Re3,1.349356470382986,top|A
OH*,"{""OH"": ""top|B""}",111,Au3Re,Au9Re3,-0.9614596901184314,top|B
O*,"{""O"": ""hollow|A_A_A|FCC""}",111,Au3Re,Au9Re3,2.3178611877409,hollow|A_A_A|FCC
O*,"{""O"": ""hollow|A_A_A|HCP""}",111,Au3Re,Au9Re3,3.43230545484022,hollow|A_A_A|HCP
O*,"{""O"": ""hollow|A_A_A|FCC""}",111,Au3Rh,Au9Rh3,2.42749803023963,hollow|A_A_A|FCC
O*,"{""O"": ""hollow|A_A_A|HCP""}",111,Au3Rh,Au9Rh3,3.0912529357409,hollow|A_A_A|HCP
O*,"{""O"": ""hollow|A_A_B|FCC""}",111,Au3Rh,Au9Rh3,1.60899429774128,hollow|A_A_B|FCC
O*,"{""O"": ""top|B""}",111,Au3Rh,Au9Rh3,1.73200880073983,top|B
O*,"{""O"": ""bridge|A_B|A""}",111,Au3Rh,Au9Rh3,1.68694416404088,bridge|A_B|A
OH*,"{""OH"": ""hollow|A_A_A|HCP""}",111,Au3Rh,Au9Rh3,1.7846084057827056,hollow|A_A_A|HCP
O*,"{""O"": ""hollow|A_A_B|HCP""}",111,Au3Rh,Au9Rh3,1.61858522204039,hollow|A_A_B|HCP
OH*,"{""OH"": ""top|A""}",111,Au3Rh,Au9Rh3,1.4034970560832107,top|A
OH*,"{""OH"": ""top|B""}",111,Au3Rh,Au9Rh3,0.4782090503803147,top|B
OH*,"{""OH"": ""hollow|A_A_B|HCP""}",111,Au3Rh,Au9Rh3,1.2571547778833292,hollow|A_A_B|HCP
OH*,"{""OH"": ""hollow|A_A_A|FCC""}",111,Au3Rh,Au9Rh3,1.35220604648282,hollow|A_A_A|FCC
O*,"{""O"": ""hollow|A_A_A|FCC""}",111,Au3Ru,Au9Ru3,2.35910493813554,hollow|A_A_A|FCC
O*,"{""O"": ""hollow|A_A_A|HCP""}",111,Au3Ru,Au9Ru3,3.19540981373558,hollow|A_A_A|HCP
O*,"{""O"": ""top|B""}",111,Au3Ru,Au9Ru3,0.419291506335696,top|B
OH*,"{""OH"": ""hollow|A_A_A|FCC""}",111,Au3Ru,Au9Ru3,1.2602586444780854,hollow|A_A_A|FCC
OH*,"{""OH"": ""hollow|A_A_A|HCP""}",111,Au3Ru,Au9Ru3,1.8226276071771963,hollow|A_A_A|HCP
OH*,"{""OH"": ""hollow|A_A_B|HCP""}",111,Au3Ru,Au9Ru3,1.2487563924777303,hollow|A_A_B|HCP
OH*,"{""OH"": ""top|A""}",111,Au3Ru,Au9Ru3,1.3704458371802275,top|A
OH*,"{""OH"": ""top|B""}",111,Au3Ru,Au9Ru3,-0.0345644440232035,top|B
OH*,"{""OH"": ""top|B""}",111,Au3Tc,Au9Tc3,-0.5578129607193887,top|B
OH*,"{""OH"": ""top|A""}",111,Au3Tc,Au9Tc3,1.329529984080068,top|A
O*,"{""O"": ""hollow|A_A_A|HCP""}",111,Au3Tc,Au9Tc3,3.25620997743664,hollow|A_A_A|HCP
OH*,"{""OH"": ""hollow|A_A_A|HCP""}",111,Au3Tc,Au9Tc3,1.8241243692799571,hollow|A_A_A|HCP
O*,"{""O"": ""top-tilt|B""}",111,Au3Tc,Au9Tc3,-1.30258187036469,top-tilt|B
O*,"{""O"": ""hollow|A_A_A|FCC""}",111,Au3Tc,Au9Tc3,2.32542159863789,hollow|A_A_A|FCC
OH*,"{""OH"": ""hollow|A_A_A|FCC""}",111,Au3Tc,Au9Tc3,1.1740015507792805,hollow|A_A_A|FCC
O*,"{""O"": ""top|B""}",111,Au3Tc,Au9Tc3,-0.79094839676344,top|B
O*,"{""O"": ""hollow|A_A_A|FCC""}",111,Au3Ti,Au9Ti3,2.33345820874075,hollow|A_A_A|FCC
O*,"{""O"": ""hollow|A_A_A|HCP""}",111,Au3Ti,Au9Ti3,3.1822935185408,hollow|A_A_A|HCP
O*,"{""O"": ""top|A""}",111,Au3Ti,Au9Ti3,3.33413208803887,top|A
O*,"{""O"": ""top|B""}",111,Au3Ti,Au9Ti3,-1.40717739586052,top|B
O*,"{""O"": ""hollow|A_A_B|FCC""}",111,Au3Y,Au9Y3,0.249095593036884,hollow|A_A_B|FCC
O*,"{""O"": ""hollow|A_A_A|FCC""}",111,Au3Y,Au9Y3,2.15355789963706,hollow|A_A_A|FCC
O*,"{""O"": ""hollow|A_A_A|HCP""}",111,Au3Y,Au9Y3,1.83581764523825,hollow|A_A_A|HCP
O*,"{""O"": ""hollow|A_A_B|HCP""}",111,Au3Y,Au9Y3,0.0552978858393658,hollow|A_A_B|HCP
O*,"{""O"": ""top|A""}",111,Au3Y,Au9Y3,2.84823976733952,top|A
O*,"{""O"": ""top|B""}",111,Au3Y,Au9Y3,0.757054441237244,top|B
OH*,"{""OH"": ""top|B""}",111,Au3Zn,Au9Zn3,0.8982511828770612,top|B
OH*,"{""OH"": ""top|A""}",111,Au3Zn,Au9Zn3,1.3002833247782064,top|A
OH*,"{""OH"": ""hollow|A_A_A|FCC""}",111,Au3Zn,Au9Zn3,1.3782052993818752,hollow|A_A_A|FCC
OH*,"{""OH"": ""hollow|A_A_A|HCP""}",111,Au3Zn,Au9Zn3,1.5227269998766817,hollow|A_A_A|HCP
O*,"{""O"": ""hollow|A_A_B|HCP""}",111,Au3Zn,Au9Zn3,1.70750032373672,hollow|A_A_B|HCP
O*,"{""O"": ""hollow|A_A_B|FCC""}",111,Au3Zn,Au9Zn3,1.59863016193759,hollow|A_A_B|FCC
O*,"{""O"": ""hollow|A_A_A|HCP""}",111,Au3Zn,Au9Zn3,2.70396637063442,hollow|A_A_A|HCP
O*,"{""O"": ""hollow|A_A_A|HCP""}",111,Bi,Bi12,0.980499495340894,hollow|A_A_A|HCP
O*,"{""O"": ""hollow|A_A_A|FCC""}",111,Bi,Bi12,0.992384339340617,hollow|A_A_A|FCC
OH*,"{""OH"": ""bridge|A_A|A""}",111,Bi,Bi12,0.130991520182647,bridge|A_A|A
OH*,"{""OH"": ""hollow|A_A_A|FCC""}",111,Bi,Bi12,0.3785997389830982,hollow|A_A_A|FCC
OH*,"{""OH"": ""hollow|A_A_A|HCP""}",111,Bi,Bi12,0.4168032973801701,hollow|A_A_A|HCP
O*,"{""O"": ""bridge|A_A|A""}",111,Bi,Bi12,0.936682228438997,bridge|A_A|A
O*,"{""O"": ""top|A""}",111,Bi,Bi12,1.5759833516384,top|A
O*,"{""O"": ""hollow|A_A_A|FCC""}",111,Cu3Bi,Bi3Cu9,0.87959696283707,hollow|A_A_A|FCC
O*,"{""O"": ""hollow|A_A_A|HCP""}",111,Cu3Bi,Bi3Cu9,0.501382128833768,hollow|A_A_A|HCP
OH*,"{""OH"": ""hollow|A_A_A|HCP""}",111,Cu3Bi,Bi3Cu9,-0.1284763720206001,hollow|A_A_A|HCP
OH*,"{""OH"": ""top|B""}",111,Cu3Bi,Bi3Cu9,0.6537800284758077,top|B
OH*,"{""OH"": ""hollow|A_A_A|FCC""}",111,Cu3Bi,Bi3Cu9,0.2103044046788227,hollow|A_A_A|FCC
O*,"{""O"": ""hollow|A_A_B|HCP""}",111,Cu3Bi,Bi3Cu9,1.26156615143901,hollow|A_A_B|HCP
O*,"{""O"": ""hollow|A_A_A|HCP""}",111,La3Bi,Bi3La9,-2.85343401236258,hollow|A_A_A|HCP
OH*,"{""OH"": ""top|B""}",111,Pd3Bi,Bi3Pd9,0.6499966936797819,top|B
OH*,"{""OH"": ""top|A""}",111,Pd3Bi,Bi3Pd9,1.0949439090808255,top|A
OH*,"{""OH"": ""hollow|A_A_B|HCP""}",111,Pd3Bi,Bi3Pd9,0.8298280220814149,hollow|A_A_B|HCP
OH*,"{""OH"": ""hollow|A_A_B|FCC""}",111,Pd3Bi,Bi3Pd9,0.7348533534794797,hollow|A_A_B|FCC
OH*,"{""OH"": ""hollow|A_A_A|HCP""}",111,Pd3Bi,Bi3Pd9,0.7863245023808076,hollow|A_A_A|HCP
OH*,"{""OH"": ""hollow|A_A_A|FCC""}",111,Pd3Bi,Bi3Pd9,0.9138495643791202,hollow|A_A_A|FCC
O*,"{""O"": ""hollow|A_A_B|HCP""}",111,Pd3Bi,Bi3Pd9,1.9170904296405,hollow|A_A_B|HCP
OH*,"{""OH"": ""bridge|A_A|B""}",111,Pd3Bi,Bi3Pd9,0.6543264330802003,bridge|A_A|B
O*,"{""O"": ""hollow|A_A_B|FCC""}",111,Pd3Bi,Bi3Pd9,1.7084612937395,hollow|A_A_B|FCC
O*,"{""O"": ""hollow|A_A_A|HCP""}",111,Pd3Bi,Bi3Pd9,1.78491521413872,hollow|A_A_A|HCP
O*,"{""O"": ""hollow|A_A_A|FCC""}",111,Pd3Bi,Bi3Pd9,1.96700563163887,hollow|A_A_A|FCC
OH*,"{""OH"": ""bridge|A_B|A""}",111,Pd3Bi,Bi3Pd9,0.8864630752804032,bridge|A_B|A
OH*,"{""OH"": ""bridge-tilt|A_A|A""}",111,Pt3Bi,Bi3Pt9,0.9537502968786384,bridge-tilt|A_A|A
O*,"{""O"": ""hollow|A_A_A|HCP""}",111,Pt3Bi,Bi3Pt9,1.40304180974255,hollow|A_A_A|HCP
O*,"{""O"": ""hollow|A_A_A|FCC""}",111,Pt3Bi,Bi3Pt9,1.73731651733743,hollow|A_A_A|FCC
OH*,"{""OH"": ""bridge|A_A|B""}",111,Pt3Bi,Bi3Pt9,0.5014633548825032,bridge|A_A|B
OH*,"{""OH"": ""hollow|A_A_A|FCC""}",111,Pt3Bi,Bi3Pt9,1.4219828376780017,hollow|A_A_A|FCC
OH*,"{""OH"": ""hollow|A_A_A|HCP""}",111,Pt3Bi,Bi3Pt9,1.2004327843795863,hollow|A_A_A|HCP
OH*,"{""OH"": ""hollow|A_A_B|HCP""}",111,Pt3Bi,Bi3Pt9,0.9449740813842028,hollow|A_A_B|HCP
OH*,"{""OH"": ""top|A""}",111,Pt3Bi,Bi3Pt9,0.6403584215776164,top|A
OH*,"{""OH"": ""top|B""}",111,Pt3Bi,Bi3Pt9,0.9266341528826842,top|B
OH*,"{""OH"": ""bridge|A_A|A""}",111,Pt3Bi,Bi3Pt9,0.902119553179432,bridge|A_A|A
OH*,"{""OH"": ""bridge-tilt|A_B|A""}",111,Pt3Bi,Bi3Pt9,0.5845314103834198,bridge-tilt|A_B|A
OH*,"{""OH"": ""top|A""}",111,Rh3Bi,Bi3Rh9,0.4249150109834545,top|A
OH*,"{""OH"": ""bridge|A_A|A""}",111,Rh3Bi,Bi3Rh9,0.4907680565819419,bridge|A_A|A
OH*,"{""OH"": ""top|B""}",111,Rh3Bi,Bi3Rh9,1.2289073206819694,top|B
OH*,"{""OH"": ""hollow|A_A_A|HCP""}",111,Rh3Bi,Bi3Rh9,0.261274592082259,hollow|A_A_A|HCP
O*,"{""O"": ""hollow|A_A_A|HCP""}",111,Rh3Bi,Bi3Rh9,0.781051616438901,hollow|A_A_A|HCP
OH*,"{""OH"": ""bridge|A_A|B""}",111,Rh3Bi,Bi3Rh9,0.1258703377833399,bridge|A_A|B
OH*,"{""OH"": ""hollow|A_A_A|FCC""}",111,Rh3Bi,Bi3Rh9,0.7865572957824725,hollow|A_A_A|FCC
O*,"{""O"": ""hollow|A_A_A|FCC""}",111,Rh3Bi,Bi3Rh9,0.985404755538013,hollow|A_A_A|FCC
OH*,"{""OH"": ""top|B""}",111,Ru3Bi,Bi3Ru9,0.831991463078225,top|B
O*,"{""O"": ""hollow|A_A_A|HCP""}",111,Ru3Bi,Bi3Ru9,-0.45095616926136,hollow|A_A_A|HCP
OH*,"{""OH"": ""bridge|A_A|A""}",111,Ru3Bi,Bi3Ru9,0.0403818297789939,bridge|A_A|A
OH*,"{""OH"": ""bridge|A_A|B""}",111,Ru3Bi,Bi3Ru9,-0.0276331603191692,bridge|A_A|B
OH*,"{""OH"": ""hollow|A_A_A|FCC""}",111,Ru3Bi,Bi3Ru9,0.2975149851816923,hollow|A_A_A|FCC
OH*,"{""OH"": ""hollow|A_A_A|HCP""}",111,Ru3Bi,Bi3Ru9,-0.1105669276213348,hollow|A_A_A|HCP
OH*,"{""OH"": ""top|A""}",111,Ru3Bi,Bi3Ru9,0.2229432761786256,top|A
O*,"{""O"": ""hollow|A_A_A|FCC""}",111,Ru3Bi,Bi3Ru9,-0.220511122661435,hollow|A_A_A|FCC
O*,{},111,Bi4Ru8O29,Bi4Ru8O28,2.45311869,
OH*,{},111,Bi4Ru8O29,Bi4Ru8O28,1.1674343750000276,
OH*,"{""OH"": ""top|A""}",101,BiCu,Bi6Cu6,0.4858585786831781,top|A
O*,"{""O"": ""bridge|B_B|A""}",101,BiCu,Bi6Cu6,0.806257385240144,bridge|B_B|A
OH*,"{""OH"": ""bridge|A_A|B""}",101,BiCu,Bi6Cu6,0.5553900590865624,bridge|A_A|B
OH*,"{""OH"": ""bridge|B_B|A""}",101,BiCu,Bi6Cu6,0.0845551575811214,bridge|B_B|A
OH*,"{""OH"": ""hollow|A_A_B|FCC""}",101,BiCu,Bi6Cu6,0.0988106573830691,hollow|A_A_B|FCC
OH*,"{""OH"": ""top-tilt|B""}",101,BiCu,Bi6Cu6,0.3145570667810489,top-tilt|B
OH*,"{""OH"": ""hollow-tilt|A_A_B|FCC""}",101,BiCu,Bi6Cu6,0.0603394749822427,hollow-tilt|A_A_B|FCC
OH*,"{""OH"": ""bridge|B_B|A""}",101,BiIr,Bi6Ir6,0.3509273942771642,bridge|B_B|A
OH*,"{""OH"": ""top-tilt|B""}",101,BiIr,Bi6Ir6,0.0207297682799207,top-tilt|B
OH*,"{""OH"": ""hollow-tilt|A_A_B|FCC""}",101,BiIr,Bi6Ir6,0.05942734937787,hollow-tilt|A_A_B|FCC
OH*,"{""OH"": ""bridge|A_A|B""}",101,BiIr,Bi6Ir6,0.7725141807794671,bridge|A_A|B
O*,"{""O"": ""bridge|B_B|A""}",101,BiIr,Bi6Ir6,0.722464690635945,bridge|B_B|A
O*,"{""O"": ""hollow-tilt|A_A_B|FCC""}",101,BiIr,Bi6Ir6,1.00143375713725,hollow-tilt|A_A_B|FCC
O*,"{""O"": ""bridge|B_B|A""}",101,BiOs,Bi6Os6,0.247474610936308,bridge|B_B|A
OH*,"{""OH"": ""top|A""}",101,BiOs,Bi6Os6,0.8715569513777837,top|A
OH*,"{""OH"": ""bridge|A_A|B""}",101,BiOs,Bi6Os6,0.9526871480783256,bridge|A_A|B
OH*,"{""OH"": ""top-tilt|B""}",101,BiOs,Bi6Os6,-0.1183091105223184,top-tilt|B
O*,"{""O"": ""top|B""}",101,BiOs,Bi6Os6,0.490557848635774,top|B
O*,"{""O"": ""bridge|A_A|B""}",101,BiOs,Bi6Os6,2.19772741793696,bridge|A_A|B
O*,"{""O"": ""hollow|A_B_B|HCP""}",101,BiPd,Bi6Pd6,1.87352010593878,hollow|A_B_B|HCP
OH*,"{""OH"": ""bridge|B_B|A""}",101,BiPd,Bi6Pd6,0.6939217176812917,bridge|B_B|A
OH*,"{""OH"": ""hollow|A_A_B|FCC""}",101,BiPd,Bi6Pd6,0.7627725053797576,hollow|A_A_B|FCC
OH*,"{""OH"": ""hollow|A_B_B|HCP""}",101,BiPd,Bi6Pd6,0.7007520471823909,hollow|A_B_B|HCP
OH*,"{""OH"": ""top|A""}",101,BiPd,Bi6Pd6,0.7257103284799769,top|A
OH*,"{""OH"": ""top|B""}",101,BiPd,Bi6Pd6,1.3148293059829257,top|B
OH*,"{""OH"": ""bridge|A_B|A""}",101,BiPd,Bi6Pd6,0.7087207648809226,bridge|A_B|A
O*,"{""O"": ""bridge|B_B|A""}",101,BiPd,Bi6Pd6,1.93514382213817,bridge|B_B|A
OH*,"{""OH"": ""bridge|A_A|B""}",101,BiPd,Bi6Pd6,0.8086453201802897,bridge|A_A|B
O*,"{""O"": ""hollow|A_A_B|FCC""}",101,BiPd,Bi6Pd6,1.87467590943908,hollow|A_A_B|FCC
O*,"{""O"": ""bridge|B_B|A""}",101,BiPt,Bi6Pt6,1.56346339394059,bridge|B_B|A
OH*,"{""OH"": ""top|A""}",101,BiPt,Bi6Pt6,0.7036987678810647,top|A
OH*,"{""OH"": ""hollow-tilt|A_A_B|FCC""}",101,BiPt,Bi6Pt6,0.5475172614759458,hollow-tilt|A_A_B|FCC
OH*,"{""OH"": ""bridge|B_B|A""}",101,BiPt,Bi6Pt6,0.8213617441805354,bridge|B_B|A
OH*,"{""OH"": ""bridge|A_A|B""}",101,BiPt,Bi6Pt6,0.7786859947817675,bridge|A_A|B
O*,"{""O"": ""hollow|A_A_B|FCC""}",101,BiPt,Bi6Pt6,1.55267394413369,hollow|A_A_B|FCC
OH*,"{""OH"": ""top|B""}",101,BiRe,Bi6Re6,-0.5932795981199206,top|B
OH*,"{""OH"": ""top-tilt|B""}",101,BiRe,Bi6Re6,-1.2377179585192837,top-tilt|B
OH*,"{""OH"": ""bridge|B_B|A""}",101,BiRe,Bi6Re6,-0.5100096342204097,bridge|B_B|A
O*,"{""O"": ""top|B""}",101,BiRe,Bi6Re6,-0.712971727262072,top|B
OH*,"{""OH"": ""top|A""}",101,BiRh,Bi6Rh6,0.7859121138798173,top|A
OH*,"{""OH"": ""top-tilt|B""}",101,BiRh,Bi6Rh6,0.4356056833793218,top-tilt|B
O*,"{""O"": ""hollow-tilt|A_A_B|FCC""}",101,BiRh,Bi6Rh6,1.46297066493918,hollow-tilt|A_A_B|FCC
OH*,"{""OH"": ""bridge|B_B|A""}",101,BiRh,Bi6Rh6,0.7089429458800396,bridge|B_B|A
OH*,"{""OH"": ""bridge-tilt|A_B|B""}",101,BiRh,Bi6Rh6,0.4276779188811588,bridge-tilt|A_B|B
OH*,"{""OH"": ""hollow-tilt|A_A_B|FCC""}",101,BiRh,Bi6Rh6,0.4230302144795814,hollow-tilt|A_A_B|FCC
OH*,"{""OH"": ""hollow|A_A_B|HCP""}",101,BiRh,Bi6Rh6,0.8311205627804839,hollow|A_A_B|HCP
O*,"{""O"": ""bridge|B_B|A""}",101,BiRh,Bi6Rh6,1.30198621314031,bridge|B_B|A
O*,"{""O"": ""bridge|A_A|B""}",101,BiRu,Bi6Ru6,2.07105665723776,bridge|A_A|B
OH*,"{""OH"": ""top|A""}",101,BiRu,Bi6Ru6,0.8535407021817036,top|A
OH*,"{""OH"": ""top-tilt|B""}",101,BiRu,Bi6Ru6,0.245489812482333,top-tilt|B
OH*,"{""OH"": ""bridge|B_B|A""}",101,BiRu,Bi6Ru6,0.4033874048808457,bridge|B_B|A
O*,"{""O"": ""bridge|B_B|A""}",101,BiRu,Bi6Ru6,0.954816302739175,bridge|B_B|A
O*,"{""O"": ""top-tilt|B""}",101,BiRu,Bi6Ru6,1.13650834553829,top-tilt|B
OH*,"{""OH"": ""bridge|A_A|B""}",101,BiRu,Bi6Ru6,0.9283396262807172,bridge|A_A|B
OH*,"{""OH"": ""top|B""}",101,BiTc,Bi6Tc6,-0.2211206577186431,top|B
OH*,"{""OH"": ""top-tilt|A""}",101,BiTc,Bi6Tc6,0.9151561189800076,top-tilt|A
OH*,"{""OH"": ""bridge|B_B|A""}",101,BiTc,Bi6Tc6,-0.1892166707176557,bridge|B_B|A
OH*,"{""OH"": ""bridge|A_A|B""}",101,BiTc,Bi6Tc6,0.885057199081416,bridge|A_A|B
O*,"{""O"": ""top-tilt|B""}",101,BiTc,Bi6Tc6,-0.0189283746623801,top-tilt|B
O*,"{""O"": ""bridge|B_B|A""}",101,BiTc,Bi6Tc6,-0.0854985762600222,bridge|B_B|A
O*,"{""O"": ""bridge|A_A|B""}",101,BiTc,Bi6Tc6,2.00188722423974,bridge|A_A|B
OH*,{},111,Bi7Ru8O31,Bi7Ru8O30,0.5415121049999811,
O*,{},111,Bi7Ru8O31,Bi7Ru8O30,1.93213808999997,
O*,{},111,Bi2Ru2O7,Bi8Ru8O30,1.37923111000003,
OH*,{},111,Bi2Ru2O7,Bi8Ru8O30,0.2727012150000405,
O*,"{""O"": ""hollow|A_A_A|HCP""}",111,Bi3Cu,Bi9Cu3,1.54945130004108,hollow|A_A_A|HCP
O*,"{""O"": ""hollow|A_A_B|HCP""}",111,Bi3Cu,Bi9Cu3,0.775729205841174,hollow|A_A_B|HCP
OH*,"{""OH"": ""hollow-tilt|A_A_B|FCC""}",111,Bi3Cu,Bi9Cu3,-0.3931840883188897,hollow-tilt|A_A_B|FCC
OH*,"{""OH"": ""bridge|A_A|A""}",111,Bi3Cu,Bi9Cu3,0.0871388784843247,bridge|A_A|A
OH*,"{""OH"": ""hollow|A_A_A|FCC""}",111,Bi3Cu,Bi9Cu3,0.2992035876858381,hollow|A_A_A|FCC
OH*,"{""OH"": ""hollow|A_A_A|HCP""}",111,Bi3Cu,Bi9Cu3,0.6776446842821997,hollow|A_A_A|HCP
OH*,"{""OH"": ""top-tilt|B""}",111,Bi3Cu,Bi9Cu3,-0.0469005888181754,top-tilt|B
OH*,"{""OH"": ""hollow|A_A_B|FCC""}",111,Bi3Cu,Bi9Cu3,-1.2516933171165192,hollow|A_A_B|FCC
O*,"{""O"": ""hollow|A_A_A|FCC""}",111,Bi3Pd,Bi9Pd3,1.2507539801407,hollow|A_A_A|FCC
O*,"{""O"": ""hollow|A_A_B|FCC""}",111,Bi3Pd,Bi9Pd3,1.11737738213907,hollow|A_A_B|FCC
O*,"{""O"": ""hollow|A_A_B|HCP""}",111,Bi3Pd,Bi9Pd3,1.40092299523877,hollow|A_A_B|HCP
OH*,"{""OH"": ""bridge|A_A|A""}",111,Bi3Pd,Bi9Pd3,0.3026282763829613,bridge|A_A|A
OH*,"{""OH"": ""bridge|A_B|A""}",111,Bi3Pd,Bi9Pd3,0.3136374579815992,bridge|A_B|A
OH*,"{""OH"": ""hollow|A_A_A|FCC""}",111,Bi3Pd,Bi9Pd3,0.3509169178804541,hollow|A_A_A|FCC
OH*,"{""OH"": ""hollow|A_A_A|HCP""}",111,Bi3Pd,Bi9Pd3,0.7794729479800253,hollow|A_A_A|HCP
OH*,"{""OH"": ""hollow-tilt|A_A_B|FCC""}",111,Bi3Pd,Bi9Pd3,0.3133759565833998,hollow-tilt|A_A_B|FCC
OH*,"{""OH"": ""hollow-tilt|A_A_B|HCP""}",111,Bi3Pd,Bi9Pd3,0.3530674334805326,hollow-tilt|A_A_B|HCP
OH*,"{""OH"": ""top|A""}",111,Bi3Pd,Bi9Pd3,0.2740783644811699,top|A
OH*,"{""OH"": ""top|B""}",111,Bi3Pd,Bi9Pd3,1.0776298497811467,top|B
O*,"{""O"": ""hollow|A_A_A|HCP""}",111,Bi3Pd,Bi9Pd3,1.51828161214127,hollow|A_A_A|HCP
OH*,"{""OH"": ""hollow-tilt|A_A_B|HCP""}",111,Bi3Pt,Bi9Pt3,0.3083992665787036,hollow-tilt|A_A_B|HCP
O*,"{""O"": ""hollow|A_A_A|HCP""}",111,Bi3Pt,Bi9Pt3,1.50647459273733,hollow|A_A_A|HCP
OH*,"{""OH"": ""top|A""}",111,Bi3Pt,Bi9Pt3,0.0882447490811273,top|A
OH*,"{""OH"": ""top|B""}",111,Bi3Pt,Bi9Pt3,0.9171060867819278,top|B
OH*,"{""OH"": ""bridge|A_A|A""}",111,Bi3Pt,Bi9Pt3,0.1043568815811113,bridge|A_A|A
OH*,"{""OH"": ""hollow|A_A_A|HCP""}",111,Bi3Pt,Bi9Pt3,0.3984630967796647,hollow|A_A_A|HCP
OH*,"{""OH"": ""hollow|A_A_A|FCC""}",111,Bi3Pt,Bi9Pt3,-0.0168042541182558,hollow|A_A_A|FCC
OH*,"{""OH"": ""bridge|A_B|A""}",111,Bi3Pt,Bi9Pt3,-0.0742843568178841,bridge|A_B|A
OH*,"{""OH"": ""bridge|A_A|B""}",111,Bi3Pt,Bi9Pt3,0.5504343218789245,bridge|A_A|B
O*,"{""O"": ""hollow|A_A_B|FCC""}",111,Bi3Pt,Bi9Pt3,1.07547484423759,hollow|A_A_B|FCC
O*,"{""O"": ""hollow|A_A_A|FCC""}",111,Bi3Pt,Bi9Pt3,1.1211447982385,hollow|A_A_A|FCC
OH*,"{""OH"": ""hollow-tilt|A_A_B|FCC""}",111,Bi3Pt,Bi9Pt3,0.352511777081304,hollow-tilt|A_A_B|FCC
OH*,"{""OH"": ""hollow|A_A_A|HCP""}",111,Bi3Re,Bi9Re3,0.7740167934797455,hollow|A_A_A|HCP
O*,"{""O"": ""hollow|A_A_A|FCC""}",111,Bi3Re,Bi9Re3,1.63547968193944,hollow|A_A_A|FCC
O*,"{""O"": ""hollow|A_A_A|HCP""}",111,Bi3Re,Bi9Re3,1.36224038043639,hollow|A_A_A|HCP
OH*,"{""OH"": ""top|B""}",111,Bi3Re,Bi9Re3,-0.5677818511204578,top|B
OH*,"{""OH"": ""top-tilt|B""}",111,Bi3Re,Bi9Re3,-1.150253495819129,top-tilt|B
O*,"{""O"": ""hollow|A_A_A|FCC""}",111,Bi3Rh,Bi9Rh3,1.56719747613516,hollow|A_A_A|FCC
O*,"{""O"": ""hollow|A_A_A|HCP""}",111,Bi3Rh,Bi9Rh3,1.49185827003731,hollow|A_A_A|HCP
OH*,"{""OH"": ""top|B""}",111,Bi3Rh,Bi9Rh3,0.8545233053781658,top|B
OH*,"{""OH"": ""top|A""}",111,Bi3Rh,Bi9Rh3,0.2385719984785055,top|A
OH*,"{""OH"": ""hollow-tilt|A_A_B|FCC""}",111,Bi3Rh,Bi9Rh3,0.2643478457765695,hollow-tilt|A_A_B|FCC
OH*,"{""OH"": ""hollow|A_A_A|HCP""}",111,Bi3Rh,Bi9Rh3,0.7811094406796428,hollow|A_A_A|HCP
OH*,"{""OH"": ""hollow|A_A_A|FCC""}",111,Bi3Rh,Bi9Rh3,0.5511597773773929,hollow|A_A_A|FCC
OH*,"{""OH"": ""bridge-tilt|A_A|B""}",111,Bi3Rh,Bi9Rh3,0.5962227814787866,bridge-tilt|A_A|B
OH*,"{""OH"": ""bridge|A_A|A""}",111,Bi3Rh,Bi9Rh3,0.3221597913769756,bridge|A_A|A
O*,"{""O"": ""hollow|A_A_B|HCP""}",111,Bi3Rh,Bi9Rh3,1.36244419373526,hollow|A_A_B|HCP
O*,"{""O"": ""hollow|A_A_B|FCC""}",111,Bi3Rh,Bi9Rh3,1.12722382143676,hollow|A_A_B|FCC
OH*,"{""OH"": ""hollow|A_A_A|HCP""}",111,Bi3Ru,Bi9Ru3,0.3386958771778836,hollow|A_A_A|HCP
OH*,"{""OH"": ""hollow|A_A_A|FCC""}",111,Bi3Ru,Bi9Ru3,0.2865614507799137,hollow|A_A_A|FCC
O*,"{""O"": ""hollow|A_A_A|FCC""}",111,Bi3Ru,Bi9Ru3,1.69544744943761,hollow|A_A_A|FCC
O*,"{""O"": ""hollow|A_A_A|HCP""}",111,Bi3Ru,Bi9Ru3,1.43311610323491,hollow|A_A_A|HCP
O*,"{""O"": ""hollow-tilt|A_A_B|FCC""}",111,Bi3Ru,Bi9Ru3,0.463912733637528,hollow-tilt|A_A_B|FCC
OH*,"{""OH"": ""top|B""}",111,Bi3Ru,Bi9Ru3,0.3260658494772315,top|B
OH*,"{""OH"": ""top-tilt|B""}",111,Bi3Ru,Bi9Ru3,-0.200158912320262,top-tilt|B
OH*,"{""OH"": ""top|A""}",111,Bi3Ru,Bi9Ru3,0.1925077514796385,top|A
OH*,"{""OH"": ""bridge-tilt|A_A|B""}",111,Bi3Ru,Bi9Ru3,0.5810785578768218,bridge-tilt|A_A|B
OH*,"{""OH"": ""bridge|A_A|A""}",111,Bi3Ru,Bi9Ru3,0.289312929879884,bridge|A_A|A
OH*,"{""OH"": ""hollow|A_A_A|HCP""}",111,Cd,Cd12,0.2294330550802215,hollow|A_A_A|HCP
OH*,"{""OH"": ""hollow|A_A_A|FCC""}",111,Cd,Cd12,0.2482208829795809,hollow|A_A_A|FCC
O*,"{""O"": ""hollow|A_A_A|HCP""}",111,Cd,Cd12,0.90444041203574,hollow|A_A_A|HCP
O*,"{""O"": ""hollow|A_A_A|FCC""}",111,Cd,Cd12,1.025209023537,hollow|A_A_A|FCC
O*,{},12,Cd2O3-corundum,Cd12O18,4.44477246000001,
OH*,{},012,Cd2O3-corundum,Cd12O18,2.132988860000012,
O*,{},111,Cd,Cd27,0.774422344809864,
O*,{},111,Cd,Cd27,0.755053076849436,
O*,{},111,Cd,Cd27,2.70246197088272,
O*,{},111,Cd,Cd27,0.788805670686998,
O*,"{""O"": ""hollow|A_A_A|FCC""}",111,La3Cd,Cd3La9,-3.21981393516415,hollow|A_A_A|FCC
O*,"{""O"": ""top|B""}",111,La3Cd,Cd3La9,1.62684278873695,top|B
O*,"{""O"": ""hollow|A_A_A|HCP""}",111,La3Cd,Cd3La9,-2.95906316216514,hollow|A_A_A|HCP
O*,"{""O"": ""bridge|A_A|B""}",111,La3Cd,Cd3La9,-2.4678423082625,bridge|A_A|B
O*,"{""O"": ""hollow|A_A_B|FCC""}",111,Pd3Cd,Cd3Pd9,1.5871136240383,hollow|A_A_B|FCC
O*,"{""O"": ""hollow|A_A_B|HCP""}",111,Pd3Cd,Cd3Pd9,1.72451737083594,hollow|A_A_B|HCP
O*,"{""O"": ""hollow|A_A_A|FCC""}",111,Y3Cd,Cd3Y9,-3.81809825106228,hollow|A_A_A|FCC
O*,"{""O"": ""hollow|A_A_A|HCP""}",111,Y3Cd,Cd3Y9,-3.84010232846248,hollow|A_A_A|HCP
O*,"{""O"": ""top|B""}",111,Y3Cd,Cd3Y9,1.84835406573785,top|B
O*,"{""O"": ""hollow|A_A_A|FCC""}",111,Zr3Cd,Cd3Zr9,-3.60258953306419,hollow|A_A_A|FCC
O*,"{""O"": ""hollow|A_A_A|HCP""}",111,Zr3Cd,Cd3Zr9,-3.24387029516237,hollow|A_A_A|HCP
O*,"{""O"": ""bridge|A_A|A""}",111,Zr3Cd,Cd3Zr9,-2.54183563936402,bridge|A_A|A
O*,"{""O"": ""top|B""}",111,Zr3Cd,Cd3Zr9,2.21489780113535,top|B
OH*,{},100,CdO2-rutile,Cd6O12,2.0806685000000016,
OH*,{},100,CdO2,Cd6O12,2.118665759999999,
O*,{},100,CdO2-rutile,Cd6O12,4.7084143,
O*,{},100,CdO2-rutile,Cd6O12,4.7084143,
O*,{},110,CdO2-rutile,Cd8O16,5.02464659,
O*,{},110,CdO2-rutile,Cd8O16,5.02464659,
OH*,{},110,CdO2-rutile,Cd8O16,2.256772500000011,
O*,{},110,CdO2,Cd8O16,5.02460961000001,
O*,"{""O"": ""hollow|A_A_B|HCP""}",111,Cd3La,Cd9La3,-1.30721079886297,hollow|A_A_B|HCP
O*,"{""O"": ""hollow|A_A_B|FCC""}",111,Cd3La,Cd9La3,-1.13913410805998,hollow|A_A_B|FCC
O*,"{""O"": ""top|B""}",111,Cd3La,Cd9La3,-0.786876757360176,top|B
O*,"{""O"": ""hollow|A_A_A|FCC""}",111,Cd3La,Cd9La3,0.80942832783677,hollow|A_A_A|FCC
O*,"{""O"": ""hollow|A_A_A|FCC""}",111,Cd3Pt,Cd9Pt3,1.17117170293915,hollow|A_A_A|FCC
O*,"{""O"": ""hollow|A_A_A|HCP""}",111,Cd3Pt,Cd9Pt3,1.1058581230389,hollow|A_A_A|HCP
O*,"{""O"": ""hollow|A_A_A|HCP""}",111,Cd3Rh,Cd9Rh3,1.301873830136,hollow|A_A_A|HCP
O*,"{""O"": ""top|B""}",111,Cd3Rh,Cd9Rh3,2.1068501034386,top|B
O*,"{""O"": ""hollow|A_A_A|FCC""}",111,Cd3Rh,Cd9Rh3,1.30525171523897,hollow|A_A_A|FCC
O*,"{""O"": ""hollow|A_A_B|HCP""}",111,Cd3Y,Cd9Y3,-1.21725418156001,hollow|A_A_B|HCP
O*,"{""O"": ""hollow|A_A_A|FCC""}",111,Cd3Y,Cd9Y3,0.986272526540972,hollow|A_A_A|FCC
O*,"{""O"": ""top|B""}",111,Cd3Y,Cd9Y3,-0.2246086128618,top|B
O*,"{""O"": ""hollow|A_A_B|FCC""}",111,Cd3Y,Cd9Y3,-1.08493202465996,hollow|A_A_B|FCC
O*,"{""O"": ""top|B""}",111,Cd3Zr,Cd9Zr3,-1.53194784936221,top|B
O*,"{""O"": ""hollow|A_A_A|FCC""}",111,Cd3Zr,Cd9Zr3,1.13420775913966,hollow|A_A_A|FCC
O*,"{""O"": ""hollow-tilt|A_A_B|HCP""}",111,Cd3Zr,Cd9Zr3,-1.76555200156162,hollow-tilt|A_A_B|HCP
O*,"{""O"": ""hollow-tilt|A_A_B|FCC""}",111,Cd3Zr,Cd9Zr3,-1.69640801126315,hollow-tilt|A_A_B|FCC
"{""OHstar"": 1.0}","{""OH"": ""A""}",1,CeW15HO48,CeW15HO48,2.16822414,A
"{""Ostar"": 1.0}","{""O"": ""A""}",1,CeW15HO48,CeW15HO48,4.87218923,A
"{""Ostar"": 1.0}","{""O"": ""B""}",1,CeW15HO48,CeW15HO48,4.91486882,B
"{""Ostar"": 1.0}","{""O"": ""A""}",1,CeW15O47,CeW15O47,4.83277774,A
"{""OHstar"": 1.0}","{""OH"": ""B""}",1,CeW15O47,CeW15O47,2.30963594,B
"{""OHstar"": 1.0}","{""OH"": ""A""}",1,CeW15O47,CeW15O47,2.3669256,A
"{""OHstar"": 1.0}","{""OH"": ""A""}",1,CeW15O48,CeW15O48,3.45447859,A
"{""OHstar"": 1.0}","{""OH"": ""B""}",1,CeW15O48,CeW15O48,2.34904743,B
"{""Ostar"": 1.0}","{""O"": ""A""}",1,CeW15O48,CeW15O48,6.00841663,A
"{""Ostar"": 1.0}","{""O"": ""B""}",1,CeW15O48,CeW15O48,5.00295472,B
OH*,"{""OH"": ""hollow|A_A_A|FCC""}",111,Co,Co12,-0.2314417995177109,hollow|A_A_A|FCC
OH*,"{""OH"": ""top|A""}",111,Co,Co12,0.6621178685790028,top|A
OH*,"{""OH"": ""bridge|A_A|A""}",111,Co,Co12,0.0214545434836281,bridge|A_A|A
O*,"{""O"": ""top|A""}",111,Co,Co12,1.33240377824023,top|A
O*,"{""O"": ""hollow|A_A_A|HCP""}",111,Co,Co12,-0.253032127864742,hollow|A_A_A|HCP
O*,"{""O"": ""hollow|A_A_A|FCC""}",111,Co,Co12,-0.201434990263977,hollow|A_A_A|FCC
OH*,"{""OH"": ""hollow|A_A_A|HCP""}",111,Co,Co12,-0.243848285822537,hollow|A_A_A|HCP
"{""H2gas"": 0.5, ""OHstar"": 1}",,111,Co3Cu,Co12Cu4,-0.275594970619,nan
"{""H2gas"": 0.5, ""OHstar"": 1}",,111,Co3Fe,Co12Fe4,-0.302629005469,nan
O*,{},12,Co2O3-corundum,Co12O18,2.76213766000001,
O*,"{""Ostar"": ""peroxo""}",12,Co2O3-corundum,Co12O18,3.47554474999998,peroxo
O*,{},12,Co2O3-corundum,Co12O18,2.76213766000001,
OH*,{},012,Co2O3,Co12O18,0.684741669999994,
O*,{},12,Co2O3,Co12O18,2.67175043999998,
OH*,{},012,Co2O3-corundum,Co12O18,0.7621218399999918,
OH*,{},012,Co2O3-corundum,Co12O18,0.7621218399999918,
"{""H2gas"": 0.5, ""OHstar"": 1}",,111,Co3Pt,Co12Pt4,-0.336005469941,nan
O*,"{""Ostar"": ""hcp""}",1,Co-hcp,Co16,0.0093643799999938,hcp
OH*,,0001,LiCoO2,Co16Li12O30,-2.65967971,nan
O*,,1,LiCoO2,Co16Li12O30,0.99421593,nan
O*,,01-12,LiCoO2,Co16Li16H6O38,4.68636128,nan
OH*,,01-12,LiCoO2,Co16Li16H6O38,0.38270852,nan
O*,,1,Li0.5CoO2,Co16Li6O30,1.81024573,nan
OH*,,0001,Li0.5CoO2,Co16Li6O30,-1.02451869,nan
O*,,11-20,Li0.5CoO2,Co21Li12H5O47,2.51854087,nan
OH*,,11-20,Li0.5CoO2,Co21Li12H5O47,0.476573925,nan
OH*,,11-20,LiCoO2,Co21Li21H5O47,0.820322605,nan
O*,,11-20,LiCoO2,Co21Li21H5O47,2.91672796,nan
O*,,101,Co2P,Co24H2P12,0.198178884635,nan
OH*,,01-12,Li0.5CoO2,Co24Li12H23O59,0.229174985,nan
O*,,01-12,Li0.5CoO2,Co24Li12H23O59,2.24793515,nan
O*,,10-14,LiCoO2,Co24Li24O51,3.04838767,nan
OH*,,10-14,LiCoO2,Co24Li24O51,0.975509785,nan
O*,{},111,Co,Co27,1.33958356022777,
O*,{},111,Co,Co27,0.0665889123192756,
O*,{},111,Co,Co27,-0.475864946522051,
O*,{},111,Co,Co27,-0.474903568290756,
OH*,"{""OH"": ""Ni""}",100,HEO-19-Co3.0Zn2.0Cr3.0Mn3.0Fe3.0Ni2.0-Ni-site,Co2Cr2Fe3Mn2Ni3Zn2O20,2.0085081299999956,Ni
O*,"{""O"": ""Ni""}",100,HEO-19-Co3.0Zn2.0Cr3.0Mn3.0Fe3.0Ni2.0-Ni-site,Co2Cr2Fe3Mn2Ni3Zn2O20,4.51945318,Ni
O*,"{""O"": ""Fe""}",100,HEO-19-Co3.0Zn2.0Cr3.0Mn3.0Fe3.0Ni2.0-Fe-site,Co2Cr2Fe3Mn2Ni3Zn2O20,3.77770303,Fe
OH*,"{""OH"": ""Fe""}",100,HEO-19-Co3.0Zn2.0Cr3.0Mn3.0Fe3.0Ni2.0-Fe-site,Co2Cr2Fe3Mn2Ni3Zn2O20,1.6525937899999974,Fe
O*,"{""O"": ""Mn""}",100,HEO-19-Co3.0Zn2.0Cr3.0Mn3.0Fe3.0Ni2.0-Mn-site,Co2Cr3Fe2Mn3Ni2Zn2O20,3.60021221,Mn
O*,"{""O"": ""Cr""}",100,HEO-19-Co3.0Zn2.0Cr3.0Mn3.0Fe3.0Ni2.0-Cr-site,Co2Cr3Fe2Mn3Ni2Zn2O20,2.46976595999999,Cr
OH*,"{""OH"": ""Cr""}",100,HEO-19-Co3.0Zn2.0Cr3.0Mn3.0Fe3.0Ni2.0-Cr-site,Co2Cr3Fe2Mn3Ni2Zn2O20,1.561691609999997,Cr
OH*,"{""OH"": ""Mn""}",100,HEO-19-Co3.0Zn2.0Cr3.0Mn3.0Fe3.0Ni2.0-Mn-site,Co2Cr3Fe2Mn3Ni2Zn2O20,1.086742820000012,Mn
OH*,{},0001,Co-hcp,Co36,-0.417603534348018,
"{""H2gas"": 0.5, ""OHstar"": 1}",,111,Co,Co36,-0.355936380889,nan
O*,,10-14,Li0.5CoO2,Co36Li18O77,3.29454069,nan
OH*,,10-14,Li0.5CoO2,Co36Li18O77,1.183650625,nan
O*,"{""O"": ""Co""}",100,HEO-19-Co3.0Zn2.0Cr3.0Mn3.0Fe3.0Ni2.0-Co-site,Co3Cr2Fe2Mn2Ni2Zn2O16,1.75960403999997,Co
OH*,"{""OH"": ""Co""}",100,HEO-19-Co3.0Zn2.0Cr3.0Mn3.0Fe3.0Ni2.0-Co-site,Co3Cr2Fe2Mn2Ni2Zn2O16,-0.1654042100000197,Co
OH*,"{""OH"": ""Co""}",100,HEO-44-Fe3.0Ni3.0Cr3.0Mn3.0Co2.0Zn2.0,Co3Cr2Fe2Mn2Ni2Zn3O20,1.4345174199999915,Co
O*,"{""O"": ""Co""}",100,HEO-44-Fe3.0Ni3.0Cr3.0Mn3.0Co2.0Zn2.0,Co3Cr2Fe2Mn2Ni2Zn3O20,2.89834855000001,Co
OH*,"{""OH"": ""Co""}",100,HEO-5-Fe3.0Zn2.0Cr3.0Mn3.0Co3.0Ni2.0,Co3Cr2Fe2Mn2Ni3Zn2O20,0.7470639699999992,Co
O*,"{""O"": ""Co""}",100,HEO-5-Fe3.0Zn2.0Cr3.0Mn3.0Co3.0Ni2.0,Co3Cr2Fe2Mn2Ni3Zn2O20,2.73791052999999,Co
OH*,"{""OH"": ""Co""}",100,HEO-3-Mn3.0Zn2.0Cr3.0Fe2.0Co3.0Ni3.0,Co3Cr2Fe2Mn2Ni3Zn2O20,1.2388692399999854,Co
O*,"{""O"": ""Co""}",100,HEO-3-Mn3.0Zn2.0Cr3.0Fe2.0Co3.0Ni3.0,Co3Cr2Fe2Mn2Ni3Zn2O20,2.68578844999999,Co
O*,"{""O"": ""Co""}",100,HEO-8-Fe3.0Zn2.0Cr3.0Mn3.0Co2.0Ni3.0,Co3Cr2Fe2Mn2Ni3Zn2O20,3.04203536999998,Co
OH*,"{""OH"": ""Co""}",100,HEO-8-Fe3.0Zn2.0Cr3.0Mn3.0Co2.0Ni3.0,Co3Cr2Fe2Mn2Ni3Zn2O20,1.4400607099999831,Co
OH*,"{""OH"": ""Co""}",100,HEO-18-Fe3.0Zn2.0Cr3.0Mn2.0Co3.0Ni3.0,Co3Cr2Fe2Mn2Ni3Zn2O20,1.4282558600000073,Co
O*,"{""O"": ""Co""}",100,HEO-18-Fe3.0Zn2.0Cr3.0Mn2.0Co3.0Ni3.0,Co3Cr2Fe2Mn2Ni3Zn2O20,3.32228803999999,Co
O*,"{""O"": ""Co""}",100,HEO-7-Ni3.0Zn2.0Cr3.0Mn3.0Fe2.0Co3.0,Co3Cr2Fe3Mn2Ni2Zn2O20,2.62065207999999,Co
OH*,"{""OH"": ""Co""}",100,HEO-43-Ni3.0Zn2.0Cr3.0Mn3.0Fe3.0Co2.0,Co3Cr2Fe3Mn2Ni2Zn2O20,1.018996279999982,Co
O*,"{""O"": ""Co""}",100,HEO-43-Ni3.0Zn2.0Cr3.0Mn3.0Fe3.0Co2.0,Co3Cr2Fe3Mn2Ni2Zn2O20,3.34600911999999,Co
OH*,"{""OH"": ""Co""}",100,HEO-7-Ni3.0Zn2.0Cr3.0Mn3.0Fe2.0Co3.0,Co3Cr2Fe3Mn2Ni2Zn2O20,0.5498380399999974,Co
OH*,"{""OH"": ""M1""}",100,CuCo-MOF,Co3Cu6C96H48N48,1.043833749999976,M1
O*,"{""O"": ""M1""}",100,CuCo-MOF,Co3Cu6C96H48N48,3.64378149999993,M1
OH*,"{""OH"": ""M2""}",100,CuCo-MOF,Co3Cu6C96H48N48,0.4922212999999829,M2
O*,"{""O"": ""M2""}",100,CuCo-MOF,Co3Cu6C96H48N48,2.28464852999991,M2
O*,"{""O"": ""hollow|A_A_A|FCC""}",111,Cu3Co,Co3Cu9,0.829626113638199,hollow|A_A_A|FCC
O*,"{""O"": ""hollow|A_A_A|HCP""}",111,Cu3Co,Co3Cu9,1.23320345393205,hollow|A_A_A|HCP
O*,"{""O"": ""hollow|A_A_B|FCC""}",111,Cu3Co,Co3Cu9,0.179049273134126,hollow|A_A_B|FCC
O*,"{""O"": ""hollow|A_A_B|HCP""}",111,Cu3Co,Co3Cu9,0.176857940434104,hollow|A_A_B|HCP
O*,"{""O"": ""top|B""}",111,Cu3Co,Co3Cu9,0.88945796023819,top|B
OH*,"{""OH"": ""M2""}",100,NiCo-MOF,Co3Ni6C96H48N48,0.7593399999998383,M2
OH*,"{""OH"": ""M1""}",100,NiCo-MOF,Co3Ni6C96H48N48,1.6074597999997875,M1
O*,"{""O"": ""M1""}",100,NiCo-MOF,Co3Ni6C96H48N48,3.9187312799999696,M1
O*,"{""O"": ""M2""}",100,NiCo-MOF,Co3Ni6C96H48N48,2.91218104999984,M2
O*,"{""O"": ""hollow|A_A_B|FCC""}",111,Ni3Co,Co3Ni9,0.0492696118415665,hollow|A_A_B|FCC
O*,"{""O"": ""hollow|A_A_B|HCP""}",111,Ni3Co,Co3Ni9,0.129476118239666,hollow|A_A_B|HCP
"{""H2gas"": 0.5, ""OHstar"": 1}",,111,Cu3Co,Co4Cu12,-0.109789946975,nan
OH*,"{""OH"": ""M1""}",100,CoCu-MOF,Co6Cu3C96H48N48,1.117932939999946,M1
OH*,"{""OH"": ""M2""}",100,CoCu-MOF,Co6Cu3C96H48N48,1.3989138800000092,M2
O*,"{""O"": ""M1""}",100,CoCu-MOF,Co6Cu3C96H48N48,2.86166525999988,M1
O*,"{""O"": ""M2""}",100,CoCu-MOF,Co6Cu3C96H48N48,4.15476841999998,M2
O*,"{""O"": ""4fold|A_A_B_B""}",101,CoFe,Co6Fe6,1.080796438542,4fold|A_A_B_B
O*,"{""O"": ""hollow|A_B_B|HCP""}",101,CoFe,Co6Fe6,1.17458958884146,hollow|A_B_B|HCP
O*,"{""O"": ""M1""}",100,CoNi-MOF,Co6Ni3C96H48N48,2.46207314000003,M1
OH*,"{""OH"": ""M2""}",100,CoNi-MOF,Co6Ni3C96H48N48,1.284505210000134,M2
OH*,"{""OH"": ""M1""}",100,CoNi-MOF,Co6Ni3C96H48N48,0.7928901499999483,M1
O*,"{""O"": ""M2""}",100,CoNi-MOF,Co6Ni3C96H48N48,2.91098222000005,M2
O*,{},100,CoO2,Co6O12,3.69093295,
OH*,{},100,CoO2,Co6O12,1.3430470899999989,
O*,{},100,CoO2-rutile,Co6O12,3.6909155100000097,
O*,{},100,CoO2-rutile,Co6O12,3.6909155100000097,
OH*,{},100,CoO2-rutile,Co6O12,1.3429571800000133,
O*,"{""O"": ""hollow|A_A_B|FCC""}",101,CoPt,Co6Pt6,0.425774074337653,hollow|A_A_B|FCC
O*,"{""O"": ""top|A""}",101,CoPt,Co6Pt6,1.49989039023404,top|A
O*,"{""O"": ""hollow|A_B_B|HCP""}",101,CoPt,Co6Pt6,1.0850544758394,hollow|A_B_B|HCP
O*,"{""O"": ""hollow|A_A_B|HCP""}",101,CoPt,Co6Pt6,0.624480715134098,hollow|A_A_B|HCP
O*,"{""O"": ""hollow|A_B_B|FCC""}",101,CoPt,Co6Pt6,1.14746487323629,hollow|A_B_B|FCC
"{""H2gas"": 0.5, ""OHstar"": 1}",,111,CoFe,Co8Fe8,-0.519597283448,nan
O*,,101,Fe0.5Co0.5P,Co8Fe8P16,0.0897734885875,nan
OH*,,101,Fe0.5Co0.5P,Co8Fe8P16,-0.686855223343,nan
O*,{},110,CoO2,Co8O16,3.6616333299999697,
OH*,{},110,CoO2,Co8O16,1.2736071899999786,
O*,{},110,CoO2-rutile,Co8O16,3.7730144699999904,
O*,{},110,CoO2-rutile,Co8O16,3.7730144699999904,
OH*,{},110,CoO2-rutile,Co8O16,1.3849585600000012,
OH*,{},100-lc,Co2O5-C12c,Co8O18,1.3709691799999746,
O*,{},100-lc,Co2O5-C12c,Co8O18,3.54800346999997,
O*,{},100,Co2O5-0.5ML,Co8O18,3.67025711999997,
OH*,{},100,Co2O5-0.5ML,Co8O18,1.5240569599999958,
OH*,{},100-hc,Co2O5-C12c,Co8O19,1.7826373000000046,
O*,{},100-hc,Co2O5-C12c,Co8O19,3.9770838899999905,
"{""H2gas"": 0.5, ""OHstar"": 1}",,111,CoPt,Co8Pt8,0.0623755338347,nan
OH*,"{""OH"": ""M2""}",100,CoCo-MOF,Co9C96H48N48,0.932594390000304,M2
OH*,"{""OH"": ""M1""}",100,CoCo-MOF,Co9C96H48N48,1.1190924900001846,M1
O*,"{""O"": ""M2""}",100,CoCo-MOF,Co9C96H48N48,2.99508519000005,M2
O*,"{""O"": ""M1""}",100,CoCo-MOF,Co9C96H48N48,2.89384158000007,M1
OH*,"{""OH"": ""Co""}",100,Zn-HESO109-MnNiFeCrZn,Co9CrFeMnNiZnO20,0.5193834300000049,Co
O*,"{""O"": ""Co""}",100,Zn-HESO29-MnNiFeCrZn,Co9CrFeMnNiZnO20,3.62840867999998,Co
O*,"{""O"": ""Co""}",100,Zn-HESO21-MnNiFeCrZn,Co9CrFeMnNiZnO20,3.18622916999999,Co
OH*,"{""OH"": ""Co""}",100,Zn-HESO21-MnNiFeCrZn,Co9CrFeMnNiZnO20,1.1644308799999976,Co
O*,"{""O"": ""Co""}",100,Zn-HESO26-MnNiFeCrZn,Co9CrFeMnNiZnO20,3.27868226000001,Co
OH*,"{""OH"": ""Co""}",100,Zn-HESO26-MnNiFeCrZn,Co9CrFeMnNiZnO20,0.870708129999997,Co
OH*,"{""OH"": ""Co""}",100,local-impurity-Zn-HESO8-MnNiFeCrZn,Co9CrFeMnNiZnO20,1.3287423499999989,Co
OH*,"{""OH"": ""Co""}",100,Zn-HESO29-MnNiFeCrZn,Co9CrFeMnNiZnO20,1.2352003399999774,Co
O*,"{""O"": ""Co""}",100,Zn-HESO32-MnNiFeCrZn,Co9CrFeMnNiZnO20,3.30366097999999,Co
OH*,"{""OH"": ""Co""}",100,Zn-HESO32-MnNiFeCrZn,Co9CrFeMnNiZnO20,1.73557224999999,Co
O*,"{""O"": ""Co""}",100,Zn-HESO35-MnNiFeCrZn,Co9CrFeMnNiZnO20,3.37016805999997,Co
OH*,"{""OH"": ""Co""}",100,Zn-HESO2-MnNiFeCrZn,Co9CrFeMnNiZnO20,1.2534312999999884,Co
OH*,"{""OH"": ""Co""}",100,Zn-HESO35-MnNiFeCrZn,Co9CrFeMnNiZnO20,0.9622240599999828,Co
OH*,"{""OH"": ""Co""}",100,Zn-HESO43-MnNiFeCrZn,Co9CrFeMnNiZnO20,1.1982448499999805,Co
O*,"{""O"": ""Co""}",100,Zn-HESO45-MnNiFeCrZn,Co9CrFeMnNiZnO20,2.97845907999999,Co
OH*,"{""OH"": ""Co""}",100,Zn-HESO45-MnNiFeCrZn,Co9CrFeMnNiZnO20,0.8759619300000168,Co
O*,"{""O"": ""Co""}",100,Zn-HESO5-MnNiFeCrZn,Co9CrFeMnNiZnO20,3.26958103999999,Co
OH*,"{""OH"": ""Co""}",100,Zn-HESO5-MnNiFeCrZn,Co9CrFeMnNiZnO20,1.202675539999973,Co
O*,"{""O"": ""Co""}",100,Zn-HESO50-MnNiFeCrZn,Co9CrFeMnNiZnO20,3.33842608999998,Co
OH*,"{""OH"": ""Co""}",100,Zn-HESO50-MnNiFeCrZn,Co9CrFeMnNiZnO20,1.254870909999994,Co
O*,"{""O"": ""Co""}",100,Zn-HESO53-MnNiFeCrZn,Co9CrFeMnNiZnO20,3.38534142999998,Co
OH*,"{""OH"": ""Co""}",100,Zn-HESO53-MnNiFeCrZn,Co9CrFeMnNiZnO20,1.2967675399999905,Co
O*,"{""O"": ""Co""}",100,Zn-HESO43-MnNiFeCrZn,Co9CrFeMnNiZnO20,3.26663697999999,Co
O*,"{""O"": ""Co""}",100,Zn-HESO56-MnNiFeCrZn,Co9CrFeMnNiZnO20,2.94383307999999,Co
O*,"{""O"": ""Co""}",100,Zn-HESO2-MnNiFeCrZn,Co9CrFeMnNiZnO20,3.3287306,Co
O*,"{""O"": ""Co""}",100,Zn-HESO19-MnNiFeCrZn,Co9CrFeMnNiZnO20,3.28663562,Co
O*,"{""O"": ""Co""}",100,local-impurity-Zn-HESO8-MnNiFeCrZn,Co9CrFeMnNiZnO20,3.27100544999999,Co
OH*,"{""OH"": ""Co""}",100,Zn-HESO99-MnNiFeCrZn,Co9CrFeMnNiZnO20,1.20043825999997,Co
O*,"{""O"": ""Co""}",100,Zn-HESO99-MnNiFeCrZn,Co9CrFeMnNiZnO20,3.28439254999998,Co
OH*,"{""OH"": ""Co""}",100,Zn-HESO97-MnNiFeCrZn,Co9CrFeMnNiZnO20,0.6052728999999886,Co
O*,"{""O"": ""Co""}",100,Zn-HESO97-MnNiFeCrZn,Co9CrFeMnNiZnO20,2.63440423999998,Co
OH*,"{""OH"": ""Co""}",100,Zn-HESO69-MnNiFeCrZn,Co9CrFeMnNiZnO20,1.2123385699999858,Co
O*,"{""O"": ""Co""}",100,Zn-HESO69-MnNiFeCrZn,Co9CrFeMnNiZnO20,3.44592410999999,Co
OH*,"{""OH"": ""Co""}",100,Zn-HESO67-MnNiFeCrZn,Co9CrFeMnNiZnO20,1.1367275399999812,Co
O*,"{""O"": ""Co""}",100,Zn-HESO67-MnNiFeCrZn,Co9CrFeMnNiZnO20,3.23529098999998,Co
OH*,"{""OH"": ""Co""}",100,Zn-HESO19-MnNiFeCrZn,Co9CrFeMnNiZnO20,1.2535872299999935,Co
OH*,"{""OH"": ""Co""}",100,Zn-HESO59-MnNiFeCrZn,Co9CrFeMnNiZnO20,1.2569621199999972,Co
O*,"{""O"": ""Co""}",100,Zn-HESO11-MnNiFeCrZn,Co9CrFeMnNiZnO20,3.66622852,Co
O*,"{""O"": ""Co""}",100,Zn-HESO109-MnNiFeCrZn,Co9CrFeMnNiZnO20,2.54297993,Co
OH*,"{""OH"": ""Co""}",100,Zn-HESO105-MnNiFeCrZn,Co9CrFeMnNiZnO20,1.8275013599999852,Co
O*,"{""O"": ""Co""}",100,Zn-HESO105-MnNiFeCrZn,Co9CrFeMnNiZnO20,3.22582168999998,Co
OH*,"{""OH"": ""Co""}",100,Zn-HESO103-MnNiFeCrZn,Co9CrFeMnNiZnO20,1.290248780000013,Co
O*,"{""O"": ""Co""}",100,Zn-HESO103-MnNiFeCrZn,Co9CrFeMnNiZnO20,3.30253825,Co
OH*,"{""OH"": ""Co""}",100,Zn-HESO11-MnNiFeCrZn,Co9CrFeMnNiZnO20,1.331014449999998,Co
O*,"{""O"": ""Co""}",100,Zn-HESO111-MnNiFeCrZn,Co9CrFeMnNiZnO20,3.23599386999999,Co
OH*,"{""OH"": ""Co""}",100,Zn-HESO111-MnNiFeCrZn,Co9CrFeMnNiZnO20,1.2532318599999996,Co
O*,"{""O"": ""Co""}",100,Zn-HESO59-MnNiFeCrZn,Co9CrFeMnNiZnO20,3.28283441999997,Co
OH*,"{""OH"": ""Co""}",100,Zn-HESO56-MnNiFeCrZn,Co9CrFeMnNiZnO20,0.914962900000006,Co
O*,"{""O"": ""hollow|A_A_A|HCP""}",111,Co3Cu,Co9Cu3,-0.259662589665993,hollow|A_A_A|HCP
O*,"{""O"": ""top|B""}",111,Co3Cu,Co9Cu3,2.60424644493816,top|B
O*,"{""O"": ""hollow|A_A_B|HCP""}",111,Co3Cu,Co9Cu3,0.224185884038718,hollow|A_A_B|HCP
O*,"{""O"": ""hollow|A_A_B|FCC""}",111,Co3Cu,Co9Cu3,0.220859020238834,hollow|A_A_B|FCC
O*,"{""O"": ""hollow|A_A_A|FCC""}",111,Co3Cu,Co9Cu3,-0.255640066865624,hollow|A_A_A|FCC
O*,"{""O"": ""hollow|A_A_B|FCC""}",111,Co3Fe,Co9Fe3,0.369840530536578,hollow|A_A_B|FCC
O*,"{""O"": ""hollow|A_A_B|HCP""}",111,Co3Ir,Co9Ir3,0.100447286032988,hollow|A_A_B|HCP
O*,"{""O"": ""hollow|A_A_B|FCC""}",111,Co3Ni,Co9Ni3,0.0224631334384071,hollow|A_A_B|FCC
O*,"{""O"": ""hollow|A_A_A|FCC""}",111,Co3Ni,Co9Ni3,-0.184680941161957,hollow|A_A_A|FCC
O*,"{""O"": ""hollow|A_A_B|FCC""}",111,Co3Pt,Co9Pt3,0.555995784536037,hollow|A_A_B|FCC
O*,"{""O"": ""hollow|A_A_A|HCP""}",111,Co3Pt,Co9Pt3,0.118586666638123,hollow|A_A_A|HCP
O*,"{""O"": ""hollow|A_A_A|FCC""}",111,Co3Pt,Co9Pt3,-0.0115196672597335,hollow|A_A_A|FCC
O*,"{""O"": ""hollow|A_A_B|HCP""}",111,Co3Pt,Co9Pt3,0.549168176137584,hollow|A_A_B|HCP
O*,"{""O"": ""hollow|A_A_A|FCC""}",111,Co3Rh,Co9Rh3,-0.0412104163589788,hollow|A_A_A|FCC
O*,"{""O"": ""hollow|A_A_A|HCP""}",111,Co3Rh,Co9Rh3,-0.0026385518614802,hollow|A_A_A|HCP
O*,"{""O"": ""hollow|A_A_B|FCC""}",111,Co3Rh,Co9Rh3,0.193424366941883,hollow|A_A_B|FCC
O*,"{""O"": ""hollow|A_A_B|HCP""}",111,Co3Rh,Co9Rh3,0.116794116740323,hollow|A_A_B|HCP
O*,"{""O"": ""top|A""}",111,Co3Rh,Co9Rh3,1.34590375404133,top|A
O*,"{""O"": ""hollow|A_A_B|FCC""}",111,Co3V,Co9V3,-1.05943795116417,hollow|A_A_B|FCC
O*,"{""O"": ""hollow|A_A_B|HCP""}",111,Co3V,Co9V3,-1.04126863806249,hollow|A_A_B|HCP
O*,"{""O"": ""hollow|A_A_B|FCC""}",111,Co3W,Co9W3,-1.06223432906353,hollow|A_A_B|FCC
O*,"{""O"": ""hollow|A_A_B|HCP""}",111,Co3W,Co9W3,-1.05337457466175,hollow|A_A_B|HCP
O*,{},1,CoN4C26-Δz=1.0Å-M,CoC26N4,0.795523700000047,
O*,{},1,CoN4C26-Δz=relaxed-M,CoC26N4,2.21534425000004,
OH*,{},001,CoN4C26-Δz=relaxed-M,CoC26N4,0.777760150000006,
O*,{},1,CoN4C26-Δz=1.2Å-M,CoC26N4,0.670983690000014,
OH*,{},001,CoN4C26-Δz=1.2Å-M,CoC26N4,-0.8778067300000316,
OH*,{},001,CoN4C26-Δz=1.0Å-M,CoC26N4,-0.6763781999999878,
OH*,{},001,CoN4C26-Δz=0.8Å-M,CoC26N4,-0.2292059700000095,
O*,{},1,CoN4C26-Δz=0.6Å-M,CoC26N4,1.26751881999996,
O*,{},1,CoN4C26-Δz=0.8Å-M,CoC26N4,1.15761295000004,
O*,{},1,CoN4C26-Δz=0.4Å-M,CoC26N4,2.00660548000002,
OH*,{},001,CoN4C26-Δz=0.4Å-M,CoC26N4,0.4231054900000117,
O*,{},1,CoN4C26-Δz=0.2Å-M,CoC26N4,2.75018218999998,
OH*,{},001,CoN4C26-Δz=0.2Å-M,CoC26N4,0.6383470199999692,
O*,{},1,CoN4C26-Δz=0.0Å-M,CoC26N4,3.23282740999997,
OH*,{},001,CoN4C26-Δz=0.0Å-M,CoC26N4,0.9853379299999574,
OH*,{},001,CoN4C26-Δz=0.6Å-M,CoC26N4,-0.1035651700000244,
"{""OHstar"": 1.0}","{""OH"": ""A""}",1,CoW15HO48,CoW15HO48,0.43847942,A
"{""OHstar"": 1.0}","{""OH"": ""B""}",1,CoW15HO48,CoW15HO48,2.1234023,B
"{""Ostar"": 1.0}","{""O"": ""A""}",1,CoW15HO48,CoW15HO48,2.71517537,A
"{""Ostar"": 1.0}","{""O"": ""B""}",1,CoW15HO48,CoW15HO48,4.85348819,B
"{""Ostar"": 1.0}","{""O"": ""A""}",1,CoW15O47,CoW15O47,3.47103642,A
"{""OHstar"": 1.0}","{""OH"": ""B""}",1,CoW15O47,CoW15O47,2.95255437,B
"{""OHstar"": 1.0}","{""OH"": ""A""}",1,CoW15O47,CoW15O47,1.26763149,A
"{""OHstar"": 1.0}","{""OH"": ""B""}",1,CoW15O48,CoW15O48,2.19669332,B
"{""Ostar"": 1.0}","{""O"": ""B""}",1,CoW15O48,CoW15O48,2.38898946,B
"{""Ostar"": 1.0}","{""O"": ""A""}",1,CoW15O48,CoW15O48,3.24049176,A
"{""OHstar"": 1.0}","{""OH"": ""A""}",1,CoW15O48,CoW15O48,3.50158556,A
OH*,"{""OH"": ""hollow|A_A_A|HCP""}",111,Cr,Cr12,-1.819625239021775,hollow|A_A_A|HCP
OH*,"{""OH"": ""top|A""}",111,Cr,Cr12,-0.9990341212206886,top|A
O*,"{""O"": ""hollow|A_A_A|HCP""}",111,Cr,Cr12,-2.50085162166232,hollow|A_A_A|HCP
OH*,"{""OH"": ""hollow|A_A_A|FCC""}",111,Cr,Cr12,-1.8000708665196044,hollow|A_A_A|FCC
O*,"{""O"": ""hollow|A_A_A|FCC""}",111,Cr,Cr12,-2.49942533696247,hollow|A_A_A|FCC
O*,"{""O"": ""top|A""}",111,Cr,Cr12,-0.926688303461731,top|A
O*,{},12,Cr2O3,Cr12O18,1.96540808999998,
OH*,{},012,Cr2O3-corundum,Cr12O18,0.684970050000004,
O*,{},12,Cr2O3-corundum,Cr12O18,2.19639472,
OH*,{},012,Cr2O3,Cr12O18,0.5735993099999916,
O*,{},111,Cr,Cr27,-0.953414005649393,
O*,{},111,Cr,Cr27,-2.04517627121095,
O*,"{""O"": ""hollow|A_A_B|HCP""}",111,Ir3Cr,Cr3Ir9,-0.109863377260069,hollow|A_A_B|HCP
O*,"{""O"": ""hollow|A_A_B|FCC""}",111,Ir3Cr,Cr3Ir9,-0.0817004113634425,hollow|A_A_B|FCC
O*,"{""O"": ""top|B""}",111,Ir3Cr,Cr3Ir9,-0.210044536063094,top|B
O*,"{""O"": ""hollow|A_A_A|HCP""}",111,Ir3Cr,Cr3Ir9,0.873327459939731,hollow|A_A_A|HCP
O*,"{""O"": ""top|B""}",111,Pt3Cr,Cr3Pt9,-0.609633911965091,top|B
O*,"{""O"": ""hollow|A_A_A|FCC""}",111,Pt3Cr,Cr3Pt9,2.12149894373925,hollow|A_A_A|FCC
O*,"{""O"": ""hollow|A_A_A|HCP""}",111,Pt3Cr,Cr3Pt9,2.00865197433797,hollow|A_A_A|HCP
OH*,{},100,CrO2-rutile,Cr6O12,1.3257011599999942,
O*,{},100,CrO2-rutile,Cr6O12,3.40305266999999,
OH*,{},100,CrO2,Cr6O12,1.2883623799999953,
O*,{},100,CrO2-rutile,Cr6O12,3.40305266999999,
OH*,{},100,CrO2-rutile,Cr6O12,1.3257011599999942,
O*,{},100,CrO2-rutile,Cr6O12,3.40305266999999,
O*,{},100,CrO2,Cr6O12,3.25438094999998,
O*,{},110,CrO2-rutile,Cr8O16,3.23403543999999,
O*,{},110,CrO2,Cr8O16,3.07176784999999,
OH*,{},110,CrO2-rutile,Cr8O16,1.125645999999989,
O*,{},110,CrO2-rutile,Cr8O16,3.23403543999999,
OH*,{},110,CrO2-rutile,Cr8O16,1.125645999999989,
O*,"{""Ostar"": ""peroxo""}",110,CrO2-rutile,Cr8O16,3.31058050999999,peroxo
OH*,{},110,CrO2,Cr8O16,1.0738926999999876,
O*,{},110,CrO2-rutile,Cr8O16,3.23403543999999,
O*,{},100,Cr2O5-0.5ML,Cr8O18,2.96976936999999,
OH*,{},100,Cr2O5-0.5ML,Cr8O18,1.2757516499999897,
O*,{},100-lc,Cr2O5-C12c,Cr8O18,3.18476036999999,
OH*,{},100-lc,Cr2O5-C12c,Cr8O18,1.376989079999987,
OH*,{},100-hc,Cr2O5-C12c,Cr8O19,1.5167923099999712,
O*,{},100-hc,Cr2O5-C12c,Cr8O19,3.28039736999997,
OH*,{},001,CrN4C26-Δz=relaxed-M,CrC26N4,-0.2635609000000158,
O*,{},1,CrN4C26-Δz=relaxed-M,CrC26N4,1.17122956000003,
OH*,"{""OHstar"": ""CUS-Cr-site""}",110,surface-Cr-doped-IrO2-rutile,CrIr15O33,0.8053496300000234,CUS-Cr-site
OH*,"{""OHstar"": ""CUS-Ir-site""}",110,subcus--subsurface-Cr-doped-IrO2-rutile,CrIr15O33,-0.1257429300000012,CUS-Ir-site
O*,"{""Ostar"": ""CUS-Cr-site""}",110,surface-Cr-doped-IrO2-rutile,CrIr15O33,2.87978456000002,CUS-Cr-site
O*,"{""Ostar"": ""CUS-Ir-site""}",110,surface-Cr-doped-IrO2-rutile,CrIr15O33,1.48224625,CUS-Ir-site
OH*,"{""OHstar"": ""CUS-Ir-site""}",110,subbridge--subsurface-Cr-doped-IrO2-rutile,CrIr15O33,-0.2584187599999836,CUS-Ir-site
O*,"{""Ostar"": ""CUS-Ir-site""}",110,subbridge--subsurface-Cr-doped-IrO2-rutile,CrIr15O33,1.44264053000006,CUS-Ir-site
O*,"{""Ostar"": ""CUS-Ir-site""}",110,subcus--subsurface-Cr-doped-IrO2-rutile,CrIr15O33,1.58644706000001,CUS-Ir-site
OH*,"{""OHstar"": ""CUS-Ir-site""}",110,surface-Cr-doped-IrO2-rutile,CrIr15O33,-0.140408930000035,CUS-Ir-site
OH*,"{""OHstar"": ""Cr-site""}",100,surface-Cr-doped-IrO2-rutile,CrIr19O43,0.9018750700000168,Cr-site
O*,"{""Ostar"": ""Cr-site""}",100,surface-Cr-doped-IrO2-rutile,CrIr19O43,2.77390305,Cr-site
O*,"{""Ostar"": ""Ir-site--Cr-adjacent""}",100,surface-Cr-doped-IrO2-rutile,CrIr19O43,1.53566842999999,Ir-site--Cr-adjacent
O*,"{""Ostar"": ""Ir-site--Cr-nonadjacent""}",100,surface-Cr-doped-IrO2-rutile,CrIr19O43,1.62361550000003,Ir-site--Cr-nonadjacent
OH*,"{""OHstar"": ""Ir-site--Cr-adjacent""}",100,surface-Cr-doped-IrO2-rutile,CrIr19O43,-0.0723692299999925,Ir-site--Cr-adjacent
OH*,"{""OHstar"": ""Ir-site--Cr-nonadjacent""}",100,surface-Cr-doped-IrO2-rutile,CrIr19O43,-0.0929750599999579,Ir-site--Cr-nonadjacent
"{""OHstar"": 1.0}","{""OH"": ""A""}",1,CrW15HO48,CrW15HO48,0.48495271,A
"{""OHstar"": 1.0}","{""OH"": ""B""}",1,CrW15HO48,CrW15HO48,2.01782466,B
"{""Ostar"": 1.0}","{""O"": ""B""}",1,CrW15HO48,CrW15HO48,4.4101405,B
"{""Ostar"": 1.0}","{""O"": ""A""}",1,CrW15HO48,CrW15HO48,2.40971298,A
"{""Ostar"": 1.0}","{""O"": ""A""}",1,CrW15O47,CrW15O47,1.64600583,A
"{""Ostar"": 1.0}","{""O"": ""B""}",1,CrW15O47,CrW15O47,3.43933557,B
"{""OHstar"": 1.0}","{""OH"": ""A""}",1,CrW15O47,CrW15O47,0.08199585,A
"{""OHstar"": 1.0}","{""OH"": ""B""}",1,CrW15O47,CrW15O47,1.6148678,B
"{""OHstar"": 1.0}","{""OH"": ""A""}",1,CrW15O48,CrW15O48,1.05280078,A
"{""Ostar"": 1.0}","{""O"": ""A""}",1,CrW15O48,CrW15O48,1.357705,A
"{""Ostar"": 1.0}","{""O"": ""B""}",1,CrW15O48,CrW15O48,3.15103474,B
"{""OHstar"": 1.0}","{""OH"": ""B""}",1,CrW15O48,CrW15O48,2.37857495,B
O*,"{""O"": ""hollow|A_A_A|FCC""}",111,Cu,Cu12,0.815140813636219,hollow|A_A_A|FCC
O*,"{""O"": ""hollow|A_A_A|HCP""}",111,Cu,Cu12,0.927200285634001,hollow|A_A_A|HCP
OH*,"{""OH"": ""hollow|A_A_A|FCC""}",111,Cu,Cu12,0.189503614686032,hollow|A_A_A|FCC
OH*,"{""OH"": ""hollow|A_A_A|HCP""}",111,Cu,Cu12,0.2249078020803381,hollow|A_A_A|HCP
O*,"{""O"": ""top|A""}",111,Cu,Cu12,2.56081870894178,top|A
OH*,"{""OH"": ""top|A""}",111,Cu,Cu12,0.9692630985781534,top|A
"{""H2gas"": 0.5, ""OHstar"": 1}",,111,Cu3Fe,Cu12Fe4,-0.230817343981,nan
"{""H2gas"": 0.5, ""OHstar"": 1}",,111,Cu3Ni,Cu12Ni4,0.190025705757,nan
O*,{},12,Cu2O3,Cu12O18,4.43864507000001,
OH*,{},012,Cu2O3,Cu12O18,1.8925905699999817,
O*,{},12,Cu2O3-corundum,Cu12O18,4.43869165999999,
OH*,{},012,Cu2O3-corundum,Cu12O18,1.892586779999988,
O*,"{""Ostar"": ""fcc""}",111,Cu-fcc,Cu16,1.09266451,fcc
OH*,"{""OH"": ""fcc""}",111+2%,Cu-fcc,Cu16,-0.0102801886969245,fcc
OH*,"{""OH"": ""fcc""}",111,Cu-fcc,Cu16,0.1419359387946315,fcc
OH*,"{""OH"": ""hcp""}",111,Cu-fcc,Cu16,0.1790680489939404,hcp
OH*,"{""OH"": ""fcc""}",111+5%,Cu-fcc,Cu16,-0.2069103288231417,fcc
OH*,"{""OH"": ""fcc""}",111-5%,Cu-fcc,Cu16,0.5092068983794888,fcc
OH*,"{""OH"": ""fcc""}",111+8%,Cu-fcc,Cu16,-0.3905045833525946,fcc
OH*,"{""OH"": ""fcc""}",111-1%,Cu-fcc,Cu16,0.2242407149606151,fcc
OH*,"{""OH"": ""fcc""}",111-2%,Cu-fcc,Cu16,0.3045756590290693,fcc
OH*,"{""OH"": ""fcc""}",111-3%,Cu-fcc,Cu16,0.3791925389523385,fcc
"{""Ostar"": 1.0}","{""O"": ""ontop""}",111,Cu,Cu16,2.81767609649,ontop
"{""Ostar"": 1.0}","{""O"": ""fcc""}",111,Cu,Cu16,1.04811728233,fcc
OH*,"{""OH"": ""ontop""}",111,Cu-fcc,Cu16,1.0483166586054722,ontop
OH*,{},111-bridge-lc,CuO-OH-adsorbed,Cu16H2O18,0.4249614299999678,
OH*,{},111-top-lc,CuO-OH-adsorbed,Cu16H2O18,-0.0259398299999986,
O*,{},111-top-lc,CuO-OH-adsorbed,Cu16H2O18,2.58285749000001,
O*,{},111-bridge-lc,CuO-OH-adsorbed,Cu16H2O18,3.13540329999998,
O*,{},111-top-hc,CuO-OH-adsorbed,Cu16H3O19,4.51548399999999,
O*,{},111-bridge-hc,CuO-OH-adsorbed,Cu16H3O19,4.16438867999997,
OH*,{},111-bridge-hc,CuO-OH-adsorbed,Cu16H3O19,1.6247671499999967,
OH*,{},111-top-hc,CuO-OH-adsorbed,Cu16H3O19,1.5995590199999867,
OH*,{},002-OH-vacancy,gamma-CuOOH,Cu20H19O39,-0.5790173499999582,
O*,{},002-OH-vacancy,gamma-CuOOH,Cu20H19O39,2.10353853999999,
OH*,{},210-OH-vacancy,delta-CuOOH,Cu20H19O39,-0.675795179999966,
O*,{},210-OH-vacancy,delta-CuOOH,Cu20H19O39,2.04457546000003,
OH*,{},002-O-vacancy,gamma-CuOOH,Cu20H20O39,0.0059193400000481,
O*,{},002-O-vacancy,gamma-CuOOH,Cu20H20O39,1.49435445000006,
OH*,{},210-O-vacancy,delta-CuOOH,Cu20H20O39,-0.0190757299999404,
O*,{},210-O-vacancy,delta-CuOOH,Cu20H20O39,1.62879339000006,
O*,{},111,Cu,Cu27,2.4578691709612,
O*,{},111,Cu,Cu27,0.73707886855118,
O*,{},111,Cu,Cu27,1.08753490884556,
O*,{},111,Cu,Cu27,0.73706968469196,
OH*,"{""OHstar"": ""ontop-6""}",310,Cu,Cu28,0.6596113206906011,ontop-6
OH*,"{""OHstar"": ""3foldhollow""}",310,Cu,Cu28,-0.2179921063434449,3foldhollow
OH*,"{""OHstar"": ""ontop-6""}",310,Cu,Cu28,0.6146419218057417,ontop-6
OH*,"{""OHstar"": ""bridge-6-9""}",310,Cu,Cu28,0.0452032807370414,bridge-6-9
OH*,"{""OHstar"": ""ontop-6""}",310,Cu,Cu28,0.6309994336697855,ontop-6
OH*,"{""OHstar"": ""3foldhollow""}",310,Cu,Cu28,-0.233162181400985,3foldhollow
OH*,"{""OHstar"": ""bridge-6-9""}",310,Cu,Cu28,0.0602809731281013,bridge-6-9
OH*,"{""OHstar"": ""3foldhollow""}",310,Cu,Cu28,-0.2651983490941347,3foldhollow
OH*,"{""OHstar"": ""bridge-6-9""}",310,Cu,Cu28,0.0547617559277568,bridge-6-9
OH*,"{""OHstar"": ""3foldhollow""}",310,Cu,Cu28,-0.2848441527676186,3foldhollow
OH*,"{""OHstar"": ""ontop-6""}",310,Cu,Cu28,0.59717853924667,ontop-6
OH*,"{""OHstar"": ""bridge-6-9""}",310,Cu,Cu28,0.0700093834311701,bridge-6-9
OH*,"{""OHstar"": ""ontop-6""}",310,Cu,Cu28,0.647487900336273,ontop-6
OH*,"{""OHstar"": ""ontop-6""}",310,Cu,Cu28,0.6679535150033189,ontop-6
OH*,"{""OHstar"": ""bridge-6-9""}",310,Cu,Cu28,0.0807042060623643,bridge-6-9
OH*,"{""OHstar"": ""3foldhollow""}",310,Cu,Cu28,-0.1928302828164305,3foldhollow
OH*,"{""OHstar"": ""ontop-6""}",310,Cu,Cu28,0.5721970591766876,ontop-6
OH*,"{""OHstar"": ""bridge-6-9""}",310,Cu,Cu28,0.032023038220359,bridge-6-9
OH*,"{""OHstar"": ""3foldhollow""}",310,Cu,Cu28,-0.2486617182948975,3foldhollow
OH*,"{""OHstar"": ""bridge-6-9""}",310,Cu,Cu28,0.0766501858888659,bridge-6-9
OH*,"{""OHstar"": ""3foldhollow""}",310,Cu,Cu28,-0.2032851010444574,3foldhollow
OH*,"{""OHstar"": ""bridge""}",211,Cu,Cu33,-0.2692412126052659,bridge
OH*,"{""OHstar"": ""bridge""}",211,Cu,Cu33,-0.2656473369570449,bridge
OH*,"{""OHstar"": ""bridge""}",211,Cu,Cu33,-0.2617446120857494,bridge
"{""H2gas"": 0.5, ""OHstar"": 1}","{""OHstar"": ""4hollow""}",511,Cu,Cu33,0.844688005000009,4hollow
"{""H2gas"": 0.5, ""OHstar"": 1}","{""OHstar"": ""bridge-7-8""}",511,Cu,Cu33,0.0206993050000079,bridge-7-8
OH*,"{""OHstar"": ""bridge""}",211,Cu,Cu33,-0.262601566624653,bridge
OH*,"{""OHstar"": ""bridge""}",211,Cu,Cu33,-0.2607157496095169,bridge
"{""H2gas"": 0.5, ""OHstar"": 1}","{""OHstar"": ""bridge-step""}",511,Cu,Cu33,-0.1647694950000016,bridge-step
"{""H2gas"": 0.5, ""OHstar"": 1}","{""OHstar"": ""3hollow""}",511,Cu,Cu33,1.366640154999999,3hollow
OH*,"{""OHstar"": ""bridge""}",211,Cu,Cu33,-0.2585661182238254,bridge
OH*,"{""OHstar"": ""bridge""}",211,Cu,Cu33,-0.2586667323339497,bridge
OH*,"{""OHstar"": ""4foldhollow""}",100,Cu,Cu36,-0.0631778971801395,4foldhollow
OH*,"{""OHstar"": ""bridge""}",100,Cu,Cu36,0.0616190930013544,bridge
OH*,"{""OHstar"": ""atop""}",100,Cu,Cu36,0.750110604953079,atop
"{""H2gas"": 0.5, ""OHstar"": 1}",{},110,Cu-fcc,Cu36,-0.2675126774120144,
"{""H2gas"": 0.5, ""OHstar"": 1}","{""OHstar"": ""ontop-step""}",211,Cu,Cu36,-1.449906774999988,ontop-step
OH*,"{""OHstar"": ""3foldhollow""}",111,Cu,Cu36,0.0526071584536111,3foldhollow
OH*,"{""OHstar"": ""3foldhollow""}",111,Cu,Cu36,-0.0685324174773995,3foldhollow
OH*,"{""OHstar"": ""3foldhollow""}",111,Cu,Cu36,-0.0235839033412048,3foldhollow
OH*,"{""OHstar"": ""3foldhollow""}",111,Cu,Cu36,0.0294597937609069,3foldhollow
OH*,"{""OHstar"": ""3foldhollow""}",111,Cu,Cu36,0.0057731674532988,3foldhollow
OH*,"{""OHstar"": ""3foldhollow""}",111,Cu,Cu36,0.0672674962552264,3foldhollow
OH*,"{""OHstar"": ""4foldhollow""}",100,Cu,Cu36,-0.1252985640239785,4foldhollow
OH*,"{""OHstar"": ""atop""}",100,Cu,Cu36,0.7406250562562491,atop
OH*,"{""OHstar"": ""bridge""}",100,Cu,Cu36,0.0491479111442458,bridge
OH*,"{""OHstar"": ""atop""}",100,Cu,Cu36,0.7144571598037146,atop
OH*,"{""OHstar"": ""4foldhollow""}",100,Cu,Cu36,-0.0263164025818696,4foldhollow
OH*,"{""OHstar"": ""bridge""}",100,Cu,Cu36,0.0826824057367048,bridge
OH*,"{""OHstar"": ""atop""}",100,Cu,Cu36,0.7337596918368945,atop
"{""H2gas"": 0.5, ""OHstar"": 1}","{""OHstar"": ""bridge-step""}",211,Cu,Cu36,-1.0092271549999907,bridge-step
OH*,"{""OHstar"": ""4foldhollow""}",100,Cu,Cu36,-0.0834656854494824,4foldhollow
OH*,"{""OHstar"": ""bridge""}",100,Cu,Cu36,0.023027702634863,bridge
"{""H2gas"": 0.5, ""OHstar"": 1}",,111,Cu,Cu36,0.3276247002,nan
OH*,"{""OHstar"": ""4foldhollow""}",100,Cu,Cu36,-0.1039739539555739,4foldhollow
OH*,"{""OHstar"": ""4foldhollow-7-7-8-8""}",511,Cu,Cu36,0.1108368013301515,4foldhollow-7-7-8-8
OH*,"{""OHstar"": ""atop""}",100,Cu,Cu36,0.7457319529494271,atop
OH*,"{""OHstar"": ""bridge-step""}",511,Cu,Cu36,0.0068312141374917,bridge-step
OH*,"{""OHstar"": ""bridge-8-8""}",511,Cu,Cu36,0.1538769130129367,bridge-8-8
OH*,"{""OHstar"": ""4foldhollow-7-7-8-8""}",511,Cu,Cu36,0.0933559354598401,4foldhollow-7-7-8-8
OH*,"{""OHstar"": ""3foldhollow""}",511,Cu,Cu36,0.5011473164777271,3foldhollow
OH*,"{""OHstar"": ""bridge-step""}",511,Cu,Cu36,0.0030469268094748,bridge-step
OH*,"{""OHstar"": ""bridge-7-8""}",511,Cu,Cu36,0.2468162421573652,bridge-7-8
OH*,"{""OHstar"": ""bridge-8-8""}",511,Cu,Cu36,0.1476034642400918,bridge-8-8
OH*,"{""OHstar"": ""ontop-step""}",511,Cu,Cu36,0.4975936456394265,ontop-step
OH*,"{""OHstar"": ""4foldhollow-7-7-8-8""}",511,Cu,Cu36,0.0748467513403738,4foldhollow-7-7-8-8
OH*,"{""OHstar"": ""3foldhollow""}",511,Cu,Cu36,0.4937016692565521,3foldhollow
OH*,"{""OHstar"": ""bridge-step""}",511,Cu,Cu36,-0.0099216791713843,bridge-step
OH*,"{""OHstar"": ""bridge-8-8""}",511,Cu,Cu36,0.1631394643918611,bridge-8-8
OH*,"{""OHstar"": ""bridge-7-8""}",511,Cu,Cu36,0.2367995272288681,bridge-7-8
OH*,"{""OHstar"": ""4foldhollow-7-7-8-8""}",511,Cu,Cu36,0.0324588285366189,4foldhollow-7-7-8-8
OH*,"{""OHstar"": ""3foldhollow""}",511,Cu,Cu36,0.4621119723669835,3foldhollow
OH*,"{""OHstar"": ""bridge-step""}",511,Cu,Cu36,-0.032391276283306,bridge-step
OH*,"{""OHstar"": ""bridge-7-8""}",511,Cu,Cu36,0.2102021670871181,bridge-7-8
OH*,"{""OHstar"": ""bridge-8-8""}",511,Cu,Cu36,0.1156127395515795,bridge-8-8
OH*,"{""OHstar"": ""ontop-step""}",511,Cu,Cu36,0.5277490304433741,ontop-step
OH*,"{""OHstar"": ""4foldhollow-7-7-8-8""}",511,Cu,Cu36,0.0526918538889731,4foldhollow-7-7-8-8
OH*,"{""OHstar"": ""3foldhollow""}",511,Cu,Cu36,0.4831792987897643,3foldhollow
OH*,"{""OHstar"": ""bridge-step""}",511,Cu,Cu36,-0.0232720608692034,bridge-step
OH*,"{""OHstar"": ""bridge-7-8""}",511,Cu,Cu36,0.2208988264901563,bridge-7-8
OH*,"{""OHstar"": ""bridge-8-8""}",511,Cu,Cu36,0.1269399547818466,bridge-8-8
"{""H2gas"": 0.5, ""OHstar"": 1}",{},100,Cu-fcc,Cu36,-0.0847216269175987,
OH*,{},100,Cu-fcc,Cu36,-0.0826636298661469,
OH*,"{""OHstar"": ""bridge-8-8""}",511,Cu,Cu36,0.1383731583264307,bridge-8-8
OH*,"{""OHstar"": ""bridge-step""}",511,Cu,Cu36,0.0155219862936064,bridge-step
OH*,"{""OHstar"": ""3foldhollow""}",511,Cu,Cu36,0.5108310320720193,3foldhollow
OH*,"{""OHstar"": ""4foldhollow-7-7-8-8""}",511,Cu,Cu36,0.1347078528124257,4foldhollow-7-7-8-8
OH*,"{""OHstar"": ""bridge""}",100,Cu,Cu36,0.0366388374313828,bridge
OH*,"{""OHstar"": ""atop""}",100,Cu,Cu36,0.751642197748879,atop
OH*,"{""OHstar"": ""4foldhollow""}",100,Cu,Cu36,-0.1477134662491153,4foldhollow
"{""H2gas"": 0.5, ""OHstar"": 1}",{},511,Cu-fcc,Cu36,-0.2536654157956945,
"{""H2gas"": 0.5, ""OHstar"": 1}",{},310,Cu-fcc,Cu36,-0.278973908694752,
"{""H2gas"": 0.5, ""OHstar"": 1}",{},211,Cu-fcc,Cu36,-0.3426909994814195,
OH*,{},111,Cu-fcc,Cu36,0.1115310317836701,
"{""H2gas"": 0.5, ""OHstar"": 1}",{},111,Cu-fcc,Cu36,0.2718073142532375,
OH*,"{""OHstar"": ""3foldhollow""}",111,Cu,Cu36,-0.0443974835870903,3foldhollow
OH*,{},100-bridge,Cu-fcc,Cu36,-0.0847216269175987,
OH*,"{""OHstar"": ""3foldhollow""}",511,Cu,Cu36,0.5432069339221925,3foldhollow
OH*,"{""OHstar"": ""atop""}",100,Cu,Cu36,0.7251229342800798,atop
OH*,"{""OHstar"": ""4foldhollow""}",100,Cu,Cu36,-0.043536787488847,4foldhollow
OH*,"{""OHstar"": ""bridge""}",100,Cu,Cu36,0.0083916510047856,bridge
OH*,"{""OHstar"": ""4foldhollow-7-7-8-8""}",511,Cu,Cu36,0.0138694388660951,4foldhollow-7-7-8-8
OH*,"{""OHstar"": ""bridge""}",100,Cu,Cu36,0.073232980161265,bridge
OH*,"{""OHstar"": ""atop""}",100,Cu,Cu36,0.7406250562562491,atop
OH*,"{""OHstar"": ""4foldhollow""}",100,Cu,Cu36,-0.0834656854494824,4foldhollow
OH*,"{""OHstar"": ""bridge""}",100,Cu,Cu36,0.0491479111442458,bridge
OH*,"{""OHstar"": ""bridge-step""}",511,Cu,Cu36,-0.0456492753364727,bridge-step
OH*,"{""OHstar"": ""3foldhollow""}",511,Cu,Cu36,0.4550708223905531,3foldhollow
OH*,"{""OHstar"": ""bridge-7-8""}",511,Cu,Cu36,0.1943166366982041,bridge-7-8
OH*,"{""OHstar"": ""ontop-step""}",511,Cu,Cu36,0.5641043932628236,ontop-step
"{""H2gas"": 0.5, ""OHstar"": 1}","{""OHstar"": ""3hollow""}",310,Cu,Cu39,0.08721218499997,3hollow
"{""H2gas"": 0.5, ""OHstar"": 1}","{""OHstar"": ""4hollow-8-9-9-11""}",310,Cu,Cu39,1.2676248149999765,4hollow-8-9-9-11
"{""H2gas"": 0.5, ""OHstar"": 1}","{""OHstar"": ""4hollow-6-8-8-9""}",310,Cu,Cu39,0.8361089849999814,4hollow-6-8-8-9
"{""H2gas"": 0.5, ""OHstar"": 1}","{""OHstar"": ""bridge""}",310,Cu,Cu39,-0.0817686650000268,bridge
OH*,{},021-OH-vacancy-Bsite,Fe-gamma-CuOOH,Cu39FeH39O79,-0.0252465700000357,
O*,{},021-OH-vacancy-Bsite,Fe-gamma-CuOOH,Cu39FeH39O79,1.66735738,
O*,"{""Ostar"": ""bridged-site""}",1,Cu-HAB,Cu3C12H12N12,3.8836704400928306,bridged-site
OH*,"{""OHstar"": ""bridged-site""}",001,Cu-HAB,Cu3C12H12N12,0.8294933581200894,bridged-site
OH*,"{""OH"": ""bridge|A_A|A""}",111,Ir3Cu,Cu3Ir9,0.4449657191843243,bridge|A_A|A
OH*,"{""OH"": ""hollow|A_A_A|HCP""}",111,Ir3Cu,Cu3Ir9,0.4957112764794829,hollow|A_A_A|HCP
OH*,"{""OH"": ""bridge|A_A|B""}",111,Ir3Cu,Cu3Ir9,0.2779822456840293,bridge|A_A|B
OH*,"{""OH"": ""top|B""}",111,Ir3Cu,Cu3Ir9,1.46686992018374,top|B
O*,"{""O"": ""hollow|A_A_B|HCP""}",111,Ir3Cu,Cu3Ir9,0.928525344035563,hollow|A_A_B|HCP
OH*,"{""OH"": ""hollow|A_A_A|FCC""}",111,Ir3Cu,Cu3Ir9,1.0933127226788883,hollow|A_A_A|FCC
OH*,"{""OH"": ""top|A""}",111,Ir3Cu,Cu3Ir9,0.3678898824845191,top|A
O*,"{""O"": ""hollow|A_A_A|HCP""}",111,Ir3Cu,Cu3Ir9,0.328452151737849,hollow|A_A_A|HCP
O*,"{""O"": ""hollow|A_A_A|FCC""}",111,Ir3Cu,Cu3Ir9,0.383602551937486,hollow|A_A_A|FCC
O*,"{""O"": ""M1""}",100,NiCu-MOF,Cu3Ni6C96H48N48,3.91957531999992,M1
O*,"{""O"": ""M2""}",100,NiCu-MOF,Cu3Ni6C96H48N48,4.23663455999986,M2
OH*,"{""OH"": ""M2""}",100,NiCu-MOF,Cu3Ni6C96H48N48,1.1918850899999145,M2
OH*,"{""OH"": ""M1""}",100,NiCu-MOF,Cu3Ni6C96H48N48,1.4275020400000358,M1
OH*,"{""OH"": ""hollow|A_A_A|FCC""}",111,Os3Cu,Cu3Os9,0.1964583001798701,hollow|A_A_A|FCC
OH*,"{""OH"": ""bridge|A_A|A""}",111,Os3Cu,Cu3Os9,-0.0287534530244784,bridge|A_A|A
OH*,"{""OH"": ""hollow|A_A_A|HCP""}",111,Os3Cu,Cu3Os9,0.2834770403759421,hollow|A_A_A|HCP
O*,"{""O"": ""hollow|A_A_B|FCC""}",111,Os3Cu,Cu3Os9,0.374454084634465,hollow|A_A_B|FCC
O*,"{""O"": ""hollow|A_A_A|HCP""}",111,Os3Cu,Cu3Os9,-0.739883105667275,hollow|A_A_A|HCP
O*,"{""O"": ""hollow|A_A_A|FCC""}",111,Os3Cu,Cu3Os9,-0.608818250763022,hollow|A_A_A|FCC
OH*,"{""OH"": ""bridge|A_A|B""}",111,Os3Cu,Cu3Os9,0.0836284738805943,bridge|A_A|B
O*,"{""O"": ""top|A""}",111,Os3Cu,Cu3Os9,0.500007273734639,top|A
OH*,"{""OH"": ""top|A""}",111,Os3Cu,Cu3Os9,0.1187302066799702,top|A
OH*,"{""OH"": ""top|B""}",111,Os3Cu,Cu3Os9,1.5096263511776442,top|B
O*,"{""O"": ""top|B""}",111,Os3Cu,Cu3Os9,3.12332223193863,top|B
O*,"{""O"": ""hollow|A_A_B|HCP""}",111,Pd3Cu,Cu3Pd9,1.4257859006355,hollow|A_A_B|HCP
O*,"{""O"": ""hollow|A_A_B|FCC""}",111,Pd3Cu,Cu3Pd9,1.31609341083441,hollow|A_A_B|FCC
O*,"{""O"": ""top|A""}",111,Pd3Cu,Cu3Pd9,2.72434293513271,top|A
O*,"{""O"": ""top|B""}",111,Pd3Cu,Cu3Pd9,2.72377721053255,top|B
OH*,"{""OH"": ""hollow|A_A_B|FCC""}",111,Pd3Cu,Cu3Pd9,0.5139118826745062,hollow|A_A_B|FCC
OH*,"{""OH"": ""hollow|A_A_A|HCP""}",111,Pd3Cu,Cu3Pd9,0.7205722749757797,hollow|A_A_A|HCP
O*,"{""O"": ""hollow|A_A_A|HCP""}",111,Pd3Cu,Cu3Pd9,1.52607345593771,hollow|A_A_A|HCP
O*,"{""O"": ""hollow|A_A_A|FCC""}",111,Pd3Cu,Cu3Pd9,1.49117948203258,hollow|A_A_A|FCC
OH*,"{""OH"": ""hollow|A_A_B|HCP""}",111,Pd3Cu,Cu3Pd9,0.6355696261788353,hollow|A_A_B|HCP
OH*,"{""OH"": ""top|B""}",111,Pd3Cu,Cu3Pd9,1.422551011380051,top|B
OH*,"{""OH"": ""top|A""}",111,Pd3Cu,Cu3Pd9,0.9023259514768824,top|A
OH*,"{""OH"": ""hollow|A_A_A|FCC""}",111,Pd3Cu,Cu3Pd9,0.8793033519804112,hollow|A_A_A|FCC
OH*,"{""OH"": ""bridge-tilt|A_B|A""}",111,Pd3Cu,Cu3Pd9,0.7225697265793087,bridge-tilt|A_B|A
OH*,"{""OH"": ""hollow|A_A_A|FCC""}",111,Pt3Cu,Cu3Pt9,1.5619218690816297,hollow|A_A_A|FCC
OH*,"{""OH"": ""top|A""}",111,Pt3Cu,Cu3Pt9,0.7431034368754581,top|A
OH*,"{""OH"": ""top-tilt|B""}",111,Pt3Cu,Cu3Pt9,1.1155021096755036,top-tilt|B
OH*,"{""OH"": ""hollow|A_A_B|HCP""}",111,Pt3Cu,Cu3Pt9,0.9864417812758576,hollow|A_A_B|HCP
OH*,"{""OH"": ""hollow|A_A_B|FCC""}",111,Pt3Cu,Cu3Pt9,0.7871456058754802,hollow|A_A_B|FCC
OH*,"{""OH"": ""bridge|A_A|B""}",111,Pt3Cu,Cu3Pt9,0.5687924819766295,bridge|A_A|B
OH*,"{""OH"": ""hollow|A_A_A|HCP""}",111,Pt3Cu,Cu3Pt9,1.0609850544759638,hollow|A_A_A|HCP
O*,"{""O"": ""hollow|A_A_A|HCP""}",111,Pt3Cu,Cu3Pt9,1.42959590253651,hollow|A_A_A|HCP
O*,"{""O"": ""top|B""}",111,Pt3Cu,Cu3Pt9,3.28503390793395,top|B
O*,"{""O"": ""hollow|A_A_B|HCP""}",111,Pt3Cu,Cu3Pt9,1.59109900334062,hollow|A_A_B|HCP
O*,"{""O"": ""hollow|A_A_B|FCC""}",111,Pt3Cu,Cu3Pt9,1.23414864133866,hollow|A_A_B|FCC
O*,"{""O"": ""hollow|A_A_A|FCC""}",111,Pt3Cu,Cu3Pt9,1.59144513214034,hollow|A_A_A|FCC
O*,"{""O"": ""hollow|A_A_A|FCC""}",111,Re3Cu,Cu3Re9,-1.03098613646233,hollow|A_A_A|FCC
O*,"{""O"": ""hollow|A_A_A|HCP""}",111,Re3Cu,Cu3Re9,-1.4555159702615,hollow|A_A_A|HCP
OH*,"{""OH"": ""bridge|A_A|A""}",111,Re3Cu,Cu3Re9,-0.3084081104199185,bridge|A_A|A
OH*,"{""OH"": ""hollow|A_A_A|HCP""}",111,Re3Cu,Cu3Re9,-0.7928112881228344,hollow|A_A_A|HCP
O*,"{""O"": ""top|A""}",111,Re3Cu,Cu3Re9,-0.145556957661199,top|A
OH*,"{""OH"": ""top|B""}",111,Re3Cu,Cu3Re9,1.5447324377790892,top|B
OH*,"{""OH"": ""top-tilt|A""}",111,Re3Cu,Cu3Re9,-0.0147721079221128,top-tilt|A
OH*,"{""OH"": ""hollow|A_A_A|FCC""}",111,Re3Cu,Cu3Re9,-0.4982370372191553,hollow|A_A_A|FCC
O*,"{""O"": ""hollow|A_A_A|FCC""}",111,Rh3Cu,Cu3Rh9,0.294120637135904,hollow|A_A_A|FCC
OH*,"{""OH"": ""hollow|A_A_A|HCP""}",111,Rh3Cu,Cu3Rh9,0.307007812477309,hollow|A_A_A|HCP
OH*,"{""OH"": ""hollow|A_A_A|FCC""}",111,Rh3Cu,Cu3Rh9,0.4403366545783456,hollow|A_A_A|FCC
O*,"{""O"": ""hollow|A_A_A|HCP""}",111,Rh3Cu,Cu3Rh9,0.361209895938202,hollow|A_A_A|HCP
O*,"{""O"": ""hollow|A_A_B|FCC""}",111,Rh3Cu,Cu3Rh9,0.800441224036888,hollow|A_A_B|FCC
OH*,"{""OH"": ""bridge|A_A|B""}",111,Rh3Cu,Cu3Rh9,0.2336570782762237,bridge|A_A|B
OH*,"{""OH"": ""hollow|A_A_B|FCC""}",111,Rh3Cu,Cu3Rh9,0.3824652520823974,hollow|A_A_B|FCC
OH*,"{""OH"": ""bridge|A_A|A""}",111,Rh3Cu,Cu3Rh9,0.2477135267807853,bridge|A_A|A
OH*,"{""OH"": ""top-tilt|A""}",111,Rh3Cu,Cu3Rh9,0.4619003156811914,top-tilt|A
O*,"{""O"": ""hollow|A_A_B|HCP""}",111,Rh3Cu,Cu3Rh9,0.783694386034597,hollow|A_A_B|HCP
OH*,"{""OH"": ""top|B""}",111,Rh3Cu,Cu3Rh9,1.1939230049800926,top|B
OH*,"{""OH"": ""bridge|A_A|A""}",111,Ru3Cu,Cu3Ru9,-0.2243790848252729,bridge|A_A|A
O*,"{""O"": ""hollow|A_A_A|FCC""}",111,Ru3Cu,Cu3Ru9,-0.636776723066021,hollow|A_A_A|FCC
O*,"{""O"": ""hollow|A_A_A|HCP""}",111,Ru3Cu,Cu3Ru9,-0.68249334466617,hollow|A_A_A|HCP
O*,"{""O"": ""hollow|A_A_B|HCP""}",111,Ru3Cu,Cu3Ru9,0.230316200639038,hollow|A_A_B|HCP
OH*,"{""OH"": ""top|A""}",111,Ru3Cu,Cu3Ru9,0.2272267561755825,top|A
OH*,"{""OH"": ""top|B""}",111,Ru3Cu,Cu3Ru9,1.6020136254782074,top|B
OH*,"{""OH"": ""hollow|A_A_B|HCP""}",111,Ru3Cu,Cu3Ru9,0.722586053478949,hollow|A_A_B|HCP
OH*,"{""OH"": ""hollow|A_A_A|FCC""}",111,Ru3Cu,Cu3Ru9,-0.3096184726192632,hollow|A_A_A|FCC
OH*,"{""OH"": ""hollow|A_A_A|HCP""}",111,Ru3Cu,Cu3Ru9,-0.0592668022246698,hollow|A_A_A|HCP
OH*,"{""OH"": ""bridge|A_A|B""}",111,Ru3Cu,Cu3Ru9,0.0340291961809953,bridge|A_A|B
O*,"{""O"": ""hollow|A_A_B|FCC""}",111,Ru3Cu,Cu3Ru9,0.342785340038802,hollow|A_A_B|FCC
OH*,"{""OH"": ""hollow|A_A_A|FCC""}",111,Tc3Cu,Cu3Tc9,-0.8760694151234247,hollow|A_A_A|FCC
OH*,"{""OH"": ""top|B""}",111,Tc3Cu,Cu3Tc9,1.2814235227750714,top|B
O*,"{""O"": ""hollow|A_A_A|FCC""}",111,Tc3Cu,Cu3Tc9,-1.05725478186304,hollow|A_A_A|FCC
O*,"{""O"": ""bridge|A_B|A""}",111,Tc3Cu,Cu3Tc9,0.285787559037829,bridge|A_B|A
OH*,"{""OH"": ""hollow|A_A_A|HCP""}",111,Tc3Cu,Cu3Tc9,-1.0040001988191989,hollow|A_A_A|HCP
O*,"{""O"": ""hollow|A_A_A|HCP""}",111,Tc3Cu,Cu3Tc9,-1.37117006816351,hollow|A_A_A|HCP
O*,"{""O"": ""hollow|A_A_B|HCP""}",111,Zn3Cu,Cu3Zn9,0.661118530540819,hollow|A_A_B|HCP
O*,"{""O"": ""hollow|A_A_A|HCP""}",111,Zn3Cu,Cu3Zn9,0.448368502740607,hollow|A_A_A|HCP
OH*,"{""OH"": ""hollow|A_A_A|FCC""}",111,Zn3Cu,Cu3Zn9,0.213315344383659,hollow|A_A_A|FCC
OH*,"{""OH"": ""hollow|A_A_B|FCC""}",111,Zn3Cu,Cu3Zn9,0.2542562319839589,hollow|A_A_B|FCC
OH*,"{""OH"": ""top|B""}",111,Zn3Cu,Cu3Zn9,1.1398654139746895,top|B
OH*,"{""OH"": ""hollow|A_A_A|HCP""}",111,Zn3Cu,Cu3Zn9,0.1263955174771354,hollow|A_A_A|HCP
O*,"{""O"": ""hollow|A_A_A|FCC""}",111,Zn3Cu,Cu3Zn9,0.515141157029404,hollow|A_A_A|FCC
OH*,"{""OH"": ""hollow|A_A_B|HCP""}",111,Zn3Cu,Cu3Zn9,0.2013918601704745,hollow|A_A_B|HCP
O*,{},021-OH-vacancy-Asite,gamma-CuOOH,Cu40H39O79,2.10388340999998,
OH*,{},021-OH-vacancy-Bsite,gamma-CuOOH,Cu40H39O79,-0.3916993799999773,
O*,{},021-OH-vacancy-Bsite,gamma-CuOOH,Cu40H39O79,2.05498968000006,
OH*,{},021-OH-vacancy-Asite,gamma-CuOOH,Cu40H39O79,-0.3517560999999887,
O*,{},002-OH-vacancy,delta-CuOOH,Cu40H39O79,2.71304895000003,
OH*,{},002-OH-vacancy,delta-CuOOH,Cu40H39O79,0.2098354500001278,
OH*,{},002-O-vacancy,delta-CuOOH,Cu40H40O79,0.6964149099999304,
OH*,{},021-O-vacancy-Bsite,gamma-CuOOH,Cu40H40O79,0.3890005399999836,
O*,{},021-O-vacancy-Bsite,gamma-CuOOH,Cu40H40O79,2.01120457000002,
OH*,{},021-O-vacancy-Asite,gamma-CuOOH,Cu40H40O79,0.4131672700000308,
O*,{},002-O-vacancy,delta-CuOOH,Cu40H40O79,2.35019821000003,
O*,{},021-O-vacancy-Asite,gamma-CuOOH,Cu40H40O79,2.15192215000002,
OH*,{},002-OH-vacancy,Fe-delta-CuOOH,Cu63FeH63O127,-0.0257086500000696,
O*,{},021-OH-vacancy-Asite,Fe-gamma-CuOOH,Cu63FeH63O127,1.92655048999995,
OH*,{},021-OH-vacancy-Asite,Fe-gamma-CuOOH,Cu63FeH63O127,0.1670551499998964,
O*,{},002-OH-vacancy,Fe-delta-CuOOH,Cu63FeH63O127,1.61333553999998,
OH*,{},002-O-vacancy,Fe-delta-CuOOH,Cu63FeH64O127,0.7609741899998426,
OH*,{},021-O-vacancy-Bsite,Fe-gamma-CuOOH,Cu63FeH64O127,0.2161633700000038,
O*,{},021-O-vacancy-Bsite,Fe-gamma-CuOOH,Cu63FeH64O127,1.96831769000005,
OH*,{},021-O-vacancy-Asite,Fe-gamma-CuOOH,Cu63FeH64O127,0.5737118499998815,
O*,{},021-O-vacancy-Asite,Fe-gamma-CuOOH,Cu63FeH64O127,2.4122893199999,
O*,{},002-O-vacancy,Fe-delta-CuOOH,Cu63FeH64O127,2.55666839999981,
"{""H2gas"": 0.5, ""OHstar"": 1}","{""OHstar"": ""fcc""}",111,Cu,Cu64,1.8912260249999804,fcc
"{""H2gas"": 0.5, ""OHstar"": 1}","{""OHstar"": ""3hollow-9-9-9""}",533,Cu,Cu64,1.442799315000002,3hollow-9-9-9
OH*,{},100-4lays,Cu-fcc,Cu64,-0.0591416324459714,
OH*,{},111,Cu,Cu64,0.1874660450000078,
OH*,{},100,Cu,Cu64,0.0419423550000033,
OH*,{},111,Cu,Cu64,0.1874660450000078,
"{""H2gas"": 0.5, ""OHstar"": 1}","{""OHstar"": ""3hollow-9-9-10""}",533,Cu,Cu64,1.5677616050000154,3hollow-9-9-10
OH*,{},100,Cu,Cu64,0.0419423550000033,
"{""H2gas"": 0.5, ""OHstar"": 1}","{""OHstar"": ""4hollow""}",100,Cu,Cu64,1.3367960449999714,4hollow
"{""H2gas"": 0.5, ""OHstar"": 1}","{""OHstar"": ""ontop""}",100,Cu,Cu64,0.4684008549999703,ontop
"{""H2gas"": 0.5, ""OHstar"": 1}","{""OHstar"": ""bridge""}",100,Cu,Cu64,1.4527827749999744,bridge
"{""H2gas"": 0.5, ""OHstar"": 1}","{""OHstar"": ""ontop""}",111,Cu,Cu64,0.945588364999992,ontop
OH*,{},111-10OH,Cu,Cu64H10O10,1.5342253750000054,
OH*,{},100-10OH,Cu,Cu64H10O10,0.838950495000006,
OH*,{},111-10OH,Cu,Cu64H10O10,1.5342253750000054,
OH*,{},100-10OH,Cu,Cu64H10O10,0.838950495000006,
OH*,{},100-11OH,Cu,Cu64H11O11,1.3151944350000235,
OH*,{},100-11OH,Cu,Cu64H11O11,1.3151944350000235,
OH*,{},111-11OH,Cu,Cu64H11O11,1.4961298050000096,
OH*,{},111-11OH,Cu,Cu64H11O11,1.4961298050000096,
OH*,{},111-12OH,Cu,Cu64H12O12,3.297419675000014,
OH*,{},100-12OH,Cu,Cu64H12O12,1.290907935000007,
OH*,{},100-12OH,Cu,Cu64H12O12,1.290907935000007,
OH*,{},111-12OH,Cu,Cu64H12O12,3.297419675000014,
OH*,{},100-13OH,Cu,Cu64H13O13,1.340817125000001,
OH*,{},111-13OH,Cu,Cu64H13O13,1.3543052050000028,
OH*,{},111-13OH,Cu,Cu64H13O13,1.3543052050000028,
OH*,{},100-13OH,Cu,Cu64H13O13,1.340817125000001,
OH*,{},111-14OH,Cu,Cu64H14O14,2.305599035,
OH*,{},100-14OH,Cu,Cu64H14O14,1.3576254449999965,
OH*,{},100-14OH,Cu,Cu64H14O14,1.3576254449999965,
OH*,{},111-14OH,Cu,Cu64H14O14,2.305599035,
OH*,{},111-15OH,Cu,Cu64H15O15,2.124533914999972,
OH*,{},100-15OH,Cu,Cu64H15O15,2.6255948449999664,
OH*,{},100-15OH,Cu,Cu64H15O15,2.6255948449999664,
OH*,{},111-15OH,Cu,Cu64H15O15,2.124533914999972,
OH*,{},111-2OH,Cu,Cu64H2O2,0.1730497449999859,
OH*,{},100-2OH,Cu,Cu64H2O2,-0.1248025950000055,
OH*,{},100-2OH,Cu,Cu64H2O2,-0.1248025950000055,
OH*,{},111-2OH,Cu,Cu64H2O2,0.1730497449999859,
OH*,{},100-3OH,Cu,Cu64H3O3,-0.4501511549999577,
OH*,{},100-3OH,Cu,Cu64H3O3,-0.4501511549999577,
OH*,{},111-3OH,Cu,Cu64H3O3,0.2249980349999987,
OH*,{},111-3OH,Cu,Cu64H3O3,0.2249980349999987,
OH*,{},111-4OH,Cu,Cu64H4O4,0.2284651350000217,
OH*,{},111-4OH,Cu,Cu64H4O4,0.2284651350000217,
OH*,{},100-4OH,Cu,Cu64H4O4,-0.1122221550000404,
OH*,{},100-4OH,Cu,Cu64H4O4,-0.1122221550000404,
OH*,{},111-5OH,Cu,Cu64H5O5,0.3263912250000089,
OH*,{},100-5OH,Cu,Cu64H5O5,-0.0548833849999823,
OH*,{},100-5OH,Cu,Cu64H5O5,-0.0548833849999823,
OH*,{},111-5OH,Cu,Cu64H5O5,0.3263912250000089,
OH*,{},100-6OH,Cu,Cu64H6O6,-0.094671495,
OH*,{},111-6OH,Cu,Cu64H6O6,0.2899134749999916,
OH*,{},111-6OH,Cu,Cu64H6O6,0.2899134749999916,
OH*,{},100-6OH,Cu,Cu64H6O6,-0.094671495,
OH*,{},100-7OH,Cu,Cu64H7O7,-0.6230091649999849,
OH*,{},111-7OH,Cu,Cu64H7O7,0.7239565250000055,
OH*,{},111-7OH,Cu,Cu64H7O7,0.7239565250000055,
OH*,{},100-7OH,Cu,Cu64H7O7,-0.6230091649999849,
OH*,{},100-8OH,Cu,Cu64H8O8,0.6034121750000168,
OH*,{},111-8OH,Cu,Cu64H8O8,0.4786361050000209,
OH*,{},100-8OH,Cu,Cu64H8O8,0.6034121750000168,
OH*,{},111-8OH,Cu,Cu64H8O8,0.4786361050000209,
OH*,{},100-9OH,Cu,Cu64H9O9,0.6859155749999672,
OH*,{},100-9OH,Cu,Cu64H9O9,0.6859155749999672,
OH*,{},111-9OH,Cu,Cu64H9O9,0.7669738349999875,
OH*,{},111-9OH,Cu,Cu64H9O9,0.7669738349999875,
OH*,{},111-1OH,Cu,Cu64HO,0.2569771950000188,
OH*,{},100-1OH,Cu,Cu64HO,0.0049977349999892,
OH*,{},111-1OH,Cu,Cu64HO,0.2569771950000188,
OH*,{},100-1OH,Cu,Cu64HO,0.0049977349999892,
OH*,"{""OH"": ""top|B""}",101,CuIr,Cu6Ir6,0.414708565081014,top|B
OH*,"{""OH"": ""top|A""}",101,CuIr,Cu6Ir6,1.0291708649864404,top|A
O*,"{""O"": ""hollow|A_A_B|HCP""}",101,CuIr,Cu6Ir6,0.990622266242838,hollow|A_A_B|HCP
O*,"{""O"": ""hollow|A_B_B|HCP""}",101,CuIr,Cu6Ir6,0.463873141041233,hollow|A_B_B|HCP
O*,"{""O"": ""hollow|A_B_B|FCC""}",101,CuIr,Cu6Ir6,0.297193346643155,hollow|A_B_B|FCC
OH*,"{""OH"": ""bridge|B_B|A""}",101,CuIr,Cu6Ir6,0.1297370753862878,bridge|B_B|A
O*,"{""O"": ""hollow|A_A_B|FCC""}",101,CuIr,Cu6Ir6,1.09483628804065,hollow|A_A_B|FCC
OH*,"{""OH"": ""hollow|A_A_B|FCC""}",101,CuIr,Cu6Ir6,0.5398763048841602,hollow|A_A_B|FCC
OH*,"{""OH"": ""M1""}",100,CuNi-MOF,Cu6Ni3C96H48N48,1.4796173600000202,M1
OH*,"{""OH"": ""M2""}",100,CuNi-MOF,Cu6Ni3C96H48N48,1.6336982099999204,M2
O*,"{""O"": ""M1""}",100,CuNi-MOF,Cu6Ni3C96H48N48,4.08384624999985,M1
O*,"{""O"": ""M2""}",100,CuNi-MOF,Cu6Ni3C96H48N48,3.37833455000009,M2
O*,{},100,CuO2-rutile,Cu6O12,4.70904501,
O*,{},100,CuO2-rutile,Cu6O12,4.70904501,
OH*,{},100,CuO2-rutile,Cu6O12,2.278097509999995,
OH*,"{""OH"": ""hollow|A_B_B|FCC""}",101,CuOs,Cu6Os6,0.3689605143780454,hollow|A_B_B|FCC
OH*,"{""OH"": ""top|B""}",101,CuOs,Cu6Os6,0.1632510238822533,top|B
OH*,"{""OH"": ""hollow|A_A_B|FCC""}",101,CuOs,Cu6Os6,0.7221635966824351,hollow|A_A_B|FCC
OH*,"{""OH"": ""top-tilt|B""}",101,CuOs,Cu6Os6,0.2177890318824893,top-tilt|B
OH*,"{""OH"": ""top-tilt|A""}",101,CuOs,Cu6Os6,1.1137173148789543,top-tilt|A
O*,"{""O"": ""hollow|A_A_B|FCC""}",101,CuOs,Cu6Os6,0.897038779537809,hollow|A_A_B|FCC
O*,"{""O"": ""hollow|A_A_B|HCP""}",101,CuOs,Cu6Os6,0.495550049035785,hollow|A_A_B|HCP
O*,"{""O"": ""hollow|A_B_B|FCC""}",101,CuOs,Cu6Os6,-0.229970480064537,hollow|A_B_B|FCC
O*,"{""O"": ""hollow|A_B_B|HCP""}",101,CuOs,Cu6Os6,0.169962303541809,hollow|A_B_B|HCP
O*,"{""O"": ""top-tilt|B""}",101,CuOs,Cu6Os6,0.435814258536823,top-tilt|B
OH*,"{""OH"": ""bridge|B_B|A""}",101,CuOs,Cu6Os6,-0.1475738655163923,bridge|B_B|A
O*,"{""O"": ""bridge|A_A|B""}",101,CuPd,Cu6Pd6,1.13346080664252,bridge|A_A|B
OH*,"{""OH"": ""hollow|A_B_B|FCC""}",101,CuPd,Cu6Pd6,0.5780223112786871,hollow|A_B_B|FCC
OH*,"{""OH"": ""hollow-tilt|A_A_B|FCC""}",101,CuPd,Cu6Pd6,0.4536720013828699,hollow-tilt|A_A_B|FCC
OH*,"{""OH"": ""bridge|A_A|B""}",101,CuPd,Cu6Pd6,0.3664063178847527,bridge|A_A|B
OH*,"{""OH"": ""hollow|A_A_B|FCC""}",101,CuPd,Cu6Pd6,0.4538326845839719,hollow|A_A_B|FCC
O*,"{""O"": ""top|A""}",101,CuPd,Cu6Pd6,2.68678020483986,top|A
O*,"{""O"": ""hollow|A_B_B|FCC""}",101,CuPd,Cu6Pd6,1.39130567584272,hollow|A_B_B|FCC
O*,"{""O"": ""top|B""}",101,CuPd,Cu6Pd6,2.84240387784286,top|B
OH*,"{""OH"": ""bridge|B_B|A""}",101,CuPd,Cu6Pd6,0.7812343408849074,bridge|B_B|A
O*,"{""O"": ""bridge|B_B|A""}",101,CuPd,Cu6Pd6,1.62334149994041,bridge|B_B|A
O*,"{""O"": ""hollow|A_A_B|FCC""}",101,CuPt,Cu6Pt6,1.17069373503529,hollow|A_A_B|FCC
O*,"{""O"": ""hollow|A_B_B|HCP""}",101,CuPt,Cu6Pt6,1.2151891096326,hollow|A_B_B|HCP
OH*,"{""OH"": ""bridge|A_B|B""}",101,CuPt,Cu6Pt6,0.8441222980808334,bridge|A_B|B
OH*,"{""OH"": ""bridge|B_B|A""}",101,CuPt,Cu6Pt6,0.7689984700745072,bridge|B_B|A
OH*,"{""OH"": ""hollow|A_A_B|FCC""}",101,CuPt,Cu6Pt6,0.4517384965773772,hollow|A_A_B|FCC
OH*,"{""OH"": ""hollow|A_B_B|HCP""}",101,CuPt,Cu6Pt6,0.7416273553798192,hollow|A_B_B|HCP
O*,"{""O"": ""hollow|A_B_B|FCC""}",101,CuPt,Cu6Pt6,1.27313262223817,hollow|A_B_B|FCC
O*,"{""O"": ""hollow|A_A_B|HCP""}",101,CuPt,Cu6Pt6,1.50048169363782,hollow|A_A_B|HCP
OH*,"{""OH"": ""top|B""}",101,CuPt,Cu6Pt6,0.772294857078009,top|B
OH*,"{""OH"": ""top|B""}",101,CuRe,Cu6Re6,-0.516833977223655,top|B
OH*,"{""OH"": ""top-tilt|B""}",101,CuRe,Cu6Re6,-0.5043098017223429,top-tilt|B
O*,"{""O"": ""top|B""}",101,CuRe,Cu6Re6,-0.711462856063179,top|B
O*,"{""O"": ""hollow|A_B_B|HCP""}",101,CuRe,Cu6Re6,-0.820061448259537,hollow|A_B_B|HCP
O*,"{""O"": ""hollow|A_B_B|FCC""}",101,CuRe,Cu6Re6,-1.00727508896324,hollow|A_B_B|FCC
OH*,"{""OH"": ""bridge|B_B|A""}",101,CuRe,Cu6Re6,-0.9111189020214852,bridge|B_B|A
O*,"{""O"": ""hollow|A_A_B|HCP""}",101,CuRh,Cu6Rh6,0.91490005993893,hollow|A_A_B|HCP
O*,"{""O"": ""hollow|A_B_B|FCC""}",101,CuRh,Cu6Rh6,0.383054514637308,hollow|A_B_B|FCC
O*,"{""O"": ""hollow|A_B_B|HCP""}",101,CuRh,Cu6Rh6,0.506732431236571,hollow|A_B_B|HCP
OH*,"{""OH"": ""hollow|A_A_B|FCC""}",101,CuRh,Cu6Rh6,0.3588438661798818,hollow|A_A_B|FCC
O*,"{""O"": ""hollow|A_A_B|FCC""}",101,CuRh,Cu6Rh6,0.976194654434778,hollow|A_A_B|FCC
OH*,"{""OH"": ""hollow|A_A_B|HCP""}",101,CuRh,Cu6Rh6,0.4917426322762139,hollow|A_A_B|HCP
OH*,"{""OH"": ""hollow|A_B_B|FCC""}",101,CuRh,Cu6Rh6,0.6871445865807573,hollow|A_B_B|FCC
OH*,"{""OH"": ""hollow|A_B_B|HCP""}",101,CuRh,Cu6Rh6,0.6214059647799104,hollow|A_B_B|HCP
OH*,"{""OH"": ""top|B""}",101,CuRh,Cu6Rh6,0.4738780865781109,top|B
OH*,"{""OH"": ""bridge|B_B|A""}",101,CuRh,Cu6Rh6,0.0621520252797154,bridge|B_B|A
O*,"{""O"": ""hollow|A_B_B|FCC""}",101,CuRu,Cu6Ru6,-0.0995033231558296,hollow|A_B_B|FCC
O*,"{""O"": ""hollow|A_A_B|HCP""}",101,CuRu,Cu6Ru6,0.595861550343955,hollow|A_A_B|HCP
O*,"{""O"": ""hollow|A_B_B|HCP""}",101,CuRu,Cu6Ru6,0.180477598743721,hollow|A_B_B|HCP
OH*,"{""OH"": ""bridge|B_B|A""}",101,CuRu,Cu6Ru6,-0.2540254794176917,bridge|B_B|A
OH*,"{""OH"": ""hollow|A_A_B|FCC""}",101,CuRu,Cu6Ru6,0.5100628324843228,hollow|A_A_B|FCC
OH*,"{""OH"": ""hollow|A_A_B|HCP""}",101,CuRu,Cu6Ru6,0.3232162733810355,hollow|A_A_B|HCP
OH*,"{""OH"": ""top|B""}",101,CuRu,Cu6Ru6,0.1974011746832502,top|B
O*,"{""O"": ""hollow|A_A_B|FCC""}",101,CuRu,Cu6Ru6,0.840189164638844,hollow|A_A_B|FCC
O*,"{""O"": ""top|B""}",101,CuTc,Cu6Tc6,-0.108250830661007,top|B
OH*,"{""OH"": ""hollow|A_A_B|FCC""}",101,CuTc,Cu6Tc6,0.3344543027823192,hollow|A_A_B|FCC
OH*,"{""OH"": ""bridge-tilt|A_B|B""}",101,CuTc,Cu6Tc6,-0.3518799287222691,bridge-tilt|A_B|B
OH*,"{""OH"": ""bridge|B_B|B""}",101,CuTc,Cu6Tc6,-0.4966515659208426,bridge|B_B|B
OH*,"{""OH"": ""bridge|B_B|A""}",101,CuTc,Cu6Tc6,-0.8533148477173427,bridge|B_B|A
O*,"{""O"": ""hollow|A_B_B|HCP""}",101,CuTc,Cu6Tc6,-0.5808222266607,hollow|A_B_B|HCP
O*,"{""O"": ""hollow|A_B_B|FCC""}",101,CuTc,Cu6Tc6,-0.71639886506108,hollow|A_B_B|FCC
O*,"{""O"": ""hollow|A_A_B|FCC""}",101,CuTc,Cu6Tc6,0.307686600539284,hollow|A_A_B|FCC
OH*,"{""OH"": ""hollow|A_A_B|HCP""}",101,CuZn,Cu6Zn6,0.2704068685678749,hollow|A_A_B|HCP
OH*,"{""OH"": ""top-tilt|B""}",101,CuZn,Cu6Zn6,0.6048585861689162,top-tilt|B
OH*,"{""OH"": ""hollow|A_B_B|HCP""}",101,CuZn,Cu6Zn6,0.1557944244676719,hollow|A_B_B|HCP
OH*,"{""OH"": ""hollow|A_B_B|FCC""}",101,CuZn,Cu6Zn6,0.174174625874798,hollow|A_B_B|FCC
OH*,"{""OH"": ""top|A""}",101,CuZn,Cu6Zn6,1.0681296753726883,top|A
OH*,"{""OH"": ""hollow|A_A_B|FCC""}",101,CuZn,Cu6Zn6,0.2533158064733243,hollow|A_A_B|FCC
O*,"{""O"": ""hollow|A_B_B|HCP""}",101,CuZn,Cu6Zn6,0.673092355736856,hollow|A_B_B|HCP
O*,"{""O"": ""hollow|A_B_B|FCC""}",101,CuZn,Cu6Zn6,0.640969725227308,hollow|A_B_B|FCC
O*,"{""O"": ""hollow|A_A_B|HCP""}",101,CuZn,Cu6Zn6,0.867430208836424,hollow|A_A_B|HCP
O*,"{""O"": ""hollow|A_A_B|FCC""}",101,CuZn,Cu6Zn6,0.833475708033632,hollow|A_A_B|FCC
OH*,"{""OH"": ""bridge|B_B|A""}",101,CuZn,Cu6Zn6,0.2030151552725101,bridge|B_B|A
O*,{},110,CuO2-rutile,Cu8O16,4.75157462,
O*,{},110,CuO2,Cu8O16,4.80698632000001,
OH*,{},110,CuO2-rutile,Cu8O16,2.2884642799999995,
O*,{},110,CuO2-rutile,Cu8O16,4.75157462,
OH*,{},110,CuO2,Cu8O16,2.3437493899999993,
O*,{},111,CuO,Cu8O8,3.7525831600000097,
O*,"{""Ostar"": ""peroxo""}",111,CuO,Cu8O8,3.22176565000001,peroxo
OH*,{},111,CuO,Cu8O8,0.9460879200000109,
O*,"{""O"": ""M1""}",100,CuCu-MOF,Cu9C96H48N48,4.10631149999995,M1
O*,"{""O"": ""M2""}",100,CuCu-MOF,Cu9C96H48N48,3.9829944099999506,M2
OH*,"{""OH"": ""M2""}",100,CuCu-MOF,Cu9C96H48N48,1.2994102000000112,M2
OH*,"{""OH"": ""M1""}",100,CuCu-MOF,Cu9C96H48N48,1.481537489999937,M1
O*,"{""O"": ""hollow|A_A_B|HCP""}",111,Cu3Fe,Cu9Fe3,-0.0192762722619477,hollow|A_A_B|HCP
O*,"{""O"": ""bridge|A_B|A""}",111,Cu3Fe,Cu9Fe3,0.168629353942208,bridge|A_B|A
O*,"{""O"": ""hollow|A_A_B|FCC""}",111,Cu3Fe,Cu9Fe3,-0.0185587080597429,hollow|A_A_B|FCC
O*,"{""O"": ""hollow|A_A_A|FCC""}",111,Cu3Fe,Cu9Fe3,0.759010259436593,hollow|A_A_A|FCC
O*,"{""O"": ""hollow|A_A_B|FCC""}",111,Cu3Ga,Cu9Ga3,0.67506694984678,hollow|A_A_B|FCC
O*,"{""O"": ""hollow|A_A_B|HCP""}",111,Cu3Ga,Cu9Ga3,0.719773348744468,hollow|A_A_B|HCP
O*,"{""O"": ""top|B""}",111,Cu3Ga,Cu9Ga3,2.23100653224157,top|B
O*,"{""O"": ""hollow|A_A_A|FCC""}",111,Cu3Ga,Cu9Ga3,1.13645800453725,hollow|A_A_A|FCC
O*,"{""O"": ""hollow|A_A_A|HCP""}",111,Cu3Ga,Cu9Ga3,1.13346760954647,hollow|A_A_A|HCP
OH*,"{""OH"": ""hollow|A_A_B|FCC""}",111,Cu3Ir,Cu9Ir3,0.3849659782835033,hollow|A_A_B|FCC
O*,"{""O"": ""hollow|A_A_A|FCC""}",111,Cu3Ir,Cu9Ir3,0.971496200840022,hollow|A_A_A|FCC
O*,"{""O"": ""hollow|A_A_A|HCP""}",111,Cu3Ir,Cu9Ir3,1.67304145983854,hollow|A_A_A|HCP
O*,"{""O"": ""hollow|A_A_B|FCC""}",111,Cu3Ir,Cu9Ir3,0.582256538644117,hollow|A_A_B|FCC
O*,"{""O"": ""hollow|A_A_B|HCP""}",111,Cu3Ir,Cu9Ir3,0.434131234538484,hollow|A_A_B|HCP
OH*,"{""OH"": ""bridge|A_B|A""}",111,Cu3Ir,Cu9Ir3,0.2209128987859685,bridge|A_B|A
OH*,"{""OH"": ""hollow|A_A_A|FCC""}",111,Cu3Ir,Cu9Ir3,0.2389862917815435,hollow|A_A_A|FCC
OH*,"{""OH"": ""top|A""}",111,Cu3Ir,Cu9Ir3,0.8311212430825208,top|A
OH*,"{""OH"": ""top|B""}",111,Cu3Ir,Cu9Ir3,0.7672965340797191,top|B
O*,"{""O"": ""top|B""}",111,Cu3Ir,Cu9Ir3,1.06957936183954,top|B
OH*,"{""OH"": ""hollow|A_A_A|HCP""}",111,Cu3Ir,Cu9Ir3,0.7500778505826702,hollow|A_A_A|HCP
OH*,"{""OH"": ""hollow|A_A_B|HCP""}",111,Cu3Ir,Cu9Ir3,0.3211790930844245,hollow|A_A_B|HCP
O*,"{""O"": ""hollow|A_A_A|FCC""}",111,Cu3Ni,Cu9Ni3,0.902886233834408,hollow|A_A_A|FCC
O*,"{""O"": ""hollow|A_A_B|FCC""}",111,Cu3Ni,Cu9Ni3,0.551178008939871,hollow|A_A_B|FCC
OH*,"{""OH"": ""bridge-tilt|A_B|A""}",111,Cu3Os,Cu9Os3,-0.2278690809208683,bridge-tilt|A_B|A
O*,"{""O"": ""hollow|A_A_A|FCC""}",111,Cu3Os,Cu9Os3,0.933695234841991,hollow|A_A_A|FCC
O*,"{""O"": ""top|B""}",111,Cu3Os,Cu9Os3,-0.349865061860498,top|B
O*,"{""O"": ""hollow|A_A_B|FCC""}",111,Cu3Os,Cu9Os3,-0.233421155662825,hollow|A_A_B|FCC
OH*,"{""OH"": ""top|B""}",111,Cu3Os,Cu9Os3,0.044769529279506,top|B
O*,"{""O"": ""hollow|A_A_B|HCP""}",111,Cu3Os,Cu9Os3,-0.412813972561878,hollow|A_A_B|HCP
OH*,"{""OH"": ""hollow|A_A_B|HCP""}",111,Cu3Os,Cu9Os3,-0.0910019426183907,hollow|A_A_B|HCP
OH*,"{""OH"": ""hollow|A_A_A|HCP""}",111,Cu3Os,Cu9Os3,0.8501005029801263,hollow|A_A_A|HCP
OH*,"{""OH"": ""top-tilt|B""}",111,Cu3Os,Cu9Os3,-0.1232746439155789,top-tilt|B
OH*,"{""OH"": ""top|A""}",111,Cu3Os,Cu9Os3,0.7722949930802088,top|A
OH*,"{""OH"": ""hollow|A_A_A|FCC""}",111,Cu3Os,Cu9Os3,0.2565822609802808,hollow|A_A_A|FCC
OH*,"{""OH"": ""top|B""}",111,Cu3Pd,Cu9Pd3,1.4177743249791774,top|B
OH*,"{""OH"": ""hollow|A_A_B|FCC""}",111,Cu3Pd,Cu9Pd3,0.504621644181384,hollow|A_A_B|FCC
OH*,"{""OH"": ""hollow|A_A_A|FCC""}",111,Cu3Pd,Cu9Pd3,0.1171707222791837,hollow|A_A_A|FCC
OH*,"{""OH"": ""top-tilt|A""}",111,Cu3Pd,Cu9Pd3,0.6906109086820607,top-tilt|A
OH*,"{""OH"": ""bridge|A_A|B""}",111,Cu3Pd,Cu9Pd3,0.4000039413848526,bridge|A_A|B
O*,"{""O"": ""hollow|A_A_B|FCC""}",111,Cu3Pd,Cu9Pd3,1.2000805329406,hollow|A_A_B|FCC
O*,"{""O"": ""hollow|A_A_B|HCP""}",111,Cu3Pd,Cu9Pd3,1.24836005863818,hollow|A_A_B|HCP
OH*,"{""OH"": ""hollow|A_A_A|HCP""}",111,Cu3Pd,Cu9Pd3,0.3459953309837829,hollow|A_A_A|HCP
O*,"{""O"": ""top|B""}",111,Cu3Pd,Cu9Pd3,2.96914171464215,top|B
O*,"{""O"": ""hollow|A_A_A|HCP""}",111,Cu3Pd,Cu9Pd3,1.09839131933751,hollow|A_A_A|HCP
O*,"{""O"": ""hollow|A_A_A|FCC""}",111,Cu3Pd,Cu9Pd3,0.809942759038506,hollow|A_A_A|FCC
O*,"{""O"": ""top|B""}",111,Cu3Pt,Cu9Pt3,2.43069278273816,top|B
O*,"{""O"": ""hollow|A_A_A|FCC""}",111,Cu3Pt,Cu9Pt3,0.975990977134472,hollow|A_A_A|FCC
O*,"{""O"": ""hollow|A_A_A|HCP""}",111,Cu3Pt,Cu9Pt3,1.45706225703526,hollow|A_A_A|HCP
O*,"{""O"": ""hollow|A_A_B|FCC""}",111,Cu3Pt,Cu9Pt3,1.18974741803305,hollow|A_A_B|FCC
O*,"{""O"": ""hollow|A_A_B|HCP""}",111,Cu3Pt,Cu9Pt3,1.2043335361339,hollow|A_A_B|HCP
OH*,"{""OH"": ""hollow|A_A_A|FCC""}",111,Cu3Pt,Cu9Pt3,0.1964544905757748,hollow|A_A_A|FCC
OH*,"{""OH"": ""top|B""}",111,Cu3Pt,Cu9Pt3,1.402606835680558,top|B
OH*,"{""OH"": ""top|A""}",111,Cu3Pt,Cu9Pt3,0.8294906008785574,top|A
OH*,"{""OH"": ""bridge|A_B|A""}",111,Cu3Pt,Cu9Pt3,0.6014669592740347,bridge|A_B|A
OH*,"{""OH"": ""hollow|A_A_A|HCP""}",111,Cu3Pt,Cu9Pt3,0.5119553841767583,hollow|A_A_A|HCP
OH*,"{""OH"": ""hollow|A_A_B|FCC""}",111,Cu3Pt,Cu9Pt3,0.605624858774604,hollow|A_A_B|FCC
OH*,"{""OH"": ""top|A""}",111,Cu3Re,Cu9Re3,0.9982458074781562,top|A
OH*,"{""OH"": ""hollow|A_A_A|HCP""}",111,Cu3Re,Cu9Re3,0.9191268040784736,hollow|A_A_A|HCP
OH*,"{""OH"": ""top|B""}",111,Cu3Re,Cu9Re3,-1.0278568273234896,top|B
O*,"{""O"": ""hollow|A_A_A|HCP""}",111,Cu3Re,Cu9Re3,1.81285259773341,hollow|A_A_A|HCP
OH*,"{""OH"": ""hollow|A_A_A|FCC""}",111,Cu3Re,Cu9Re3,0.1204397618756729,hollow|A_A_A|FCC
O*,"{""O"": ""top|B""}",111,Cu3Re,Cu9Re3,-1.45118718326211,top|B
O*,"{""O"": ""hollow|A_A_B|HCP""}",111,Cu3Re,Cu9Re3,-1.21444270136652,hollow|A_A_B|HCP
O*,"{""O"": ""hollow|A_A_A|FCC""}",111,Cu3Re,Cu9Re3,0.817871476039557,hollow|A_A_A|FCC
OH*,"{""OH"": ""top|B""}",111,Cu3Rh,Cu9Rh3,0.8784751735773852,top|B
OH*,"{""OH"": ""top|A""}",111,Cu3Rh,Cu9Rh3,0.7093590078774241,top|A
O*,"{""O"": ""hollow|A_A_A|FCC""}",111,Cu3Rh,Cu9Rh3,0.851170046433083,hollow|A_A_A|FCC
OH*,"{""OH"": ""hollow|A_A_B|FCC""}",111,Cu3Rh,Cu9Rh3,0.3443208783763793,hollow|A_A_B|FCC
OH*,"{""OH"": ""hollow|A_A_B|HCP""}",111,Cu3Rh,Cu9Rh3,0.2754333553792776,hollow|A_A_B|HCP
OH*,"{""OH"": ""hollow|A_A_A|HCP""}",111,Cu3Rh,Cu9Rh3,0.6197560025801749,hollow|A_A_A|HCP
O*,"{""O"": ""top|B""}",111,Cu3Rh,Cu9Rh3,1.66367911113394,top|B
O*,"{""O"": ""hollow|A_A_B|HCP""}",111,Cu3Rh,Cu9Rh3,0.619073404933999,hollow|A_A_B|HCP
O*,"{""O"": ""hollow|A_A_B|FCC""}",111,Cu3Rh,Cu9Rh3,0.729778702432498,hollow|A_A_B|FCC
O*,"{""O"": ""hollow|A_A_A|HCP""}",111,Cu3Rh,Cu9Rh3,1.37612308423178,hollow|A_A_A|HCP
OH*,"{""OH"": ""hollow|A_A_A|FCC""}",111,Cu3Rh,Cu9Rh3,0.1429007183731983,hollow|A_A_A|FCC
OH*,"{""OH"": ""hollow|A_A_B|FCC""}",111,Cu3Ru,Cu9Ru3,0.1026701839772386,hollow|A_A_B|FCC
OH*,"{""OH"": ""hollow|A_A_B|HCP""}",111,Cu3Ru,Cu9Ru3,-0.0510244741191172,hollow|A_A_B|HCP
OH*,"{""OH"": ""top|A""}",111,Cu3Ru,Cu9Ru3,0.689222991980273,top|A
OH*,"{""OH"": ""top|B""}",111,Cu3Ru,Cu9Ru3,0.2838067062810978,top|B
O*,"{""O"": ""hollow|A_A_B|FCC""}",111,Cu3Ru,Cu9Ru3,0.129282645237083,hollow|A_A_B|FCC
O*,"{""O"": ""hollow|A_A_B|HCP""}",111,Cu3Ru,Cu9Ru3,-0.0645858114623366,hollow|A_A_B|HCP
O*,"{""O"": ""hollow|A_A_A|HCP""}",111,Cu3Ru,Cu9Ru3,1.51226667173961,hollow|A_A_A|HCP
O*,"{""O"": ""hollow|A_A_A|FCC""}",111,Cu3Ru,Cu9Ru3,0.838451853738491,hollow|A_A_A|FCC
OH*,"{""OH"": ""hollow|A_A_A|HCP""}",111,Cu3Ru,Cu9Ru3,0.7419937565763348,hollow|A_A_A|HCP
O*,"{""O"": ""top|B""}",111,Cu3Ru,Cu9Ru3,0.382522804134908,top|B
OH*,"{""OH"": ""hollow|A_A_A|FCC""}",111,Cu3Ru,Cu9Ru3,0.1595052408782749,hollow|A_A_A|FCC
O*,"{""O"": ""top|B""}",111,Cu3Sc,Cu9Sc3,0.267107216135457,top|B
O*,"{""O"": ""hollow|A_A_B|HCP""}",111,Cu3Sc,Cu9Sc3,-1.05566400436163,hollow|A_A_B|HCP
O*,"{""O"": ""hollow|A_A_B|FCC""}",111,Cu3Sc,Cu9Sc3,-0.906190512261844,hollow|A_A_B|FCC
O*,"{""O"": ""hollow|A_A_A|HCP""}",111,Cu3Sc,Cu9Sc3,0.235050981438519,hollow|A_A_A|HCP
OH*,"{""OH"": ""top|A""}",111,Cu3Tc,Cu9Tc3,0.6285043263823127,top|A
OH*,"{""OH"": ""hollow|A_A_A|HCP""}",111,Cu3Tc,Cu9Tc3,0.8278639043827525,hollow|A_A_A|HCP
OH*,"{""OH"": ""hollow|A_A_B|HCP""}",111,Cu3Tc,Cu9Tc3,-0.358037728819113,hollow|A_A_B|HCP
OH*,"{""OH"": ""top|B""}",111,Cu3Tc,Cu9Tc3,-0.5928031268150562,top|B
OH*,"{""OH"": ""hollow-tilt|A_A_B|FCC""}",111,Cu3Tc,Cu9Tc3,-0.3286826321156013,hollow-tilt|A_A_B|FCC
OH*,"{""OH"": ""hollow|A_A_A|FCC""}",111,Cu3Tc,Cu9Tc3,0.145371376082835,hollow|A_A_A|FCC
OH*,"{""OH"": ""bridge|A_B|A""}",111,Cu3Tc,Cu9Tc3,-0.445430761715329,bridge|A_B|A
O*,"{""O"": ""hollow|A_A_B|HCP""}",111,Cu3Tc,Cu9Tc3,-0.76686441725559,hollow|A_A_B|HCP
O*,"{""O"": ""hollow|A_A_B|FCC""}",111,Cu3Tc,Cu9Tc3,-0.574294623755293,hollow|A_A_B|FCC
O*,"{""O"": ""hollow|A_A_A|FCC""}",111,Cu3Tc,Cu9Tc3,0.770206111239361,hollow|A_A_A|FCC
O*,"{""O"": ""top|B""}",111,Cu3Tc,Cu9Tc3,-0.76808307905975,top|B
OH*,"{""OH"": ""hollow|A_A_B|HCP""}",111,Cu3Zn,Cu9Zn3,0.1582633133920126,hollow|A_A_B|HCP
OH*,"{""OH"": ""hollow|A_A_A|HCP""}",111,Cu3Zn,Cu9Zn3,0.2342077006877616,hollow|A_A_A|HCP
OH*,"{""OH"": ""top|B""}",111,Cu3Zn,Cu9Zn3,0.812577501285773,top|B
OH*,"{""OH"": ""top|A""}",111,Cu3Zn,Cu9Zn3,0.9449582986825362,top|A
OH*,"{""OH"": ""hollow|A_A_B|FCC""}",111,Cu3Zn,Cu9Zn3,0.1391888135811996,hollow|A_A_B|FCC
OH*,"{""OH"": ""hollow|A_A_A|FCC""}",111,Cu3Zn,Cu9Zn3,0.2403167923883984,hollow|A_A_A|FCC
O*,"{""O"": ""hollow|A_A_B|HCP""}",111,Cu3Zn,Cu9Zn3,0.862151744647974,hollow|A_A_B|HCP
O*,"{""O"": ""hollow|A_A_B|FCC""}",111,Cu3Zn,Cu9Zn3,0.761222136836125,hollow|A_A_B|FCC
O*,"{""O"": ""hollow|A_A_A|HCP""}",111,Cu3Zn,Cu9Zn3,0.980518135143768,hollow|A_A_A|HCP
O*,"{""O"": ""hollow|A_A_A|FCC""}",111,Cu3Zn,Cu9Zn3,0.981923603136067,hollow|A_A_A|FCC
OH*,{},001,CuN4C26-Δz=relaxed-M,CuC26N4,1.2331678300000135,
O*,{},1,CuN4C26-Δz=relaxed-M,CuC26N4,3.89574247000002,
OH*,,active_site,CuC39N15H21,CuC39H21N15,0.5216362150000577,nan
OH*,,active_site,CuC39N15H21,CuC39H21N15,0.1348530299999311,nan
O*,,active_site,CuC39N15H21,CuC39H21N15,2.92125077000003,nan
O*,,active_site,CuC39N15H21,CuC39H21N15,2.27913519999993,nan
OH*,,active_site,CuC48N24H24,CuC48H24N24,-0.3876392650000753,nan
OH*,,active_site,CuC48N24H24,CuC48H24N24,-0.8723394300000109,nan
O*,,active_site,CuC48N24H24,CuC48H24N24,2.13609907999989,nan
O*,,active_site,CuC48N24H24,CuC48H24N24,1.34357344,nan
O*,"{""O"": ""top|A""}",111,Fe,Fe12,-0.138559006063758,top|A
O*,"{""O"": ""hollow|A_A_A|HCP""}",111,Fe,Fe12,-2.00501843826731,hollow|A_A_A|HCP
OH*,"{""OH"": ""hollow|A_A_A|FCC""}",111,Fe,Fe12,-1.2233126601232698,hollow|A_A_A|FCC
OH*,{},012,Fe2O3-corundum,Fe12O18,1.3946918299999993,
O*,{},12,Fe2O3-corundum,Fe12O18,4.28078058,
O*,"{""Ostar"": ""peroxo""}",12,Fe2O3-corundum,Fe12O18,3.28375813,peroxo
O*,{},12,Fe2O3,Fe12O18,4.28098874999998,
OH*,{},012,Fe2O3,Fe12O18,1.3949519799999734,
O*,{},12,Fe2O3-corundum,Fe12O18,4.28078058,
OH*,{},012,Fe2O3-corundum,Fe12O18,1.3946918299999993,
OH*,,011,FeP,Fe12P12,-0.377261295449,nan
O*,,11,FeP,Fe12P12,0.00173227676714,nan
OH*,"{""OH"": ""hollow""}",110+8%,Fe-bcc,Fe16,-2.9213562115546665,hollow
OH*,"{""OH"": ""hollow""}",110+5%,Fe-bcc,Fe16,-2.8673248795821564,hollow
OH*,"{""OH"": ""hollow""}",110+2%,Fe-bcc,Fe16,-2.4479619433550397,hollow
OH*,"{""OH"": ""hollow""}",110,Fe-bcc,Fe16,-2.7486904569450417,hollow
O*,"{""Ostar"": ""hollow""}",110,Fe-bcc,Fe16,-0.781679089999997,hollow
O*,,100,Fe2P,Fe20HP10,-0.832677838465,nan
OH*,,100,Fe2P,Fe20HP10,-1.07001662736,nan
O*,{},111,Fe,Fe27,-0.675080244778656,
O*,{},111,Fe,Fe27,-0.674172745086253,
O*,{},111,Fe,Fe27,0.828490074345609,
O*,{},111,Fe,Fe27,-0.297596496267943,
O*,"{""O"": ""hollow|A_A_B|HCP""}",111,Ir3Fe,Fe3Ir9,0.466883536435319,hollow|A_A_B|HCP
O*,"{""O"": ""hollow|A_A_B|FCC""}",111,Ir3Fe,Fe3Ir9,0.429132775439768,hollow|A_A_B|FCC
O*,"{""O"": ""bridge|A_A|B""}",111,Ir3Fe,Fe3Ir9,0.906982363536201,bridge|A_A|B
O*,"{""O"": ""hollow|A_A_B|FCC""}",111,Pd3Fe,Fe3Pd9,0.587287243233561,hollow|A_A_B|FCC
OH*,{},100,FeO2,Fe6O12,1.833256540000008,
O*,{},100,FeO2-rutile,Fe6O12,4.52599889,
O*,{},100,FeO2-rutile,Fe6O12,4.52599889,
O*,{},100,FeO2-rutile,Fe6O12,4.52599889,
OH*,{},100,FeO2-rutile,Fe6O12,1.833247540000002,
OH*,{},100,FeO2-rutile,Fe6O12,1.833247540000002,
O*,{},100,FeO2,Fe6O12,4.51940603000001,
OH*,{},110,FeO2-rutile,Fe8O16,1.8822180100000023,
OH*,{},110,FeO2-rutile,Fe8O16,1.8822180100000023,
O*,"{""Ostar"": ""peroxo""}",110,FeO2-rutile,Fe8O16,3.55688576999998,peroxo
O*,{},110,FeO2-rutile,Fe8O16,4.711598299999991,
O*,{},110,FeO2-rutile,Fe8O16,4.711598299999991,
O*,{},110,FeO2-rutile,Fe8O16,4.711598299999991,
OH*,{},110,FeO2,Fe8O16,2.3333985699999857,
O*,{},110,FeO2,Fe8O16,4.65947084999999,
OH*,{},100-lc,Fe2O5-C12c,Fe8O18,1.564258489999986,
OH*,{},100,Fe2O5-0.5ML,Fe8O18,1.5642685899999833,
O*,{},100,Fe2O5-0.5ML,Fe8O18,4.12986967999998,
O*,{},100-lc,Fe2O5-C12c,Fe8O18,4.12988539999998,
OH*,{},100-hc,Fe2O5-C12c,Fe8O19,1.606227969999992,
O*,{},100-hc,Fe2O5-C12c,Fe8O19,3.9153133099999904,
O*,"{""O"": ""hollow|A_A_B|FCC""}",111,Fe3Ti,Fe9Ti3,-1.80644703796514,hollow|A_A_B|FCC
O*,"{""O"": ""top|B""}",111,Fe3Ti,Fe9Ti3,-0.199463525463386,top|B
O*,"{""O"": ""hollow|A_A_B|HCP""}",111,Fe3Ti,Fe9Ti3,-1.5912429514612,hollow|A_A_B|HCP
OH*,{},001,FeN4C26-Δz=relaxed-M,FeC26N4,0.0767939400000159,
OH*,{},001,FeN4C26-Δz=0.0Å-M,FeC26N4,0.9179718999999976,
O*,{},1,FeN4C26-Δz=0.0Å-M,FeC26N4,2.74789599000002,
OH*,{},001,FeN4C26-Δz=0.2Å-M,FeC26N4,0.4818750700000009,
O*,{},1,FeN4C26-Δz=0.2Å-M,FeC26N4,2.17336048999999,
OH*,{},001,FeN4C26-Δz=0.4Å-M,FeC26N4,0.0650503099999468,
O*,{},1,FeN4C26-Δz=0.4Å-M,FeC26N4,1.73753897,
OH*,{},001,FeN4C26-Δz=0.6Å-M,FeC26N4,-0.3214340100000754,
O*,{},1,FeN4C26-Δz=0.6Å-M,FeC26N4,1.32923495,
OH*,{},001,FeN4C26-Δz=0.8Å-M,FeC26N4,-0.3432852400000001,
O*,{},1,FeN4C26-Δz=0.8Å-M,FeC26N4,1.24924455999997,
OH*,{},001,FeN4C26-Δz=1.0Å-M,FeC26N4,-0.437074769999981,
O*,{},1,FeN4C26-Δz=1.0Å-M,FeC26N4,1.22929296000001,
OH*,{},001,FeN4C26-Δz=1.2Å-M,FeC26N4,-0.5661093900000083,
O*,{},1,FeN4C26-Δz=relaxed-M,FeC26N4,1.69390270999997,
O*,{},1,FeN4C26-Δz=1.2Å-M,FeC26N4,1.22768839000003,
"{""Ostar"": 1.0}","{""O"": ""A""}",1,FeW15HO48,FeW15HO48,5.30520011,A
"{""OHstar"": 1.0}","{""OH"": ""B""}",1,FeW15HO48,FeW15HO48,2.12481465,B
"{""Ostar"": 1.0}","{""O"": ""B""}",1,FeW15HO48,FeW15HO48,4.58968747,B
"{""OHstar"": 1.0}","{""OH"": ""A""}",1,FeW15O47,FeW15O47,0.16656842,A
"{""Ostar"": 1.0}","{""O"": ""B""}",1,FeW15O47,FeW15O47,3.38066744,B
"{""Ostar"": 1.0}","{""O"": ""A""}",1,FeW15O47,FeW15O47,2.26839935,A
"{""OHstar"": 1.0}","{""OH"": ""B""}",1,FeW15O47,FeW15O47,0.75969116,B
"{""Ostar"": 1.0}","{""O"": ""B""}",1,FeW15O48,FeW15O48,5.74914641,B
"{""Ostar"": 1.0}","{""O"": ""A""}",1,FeW15O48,FeW15O48,4.63687832,A
"{""OHstar"": 1.0}","{""OH"": ""B""}",1,FeW15O48,FeW15O48,3.79649192,B
O*,"{""O"": ""hollow|A_A_A|HCP""}",111,Ga,Ga12,0.358015687644922,hollow|A_A_A|HCP
O*,"{""O"": ""top|A""}",111,Ga,Ga12,1.67855775164554,top|A
OH*,"{""OH"": ""hollow|A_A_A|FCC""}",111,Ga,Ga12,0.2459182557767008,hollow|A_A_A|FCC
OH*,"{""OH"": ""hollow|A_A_A|HCP""}",111,Ga,Ga12,0.360388112178839,hollow|A_A_A|HCP
OH*,"{""OH"": ""bridge|A_A|A""}",111,Ga,Ga12,0.1597630688746676,bridge|A_A|A
O*,"{""O"": ""hollow|A_A_A|FCC""}",111,Ga,Ga12,0.133682726143718,hollow|A_A_A|FCC
OH*,{},012,Ga2O3-corundum,Ga12O18,1.6799711099999968,
O*,"{""Ostar"": ""peroxo""}",12,Ga2O3-corundum,Ga12O18,3.38348619999999,peroxo
OH*,{},012,Ga2O3-corundum,Ga12O18,1.6799711099999968,
O*,{},12,Ga2O3-corundum,Ga12O18,4.3042322,
O*,{},12,Ga2O3-corundum,Ga12O18,4.3042322,
O*,"{""O"": ""hollow|A_A_A|HCP""}",111,Hf3Ga,Ga3Hf9,-3.32768979295741,hollow|A_A_A|HCP
O*,"{""O"": ""hollow|A_A_A|FCC""}",111,Hf3Ga,Ga3Hf9,-3.63781167626092,hollow|A_A_A|FCC
O*,"{""O"": ""top|B""}",111,Hf3Ga,Ga3Hf9,1.15138154373909,top|B
O*,"{""O"": ""hollow|A_A_A|HCP""}",111,Ir3Ga,Ga3Ir9,0.540023518540522,hollow|A_A_A|HCP
O*,"{""O"": ""bridge|A_A|A""}",111,Ir3Ga,Ga3Ir9,1.13635133593544,bridge|A_A|A
O*,"{""O"": ""hollow|A_A_B|HCP""}",111,Ir3Ga,Ga3Ir9,0.854171870338007,hollow|A_A_B|HCP
O*,"{""O"": ""hollow|A_A_A|FCC""}",111,La3Ga,Ga3La9,-3.10439685056207,hollow|A_A_A|FCC
O*,"{""O"": ""hollow|A_A_A|HCP""}",111,La3Ga,Ga3La9,-2.73198538836385,hollow|A_A_A|HCP
O*,"{""O"": ""top|B""}",111,La3Ga,Ga3La9,0.415537831937229,top|B
O*,"{""O"": ""hollow|A_A_A|FCC""}",111,Nb3Ga,Ga3Nb9,-2.52793157456125,hollow|A_A_A|FCC
O*,"{""O"": ""hollow|A_A_A|HCP""}",111,Nb3Ga,Ga3Nb9,-2.26304453526262,hollow|A_A_A|HCP
O*,"{""O"": ""top|A""}",111,Nb3Ga,Ga3Nb9,-0.761014105759557,top|A
O*,"{""O"": ""top|B""}",111,Nb3Ga,Ga3Nb9,1.95899909014025,top|B
O*,"{""O"": ""hollow|A_A_B|FCC""}",111,Ni3Ga,Ga3Ni9,0.489928313141547,hollow|A_A_B|FCC
O*,"{""O"": ""hollow|A_A_A|HCP""}",111,Ni3Ga,Ga3Ni9,0.334809275238342,hollow|A_A_A|HCP
O*,"{""O"": ""hollow|A_A_A|FCC""}",111,Ni3Ga,Ga3Ni9,0.474904636041003,hollow|A_A_A|FCC
O*,"{""O"": ""hollow|A_A_A|FCC""}",111,Pd3Ga,Ga3Pd9,1.87255478213393,hollow|A_A_A|FCC
O*,"{""O"": ""hollow|A_A_A|HCP""}",111,Pd3Ga,Ga3Pd9,1.80726868573748,hollow|A_A_A|HCP
O*,"{""O"": ""hollow|A_A_B|HCP""}",111,Pd3Ga,Ga3Pd9,1.21902741133437,hollow|A_A_B|HCP
O*,"{""O"": ""hollow|A_A_B|FCC""}",111,Pd3Ga,Ga3Pd9,1.1762961507373,hollow|A_A_B|FCC
O*,"{""O"": ""hollow|A_A_B|FCC""}",111,Pt3Ga,Ga3Pt9,1.14836176043519,hollow|A_A_B|FCC
O*,"{""O"": ""hollow|A_A_A|HCP""}",111,Pt3Ga,Ga3Pt9,1.71420248753185,hollow|A_A_A|HCP
O*,"{""O"": ""hollow|A_A_B|HCP""}",111,Pt3Ga,Ga3Pt9,1.41622450063352,hollow|A_A_B|HCP
O*,"{""O"": ""top|B""}",111,Pt3Ga,Ga3Pt9,2.84472868243375,top|B
O*,"{""O"": ""hollow|A_A_B|HCP""}",111,Rh3Ga,Ga3Rh9,0.79401103804031,hollow|A_A_B|HCP
O*,"{""O"": ""hollow|A_A_A|FCC""}",111,Rh3Ga,Ga3Rh9,0.645669267341702,hollow|A_A_A|FCC
O*,"{""O"": ""hollow|A_A_A|HCP""}",111,Rh3Ga,Ga3Rh9,0.614207873444514,hollow|A_A_A|HCP
O*,"{""O"": ""hollow|A_A_B|HCP""}",111,Ru3Ga,Ga3Ru9,0.432232968338042,hollow|A_A_B|HCP
O*,"{""O"": ""hollow|A_A_A|FCC""}",111,Ru3Ga,Ga3Ru9,-0.488665432956793,hollow|A_A_A|FCC
O*,"{""O"": ""hollow|A_A_A|HCP""}",111,Ru3Ga,Ga3Ru9,-0.448913002557845,hollow|A_A_A|HCP
O*,"{""O"": ""hollow|A_A_A|FCC""}",111,Sc3Ga,Ga3Sc9,-3.82652044636433,hollow|A_A_A|FCC
O*,"{""O"": ""hollow|A_A_A|HCP""}",111,Sc3Ga,Ga3Sc9,-3.86043875616105,hollow|A_A_A|HCP
O*,"{""O"": ""hollow|A_A_A|FCC""}",111,Ti3Ga,Ga3Ti9,-3.46111741226213,hollow|A_A_A|FCC
O*,"{""O"": ""hollow|A_A_A|HCP""}",111,Ti3Ga,Ga3Ti9,-3.23522333366435,hollow|A_A_A|HCP
O*,"{""O"": ""hollow|A_A_A|FCC""}",111,V3Ga,Ga3V9,-2.64361941256738,hollow|A_A_A|FCC
O*,"{""O"": ""hollow|A_A_A|HCP""}",111,V3Ga,Ga3V9,-2.47869584086237,hollow|A_A_A|HCP
O*,"{""O"": ""hollow|A_A_A|FCC""}",111,Y3Ga,Ga3Y9,-3.73497835786128,hollow|A_A_A|FCC
O*,"{""O"": ""hollow|A_A_A|HCP""}",111,Y3Ga,Ga3Y9,-3.6643770618613294,hollow|A_A_A|HCP
O*,"{""O"": ""top|B""}",111,Zr3Ga,Ga3Zr9,1.03785687473629,top|B
O*,"{""O"": ""hollow|A_A_A|FCC""}",111,Zr3Ga,Ga3Zr9,-3.39770169036291,hollow|A_A_A|FCC
O*,"{""O"": ""hollow|A_A_A|HCP""}",111,Zr3Ga,Ga3Zr9,-3.02955479636165,hollow|A_A_A|HCP
OH*,{},100,GaO2-rutile,Ga6O12,2.168456400000011,
O*,{},100,GaO2-rutile,Ga6O12,4.65423959,
O*,{},100,GaO2-rutile,Ga6O12,4.65423959,
OH*,{},110,GaO2-rutile,Ga8O16,2.081958209999982,
O*,{},110,GaO2-rutile,Ga8O16,4.74177861999999,
O*,{},110,GaO2-rutile,Ga8O16,4.74177861999999,
O*,{},100-lc,Ga2O5-C12c,Ga8O18,4.45452261999998,
OH*,{},100-lc,Ga2O5-C12c,Ga8O18,1.8992933600000017,
O*,"{""O"": ""hollow|A_A_B|HCP""}",111,Ga3Hf,Ga9Hf3,-0.646437172563481,hollow|A_A_B|HCP
O*,"{""O"": ""hollow|A_A_B|FCC""}",111,Ga3Hf,Ga9Hf3,-0.624600989464113,hollow|A_A_B|FCC
O*,"{""O"": ""hollow|A_A_A|HCP""}",111,Ga3Nb,Ga9Nb3,0.632419364239297,hollow|A_A_A|HCP
O*,"{""O"": ""hollow|A_A_A|FCC""}",111,Ga3Nb,Ga9Nb3,1.15019730433761,hollow|A_A_A|FCC
O*,"{""O"": ""bridge|A_B|A""}",111,Ga3Nb,Ga9Nb3,0.256680222035186,bridge|A_B|A
O*,"{""O"": ""hollow|A_A_B|FCC""}",111,Ga3Nb,Ga9Nb3,0.206541342438697,hollow|A_A_B|FCC
O*,"{""O"": ""hollow|A_A_B|HCP""}",111,Ga3Nb,Ga9Nb3,0.0875866418389819,hollow|A_A_B|HCP
O*,"{""O"": ""bridge|A_B|A""}",111,Ga3Ti,Ga9Ti3,-0.317613993666043,bridge|A_B|A
O*,"{""O"": ""hollow|A_A_B|FCC""}",111,Ga3Ti,Ga9Ti3,-0.387600584461495,hollow|A_A_B|FCC
O*,"{""O"": ""hollow|A_A_B|HCP""}",111,Ga3Ti,Ga9Ti3,-0.365397183766788,hollow|A_A_B|HCP
O*,"{""O"": ""hollow|A_A_A|FCC""}",111,Ga3Ti,Ga9Ti3,1.1195699393391,hollow|A_A_A|FCC
O*,"{""O"": ""hollow|A_A_B|HCP""}",111,Ga3Y,Ga9Y3,-0.883755814658969,hollow|A_A_B|HCP
O*,"{""O"": ""top|B""}",111,Ga3Y,Ga9Y3,1.18072153813756,top|B
O*,"{""O"": ""hollow|A_A_B|FCC""}",111,Ga3Y,Ga9Y3,-0.85056119176096,hollow|A_A_B|FCC
O*,"{""O"": ""bridge|A_B|A""}",111,Ga3Zr,Ga9Zr3,-0.384676177058452,bridge|A_B|A
O*,"{""O"": ""hollow|A_A_B|FCC""}",111,Ga3Zr,Ga9Zr3,-0.406976450362151,hollow|A_A_B|FCC
O*,"{""O"": ""hollow|A_A_B|HCP""}",111,Ga3Zr,Ga9Zr3,-0.441343067559671,hollow|A_A_B|HCP
O*,"{""O"": ""hollow|A_A_A|FCC""}",111,Ga3Zr,Ga9Zr3,1.16592045013732,hollow|A_A_A|FCC
O*,"{""O"": ""top|B""}",111,Ga3Zr,Ga9Zr3,0.254067929137648,top|B
O*,{},111,Gd4Ru8O29,Gd4Ru8O28,2.54654533000002,
OH*,{},111,Gd4Ru8O29,Gd4Ru8O28,1.1413232950000065,
O*,{},111,Gd7Ru8O31,Gd7Ru8O30,1.76133243999999,
OH*,{},111,Gd7Ru8O31,Gd7Ru8O30,0.4927894650000439,
O*,{},111,Gd2Ru2O7,Gd8Ru8O30,1.33275268,
OH*,{},111,Gd2Ru2O7,Gd8Ru8O30,0.2473823450000623,
O*,{},100,GeO2-rutile,Ge6O12,4.50570978,
O*,{},100,GeO2-rutile,Ge6O12,4.50570978,
OH*,{},100,GeO2-rutile,Ge6O12,1.7843677000000042,
O*,{},110,GeO2-rutile,Ge8O16,4.40733911999999,
OH*,{},110,GeO2-rutile,Ge8O16,1.6025459399999988,
O*,{},110,GeO2-rutile,Ge8O16,4.40733911999999,
OH*,"{""OH"": ""hollow|A_A_A|FCC""}",111,Hf,Hf12,-2.579290068420164,hollow|A_A_A|FCC
OH*,"{""OH"": ""top|A""}",111,Hf,Hf12,-1.424037025018265,top|A
O*,"{""O"": ""hollow|A_A_A|HCP""}",111,Hf,Hf12,-3.32505654736104,hollow|A_A_A|HCP
O*,"{""O"": ""hollow|A_A_A|FCC""}",111,Hf,Hf12,-3.73090195656204,hollow|A_A_A|FCC
O*,"{""O"": ""top|A""}",111,Hf,Hf12,-0.749242052959914,top|A
OH*,"{""OH"": ""hollow|A_A_A|HCP""}",111,Hf,Hf12,-2.2831012300185876,hollow|A_A_A|HCP
O*,{},12,Hf2O3-corundum,Hf12O18,-2.21700618,
OH*,{},012,Hf2O3-corundum,Hf12O18,-2.7323724999999968,
O*,{},12,Hf2O3,Hf12O18,-2.37996413999997,
OH*,{},012,Hf2O3,Hf12O18,-2.832681519999994,
O*,"{""Ostar"": ""hcp""}",1,Hf-hcp,Hf16,-2.98287144999998,hcp
OH*,"{""OH"": ""ontop""}",0001,Hf-hcp,Hf16,-1.4069435139426787,ontop
OH*,"{""OH"": ""hcp""}",0001,Hf-hcp,Hf16,-2.2493015619111247,hcp
OH*,"{""OH"": ""fcc""}",0001,Hf-hcp,Hf16,-2.5439086025835422,fcc
O*,"{""O"": ""hollow|A_A_B|HCP""}",111,Ir3Hf,Hf3Ir9,-0.339783380161123,hollow|A_A_B|HCP
O*,"{""O"": ""hollow|A_A_B|FCC""}",111,Ir3Hf,Hf3Ir9,-0.46575603276159,hollow|A_A_B|FCC
O*,"{""O"": ""top|B""}",111,Ir3Hf,Hf3Ir9,0.729950950539035,top|B
O*,"{""O"": ""hollow|A_A_B|HCP""}",111,Pt3Hf,Hf3Pt9,0.263522660541469,hollow|A_A_B|HCP
O*,"{""O"": ""hollow|A_A_B|FCC""}",111,Pt3Hf,Hf3Pt9,-0.0136505907577771,hollow|A_A_B|FCC
O*,"{""O"": ""hollow|A_A_B|FCC""}",111,Ru3Hf,Hf3Ru9,-1.08321852376338,hollow|A_A_B|FCC
O*,"{""O"": ""hollow|A_A_B|HCP""}",111,Ru3Hf,Hf3Ru9,-1.14898204386208,hollow|A_A_B|HCP
O*,"{""O"": ""hollow|A_A_B|FCC""}",111,Zn3Hf,Hf3Zn9,-1.7331212021565,hollow|A_A_B|FCC
O*,"{""O"": ""hollow|A_A_A|FCC""}",111,Zn3Hf,Hf3Zn9,0.457747042240783,hollow|A_A_A|FCC
O*,"{""O"": ""top|B""}",111,Zn3Hf,Hf3Zn9,-1.17109687155988,top|B
O*,"{""O"": ""hollow|A_A_B|HCP""}",111,Zn3Hf,Hf3Zn9,-1.89092818055741,hollow|A_A_B|HCP
O*,{},100,HfO2-rutile,Hf6O12,4.42942654000001,
OH*,{},100,HfO2-rutile,Hf6O12,1.5856020299999898,
OH*,{},100,HfO2-rutile,Hf6O12,1.5856020299999898,
OH*,{},100,HfO2,Hf6O12,1.6213327699999809,
O*,{},100,HfO2,Hf6O12,4.46742549999999,
O*,{},100,HfO2-rutile,Hf6O12,4.42942654000001,
O*,{},100,HfO2-rutile,Hf6O12,4.42942654000001,
O*,{},110,HfO2-rutile,Hf8O16,4.47124903,
OH*,{},110,HfO2-rutile,Hf8O16,1.536630439999982,
O*,{},110,HfO2,Hf8O16,4.50084968000002,
OH*,{},110,HfO2-rutile,Hf8O16,1.536630439999982,
O*,"{""Ostar"": ""peroxo""}",110,HfO2-rutile,Hf8O16,3.27504866999999,peroxo
O*,{},110,HfO2-rutile,Hf8O16,4.47124903,
O*,{},110,HfO2-rutile,Hf8O16,4.47124903,
OH*,{},110,HfO2,Hf8O16,1.5672679399999936,
O*,"{""O"": ""hollow|A_A_A|FCC""}",111,Hf3Sn,Hf9Sn3,-3.61536337306114,hollow|A_A_A|FCC
O*,"{""O"": ""top|B""}",111,Hf3Sn,Hf9Sn3,2.43343473794067,top|B
O*,"{""O"": ""hollow|A_A_A|HCP""}",111,Hf3Sn,Hf9Sn3,-3.27136426926171,hollow|A_A_A|HCP
O*,"{""O"": ""hollow|A_A_A|HCP""}",111,Hf3Zn,Hf9Zn3,-3.36280690016082,hollow|A_A_A|HCP
O*,"{""O"": ""hollow|A_A_B|FCC""}",111,Hf3Zn,Hf9Zn3,-2.48168555566025,hollow|A_A_B|FCC
O*,"{""O"": ""top|B""}",111,Hf3Zn,Hf9Zn3,1.28135182073657,top|B
O*,"{""O"": ""hollow|A_A_A|FCC""}",111,Hf3Zn,Hf9Zn3,-3.72132803925723,hollow|A_A_A|FCC
O*,{},1,HfN4C26-Δz=relaxed-M,HfC26N4,-0.764742230000024,
OH*,{},001,HfN4C26-Δz=relaxed-M,HfC26N4,-1.5659199300000637,
"{""OHstar"": 1.0}","{""OH"": ""A""}",1,HfW15HO48,HfW15HO48,0.48400656,A
"{""Ostar"": 1.0}","{""O"": ""A""}",1,HfW15HO48,HfW15HO48,3.43105361,A
"{""Ostar"": 1.0}","{""O"": ""B""}",1,HfW15HO48,HfW15HO48,4.61824473,B
"{""OHstar"": 1.0}","{""OH"": ""B""}",1,HfW15HO48,HfW15HO48,1.28817361,B
"{""OHstar"": 1.0}","{""OH"": ""A""}",1,HfW15O47,HfW15O47,1.29929107,A
"{""Ostar"": 1.0}","{""O"": ""A""}",1,HfW15O47,HfW15O47,3.44784705,A
"{""OHstar"": 1.0}","{""OH"": ""B""}",1,HfW15O47,HfW15O47,2.10345812,B
"{""Ostar"": 1.0}","{""O"": ""B""}",1,HfW15O47,HfW15O47,4.67389593,B
"{""Ostar"": 1.0}","{""O"": ""B""}",1,HfW15O48,HfW15O48,4.75150523,B
"{""OHstar"": 1.0}","{""OH"": ""A""}",1,HfW15O48,HfW15O48,1.24363987,A
"{""Ostar"": 1.0}","{""O"": ""A""}",1,HfW15O48,HfW15O48,3.52545635,A
"{""OHstar"": 1.0}","{""OH"": ""B""}",1,HfW15O48,HfW15O48,2.08666468,B
OH*,{},012,Hg2O3-corundum,Hg12O18,2.160839690000003,
O*,{},12,Hg2O3-corundum,Hg12O18,4.92109781000001,
O*,"{""O"": ""hollow|A_A_A|FCC""}",111,Sc3Hg,Hg3Sc9,-3.9839266012624495,hollow|A_A_A|FCC
O*,"{""O"": ""hollow|A_A_A|HCP""}",111,Sc3Hg,Hg3Sc9,-4.03984613116171,hollow|A_A_A|HCP
O*,{},100,HgO2,Hg6O12,3.13081795999999,
OH*,{},100,HgO2,Hg6O12,2.7388105700000054,
O*,{},100,HgO2-rutile,Hg6O12,5.98221280999999,
O*,{},100,HgO2-rutile,Hg6O12,5.98221280999999,
OH*,{},100,HgO2-rutile,Hg6O12,2.7388193199999975,
OH*,{},110,HgO2,Hg8O16,2.7723272100000003,
O*,{},110,HgO2,Hg8O16,5.44876762000001,
O*,{},110,HgO2-rutile,Hg8O16,5.44795666,
OH*,{},110,HgO2-rutile,Hg8O16,2.809764130000005,
O*,{},110,HgO2-rutile,Hg8O16,5.44795666,
O*,"{""O"": ""top|A""}",111,In,In12,2.19556642583831,top|A
O*,"{""O"": ""hollow|A_A_A|HCP""}",111,In,In12,0.727110898438525,hollow|A_A_A|HCP
OH*,"{""OH"": ""bridge|A_A|A""}",111,In,In12,0.1744124533805688,bridge|A_A|A
OH*,"{""OH"": ""hollow|A_A_A|HCP""}",111,In,In12,0.235051933880527,hollow|A_A_A|HCP
O*,"{""O"": ""hollow|A_A_A|FCC""}",111,In,In12,0.544134614337793,hollow|A_A_A|FCC
OH*,"{""OH"": ""hollow|A_A_A|FCC""}",111,In,In12,0.1977309766779171,hollow|A_A_A|FCC
OH*,{},012,In2O3-corundum,In12O18,1.7646770199999935,
O*,"{""Ostar"": ""peroxo""}",12,In2O3-corundum,In12O18,3.32978113999999,peroxo
OH*,{},012,In2O3-corundum,In12O18,1.7646770199999935,
O*,{},12,In2O3-corundum,In12O18,4.12887786000002,
O*,{},12,In2O3-corundum,In12O18,4.12887786000002,
O*,"{""O"": ""hollow|A_A_A|FCC""}",111,La3In,In3La9,-3.21445111566226,hollow|A_A_A|FCC
O*,"{""O"": ""hollow|A_A_A|HCP""}",111,La3In,In3La9,-2.8984749752637,hollow|A_A_A|HCP
O*,"{""O"": ""top|B""}",111,La3In,In3La9,1.24468692993815,top|B
O*,"{""O"": ""bridge|A_A|B""}",111,Ni3In,In3Ni9,0.529013520437559,bridge|A_A|B
O*,"{""O"": ""hollow|A_A_B|HCP""}",111,Ni3In,In3Ni9,0.719692939139179,hollow|A_A_B|HCP
O*,"{""O"": ""hollow|A_A_B|FCC""}",111,Pd3In,In3Pd9,1.50076061033889,hollow|A_A_B|FCC
O*,"{""O"": ""hollow|A_A_B|HCP""}",111,Pd3In,In3Pd9,1.59719476143783,hollow|A_A_B|HCP
O*,"{""O"": ""hollow|A_A_A|HCP""}",111,Pd3In,In3Pd9,1.8127534123376,hollow|A_A_A|HCP
O*,"{""O"": ""top|B""}",111,Pd3In,In3Pd9,3.182018275438,top|B
O*,"{""O"": ""hollow|A_A_B|FCC""}",111,Pt3In,In3Pt9,1.31694852863785,hollow|A_A_B|FCC
O*,"{""O"": ""hollow|A_A_B|HCP""}",111,Pt3In,In3Pt9,1.71139046313675,hollow|A_A_B|HCP
O*,"{""O"": ""hollow|A_A_A|HCP""}",111,Pt3In,In3Pt9,1.77309254823541,hollow|A_A_A|HCP
O*,"{""O"": ""hollow|A_A_A|FCC""}",111,Pt3In,In3Pt9,1.94864706333811,hollow|A_A_A|FCC
O*,"{""O"": ""hollow|A_A_A|FCC""}",111,Rh3In,In3Rh9,0.625206034539417,hollow|A_A_A|FCC
O*,"{""O"": ""hollow|A_A_A|HCP""}",111,Rh3In,In3Rh9,0.515955729740938,hollow|A_A_A|HCP
O*,"{""O"": ""bridge|A_B|A""}",111,Rh3In,In3Rh9,1.54866407463834,bridge|A_B|A
O*,"{""O"": ""top|B""}",111,Y3In,In3Y9,1.57276029933911,top|B
O*,"{""O"": ""hollow|A_A_A|FCC""}",111,Y3In,In3Y9,-3.8108781184639,hollow|A_A_A|FCC
O*,"{""O"": ""hollow|A_A_A|HCP""}",111,Y3In,In3Y9,-3.80586931906163,hollow|A_A_A|HCP
O*,{},100,InO2-rutile,In6O12,4.60950386,
OH*,{},100,InO2-rutile,In6O12,2.027657860000005,
O*,{},100,InO2-rutile,In6O12,4.60950386,
OH*,{},110,InO2-rutile,In8O16,2.127687750000007,
O*,{},110,InO2-rutile,In8O16,4.85161538000001,
O*,{},110,InO2-rutile,In8O16,4.85161538000001,
O*,{},100-lc,In2O5-C12c,In8O18,4.13037496999999,
OH*,{},100-lc,In2O5-C12c,In8O18,1.627310289999997,
O*,"{""O"": ""hollow|A_A_A|FCC""}",111,In3La,In9La3,0.579984115938544,hollow|A_A_A|FCC
O*,"{""O"": ""bridge|A_B|A""}",111,In3La,In9La3,-0.706636236860675,bridge|A_B|A
O*,"{""O"": ""hollow|A_A_B|FCC""}",111,In3La,In9La3,-0.842026069062001,hollow|A_A_B|FCC
O*,"{""O"": ""hollow|A_A_B|HCP""}",111,In3La,In9La3,-0.911846262359347,hollow|A_A_B|HCP
O*,"{""O"": ""hollow|A_A_B|FCC""}",111,In3Y,In9Y3,-0.807174272860891,hollow|A_A_B|FCC
O*,"{""O"": ""top|B""}",111,In3Y,In9Y3,0.576618748138401,top|B
O*,"{""O"": ""hollow|A_A_A|HCP""}",111,In3Y,In9Y3,1.05708593523724,hollow|A_A_A|HCP
O*,"{""O"": ""hollow|A_A_A|FCC""}",111,In3Y,In9Y3,0.882557697535788,hollow|A_A_A|FCC
O*,"{""O"": ""hollow|A_A_B|HCP""}",111,In3Y,In9Y3,-0.83652746466413,hollow|A_A_B|HCP
O*,"{""O"": ""hollow|A_A_A|FCC""}",111,In3Zr,In9Zr3,1.26174629073631,hollow|A_A_A|FCC
O*,"{""O"": ""hollow|A_A_B|FCC""}",111,In3Zr,In9Zr3,-0.680152621462355,hollow|A_A_B|FCC
O*,"{""O"": ""top|B""}",111,In3Zr,In9Zr3,-0.539912496064233,top|B
O*,"{""O"": ""hollow|A_A_B|HCP""}",111,In3Zr,In9Zr3,-0.607089375462408,hollow|A_A_B|HCP
O*,"{""O"": ""hollow|A_A_A|HCP""}",111,In3Zr,In9Zr3,1.11350248103537,hollow|A_A_A|HCP
O*,"{""Ostar"": ""O2C""}",100,IrO2-columbite,Ir10O23,0.929731930000003,O2C
OH*,"{""OHstar"": ""O1C""}",100,IrO2-columbite-exp-strain,Ir10O23,-0.0914935200000002,O1C
O*,"{""Ostar"": ""O1C""}",100,IrO2-columbite-exp-strain,Ir10O23,1.46623468999999,O1C
OH*,"{""OHstar"": ""O1C""}",100,IrO2-columbite,Ir10O23,-0.058287660000019,O1C
OH*,"{""OHstar"": ""O2C""}",100,IrO2-columbite,Ir10O23,-0.4289847100000088,O2C
O*,"{""Ostar"": ""O1C""}",100,IrO2-columbite,Ir10O23,1.4961663,O1C
O*,"{""O"": ""hollow|A_A_A|FCC""}",111,Ir,Ir12,0.750792557540819,hollow|A_A_A|FCC
OH*,"{""OH"": ""top|A""}",111,Ir,Ir12,1.1121982393823373,top|A
O*,"{""O"": ""top|A""}",111,Ir,Ir12,1.6106365047379,top|A
O*,"{""O"": ""hollow|A_A_A|HCP""}",111,Ir,Ir12,0.907405908637713,hollow|A_A_A|HCP
OH*,{},100,IrO3-alpha-OH-cov,Ir12HO39,1.2749149000000557,
OH*,{},100,IrO3-alpha-OH-cov,Ir12HO39,1.2749149000000557,
O*,{},100,IrO3-alpha-OH-cov,Ir12HO39,2.94961608000006,
O*,{},100,IrO3-alpha-OH-cov,Ir12HO39,2.94961608000006,
O*,{},12,Ir2O3-corundum,Ir12O18,1.12219266,
OH*,{},012,Ir2O3-corundum,Ir12O18,-0.4576025300000026,
O*,{},12,Ir2O3,Ir12O18,0.802680129999999,
OH*,{},012,Ir2O3,Ir12O18,-0.5193405300000222,
O*,{},100,IrO3-alpha-O-cov,Ir12O39,2.98035972000002,
OH*,{},100,IrO3-alpha-O-cov,Ir12O39,1.249410340000054,
OH*,{},100,IrO3-alpha-O-cov,Ir12O39,1.249410340000054,
O*,{},100,IrO3-alpha-O-cov,Ir12O39,2.98035972000002,
OH*,{},111,IrO3-alpha-O-cov,Ir12O41,0.8154404700000555,
OH*,{},111,IrO3-alpha-O-cov,Ir12O41,0.8154404700000555,
O*,{},111,IrO3-alpha-O-cov,Ir12O41,2.89394036000004,
O*,{},111,IrO3-alpha-O-cov,Ir12O41,2.89394036000004,
OH*,"{""OH"": ""fcc""}",111-2%,Ir-fcc,Ir16,0.8731197010783944,fcc
"{""Ostar"": 1.0}","{""O"": ""bridge""}",111,Ir,Ir16,1.46777311437,bridge
"{""Ostar"": 1.0}","{""O"": ""ontop""}",111,Ir,Ir16,1.99829160252,ontop
"{""Ostar"": 1.0}","{""O"": ""fcc""}",111,Ir,Ir16,0.938815539347,fcc
O*,"{""Ostar"": ""fcc""}",111,Ir-fcc,Ir16,1.09508070000001,fcc
OH*,"{""OH"": ""fcc""}",111,Ir-fcc,Ir16,0.7625588960436289,fcc
OH*,"{""OH"": ""hcp""}",111,Ir-fcc,Ir16,0.9813114830540144,hcp
OH*,"{""OH"": ""ontop""}",111,Ir-fcc,Ir16,1.2944463468302274,ontop
OH*,"{""OH"": ""fcc""}",111+2%,Ir-fcc,Ir16,0.6367968595732236,fcc
OH*,"{""OH"": ""fcc""}",111+5%,Ir-fcc,Ir16,0.4513326387314009,fcc
OH*,"{""OH"": ""fcc""}",111-5%,Ir-fcc,Ir16,0.9716775647102622,fcc
OH*,"{""OH"": ""fcc""}",111+8%,Ir-fcc,Ir16,0.0625655022449791,fcc
OH*,"{""OH"": ""fcc""}",111-1%,Ir-fcc,Ir16,0.8207010517799063,fcc
OH*,"{""OH"": ""fcc""}",111-3%,Ir-fcc,Ir16,0.9185403988085454,fcc
OH*,{},110,IrO3-alpha-OH-cov,Ir16H3O47,0.5339097300000049,
O*,{},110,IrO3-alpha-OH-cov,Ir16H3O47,2.41383744000001,
OH*,{},110,IrO3-alpha-OH-cov,Ir16H3O47,0.5339097300000049,
O*,{},110,IrO3-alpha-OH-cov,Ir16H3O47,2.41383744000001,
O*,,110,IrO2,Ir16H8O37,1.45956957753,nan
OH*,,110,IrO2,Ir16H8O37,-0.291908636496,nan
O*,{},110,IrO2-rutile-OH-cov,Ir16HO33,1.53479548000001,
OH*,{},110,IrO2-rutile-OH-cov,Ir16HO33,0.8074555800000098,
OH*,{},110,IrO2-rutile-OH-cov,Ir16HO33,0.8074555800000098,
O*,{},110,IrO2-rutile-OH-cov,Ir16HO33,1.53479548000001,
OH*,"{""OHstar"": ""O1C-CUS-Kitchen""}",101,IrO2-columbite,Ir16O32,-0.2247218999999631,O1C-CUS-Kitchen
O*,{},110,IrO2,Ir16O32,1.35274040096556,
OH*,"{""OHstar"": ""CUS-Ir-site""}",110,IrO2-rutile,Ir16O33,-0.1076513200000022,CUS-Ir-site
OH*,"{""OHstar"": ""O1C""}",110,IrO2-rutile,Ir16O33,-0.1076513200000022,O1C
O*,"{""star"": ""site0"", ""Ostar"": ""site0""}",110,IrO2-rutile,Ir16O33,1.50305950000001,site0
O*,"{""Ostar"": ""O1C""}",110,IrO2-rutile,Ir16O33,1.50305950000001,O1C
O*,"{""Ostar"": ""CUS-Ir-site""}",110,IrO2-rutile,Ir16O33,1.50305950000001,CUS-Ir-site
OH*,{},110,IrO2-rutile-O-cov,Ir16O33,-0.1076513200000022,
OH*,{},110,IrO2-rutile-O-cov,Ir16O33,-0.1076513200000022,
O*,{},110,IrO2-rutile-O-cov,Ir16O33,1.50305950000001,
O*,{},110,IrO2-rutile-O-cov,Ir16O33,1.50305950000001,
O*,{},211,IrO3-alpha-O-cov,Ir16O47,2.86013837000002,
OH*,{},110,IrO3-alpha-O-cov,Ir16O47,0.6004078699999695,
OH*,{},110,IrO3-alpha-O-cov,Ir16O47,0.6004078699999695,
O*,{},110,IrO3-alpha-O-cov,Ir16O47,2.43221991999997,
O*,{},211,IrO3-alpha-O-cov,Ir16O47,2.86013837000002,
OH*,{},211,IrO3-alpha-O-cov,Ir16O47,1.0521121500000277,
O*,{},110,IrO3-alpha-O-cov,Ir16O47,2.43221991999997,
OH*,{},211,IrO3-alpha-O-cov,Ir16O47,1.0521121500000277,
OH*,{},110,IrO3-rutile-O-cov-full,Ir16O49,0.7462233200000128,
O*,{},110,IrO3-rutile-O-cov-full,Ir16O49,2.58288701999999,
O*,{},110,IrO3-rutile-O-cov-full,Ir16O49,2.58288701999999,
OH*,{},110,IrO3-rutile-O-cov-full,Ir16O49,0.7462233200000128,
OH*,{},010,IrO3-beta-O-cov-A,Ir16O51,1.2461424500000362,
OH*,{},010,IrO3-beta-O-cov-A,Ir16O51,1.2461424500000362,
O*,{},10,IrO3-beta-O-cov-A,Ir16O51,3.10523336,
O*,{},10,IrO3-beta-O-cov-A,Ir16O51,3.10523336,
OH*,{},010,IrO3-beta-O-cov-B,Ir16O51,1.4766107899999952,
O*,{},10,IrO3-beta-O-cov-B,Ir16O51,3.39894363000002,
O*,{},10,IrO3-beta-O-cov-B,Ir16O51,3.39894363000002,
OH*,{},010,IrO3-beta-O-cov-B,Ir16O51,1.4766107899999952,
O*,"{""Ostar"": ""O1C-CUS""}",101,IrO2-columbite,Ir18O38,1.76578904999997,O1C-CUS
OH*,"{""OHstar"": ""O1C-CUS""}",101,IrO2-columbite,Ir18O38,-0.0274333400000159,O1C-CUS
OH*,"{""OHstar"": ""O1C-bridge-like""}",101,IrO2-columbite,Ir18O38,0.851554120000003,O1C-bridge-like
O*,"{""Ostar"": ""O1C-bridge-like""}",101,IrO2-columbite,Ir18O38,2.57743198999998,O1C-bridge-like
O*,{},100,IrO2-rutile-OH-cov,Ir20H3O43,1.63410057000004,
OH*,{},100,IrO2-rutile-OH-cov,Ir20H3O43,0.129998090000015,
O*,{},100,IrO2-rutile-OH-cov,Ir20H3O43,1.63410057000004,
OH*,{},100,IrO2-rutile-OH-cov,Ir20H3O43,0.129998090000015,
OH*,{},100,IrO3-rutile-OH-cov,Ir20HO67,1.277916610000034,
OH*,{},100,IrO3-rutile-OH-cov,Ir20HO67,1.277916610000034,
O*,{},100,IrO3-rutile-OH-cov,Ir20HO67,3.30429599000001,
O*,{},100,IrO3-rutile-OH-cov,Ir20HO67,3.30429599000001,
OH*,"{""OHstar"": ""O1C""}",100,IrO2-rutile,Ir20O43,-0.0609221699999693,O1C
O*,"{""star"": ""site0"", ""Ostar"": ""site0""}",100,IrO2-rutile,Ir20O43,1.58195875000001,site0
O*,"{""Ostar"": ""Ir-site""}",100,IrO2-rutile,Ir20O43,1.58195875000001,Ir-site
O*,"{""Ostar"": ""O1C""}",100,IrO2-rutile,Ir20O43,1.58195875000001,O1C
OH*,{},100,IrO2-rutile-O-cov,Ir20O43,-0.0609221699999693,
OH*,"{""OHstar"": ""Ir-site""}",100,IrO2-rutile,Ir20O43,-0.0609221699999693,Ir-site
O*,{},100,IrO2-rutile-O-cov,Ir20O43,1.58195875000001,
O*,{},100,IrO2-rutile-O-cov,Ir20O43,1.58195875000001,
OH*,{},100,IrO2-rutile-O-cov,Ir20O43,-0.0609221699999693,
OH*,{},100,IrO3-rutile-O-cov-partial,Ir20O65,1.4172218500000326,
O*,{},100,IrO3-rutile-O-cov-partial,Ir20O65,3.24313773000006,
O*,{},100,IrO3-rutile-O-cov-partial,Ir20O65,3.24313773000006,
OH*,{},100,IrO3-rutile-O-cov-partial,Ir20O65,1.4172218500000326,
OH*,{},100,IrO3-rutile-O-cov-full,Ir20O67,1.3512211800000389,
O*,{},100,IrO3-rutile-O-cov-full,Ir20O67,3.03639625999995,
OH*,{},100,IrO3-rutile-O-cov-full,Ir20O67,1.3512211800000389,
O*,{},100,IrO3-rutile-O-cov-full,Ir20O67,3.03639625999995,
O*,{},111,Ir,Ir27,0.63031234619848,
O*,{},111,Ir,Ir27,0.629743832338136,
O*,{},111,Ir,Ir27,1.08825988820172,
O*,{},111,Ir,Ir27,1.52059532627754,
"{""H2gas"": 0.5, ""OHstar"": 1}",,111,Ir,Ir36,0.543498196133,nan
"{""H2gas"": 0.5, ""OHstar"": 1}",{},100,Ir-fcc,Ir36,0.4281318233079219,
O*,"{""O"": ""hollow|A_A_B|FCC""}",111,Pd3Ir,Ir3Pd9,0.711984226137986,hollow|A_A_B|FCC
OH*,"{""OH"": ""hollow|A_A_B|FCC""}",111,Pd3Ir,Ir3Pd9,0.8816078840799264,hollow|A_A_B|FCC
O*,"{""O"": ""hollow|A_A_B|HCP""}",111,Pd3Ir,Ir3Pd9,0.721435556137124,hollow|A_A_B|HCP
OH*,"{""OH"": ""hollow|A_A_A|HCP""}",111,Pd3Ir,Ir3Pd9,1.1074595129801992,hollow|A_A_A|HCP
OH*,"{""OH"": ""hollow|A_A_A|FCC""}",111,Pd3Ir,Ir3Pd9,0.6823391921797111,hollow|A_A_A|FCC
O*,"{""O"": ""top|B""}",111,Pd3Ir,Ir3Pd9,0.942200016837717,top|B
OH*,"{""OH"": ""top|B""}",111,Pd3Ir,Ir3Pd9,0.0992678085793841,top|B
OH*,"{""OH"": ""bridge|A_A|A""}",111,Pt3Ir,Ir3Pt9,0.8595478872783815,bridge|A_A|A
O*,"{""O"": ""hollow|A_A_A|FCC""}",111,Pt3Ir,Ir3Pt9,1.49310128593407,hollow|A_A_A|FCC
O*,"{""O"": ""hollow|A_A_A|HCP""}",111,Pt3Ir,Ir3Pt9,1.94934612373964,hollow|A_A_A|HCP
O*,"{""O"": ""hollow|A_A_B|FCC""}",111,Pt3Ir,Ir3Pt9,1.00876178283562,hollow|A_A_B|FCC
OH*,"{""OH"": ""top|B""}",111,Pt3Ir,Ir3Pt9,0.2754615191778384,top|B
OH*,"{""OH"": ""bridge|A_A|B""}",111,Pt3Ir,Ir3Pt9,0.9889346161770618,bridge|A_A|B
O*,"{""O"": ""hollow|A_A_B|HCP""}",111,Pt3Ir,Ir3Pt9,1.26555180283668,hollow|A_A_B|HCP
OH*,"{""OH"": ""hollow|A_A_A|HCP""}",111,Pt3Ir,Ir3Pt9,1.5153406057769416,hollow|A_A_A|HCP
O*,"{""O"": ""top|B""}",111,Pt3Ir,Ir3Pt9,1.36896295273965,top|B
O*,"{""O"": ""top|A""}",111,Pt3Ir,Ir3Pt9,2.51022458283461,top|A
OH*,"{""OH"": ""hollow|A_A_A|FCC""}",111,Pt3Ir,Ir3Pt9,1.0530834127829394,hollow|A_A_A|FCC
OH*,"{""OH"": ""top|A""}",111,Pt3Ir,Ir3Pt9,0.785605985777579,top|A
O*,"{""O"": ""bridge|A_A|A""}",111,Pt3Ir,Ir3Pt9,1.94305362723736,bridge|A_A|A
OH*,"{""OH"": ""hollow|A_A_A|HCP""}",111,Re3Ir,Ir3Re9,-0.7937755235208215,hollow|A_A_A|HCP
O*,"{""O"": ""top|A""}",111,Re3Ir,Ir3Re9,-0.329325092960232,top|A
O*,"{""O"": ""hollow|A_A_A|FCC""}",111,Re3Ir,Ir3Re9,-0.984368273861207,hollow|A_A_A|FCC
OH*,"{""OH"": ""top|B""}",111,Re3Ir,Ir3Re9,1.265736704180085,top|B
O*,"{""O"": ""top|B""}",111,Re3Ir,Ir3Re9,1.84622640763683,top|B
O*,"{""O"": ""hollow|A_A_A|HCP""}",111,Re3Ir,Ir3Re9,-1.32638353176316,hollow|A_A_A|HCP
O*,"{""O"": ""hollow|A_A_B|HCP""}",111,Re3Ir,Ir3Re9,-0.657900920461714,hollow|A_A_B|HCP
OH*,"{""OH"": ""bridge|A_A|A""}",111,Re3Ir,Ir3Re9,-0.496251150419198,bridge|A_A|A
OH*,"{""OH"": ""hollow|A_A_A|FCC""}",111,Re3Ir,Ir3Re9,-0.5829826744185311,hollow|A_A_A|FCC
OH*,"{""OH"": ""top|A""}",111,Re3Ir,Ir3Re9,-0.2000979588184464,top|A
OH*,"{""OH"": ""hollow|A_A_B|FCC""}",111,Rh3Ir,Ir3Rh9,0.3880718856825069,hollow|A_A_B|FCC
OH*,"{""OH"": ""top|B""}",111,Rh3Ir,Ir3Rh9,0.252245582782848,top|B
OH*,"{""OH"": ""hollow|A_A_A|FCC""}",111,Rh3Ir,Ir3Rh9,0.3283750074814406,hollow|A_A_A|FCC
O*,"{""O"": ""hollow|A_A_B|FCC""}",111,Rh3Ir,Ir3Rh9,0.561217785139718,hollow|A_A_B|FCC
OH*,"{""OH"": ""hollow|A_A_A|HCP""}",111,Rh3Ir,Ir3Rh9,0.5510463058825508,hollow|A_A_A|HCP
OH*,"{""OH"": ""top-tilt|A""}",111,Rh3Ir,Ir3Rh9,0.5191193252802577,top-tilt|A
O*,"{""O"": ""hollow|A_A_A|FCC""}",111,Rh3Ir,Ir3Rh9,0.782373681638831,hollow|A_A_A|FCC
OH*,"{""OH"": ""bridge|A_A|B""}",111,Rh3Ir,Ir3Rh9,0.3669676887810738,bridge|A_A|B
O*,"{""O"": ""hollow|A_A_B|HCP""}",111,Ru3Ir,Ir3Ru9,0.136204269037819,hollow|A_A_B|HCP
OH*,"{""OH"": ""bridge|A_A|B""}",111,Ru3Ir,Ir3Ru9,0.0560987168800011,bridge|A_A|B
OH*,"{""OH"": ""bridge|A_B|A""}",111,Ru3Ir,Ir3Ru9,0.2346283886807896,bridge|A_B|A
O*,"{""O"": ""hollow|A_A_A|FCC""}",111,Ru3Ir,Ir3Ru9,0.0189879676398164,hollow|A_A_A|FCC
O*,"{""O"": ""hollow|A_A_A|HCP""}",111,Ru3Ir,Ir3Ru9,-0.243650186861657,hollow|A_A_A|HCP
OH*,"{""OH"": ""bridge|A_A|A""}",111,Ru3Ir,Ir3Ru9,-0.0733816191196865,bridge|A_A|A
OH*,"{""OH"": ""hollow|A_A_A|HCP""}",111,Ru3Ir,Ir3Ru9,0.1169832358799567,hollow|A_A_A|HCP
OH*,"{""OH"": ""hollow|A_A_A|FCC""}",111,Ru3Ir,Ir3Ru9,-0.1210830390183446,hollow|A_A_A|FCC
OH*,"{""OH"": ""hollow|A_A_B|FCC""}",111,Ru3Ir,Ir3Ru9,0.2745478969817441,hollow|A_A_B|FCC
O*,"{""O"": ""hollow|A_A_B|FCC""}",111,Ru3Ir,Ir3Ru9,0.440665776237267,hollow|A_A_B|FCC
OH*,"{""OH"": ""top|B""}",111,Ru3Ir,Ir3Ru9,0.9638698023817368,top|B
OH*,"{""OH"": ""top|A""}",111,Ru3Ir,Ir3Ru9,0.3122323982796615,top|A
O*,"{""O"": ""hollow|A_A_A|FCC""}",111,V3Ir,Ir3V9,-2.83276887106348,hollow|A_A_A|FCC
O*,"{""O"": ""hollow|A_A_A|HCP""}",111,V3Ir,Ir3V9,-2.69815728436168,hollow|A_A_A|HCP
O*,"{""O"": ""hollow|A_A_A|HCP""}",111,Zn3Ir,Ir3Zn9,0.704296738138339,hollow|A_A_A|HCP
O*,"{""O"": ""top|B""}",111,Zn3Ir,Ir3Zn9,2.06763536994168,top|B
O*,"{""O"": ""hollow|A_A_B|HCP""}",111,Zn3Ir,Ir3Zn9,0.926166389140974,hollow|A_A_B|HCP
O*,"{""O"": ""hollow|A_A_B|FCC""}",111,Zn3Ir,Ir3Zn9,0.964359199035073,hollow|A_A_B|FCC
O*,"{""O"": ""hollow|A_A_A|FCC""}",111,Zn3Ir,Ir3Zn9,0.833422101637382,hollow|A_A_A|FCC
OH*,{},001,IrO3-Pm3m,Ir4O12,0.4895394600000031,
O*,{},1,IrO3-Pm3m,Ir4O12,2.28737685,
O*,{},100,IrO2-rutile,Ir6O12,1.53642463999998,
O*,{},100,IrO2-rutile,Ir6O12,1.53642463999998,
O*,{},100,IrO2-rutile,Ir6O12,1.53642463999998,
OH*,{},100,IrO2-rutile,Ir6O12,-0.2412552199999993,
OH*,{},100,IrO2-rutile,Ir6O12,-0.2412552199999993,
OH*,"{""OH"": ""top-tilt|B""}",101,IrPd,Ir6Pd6,0.9312218560816063,top-tilt|B
O*,"{""O"": ""hollow|A_B_B|HCP""}",101,IrPd,Ir6Pd6,1.14461992303751,hollow|A_B_B|HCP
O*,"{""O"": ""hollow|A_A_B|FCC""}",101,IrPd,Ir6Pd6,0.458768149339278,hollow|A_A_B|FCC
O*,"{""O"": ""hollow|A_A_B|HCP""}",101,IrPd,Ir6Pd6,0.570579861738054,hollow|A_A_B|HCP
O*,"{""O"": ""hollow|A_B_B|FCC""}",101,IrPd,Ir6Pd6,1.15170712793753,hollow|A_B_B|FCC
OH*,"{""OH"": ""bridge|A_A|B""}",101,IrPd,Ir6Pd6,0.2211648761812057,bridge|A_A|B
OH*,"{""OH"": ""hollow|A_B_B|FCC""}",101,IrPd,Ir6Pd6,0.8242767636810413,hollow|A_B_B|FCC
OH*,"{""OH"": ""top|A""}",101,IrPd,Ir6Pd6,0.2415399440805004,top|A
O*,"{""O"": ""top|A""}",101,IrPt,Ir6Pt6,1.44810086813942,top|A
O*,"{""O"": ""hollow|A_B_B|HCP""}",101,IrPt,Ir6Pt6,1.45290340523917,hollow|A_B_B|HCP
O*,"{""O"": ""hollow|A_A_B|FCC""}",101,IrPt,Ir6Pt6,0.725065690839813,hollow|A_A_B|FCC
OH*,"{""OH"": ""bridge|B_B|A""}",101,IrPt,Ir6Pt6,0.9047247710813052,bridge|B_B|A
O*,"{""O"": ""hollow|A_A_B|HCP""}",101,IrPt,Ir6Pt6,0.964760975239017,hollow|A_A_B|HCP
OH*,"{""OH"": ""bridge|A_A|B""}",101,IrPt,Ir6Pt6,0.360075045181361,bridge|A_A|B
O*,"{""O"": ""hollow|A_B_B|FCC""}",101,IrPt,Ir6Pt6,1.2048408924382,hollow|A_B_B|FCC
OH*,"{""OH"": ""top|A""}",101,IrPt,Ir6Pt6,0.3086528767825029,top|A
OH*,"{""OH"": ""top|B""}",101,IrPt,Ir6Pt6,0.7739016893800681,top|B
OH*,"{""OH"": ""top|B""}",101,IrRe,Ir6Re6,-0.2027638581195106,top|B
O*,"{""O"": ""hollow|A_A_B|HCP""}",101,IrRe,Ir6Re6,0.290742207838605,hollow|A_A_B|HCP
OH*,"{""OH"": ""top|A""}",101,IrRe,Ir6Re6,0.6772412754806965,top|A
O*,"{""O"": ""hollow|A_B_B|HCP""}",101,IrRe,Ir6Re6,-0.756118777761174,hollow|A_B_B|HCP
O*,"{""O"": ""top|B""}",101,IrRe,Ir6Re6,-0.319340419861135,top|B
OH*,"{""OH"": ""hollow|A_A_B|HCP""}",101,IrRe,Ir6Re6,0.7446038725801145,hollow|A_A_B|HCP
OH*,"{""OH"": ""bridge|B_B|A""}",101,IrRe,Ir6Re6,-0.4572372369212871,bridge|B_B|A
O*,"{""O"": ""hollow|A_B_B|FCC""}",101,IrRe,Ir6Re6,-0.415214288663435,hollow|A_B_B|FCC
O*,"{""O"": ""hollow|A_A_B|HCP""}",101,IrRh,Ir6Rh6,0.604373815440169,hollow|A_A_B|HCP
O*,"{""O"": ""hollow|A_B_B|FCC""}",101,IrRh,Ir6Rh6,0.736266712737972,hollow|A_B_B|FCC
O*,"{""O"": ""hollow|A_B_B|HCP""}",101,IrRh,Ir6Rh6,0.82627693644082,hollow|A_B_B|HCP
OH*,"{""OH"": ""bridge|A_A|B""}",101,IrRh,Ir6Rh6,0.3161376399810933,bridge|A_A|B
OH*,"{""OH"": ""bridge|A_B|B""}",101,IrRh,Ir6Rh6,0.3246111288798374,bridge|A_B|B
OH*,"{""OH"": ""bridge|B_B|A""}",101,IrRh,Ir6Rh6,0.404237352479754,bridge|B_B|A
OH*,"{""OH"": ""hollow|A_B_B|FCC""}",101,IrRh,Ir6Rh6,0.4001044874829631,hollow|A_B_B|FCC
OH*,"{""OH"": ""top|A""}",101,IrRh,Ir6Rh6,0.2830887339813444,top|A
OH*,"{""OH"": ""top|B""}",101,IrRh,Ir6Rh6,0.5172002423795448,top|B
O*,"{""O"": ""hollow|A_A_B|FCC""}",101,IrRh,Ir6Rh6,0.563892392037644,hollow|A_A_B|FCC
OH*,"{""OH"": ""bridge|A_A|B""}",101,IrRu,Ir6Ru6,0.7342462674795343,bridge|A_A|B
OH*,"{""OH"": ""top|A""}",101,IrRu,Ir6Ru6,0.4341977663797252,top|A
OH*,"{""OH"": ""hollow|A_B_B|FCC""}",101,IrRu,Ir6Ru6,0.1653767772776291,hollow|A_B_B|FCC
OH*,"{""OH"": ""hollow|A_A_B|FCC""}",101,IrRu,Ir6Ru6,0.5393524857798866,hollow|A_A_B|FCC
OH*,"{""OH"": ""top|B""}",101,IrRu,Ir6Ru6,0.2699157030773449,top|B
OH*,"{""OH"": ""bridge|B_B|A""}",101,IrRu,Ir6Ru6,0.0232193377786416,bridge|B_B|A
O*,"{""O"": ""hollow|A_B_B|FCC""}",101,IrRu,Ir6Ru6,0.284866589736168,hollow|A_B_B|FCC
O*,"{""O"": ""hollow|A_A_B|HCP""}",101,IrRu,Ir6Ru6,0.572847250237658,hollow|A_A_B|HCP
O*,"{""O"": ""hollow|A_A_B|FCC""}",101,IrRu,Ir6Ru6,0.742627917937909,hollow|A_A_B|FCC
OH*,"{""OH"": ""bridge|A_B|A""}",101,IrRu,Ir6Ru6,0.2882108687780373,bridge|A_B|A
O*,"{""O"": ""hollow|A_B_B|HCP""}",101,IrRu,Ir6Ru6,0.175677102335442,hollow|A_B_B|HCP
OH*,{},110,IrO2-rutile,Ir8O16,-0.344820779999992,
OH*,{},110,IrO2-rutile,Ir8O16,-0.344820779999992,
O*,"{""Ostar"": ""peroxo""}",110,IrO2-rutile,Ir8O16,3.58264817,peroxo
O*,{},110,IrO2-rutile,Ir8O16,1.46179408999998,
O*,{},110,IrO2,Ir8O16,1.46181089999999,
OH*,{},110,IrO2,Ir8O16,-0.3447158799999954,
O*,{},110,IrO2-rutile,Ir8O16,1.46179408999998,
O*,{},110,IrO2-rutile,Ir8O16,1.46179408999998,
O*,{},100-lc,Ir2O5-C12c,Ir8O18,1.77692857999998,
OH*,{},100-lc,Ir2O5-C12c,Ir8O18,-0.0620090800000241,
OH*,{},100,Ir2O5-0.5ML,Ir8O18,-0.0630776000000139,
O*,{},100,Ir2O5-0.5ML,Ir8O18,1.77581496999997,
OH*,{},100-hc,Ir2O5-C12c,Ir8O19,0.2435988100000088,
O*,{},100-hc,Ir2O5-C12c,Ir8O19,1.98917972999999,
O*,"{""O"": ""bridge|A_A|B""}",111,Ir3La,Ir9La3,-0.411031082661964,bridge|A_A|B
O*,"{""O"": ""hollow|A_A_A|FCC""}",111,Ir3La,Ir9La3,0.629972244438079,hollow|A_A_A|FCC
O*,"{""O"": ""hollow|A_A_B|HCP""}",111,Ir3La,Ir9La3,0.127449006136715,hollow|A_A_B|HCP
O*,"{""O"": ""hollow|A_A_A|HCP""}",111,Ir3La,Ir9La3,-0.168954393961201,hollow|A_A_A|HCP
O*,"{""O"": ""top|B""}",111,Ir3Mo,Ir9Mo3,-0.58197000276067,top|B
O*,"{""O"": ""hollow|A_A_B|HCP""}",111,Ir3Mo,Ir9Mo3,-0.0900217885611596,hollow|A_A_B|HCP
O*,"{""O"": ""hollow|A_A_A|HCP""}",111,Ir3Mo,Ir9Mo3,1.04219096793878,hollow|A_A_A|HCP
O*,"{""O"": ""hollow|A_A_A|FCC""}",111,Ir3Mo,Ir9Mo3,1.67838210213796,hollow|A_A_A|FCC
O*,"{""O"": ""hollow|A_A_B|FCC""}",111,Ir3Mo,Ir9Mo3,-0.196390543860787,hollow|A_A_B|FCC
O*,"{""O"": ""top|B""}",111,Ir3Nb,Ir9Nb3,-0.438339883261676,top|B
O*,"{""O"": ""hollow|A_A_B|FCC""}",111,Ir3Nb,Ir9Nb3,-0.463858582959972,hollow|A_A_B|FCC
O*,"{""O"": ""hollow|A_A_A|HCP""}",111,Ir3Nb,Ir9Nb3,0.7669882290391,hollow|A_A_A|HCP
O*,"{""O"": ""hollow|A_A_B|HCP""}",111,Ir3Nb,Ir9Nb3,-0.265211535159494,hollow|A_A_B|HCP
O*,"{""O"": ""hollow|A_A_A|FCC""}",111,Ir3Nb,Ir9Nb3,1.50357141013939,hollow|A_A_A|FCC
O*,"{""O"": ""bridge|A_B|A""}",111,Ir3Pd,Ir9Pd3,1.44141965693763,bridge|A_B|A
OH*,"{""OH"": ""bridge|A_A|B""}",111,Ir3Pd,Ir9Pd3,0.3206315999785829,bridge|A_A|B
O*,"{""O"": ""top|B""}",111,Ir3Pd,Ir9Pd3,3.0168657198372,top|B
O*,"{""O"": ""hollow|A_A_A|FCC""}",111,Ir3Pd,Ir9Pd3,0.330005785635706,hollow|A_A_A|FCC
OH*,"{""OH"": ""hollow|A_A_A|FCC""}",111,Ir3Pd,Ir9Pd3,0.7582088841780887,hollow|A_A_A|FCC
OH*,"{""OH"": ""hollow|A_A_A|HCP""}",111,Ir3Pd,Ir9Pd3,0.5962089035791678,hollow|A_A_A|HCP
OH*,"{""OH"": ""top|B""}",111,Ir3Pd,Ir9Pd3,1.6893428474803611,top|B
OH*,"{""OH"": ""top|A""}",111,Ir3Pd,Ir9Pd3,0.2861096057794157,top|A
OH*,"{""OH"": ""bridge|A_A|A""}",111,Ir3Pd,Ir9Pd3,0.3945902365784377,bridge|A_A|A
O*,"{""O"": ""hollow|A_A_A|HCP""}",111,Ir3Pd,Ir9Pd3,0.348800688538006,hollow|A_A_A|HCP
O*,"{""O"": ""hollow|A_A_A|HCP""}",111,Ir3Pt,Ir9Pt3,0.631440162538468,hollow|A_A_A|HCP
O*,"{""O"": ""hollow|A_A_A|FCC""}",111,Ir3Pt,Ir9Pt3,0.414151411936302,hollow|A_A_A|FCC
O*,"{""O"": ""hollow|A_A_B|FCC""}",111,Ir3Pt,Ir9Pt3,0.955572371036226,hollow|A_A_B|FCC
OH*,"{""OH"": ""bridge|A_A|A""}",111,Ir3Pt,Ir9Pt3,0.4209514006805648,bridge|A_A|A
OH*,"{""OH"": ""bridge|A_A|B""}",111,Ir3Pt,Ir9Pt3,0.4054302994817362,bridge|A_A|B
O*,"{""O"": ""top|B""}",111,Ir3Pt,Ir9Pt3,2.51041506253733,top|B
OH*,"{""OH"": ""hollow|A_A_A|FCC""}",111,Ir3Pt,Ir9Pt3,0.677033380478747,hollow|A_A_A|FCC
OH*,"{""OH"": ""top|A""}",111,Ir3Pt,Ir9Pt3,0.3504932365802915,top|A
OH*,"{""OH"": ""hollow|A_A_A|HCP""}",111,Ir3Pt,Ir9Pt3,0.7235814457789047,hollow|A_A_A|HCP
OH*,"{""OH"": ""top|B""}",111,Ir3Pt,Ir9Pt3,1.6321324095814589,top|B
O*,"{""O"": ""top|B""}",111,Ir3Re,Ir9Re3,-0.488757271261591,top|B
O*,"{""O"": ""hollow|A_A_A|HCP""}",111,Ir3Re,Ir9Re3,1.27933545723846,hollow|A_A_A|HCP
O*,"{""O"": ""hollow|A_A_B|FCC""}",111,Ir3Re,Ir9Re3,-0.0094231661607295,hollow|A_A_B|FCC
O*,"{""O"": ""hollow|A_A_B|HCP""}",111,Ir3Re,Ir9Re3,0.0413052480396914,hollow|A_A_B|HCP
O*,"{""O"": ""hollow|A_A_A|FCC""}",111,Ir3Re,Ir9Re3,1.69530526993896,hollow|A_A_A|FCC
OH*,"{""OH"": ""top|B""}",111,Ir3Re,Ir9Re3,-0.3884680834190703,top|B
OH*,"{""OH"": ""top|A""}",111,Ir3Re,Ir9Re3,0.5217252234805301,top|A
OH*,"{""OH"": ""hollow|A_A_A|FCC""}",111,Ir3Re,Ir9Re3,1.0901070855805983,hollow|A_A_A|FCC
OH*,"{""OH"": ""hollow|A_A_A|HCP""}",111,Ir3Re,Ir9Re3,1.0757179779801618,hollow|A_A_A|HCP
OH*,"{""OH"": ""hollow|A_A_A|HCP""}",111,Ir3Rh,Ir9Rh3,0.713217173980297,hollow|A_A_A|HCP
OH*,"{""OH"": ""top|B""}",111,Ir3Rh,Ir9Rh3,1.2445055661818287,top|B
OH*,"{""OH"": ""hollow|A_A_A|FCC""}",111,Ir3Rh,Ir9Rh3,0.697817027380438,hollow|A_A_A|FCC
OH*,"{""OH"": ""bridge|A_B|A""}",111,Ir3Rh,Ir9Rh3,0.3979432232816862,bridge|A_B|A
OH*,"{""OH"": ""bridge|A_A|B""}",111,Ir3Rh,Ir9Rh3,0.3502756815804559,bridge|A_A|B
O*,"{""O"": ""hollow|A_A_A|FCC""}",111,Ir3Rh,Ir9Rh3,0.596961026239853,hollow|A_A_A|FCC
O*,"{""O"": ""top|A""}",111,Ir3Rh,Ir9Rh3,1.50385808213815,top|A
O*,"{""O"": ""hollow|A_A_B|HCP""}",111,Ir3Rh,Ir9Rh3,0.848740478038792,hollow|A_A_B|HCP
O*,"{""O"": ""hollow|A_A_B|FCC""}",111,Ir3Rh,Ir9Rh3,0.723357088037858,hollow|A_A_B|FCC
O*,"{""O"": ""hollow|A_A_A|HCP""}",111,Ir3Rh,Ir9Rh3,0.66051675073669,hollow|A_A_A|HCP
OH*,"{""OH"": ""bridge|A_A|A""}",111,Ir3Rh,Ir9Rh3,0.4091273741804571,bridge|A_A|A
O*,"{""O"": ""top|B""}",111,Ir3Rh,Ir9Rh3,2.1273310236391,top|B
OH*,"{""OH"": ""top|A""}",111,Ir3Rh,Ir9Rh3,0.3160138281790523,top|A
OH*,"{""OH"": ""bridge|A_B|A""}",111,Ir3Ru,Ir9Ru3,0.2521595947808919,bridge|A_B|A
OH*,"{""OH"": ""bridge|A_A|A""}",111,Ir3Ru,Ir9Ru3,0.4937351857778367,bridge|A_A|A
O*,"{""O"": ""top|B""}",111,Ir3Ru,Ir9Ru3,1.21346336363769,top|B
O*,"{""O"": ""top|A""}",111,Ir3Ru,Ir9Ru3,1.5978913728357,top|A
O*,"{""O"": ""hollow|A_A_B|HCP""}",111,Ir3Ru,Ir9Ru3,0.560752334338588,hollow|A_A_B|HCP
O*,"{""O"": ""hollow|A_A_B|FCC""}",111,Ir3Ru,Ir9Ru3,0.519533074337062,hollow|A_A_B|FCC
OH*,"{""OH"": ""top|A""}",111,Ir3Ru,Ir9Ru3,0.3685528878785362,top|A
OH*,"{""OH"": ""top|B""}",111,Ir3Ru,Ir9Ru3,0.8186506739774586,top|B
OH*,"{""OH"": ""hollow|A_A_A|HCP""}",111,Ir3Ru,Ir9Ru3,0.8271516463800026,hollow|A_A_A|HCP
OH*,"{""OH"": ""hollow|A_A_B|HCP""}",111,Ir3Ru,Ir9Ru3,0.6030272600809212,hollow|A_A_B|HCP
OH*,"{""OH"": ""hollow|A_A_B|FCC""}",111,Ir3Ru,Ir9Ru3,0.3968479650801555,hollow|A_A_B|FCC
OH*,"{""OH"": ""hollow|A_A_A|FCC""}",111,Ir3Ru,Ir9Ru3,0.7581702440810432,hollow|A_A_A|FCC
O*,"{""O"": ""hollow|A_A_A|FCC""}",111,Ir3Sc,Ir9Sc3,0.746102675635314,hollow|A_A_A|FCC
O*,"{""O"": ""hollow|A_A_A|HCP""}",111,Ir3Sc,Ir9Sc3,0.0932411674364744,hollow|A_A_A|HCP
O*,"{""O"": ""hollow|A_A_B|FCC""}",111,Ir3Sc,Ir9Sc3,-0.388829994761352,hollow|A_A_B|FCC
O*,"{""O"": ""hollow|A_A_B|HCP""}",111,Ir3Sc,Ir9Sc3,-0.230468176163583,hollow|A_A_B|HCP
O*,"{""O"": ""top|B""}",111,Ir3V,Ir9V3,-0.403851086863313,top|B
O*,"{""O"": ""hollow|A_A_A|HCP""}",111,Ir3V,Ir9V3,0.734684234637655,hollow|A_A_A|HCP
O*,"{""O"": ""hollow|A_A_B|FCC""}",111,Ir3V,Ir9V3,-0.337552046763619,hollow|A_A_B|FCC
O*,"{""O"": ""hollow|A_A_B|HCP""}",111,Ir3V,Ir9V3,-0.291547800861906,hollow|A_A_B|HCP
O*,"{""O"": ""hollow|A_A_A|FCC""}",111,Ir3V,Ir9V3,1.40180627673891,hollow|A_A_A|FCC
O*,"{""O"": ""hollow|A_A_A|HCP""}",111,Ir3W,Ir9W3,1.13201901143822,hollow|A_A_A|HCP
O*,"{""O"": ""hollow|A_A_A|FCC""}",111,Ir3W,Ir9W3,1.82910500493728,hollow|A_A_A|FCC
O*,"{""O"": ""top|B""}",111,Ir3W,Ir9W3,-0.886840089064378,top|B
O*,"{""O"": ""hollow|A_A_A|FCC""}",111,Ir3Y,Ir9Y3,0.638596212338427,hollow|A_A_A|FCC
O*,"{""O"": ""hollow|A_A_A|HCP""}",111,Ir3Y,Ir9Y3,-0.0687525545619678,hollow|A_A_A|HCP
O*,"{""O"": ""hollow|A_A_B|FCC""}",111,Ir3Y,Ir9Y3,-0.463496943663074,hollow|A_A_B|FCC
O*,"{""O"": ""hollow|A_A_B|HCP""}",111,Ir3Y,Ir9Y3,-0.0950764391602093,hollow|A_A_B|HCP
O*,"{""O"": ""top|B""}",111,Ir3Y,Ir9Y3,2.33057148913923,top|B
O*,"{""O"": ""hollow|A_A_A|FCC""}",111,Ir3Zr,Ir9Zr3,1.07243669323708,hollow|A_A_A|FCC
O*,"{""O"": ""hollow|A_A_A|HCP""}",111,Ir3Zr,Ir9Zr3,0.356635118136012,hollow|A_A_A|HCP
O*,"{""O"": ""top|B""}",111,Ir3Zr,Ir9Zr3,0.575575191538349,top|B
O*,"{""O"": ""hollow|A_A_B|FCC""}",111,Ir3Zr,Ir9Zr3,-0.461800041761478,hollow|A_A_B|FCC
O*,"{""O"": ""hollow|A_A_B|HCP""}",111,Ir3Zr,Ir9Zr3,-0.310602844463745,hollow|A_A_B|HCP
O*,{},1,IrN4C26-Δz=relaxed-M,IrC26N4,2.1728139999999,
OH*,{},001,IrN4C26-Δz=relaxed-M,IrC26N4,0.6187183599999457,
O*,"{""O"": ""hollow|A_A_A|FCC""}",111,La,La12,-3.0047505315635,hollow|A_A_A|FCC
O*,"{""O"": ""hollow|A_A_A|HCP""}",111,La,La12,-2.91175004886117,hollow|A_A_A|HCP
O*,"{""O"": ""top|A""}",111,La,La12,-0.699858561362078,top|A
OH*,"{""OH"": ""hollow|A_A_A|FCC""}",111,La,La12,-2.164155645222422,hollow|A_A_A|FCC
OH*,"{""OH"": ""hollow|A_A_A|HCP""}",111,La,La12,-2.104819317820443,hollow|A_A_A|HCP
OH*,"{""OH"": ""top|A""}",111,La,La12,-1.2737670556226703,top|A
O*,{},12,La2O3-corundum,La12O18,4.32849389999998,
O*,{},12,La2O3,La12O18,4.57416805,
OH*,{},012,La2O3-corundum,La12O18,1.3737738699999795,
O*,{},12,La2O3-corundum,La12O18,4.32849389999998,
OH*,{},012,La2O3,La12O18,1.355994609999982,
OH*,{},012,La2O3-corundum,La12O18,1.3737738699999795,
O*,"{""Ostar"": ""peroxo""}",12,La2O3-corundum,La12O18,2.52393092,peroxo
O*,"{""O"": ""hollow|A_A_B|FCC""}",111,Pd3La,La3Pd9,0.0870817345383443,hollow|A_A_B|FCC
O*,"{""O"": ""hollow|A_A_B|HCP""}",111,Pd3La,La3Pd9,0.407501630037416,hollow|A_A_B|HCP
O*,"{""O"": ""hollow|A_A_A|HCP""}",111,Pd3La,La3Pd9,0.927338927638459,hollow|A_A_A|HCP
O*,"{""O"": ""hollow|A_A_A|HCP""}",111,Pt3La,La3Pt9,1.04279696543728,hollow|A_A_A|HCP
O*,"{""O"": ""hollow|A_A_B|FCC""}",111,Pt3La,La3Pt9,0.33591011183654,hollow|A_A_B|FCC
O*,"{""O"": ""hollow|A_A_B|HCP""}",111,Pt3La,La3Pt9,0.873857129637884,hollow|A_A_B|HCP
O*,"{""O"": ""hollow|A_A_A|FCC""}",111,Pt3La,La3Pt9,1.3779707372376,hollow|A_A_A|FCC
O*,"{""O"": ""bridge|A_A|B""}",111,Rh3La,La3Rh9,-0.339062958759484,bridge|A_A|B
O*,"{""O"": ""hollow|A_A_B|HCP""}",111,Rh3La,La3Rh9,0.0140847483415314,hollow|A_A_B|HCP
O*,"{""O"": ""hollow|A_A_A|FCC""}",111,Rh3La,La3Rh9,0.350888618038709,hollow|A_A_A|FCC
O*,"{""O"": ""hollow|A_A_A|HCP""}",111,Rh3La,La3Rh9,-0.307604013858679,hollow|A_A_A|HCP
O*,"{""O"": ""hollow|A_A_B|HCP""}",111,Sn3La,La3Sn9,-0.231643571860502,hollow|A_A_B|HCP
O*,"{""O"": ""bridge|A_B|A""}",111,Sn3La,La3Sn9,-0.242448940360362,bridge|A_B|A
O*,"{""O"": ""top|A""}",111,Sn3La,La3Sn9,1.78556148453919,top|A
O*,"{""O"": ""hollow|A_A_B|FCC""}",111,Sn3La,La3Sn9,-0.223667235059281,hollow|A_A_B|FCC
O*,"{""O"": ""hollow|A_A_B|HCP""}",111,Tl3La,La3Tl9,-0.868684925761215,hollow|A_A_B|HCP
O*,"{""O"": ""hollow|A_A_A|HCP""}",111,Tl3La,La3Tl9,1.56238568713871,hollow|A_A_A|HCP
O*,"{""O"": ""hollow|A_A_A|FCC""}",111,Tl3La,La3Tl9,1.28860977713686,hollow|A_A_A|FCC
O*,"{""O"": ""hollow|A_A_B|FCC""}",111,Tl3La,La3Tl9,-0.815932528861765,hollow|A_A_B|FCC
O*,"{""O"": ""hollow|A_A_A|FCC""}",111,La3Pb,La9Pb3,-3.30249463656236,hollow|A_A_A|FCC
O*,"{""O"": ""hollow|A_A_A|HCP""}",111,La3Pb,La9Pb3,-2.92195771916175,hollow|A_A_A|HCP
O*,"{""O"": ""top|B""}",111,La3Sn,La9Sn3,1.20904627574038,top|B
O*,"{""O"": ""hollow|A_A_A|HCP""}",111,La3Sn,La9Sn3,-2.83181538425941,hollow|A_A_A|HCP
O*,"{""O"": ""hollow|A_A_A|FCC""}",111,La3Sn,La9Sn3,-3.23858162666164,hollow|A_A_A|FCC
O*,"{""O"": ""hollow|A_A_A|HCP""}",111,La3Zn,La9Zn3,-2.83640131865849,hollow|A_A_A|HCP
O*,"{""O"": ""top|B""}",111,La3Zn,La9Zn3,0.753463491040577,top|B
O*,"{""O"": ""hollow|A_A_A|FCC""}",111,La3Zn,La9Zn3,-3.12276739176031,hollow|A_A_A|FCC
OH*,"{""OH"": ""hollow|A_A_A|HCP""}",111,Mn,Mn12,-2.3327796930271916,hollow|A_A_A|HCP
OH*,"{""OH"": ""top|A""}",111,Mn,Mn12,0.4392340492748872,top|A
O*,{},12,Mn2O3-corundum,Mn12O18,3.46426428999999,
OH*,{},012,Mn2O3,Mn12O18,1.099596279999986,
OH*,{},012,Mn2O3-corundum,Mn12O18,1.3870310699999775,
O*,{},12,Mn2O3,Mn12O18,3.38540371999997,
O*,{},111,Mn,Mn27,-1.34104501568072,
O*,{},111,Mn,Mn27,-1.34174162715499,
O*,{},111,Mn,Mn27,-0.170519396095187,
O*,{},111,Mn,Mn27,-1.12733536909218,
O*,{},1,MnO3-Pm3m,Mn4O12,5.0044307,
OH*,{},001,MnO3-Pm3m,Mn4O12,1.442182520000003,
OH*,{},100,MnO2-1x1cell,Mn5O11,1.3857158799999922,
O*,{},100,MnO2-1x1cell,Mn5O11,3.90305038,
O*,{},1,MnO2-2x1cell,Mn6O10,-0.58438310999999,
OH*,{},100,MnO2,Mn6O12,1.451945689999974,
O*,{},100,MnO2,Mn6O12,3.9856078599999902,
OH*,{},100,MnO2-rutile,Mn6O12,1.479763840000004,
O*,{},100,MnO2-rutile,Mn6O12,4.01554966999998,
OH*,{},100,MnO2-rutile,Mn6O12,1.479763840000004,
O*,{},100,MnO2-rutile,Mn6O12,4.01554966999998,
O*,{},100,MnO2-rutile,Mn6O12,4.01554966999998,
OH*,{},110,MnO2,Mn8O16,1.4849684099999934,
OH*,{},110,MnO2-rutile,Mn8O16,1.5346961499999736,
O*,{},110,MnO2,Mn8O16,4.03986076999999,
OH*,{},110,MnO2-rutile,Mn8O16,1.5346961499999736,
O*,"{""Ostar"": ""peroxo""}",110,MnO2-rutile,Mn8O16,3.60310278999998,peroxo
O*,{},110,MnO2-rutile,Mn8O16,4.09478260999998,
O*,{},110,MnO2-rutile,Mn8O16,4.09478260999998,
O*,{},110,MnO2-rutile,Mn8O16,4.09478260999998,
O*,{},100,Mn2O5-0.5ML,Mn8O18,3.8245238899999903,
OH*,{},100,Mn2O5-0.5ML,Mn8O18,1.361057279999983,
OH*,{},100-lc,Mn2O5-C12c,Mn8O18,1.3904358499999887,
O*,{},100-lc,Mn2O5-C12c,Mn8O18,3.85790877999997,
O*,{},100-hc,Mn2O5-C12c,Mn8O19,3.79640222999998,
OH*,{},100-hc,Mn2O5-C12c,Mn8O19,1.401593599999984,
O*,{},1,MnN4C26-Δz=0.8Å-M,MnC26N4,1.93913526,
O*,{},1,MnN4C26-Δz=0.4Å-M,MnC26N4,1.41884293000004,
OH*,{},001,MnN4C26-Δz=0.2Å-M,MnC26N4,-0.0457830799999783,
OH*,{},001,MnN4C26-Δz=1.0Å-M,MnC26N4,-0.1597701000000029,
O*,{},1,MnN4C26-Δz=relaxed-M,MnC26N4,1.67515617999999,
O*,{},1,MnN4C26-Δz=1.0Å-M,MnC26N4,2.07380964000004,
O*,{},1,MnN4C26-Δz=0.0Å-M,MnC26N4,2.18142408,
OH*,{},001,MnN4C26-Δz=0.0Å-M,MnC26N4,0.305121999999983,
OH*,{},001,MnN4C26-Δz=0.8Å-M,MnC26N4,-0.0823304100000541,
OH*,{},001,MnN4C26-Δz=relaxed-M,MnC26N4,-0.1131042499999921,
O*,{},1,MnN4C26-Δz=0.6Å-M,MnC26N4,1.66008234000003,
OH*,{},001,MnN4C26-Δz=0.6Å-M,MnC26N4,-0.1006185200000118,
OH*,{},001,MnN4C26-Δz=1.2Å-M,MnC26N4,-0.2375257500000316,
O*,{},1,MnN4C26-Δz=1.2Å-M,MnC26N4,2.06215638999998,
OH*,{},001,MnN4C26-Δz=0.4Å-M,MnC26N4,-0.2915063799999871,
O*,{},1,MnN4C26-Δz=0.2Å-M,MnC26N4,1.70088034000003,
"{""Ostar"": 1.0}","{""O"": ""A""}",1,MnW15HO48,MnW15HO48,2.97986257,A
"{""Ostar"": 1.0}","{""O"": ""B""}",1,MnW15HO48,MnW15HO48,4.13736404,B
"{""OHstar"": 1.0}","{""OH"": ""B""}",1,MnW15HO48,MnW15HO48,1.66589779,B
"{""OHstar"": 1.0}","{""OH"": ""A""}",1,MnW15HO48,MnW15HO48,0.78880193,A
"{""OHstar"": 1.0}","{""OH"": ""A""}",1,MnW15O47,MnW15O47,1.02856904,A
"{""Ostar"": 1.0}","{""O"": ""B""}",1,MnW15O47,MnW15O47,4.34732956,B
"{""OHstar"": 1.0}","{""OH"": ""B""}",1,MnW15O47,MnW15O47,1.9056649,B
"{""Ostar"": 1.0}","{""O"": ""A""}",1,MnW15O47,MnW15O47,3.25347977,A
"{""Ostar"": 1.0}","{""O"": ""A""}",1,MnW15O48,MnW15O48,1.11843604,A
"{""OHstar"": 1.0}","{""OH"": ""A""}",1,MnW15O48,MnW15O48,0.81860352,A
"{""OHstar"": 1.0}","{""OH"": ""B""}",1,MnW15O48,MnW15O48,1.6320477,B
O*,{},12,Mo2O3-corundum,Mo12O18,-0.428265720000013,
OH*,{},012,Mo2O3,Mo12O18,-1.062708749999956,
O*,{},12,Mo2O3,Mo12O18,-0.741505429999961,
OH*,{},012,Mo2O3-corundum,Mo12O18,-0.9144637300000228,
OH*,"{""OH"": ""longbridge""}",110,Mo-bcc,Mo16,-0.8634187066745653,longbridge
OH*,"{""OH"": ""hollow""}",110,Mo-bcc,Mo16,-1.1770971178484615,hollow
OH*,"{""OH"": ""shortbridge""}",110,Mo-bcc,Mo16,-0.9357626197052014,shortbridge
O*,"{""Ostar"": ""hollow""}",110,Mo-bcc,Mo16,-1.48983924000001,hollow
OH*,"{""OH"": ""ontop""}",110,Mo-bcc,Mo16,-0.5222823765070643,ontop
O*,,0.5H,MoP,Mo16H2P16,-0.218188436491,nan
OH*,,0.5H,MoP,Mo16H2P16,-0.547261226209,nan
OH*,,0.25H,MoP,Mo16HP16,-0.857539384378,nan
O*,{},110,MoO2,Mo16O32,-0.481849546413287,
OH*,{},001,Mo16O51,Mo16O51,2.281572780000033,
OH*,{},001,Mo16O51,Mo16O51,2.255236310000043,
O*,{},1,Mo16O51,Mo16O51,4.78285344000005,
O*,{},1,Mo16O51,Mo16O51,4.72874808000006,
O*,"{""Ostar"": ""peroxo""}",1,Mo16O51,Mo16O51,3.51526405000004,peroxo
OH*,,0H,MoP,Mo16P16,-0.874028531318,nan
O*,"{""O"": ""hollow|A_A_A|FCC""}",111,Pt3Mo,Mo3Pt9,2.34865780753881,hollow|A_A_A|FCC
O*,"{""O"": ""hollow|A_A_A|HCP""}",111,Pt3Mo,Mo3Pt9,2.40007956784012,hollow|A_A_A|HCP
O*,"{""O"": ""top|B""}",111,Pt3Mo,Mo3Pt9,-1.1493892622604,top|B
O*,"{""O"": ""hollow|A_A_A|HCP""}",111,Rh3Mo,Mo3Rh9,0.767614635140319,hollow|A_A_A|HCP
O*,"{""O"": ""hollow|A_A_B|HCP""}",111,Rh3Mo,Mo3Rh9,-0.614393182961237,hollow|A_A_B|HCP
O*,"{""O"": ""hollow|A_A_A|FCC""}",111,Rh3Mo,Mo3Rh9,1.37679697413824,hollow|A_A_A|FCC
O*,"{""O"": ""top|B""}",111,Rh3Mo,Mo3Rh9,-0.850366086062593,top|B
OH*,{},100,MoO2-rutile,Mo6O12,-0.6243819400000064,
O*,{},100,MoO2-rutile,Mo6O12,-0.055886049999998,
O*,{},100,MoO2-rutile,Mo6O12,-0.055886049999998,
O*,{},100,MoO2,Mo6O12,-0.39951622000001,
OH*,{},100,MoO2,Mo6O12,-0.7648050100000034,
OH*,{},110,MoO2-rutile,Mo8O16,-0.6729427900000076,
O*,{},110,MoO2-rutile,Mo8O16,-0.276344490000014,
O*,{},110,MoO2,Mo8O16,-0.689336929999996,
OH*,{},110,MoO2,Mo8O16,-0.4857120400000099,
O*,{},110,MoO2-rutile,Mo8O16,-0.276344490000014,
OH*,{},100-lc,Mo2O5-C12c,Mo8O18,-0.4429050100000324,
O*,{},100-lc,Mo2O5-C12c,Mo8O18,-0.218688320000012,
OH*,{},100,Mo2O5-0.5ML,Mo8O18,-0.5976176800000133,
O*,{},100,Mo2O5-0.5ML,Mo8O18,-0.53305708000002,
OH*,{},100-hc,Mo2O5-C12c,Mo8O19,-0.3700403500000107,
O*,{},100-hc,Mo2O5-C12c,Mo8O19,0.14624938999998,
O*,"{""O"": ""hollow|A_A_A|HCP""}",111,Mo3Pt,Mo9Pt3,-1.95614597636103,hollow|A_A_A|HCP
O*,"{""O"": ""hollow|A_A_A|FCC""}",111,Mo3Pt,Mo9Pt3,-1.91795615975951,hollow|A_A_A|FCC
O*,"{""O"": ""top|B""}",111,Mo3Pt,Mo9Pt3,2.36062605453827,top|B
O*,"{""O"": ""top|A""}",111,Mo3Pt,Mo9Pt3,-0.802635141859525,top|A
O*,{},1,MoN4C26-Δz=0.8Å-M,MoC26N4,-2.94563909999999,
O*,{},1,MoN4C26-Δz=0.4Å-M,MoC26N4,-1.73097122999997,
O*,{},1,MoN4C26-Δz=0.2Å-M,MoC26N4,-1.32168804999998,
OH*,{},001,MoN4C26-Δz=0.4Å-M,MoC26N4,-1.6014932900000076,
OH*,{},001,MoN4C26-Δz=0.6Å-M,MoC26N4,-1.787751080000021,
O*,{},1,MoN4C26-Δz=0.6Å-M,MoC26N4,-2.32194551999999,
OH*,{},001,MoN4C26-Δz=1.0Å-M,MoC26N4,-2.315917749999983,
OH*,{},001,MoN4C26-Δz=0.2Å-M,MoC26N4,-1.429346589999966,
O*,{},1,MoN4C26-Δz=1.0Å-M,MoC26N4,-3.07181721000001,
OH*,{},001,MoN4C26-Δz=0.0Å-M,MoC26N4,-1.1745556999999849,
OH*,{},001,MoN4C26-Δz=0.8Å-M,MoC26N4,-2.303881200000035,
OH*,{},001,MoN4C26-Δz=1.2Å-M,MoC26N4,-2.2554490900000133,
O*,{},1,MoN4C26-Δz=1.2Å-M,MoC26N4,-3.14906127,
OH*,{},001,MoN4C26-Δz=relaxed-M,MoC26N4,-2.107720440000037,
O*,{},1,MoN4C26-Δz=0.0Å-M,MoC26N4,-0.809926729999972,
O*,{},1,MoN4C26-Δz=relaxed-M,MoC26N4,-2.76552382,
"{""OHstar"": 1.0}","{""OH"": ""B""}",1,MoW15HO48,MoW15HO48,-0.12537416,B
"{""OHstar"": 1.0}","{""OH"": ""A""}",1,MoW15HO48,MoW15HO48,-1.10290503,A
"{""Ostar"": 1.0}","{""O"": ""B""}",1,MoW15HO48,MoW15HO48,3.31536621,B
"{""Ostar"": 1.0}","{""O"": ""A""}",1,MoW15HO48,MoW15HO48,1.80992181,A
"{""Ostar"": 1.0}","{""O"": ""A""}",1,MoW15O47,MoW15O47,0.15218407,A
"{""OHstar"": 1.0}","{""OH"": ""A""}",1,MoW15O47,MoW15O47,-0.48207517,A
"{""OHstar"": 1.0}","{""OH"": ""B""}",1,MoW15O47,MoW15O47,0.4954557,B
"{""Ostar"": 1.0}","{""O"": ""B""}",1,MoW15O47,MoW15O47,1.93690024,B
"{""Ostar"": 1.0}","{""O"": ""B""}",1,MoW15O48,MoW15O48,4.6314826,B
"{""OHstar"": 1.0}","{""OH"": ""A""}",1,MoW15O48,MoW15O48,0.8963908,A
"{""OHstar"": 1.0}","{""OH"": ""B""}",1,MoW15O48,MoW15O48,2.15319344,B
"{""Ostar"": 1.0}","{""O"": ""A""}",1,MoW15O48,MoW15O48,2.84676643,A
OH*,"{""OH"": ""hollow|A_A_A|HCP""}",111,Nb,Nb12,-2.1911787262207554,hollow|A_A_A|HCP
OH*,"{""OH"": ""hollow|A_A_A|FCC""}",111,Nb,Nb12,-2.130750270017529,hollow|A_A_A|FCC
O*,"{""O"": ""top|A""}",111,Nb,Nb12,-0.958595011561727,top|A
O*,"{""O"": ""hollow|A_A_A|HCP""}",111,Nb,Nb12,-2.98299924786278,hollow|A_A_A|HCP
O*,"{""O"": ""hollow|A_A_A|FCC""}",111,Nb,Nb12,-2.97739383886091,hollow|A_A_A|FCC
OH*,"{""OH"": ""top|A""}",111,Nb,Nb12,-1.273559296717508,top|A
O*,{},12,Nb2O3,Nb12O18,-1.58172223999998,
O*,{},12,Nb2O3-corundum,Nb12O18,-1.34036641999995,
OH*,{},012,Nb2O3-corundum,Nb12O18,-1.2096175899999937,
OH*,{},012,Nb2O3,Nb12O18,-1.360832449999975,
O*,{},110,NbO2,Nb16O32,-1.17559693739167,
O*,{},111,Nb,Nb27,-4.21557069679693,
O*,{},111,Nb,Nb27,-5.08255209164781,
O*,{},111,Nb,Nb27,-2.32260368885909,
O*,"{""O"": ""top|B""}",111,Pd3Nb,Nb3Pd9,-1.61350921056163,top|B
O*,"{""O"": ""hollow|A_A_A|HCP""}",111,Pd3Nb,Nb3Pd9,2.12428226013782,hollow|A_A_A|HCP
O*,"{""O"": ""hollow|A_A_A|HCP""}",111,Ru3Nb,Nb3Ru9,-0.816049673860277,hollow|A_A_A|HCP
O*,"{""O"": ""hollow|A_A_B|FCC""}",111,Ru3Nb,Nb3Ru9,-0.896669112960979,hollow|A_A_B|FCC
O*,"{""O"": ""hollow|A_A_B|HCP""}",111,Ru3Nb,Nb3Ru9,-1.12033349076245,hollow|A_A_B|HCP
O*,"{""O"": ""hollow|A_A_A|FCC""}",111,Ru3Nb,Nb3Ru9,-0.197650839061851,hollow|A_A_A|FCC
O*,"{""O"": ""top|B""}",111,Zn3Nb,Nb3Zn9,-1.39378204786425,top|B
O*,"{""O"": ""hollow|A_A_B|HCP""}",111,Zn3Nb,Nb3Zn9,-1.58083527746584,hollow|A_A_B|HCP
O*,"{""O"": ""hollow|A_A_B|FCC""}",111,Zn3Nb,Nb3Zn9,-1.42668809406695,hollow|A_A_B|FCC
O*,"{""O"": ""hollow|A_A_A|HCP""}",111,Zn3Nb,Nb3Zn9,1.01850182563413,hollow|A_A_A|HCP
O*,"{""O"": ""hollow|A_A_A|FCC""}",111,Zn3Nb,Nb3Zn9,0.575686894338844,hollow|A_A_A|FCC
OH*,{},100,NbO2,Nb6O12,-0.9417592200000228,
O*,{},100,NbO2-rutile,Nb6O12,0.230583870000004,
O*,{},100,NbO2,Nb6O12,-0.15497929,
O*,{},100,NbO2-rutile,Nb6O12,0.230583870000004,
OH*,{},100,NbO2-rutile,Nb6O12,-0.7488003199999866,
O*,{},110,NbO2-rutile,Nb8O16,-0.247105970000007,
OH*,{},110,NbO2,Nb8O16,-1.2081747699999994,
O*,{},110,NbO2-rutile,Nb8O16,-0.247105970000007,
OH*,{},110,NbO2-rutile,Nb8O16,-1.0331504800000175,
O*,{},110,NbO2,Nb8O16,-0.58808903000002,
OH*,{},100-lc,Nb2O5-C12c,Nb8O18,-1.1476626600000088,
OH*,{},100-lc,Nb2O5-C12c,Nb8O18,-1.1476626600000088,
O*,{},100-lc,Nb2O5-C12c,Nb8O18,-0.905426750000004,
O*,{},100-lc,Nb2O5-C12c,Nb8O18,-0.905426750000004,
O*,{},100,Nb2O5-0.5ML,Nb8O18,-1.42720399000001,
OH*,{},100,Nb2O5-0.5ML,Nb8O18,-1.4930533100000218,
O*,"{""Ostar"": ""peroxo""}",100-hc,Nb2O5-C12c,Nb8O19,3.11397657999999,peroxo
OH*,{},100-hc,Nb2O5-C12c,Nb8O19,0.2564070299999912,
O*,{},100,Nb2O5-1.0ML,Nb8O19,3.08262376999997,
OH*,{},100,Nb2O5-1.0ML,Nb8O19,0.1668282099999771,
O*,{},100-hc,Nb2O5-C12c,Nb8O19,3.24651698999998,
O*,{},100-hc,Nb2O5-C12c,Nb8O19,3.24651698999998,
OH*,{},100-hc,Nb2O5-C12c,Nb8O19,0.2564070299999912,
O*,"{""O"": ""hollow|A_A_A|HCP""}",111,Nb3Pt,Nb9Pt3,-2.52332264646265,hollow|A_A_A|HCP
O*,"{""O"": ""hollow|A_A_A|FCC""}",111,Nb3Pt,Nb9Pt3,-2.75052409596191,hollow|A_A_A|FCC
OH*,{},001,NbN4C26-Δz=relaxed-M,NbC26N4,-1.7670313600000327,
O*,{},1,NbN4C26-Δz=relaxed-M,NbC26N4,-1.98975365000001,
"{""OHstar"": 1.0}","{""OH"": ""A""}",1,NbW15HO48,NbW15HO48,0.55401379,A
"{""Ostar"": 1.0}","{""O"": ""B""}",1,NbW15HO48,NbW15HO48,3.68683343,B
"{""Ostar"": 1.0}","{""O"": ""A""}",1,NbW15HO48,NbW15HO48,2.80981791,A
"{""OHstar"": 1.0}","{""OH"": ""B""}",1,NbW15HO48,NbW15HO48,1.99906416,B
"{""Ostar"": 1.0}","{""O"": ""A""}",1,NbW15O47,NbW15O47,1.77212583,A
"{""Ostar"": 1.0}","{""O"": ""B""}",1,NbW15O47,NbW15O47,3.48999324,B
"{""OHstar"": 1.0}","{""OH"": ""A""}",1,NbW15O47,NbW15O47,-0.20279792,A
"{""OHstar"": 1.0}","{""OH"": ""B""}",1,NbW15O47,NbW15O47,1.24225245,B
"{""OHstar"": 1.0}","{""OH"": ""A""}",1,NbW15O48,NbW15O48,-0.00595773,A
"{""Ostar"": 1.0}","{""O"": ""B""}",1,NbW15O48,NbW15O48,4.8276208,B
"{""Ostar"": 1.0}","{""O"": ""A""}",1,NbW15O48,NbW15O48,3.10975339,A
"{""OHstar"": 1.0}","{""OH"": ""B""}",1,NbW15O48,NbW15O48,2.27994453,B
O*,{},111,Nd4Ru8O29,Nd4Ru8O28,2.38152171000002,
OH*,{},111,Nd4Ru8O29,Nd4Ru8O28,0.9758037950000472,
O*,{},111,Nd7Ru8O31,Nd7Ru8O30,1.77563484999996,
OH*,{},111,Nd7Ru8O31,Nd7Ru8O30,0.4717806849999988,
OH*,{},111,Nd2Ru2O7,Nd8Ru8O30,0.25846853500002,
O*,{},111,Nd2Ru2O7,Nd8Ru8O30,1.46229292999999,
OH*,{},012,Ni2O3,Ni12O18,1.755144769999987,
O*,{},12,Ni2O3,Ni12O18,4.47998947999997,
OH*,{},012,Ni2O3-corundum,Ni12O18,1.7548626099999751,
O*,{},12,Ni2O3-corundum,Ni12O18,4.47970375,
OH*,"{""OH"": ""ontop""}",111,Ni-fcc,Ni16,1.0370644792856183,ontop
OH*,"{""OH"": ""hcp""}",111,Ni-fcc,Ni16,0.5660064444527961,hcp
OH*,"{""OH"": ""fcc""}",111+5%,Ni-fcc,Ni16,-0.22358682542108,fcc
OH*,"{""OH"": ""fcc""}",111+2%,Ni-fcc,Ni16,-0.0745129324350273,fcc
OH*,"{""OH"": ""fcc""}",111+8%,Ni-fcc,Ni16,-0.3625457027810626,fcc
O*,"{""Ostar"": ""fcc""}",111,Ni-fcc,Ni16,0.351821939999994,fcc
OH*,"{""OH"": ""fcc""}",111-2%,Ni-fcc,Ni16,0.1297946274862624,fcc
OH*,"{""OH"": ""fcc""}",111,Ni-fcc,Ni16,0.027117504592752,fcc
OH*,"{""OH"": ""fcc""}",111-3%,Ni-fcc,Ni16,0.1836014655564213,fcc
OH*,"{""OH"": ""fcc""}",111-5%,Ni-fcc,Ni16,0.2921163826977135,fcc
OH*,"{""OH"": ""fcc""}",111-1%,Ni-fcc,Ni16,0.0778951714019058,fcc
O*,{},111,Ni,Ni27,-0.111697633488802,
O*,{},111,Ni,Ni27,1.7895702754613,
O*,{},111,Ni,Ni27,-0.111723212219658,
OH*,{},111,Ni-fcc,Ni27,-0.1541552854687324,
O*,{},111,Ni,Ni27,0.42796100382111,
"{""H2gas"": 0.5, ""OHstar"": 1}","{""OHstar"": ""ontop""}",211,Ni,Ni36,-0.0339335750000202,ontop
"{""H2gas"": 0.5, ""OHstar"": 1}",,111,Ni,Ni36,0.138271352116,nan
"{""H2gas"": 0.5, ""OHstar"": 1}",{},100-nonspin,Ni-fcc,Ni36,-0.3288325131870806,
O*,"{""Ostar"": ""bridged-site""}",1,Ni-HAB,Ni3C12H12N12,3.39323604182937,bridged-site
O*,"{""Ostar"": ""metal-site""}",1,Ni-HAB,Ni3C12H12N12,3.9839197677029,metal-site
OH*,"{""OHstar"": ""bridged-site""}",001,Ni-HAB,Ni3C12H12N12,0.6798237334151054,bridged-site
OH*,"{""OHstar"": ""metal-site""}",001,Ni-HAB,Ni3C12H12N12,1.571457350579294,metal-site
O*,"{""Ostar"": ""O3c""}",1,NiO2,Ni3O5,1.59313943999999,O3c
O*,"{""O"": ""hollow|A_A_B|HCP""}",111,Pt3Ni,Ni3Pt9,1.33888988373275,hollow|A_A_B|HCP
O*,"{""O"": ""hollow|A_A_B|FCC""}",111,Pt3Ni,Ni3Pt9,0.995145342432636,hollow|A_A_B|FCC
"{""H2gas"": 0.5, ""OHstar"": 1}","{""OHstar"": ""hollow""}",100,Ni,Ni64,-0.2925775950000115,hollow
OH*,{},100,NiO2,Ni6O12,1.7430871600000015,
O*,{},100,NiO2,Ni6O12,4.22101724,
OH*,{},100,NiO2-rutile,Ni6O12,1.6035417900000084,
O*,{},100,NiO2-rutile,Ni6O12,4.09419542000001,
O*,{},100,NiO2-rutile,Ni6O12,4.09419542000001,
OH*,{},110,NiO2-rutile,Ni8O16,2.0972767400000123,
O*,{},110,NiO2-rutile,Ni8O16,4.48087607000001,
O*,{},110,NiO2-rutile,Ni8O16,4.48087607000001,
O*,{},100,Ni2O5-0.5ML,Ni8O18,3.81824741000001,
OH*,{},100,Ni2O5-0.5ML,Ni8O18,1.6742876100000077,
O*,"{""O"": ""M1""}",100,NiNi-MOF,Ni9C96H48N48,3.9423177000001,M1
O*,"{""O"": ""M2""}",100,NiNi-MOF,Ni9C96H48N48,3.23820587,M2
OH*,"{""OH"": ""M1""}",100,NiNi-MOF,Ni9C96H48N48,1.611057020000089,M1
OH*,"{""OH"": ""M2""}",100,NiNi-MOF,Ni9C96H48N48,1.5625627599999916,M2
O*,"{""O"": ""hollow|A_A_A|FCC""}",111,Ni3Pt,Ni9Pt3,0.253939219339202,hollow|A_A_A|FCC
O*,"{""O"": ""hollow|A_A_B|FCC""}",111,Ni3Pt,Ni9Pt3,0.691614872641196,hollow|A_A_B|FCC
O*,"{""O"": ""top|B""}",111,Ni3Sc,Ni9Sc3,1.4328887520349,top|B
O*,"{""O"": ""hollow|A_A_B|HCP""}",111,Ni3Sc,Ni9Sc3,-0.636158344463354,hollow|A_A_B|HCP
O*,"{""O"": ""hollow|A_A_B|FCC""}",111,Ni3Sc,Ni9Sc3,-0.847958150767397,hollow|A_A_B|FCC
O*,"{""O"": ""hollow|A_A_A|HCP""}",111,Ni3Sc,Ni9Sc3,-0.33485022846088,hollow|A_A_A|HCP
O*,"{""O"": ""hollow|A_A_B|FCC""}",111,Ni3Ti,Ni9Ti3,-1.02723137366064,hollow|A_A_B|FCC
O*,"{""O"": ""hollow|A_A_B|FCC""}",111,Ni3Zn,Ni9Zn3,0.428376979234429,hollow|A_A_B|FCC
O*,"{""O"": ""hollow|A_A_A|FCC""}",111,Ni3Zn,Ni9Zn3,0.103022435436117,hollow|A_A_A|FCC
O*,"{""O"": ""hollow|A_A_A|HCP""}",111,Ni3Zn,Ni9Zn3,0.0184110863372666,hollow|A_A_A|HCP
OH*,{},001,NiN4C26-Δz=1.2Å-M,NiC26N4,-0.7368024200000036,
O*,{},1,NiN4C26-Δz=relaxed-M,NiC26N4,3.35563023999998,
OH*,{},001,NiN4C26-Δz=relaxed-M,NiC26N4,0.7717319100000282,
O*,{},1,NiN4C26-Δz=1.2Å-M,NiC26N4,1.48340402000002,
O*,{},1,NiN4C26-Δz=1.0Å-M,NiC26N4,1.84490246999997,
O*,{},1,NiN4C26-Δz=0.6Å-M,NiC26N4,2.64680628999997,
O*,{},1,NiN4C26-Δz=0.8Å-M,NiC26N4,2.35046624,
OH*,{},001,NiN4C26-Δz=0.8Å-M,NiC26N4,-0.1709262399999715,
OH*,{},001,NiN4C26-Δz=0.6Å-M,NiC26N4,0.0710019900000133,
O*,{},1,NiN4C26-Δz=0.4Å-M,NiC26N4,2.88536553,
OH*,{},001,NiN4C26-Δz=0.4Å-M,NiC26N4,0.2938877099999217,
O*,{},1,NiN4C26-Δz=0.2Å-M,NiC26N4,3.33944020999996,
OH*,{},001,NiN4C26-Δz=0.2Å-M,NiC26N4,0.7358243299999572,
O*,{},1,NiN4C26-Δz=0.0Å-M,NiC26N4,3.74830219,
OH*,{},001,NiN4C26-Δz=0.0Å-M,NiC26N4,1.1626904999999963,
OH*,{},001,NiN4C26-Δz=1.0Å-M,NiC26N4,-0.4651088400000276,
"{""Ostar"": 1.0}","{""O"": ""A""}",1,NiW15HO48,NiW15HO48,5.87545295,A
"{""Ostar"": 1.0}","{""O"": ""B""}",1,NiW15HO48,NiW15HO48,4.46220293,B
"{""OHstar"": 1.0}","{""OH"": ""B""}",1,NiW15HO48,NiW15HO48,2.11005416,B
"{""OHstar"": 1.0}","{""OH"": ""A""}",1,NiW15HO48,NiW15HO48,3.5389104,A
"{""OHstar"": 1.0}","{""OH"": ""A""}",1,NiW15O47,NiW15O47,1.78740916,A
"{""OHstar"": 1.0}","{""OH"": ""B""}",1,NiW15O47,NiW15O47,0.35855292,B
"{""Ostar"": 1.0}","{""O"": ""A""}",1,NiW15O47,NiW15O47,3.96881394,A
"{""Ostar"": 1.0}","{""O"": ""B""}",1,NiW15O47,NiW15O47,2.15332921,B
"{""OHstar"": 1.0}","{""OH"": ""A""}",1,NiW15O48,NiW15O48,4.09628288,A
"{""Ostar"": 1.0}","{""O"": ""A""}",1,NiW15O48,NiW15O48,2.84117278,A
"{""OHstar"": 1.0}","{""OH"": ""B""}",1,NiW15O48,NiW15O48,2.26519193,B
"{""Ostar"": 1.0}","{""O"": ""B""}",1,NiW15O48,NiW15O48,1.02568805,B
O*,{},100-lc,Sb2O5-C12c,O18Sb8,2.55930004000001,
OH*,{},100-lc,Sb2O5-C12c,O18Sb8,0.0577056300000151,
O*,{},12,Os2O3-corundum,Os12O18,-0.359890610000008,
OH*,{},012,Os2O3-corundum,Os12O18,-1.0434500599999978,
OH*,"{""OH"": ""fcc""}",0001-1%,Os-hcp,Os16,0.2080341589535237,fcc
OH*,"{""OH"": ""fcc""}",0001+8%,Os-hcp,Os16,-0.3844220227183541,fcc
OH*,"{""OH"": ""fcc""}",0001+5%,Os-hcp,Os16,-0.1570564884896157,fcc
OH*,"{""OH"": ""fcc""}",0001+2%,Os-hcp,Os16,0.0213013434113236,fcc
OH*,"{""OH"": ""ontop""}",0001,Os-hcp,Os16,0.6314951295935316,ontop
OH*,"{""OH"": ""fcc""}",0001-2%,Os-hcp,Os16,0.2678213789040455,fcc
OH*,"{""OH"": ""fcc""}",0001,Os-hcp,Os16,0.146173023400479,fcc
OH*,"{""OH"": ""fcc""}",0001-5%,Os-hcp,Os16,0.4587605301858275,fcc
O*,"{""Ostar"": ""hcp""}",1,Os-hcp,Os16,0.0480366100000254,hcp
OH*,"{""OH"": ""fcc""}",0001-3%,Os-hcp,Os16,0.3263321128397365,fcc
OH*,"{""OH"": ""hcp""}",0001,Os-hcp,Os16,0.2227642252764781,hcp
OH*,"{""OH"": ""top-tilt|A""}",111,Pd3Os,Os3Pd9,0.9848224317764788,top-tilt|A
OH*,"{""OH"": ""top|B""}",111,Pd3Os,Os3Pd9,-0.3643468243236611,top|B
OH*,"{""OH"": ""bridge|A_A|A""}",111,Pd3Os,Os3Pd9,0.8084922561764643,bridge|A_A|A
O*,"{""O"": ""hollow|A_A_A|HCP""}",111,Pd3Os,Os3Pd9,2.15275489163452,hollow|A_A_A|HCP
O*,"{""O"": ""hollow-tilt|A_A_B|FCC""}",111,Pd3Os,Os3Pd9,-0.232995161459428,hollow-tilt|A_A_B|FCC
O*,"{""O"": ""top|B""}",111,Pd3Os,Os3Pd9,-0.231816908461212,top|B
OH*,"{""OH"": ""hollow|A_A_A|HCP""}",111,Pd3Os,Os3Pd9,1.2323790849776517,hollow|A_A_A|HCP
OH*,"{""OH"": ""hollow|A_A_A|FCC""}",111,Pd3Os,Os3Pd9,0.7360567768781721,hollow|A_A_A|FCC
OH*,"{""OH"": ""top|A""}",111,Pt3Os,Os3Pt9,0.8577558815785551,top|A
O*,"{""O"": ""top|B""}",111,Pt3Os,Os3Pt9,0.170943546134197,top|B
OH*,"{""OH"": ""hollow|A_A_A|HCP""}",111,Pt3Os,Os3Pt9,1.6536743015793718,hollow|A_A_A|HCP
OH*,"{""OH"": ""bridge|A_A|A""}",111,Pt3Os,Os3Pt9,1.008266671674278,bridge|A_A|A
OH*,"{""OH"": ""hollow|A_A_A|FCC""}",111,Pt3Os,Os3Pt9,1.0217651507745131,hollow|A_A_A|FCC
OH*,"{""OH"": ""hollow|A_A_B|FCC""}",111,Pt3Os,Os3Pt9,1.098189138680823,hollow|A_A_B|FCC
OH*,"{""OH"": ""top|B""}",111,Pt3Os,Os3Pt9,-0.1879984170255966,top|B
OH*,"{""OH"": ""hollow|A_A_B|HCP""}",111,Re3Os,Os3Re9,-0.173825367818722,hollow|A_A_B|HCP
O*,"{""O"": ""hollow|A_A_B|HCP""}",111,Re3Os,Os3Re9,-0.989834360662087,hollow|A_A_B|HCP
OH*,"{""OH"": ""top|B""}",111,Re3Os,Os3Re9,0.755113997381045,top|B
OH*,"{""OH"": ""top|A""}",111,Re3Os,Os3Re9,-0.1513226418202293,top|A
OH*,"{""OH"": ""hollow|A_A_A|FCC""}",111,Re3Os,Os3Re9,-0.3686531618214985,hollow|A_A_A|FCC
OH*,"{""OH"": ""bridge|A_B|A""}",111,Re3Os,Os3Re9,-0.0253721665204693,bridge|A_B|A
OH*,"{""OH"": ""hollow|A_A_A|HCP""}",111,Re3Os,Os3Re9,-0.5568792021214222,hollow|A_A_A|HCP
O*,"{""O"": ""hollow|A_A_A|HCP""}",111,Re3Os,Os3Re9,-1.2329374626608,hollow|A_A_A|HCP
O*,"{""O"": ""hollow|A_A_B|FCC""}",111,Rh3Os,Os3Rh9,0.0790994112356316,hollow|A_A_B|FCC
O*,"{""O"": ""hollow|A_A_B|HCP""}",111,Rh3Os,Os3Rh9,0.0240320058363182,hollow|A_A_B|HCP
O*,"{""O"": ""top|B""}",111,Rh3Os,Os3Rh9,0.228243237437539,top|B
OH*,"{""OH"": ""hollow|A_A_A|HCP""}",111,Rh3Os,Os3Rh9,0.6602515758794425,hollow|A_A_A|HCP
OH*,"{""OH"": ""hollow|A_A_B|HCP""}",111,Rh3Os,Os3Rh9,0.5652411242780317,hollow|A_A_B|HCP
OH*,"{""OH"": ""hollow|A_A_A|FCC""}",111,Rh3Os,Os3Rh9,0.5803842593785475,hollow|A_A_A|FCC
OH*,"{""OH"": ""hollow|A_A_B|FCC""}",111,Rh3Os,Os3Rh9,0.4041770792799752,hollow|A_A_B|FCC
OH*,"{""OH"": ""top|A""}",111,Rh3Os,Os3Rh9,0.5876258889774135,top|A
OH*,"{""OH"": ""top|B""}",111,Rh3Os,Os3Rh9,-0.1375573550204762,top|B
O*,"{""O"": ""hollow|A_A_A|FCC""}",111,Rh3Os,Os3Rh9,1.23843701933566,hollow|A_A_A|FCC
O*,"{""O"": ""hollow|A_A_A|HCP""}",111,Rh3Os,Os3Rh9,1.04943763163448,hollow|A_A_A|HCP
OH*,"{""OH"": ""top|B""}",111,Ru3Os,Os3Ru9,0.521531206279974,top|B
OH*,"{""OH"": ""hollow|A_A_A|HCP""}",111,Ru3Os,Os3Ru9,0.0855705503789749,hollow|A_A_A|HCP
O*,"{""O"": ""hollow|A_A_B|HCP""}",111,Ru3Os,Os3Ru9,-0.404084424462951,hollow|A_A_B|HCP
O*,"{""O"": ""top|A""}",111,Ru3Os,Os3Ru9,1.22930760003857,top|A
O*,"{""O"": ""top|B""}",111,Ru3Os,Os3Ru9,0.555574960438946,top|B
OH*,"{""OH"": ""top|A""}",111,Ru3Os,Os3Ru9,0.3590274068818644,top|A
OH*,"{""OH"": ""hollow|A_A_B|FCC""}",111,Ru3Os,Os3Ru9,0.0429021480784967,hollow|A_A_B|FCC
OH*,"{""OH"": ""hollow|A_A_A|FCC""}",111,Ru3Os,Os3Ru9,0.1377305554786971,hollow|A_A_A|FCC
OH*,"{""OH"": ""bridge|A_A|B""}",111,Ru3Os,Os3Ru9,0.0162056035813975,bridge|A_A|B
OH*,"{""OH"": ""hollow|A_A_B|HCP""}",111,Ru3Os,Os3Ru9,0.1157160016817897,hollow|A_A_B|HCP
OH*,"{""OH"": ""bridge|A_B|A""}",111,Ru3Os,Os3Ru9,-0.0278207828188215,bridge|A_B|A
OH*,{},001,OsO3-Pm3m,Os4O12,-0.1778749899999923,
O*,{},1,OsO3-Pm3m,Os4O12,1.34434587000001,
OH*,{},100,OsO2,Os6O12,-0.3336081399999955,
OH*,{},100,OsO2-rutile,Os6O12,-0.3630178800000294,
O*,{},100,OsO2-rutile,Os6O12,0.636795319999976,
O*,{},100,OsO2,Os6O12,0.664082320000006,
O*,{},100,OsO2-rutile,Os6O12,0.636795319999976,
O*,"{""O"": ""bridge|A_A|B""}",101,OsPd,Os6Pd6,-0.179407511059424,bridge|A_A|B
O*,"{""O"": ""hollow|A_A_B|FCC""}",101,OsPd,Os6Pd6,-0.211758308964079,hollow|A_A_B|FCC
O*,"{""O"": ""hollow|A_A_B|HCP""}",101,OsPd,Os6Pd6,-0.179967657364784,hollow|A_A_B|HCP
OH*,"{""OH"": ""top|A""}",101,OsPd,Os6Pd6,0.0035310851825443,top|A
OH*,"{""OH"": ""hollow|A_B_B|FCC""}",101,OsPd,Os6Pd6,0.9046481709818864,hollow|A_B_B|FCC
OH*,"{""OH"": ""top-tilt|B""}",101,OsPd,Os6Pd6,0.9935908920823522,top-tilt|B
OH*,"{""OH"": ""bridge|A_A|B""}",101,OsPd,Os6Pd6,-0.2795534310199628,bridge|A_A|B
OH*,"{""OH"": ""top-tilt|A""}",101,OsPd,Os6Pd6,-0.0379673636190318,top-tilt|A
O*,"{""O"": ""top|A""}",101,OsPt,Os6Pt6,0.529135427535778,top|A
O*,"{""O"": ""hollow|A_A_B|HCP""}",101,OsPt,Os6Pt6,0.170769937536363,hollow|A_A_B|HCP
O*,"{""O"": ""hollow|A_A_B|FCC""}",101,OsPt,Os6Pt6,0.140297541441953,hollow|A_A_B|FCC
O*,"{""O"": ""bridge|A_A|B""}",101,OsPt,Os6Pt6,0.223358249840942,bridge|A_A|B
O*,"{""O"": ""hollow|A_B_B|FCC""}",101,OsPt,Os6Pt6,1.06529356893935,hollow|A_B_B|FCC
OH*,"{""OH"": ""top|A""}",101,OsPt,Os6Pt6,-0.0348292107183851,top|A
OH*,"{""OH"": ""hollow|A_B_B|FCC""}",101,OsPt,Os6Pt6,0.9989945287787804,hollow|A_B_B|FCC
OH*,"{""OH"": ""top-tilt|B""}",101,OsPt,Os6Pt6,0.8474026303782694,top-tilt|B
OH*,"{""OH"": ""bridge|A_A|B""}",101,OsPt,Os6Pt6,-0.1189081691219371,bridge|A_A|B
O*,"{""O"": ""hollow|A_A_B|FCC""}",101,OsRe,Os6Re6,-0.0093902404625509,hollow|A_A_B|FCC
O*,"{""O"": ""hollow|A_A_B|HCP""}",101,OsRe,Os6Re6,-0.641149048362593,hollow|A_A_B|HCP
O*,"{""O"": ""hollow|A_B_B|HCP""}",101,OsRe,Os6Re6,-0.959206043262554,hollow|A_B_B|HCP
OH*,"{""OH"": ""hollow|A_A_B|HCP""}",101,OsRe,Os6Re6,0.1208728310820106,hollow|A_A_B|HCP
OH*,"{""OH"": ""hollow|A_B_B|HCP""}",101,OsRe,Os6Re6,-0.2189008891210733,hollow|A_B_B|HCP
OH*,"{""OH"": ""bridge|B_B|A""}",101,OsRe,Os6Re6,-0.2989658962206931,bridge|B_B|A
OH*,"{""OH"": ""hollow|A_B_B|FCC""}",101,OsRe,Os6Re6,-0.136989453519277,hollow|A_B_B|FCC
OH*,"{""OH"": ""top|A""}",101,OsRe,Os6Re6,0.2782519104811172,top|A
OH*,"{""OH"": ""top|B""}",101,OsRe,Os6Re6,-0.1874329645207808,top|B
O*,"{""O"": ""hollow|A_B_B|FCC""}",101,OsRe,Os6Re6,-0.498574186262147,hollow|A_B_B|FCC
OH*,"{""OH"": ""bridge|A_A|B""}",101,OsRh,Os6Rh6,-0.1641183868188136,bridge|A_A|B
OH*,"{""OH"": ""hollow|A_B_B|FCC""}",101,OsRh,Os6Rh6,0.6083951136796486,hollow|A_B_B|FCC
O*,"{""O"": ""hollow|A_B_B|HCP""}",101,OsRh,Os6Rh6,0.567441028539008,hollow|A_B_B|HCP
O*,"{""O"": ""hollow|A_A_B|HCP""}",101,OsRh,Os6Rh6,-0.222994297561115,hollow|A_A_B|HCP
O*,"{""O"": ""hollow|A_B_B|FCC""}",101,OsRh,Os6Rh6,0.645319601036874,hollow|A_B_B|FCC
OH*,"{""OH"": ""top|A""}",101,OsRh,Os6Rh6,0.0433937216811273,top|A
OH*,"{""OH"": ""top-tilt|B""}",101,OsRh,Os6Rh6,0.678088093679321,top-tilt|B
O*,"{""O"": ""hollow|A_A_B|FCC""}",101,OsRh,Os6Rh6,-0.0982959540598927,hollow|A_A_B|FCC
O*,"{""O"": ""bridge|A_A|B""}",101,OsRh,Os6Rh6,-0.0163144491600065,bridge|A_A|B
OH*,"{""OH"": ""top|A""}",101,OsRu,Os6Ru6,0.15364009927805,top|A
OH*,"{""OH"": ""hollow|A_B_B|FCC""}",101,OsRu,Os6Ru6,0.183795074580189,hollow|A_B_B|FCC
OH*,"{""OH"": ""bridge|A_B|A""}",101,OsRu,Os6Ru6,0.0314807139810682,bridge|A_B|A
OH*,"{""OH"": ""bridge|A_A|B""}",101,OsRu,Os6Ru6,0.0117566783782194,bridge|A_A|B
OH*,"{""OH"": ""bridge|B_B|A""}",101,OsRu,Os6Ru6,0.4138597059799167,bridge|B_B|A
OH*,"{""OH"": ""top|B""}",101,OsRu,Os6Ru6,0.4096865681793815,top|B
O*,"{""O"": ""hollow|A_B_B|HCP""}",101,OsRu,Os6Ru6,-0.129016517963635,hollow|A_B_B|HCP
OH*,"{""OH"": ""bridge|A_B|B""}",101,OsRu,Os6Ru6,0.1328828474805732,bridge|A_B|B
O*,"{""O"": ""hollow|A_B_B|FCC""}",101,OsRu,Os6Ru6,0.222749122938524,hollow|A_B_B|FCC
O*,"{""O"": ""hollow|A_A_B|HCP""}",101,OsRu,Os6Ru6,-0.412319269464376,hollow|A_A_B|HCP
O*,"{""O"": ""hollow|A_A_B|FCC""}",101,OsRu,Os6Ru6,0.054769576836236,hollow|A_A_B|FCC
OH*,"{""OH"": ""hollow|A_B_B|HCP""}",101,OsRu,Os6Ru6,0.1712294017787599,hollow|A_B_B|HCP
O*,{},110,OsO2-rutile,Os8O16,0.390740899999997,
OH*,{},110,OsO2,Os8O16,-0.640114490000002,
OH*,{},110,OsO2-rutile,Os8O16,-0.6594035900000108,
O*,{},110,OsO2-rutile,Os8O16,0.390740899999997,
O*,{},110,OsO2,Os8O16,0.390729219999997,
OH*,{},100,Os2O5-0.5ML,Os8O18,-0.3975819900000203,
O*,{},100-lc,Os2O5-C12c,Os8O18,0.537138469999974,
OH*,{},100-lc,Os2O5-C12c,Os8O18,-0.3976839900000186,
O*,{},100,Os2O5-0.5ML,Os8O18,0.53725609,
O*,{},100-hc,Os2O5-C12c,Os8O19,0.804153859999985,
OH*,{},100-hc,Os2O5-C12c,Os8O19,-0.3332735399999933,
O*,"{""O"": ""top|A""}",111,Os3Pd,Os9Pd3,0.660734441840589,top|A
O*,"{""O"": ""top|B""}",111,Os3Pd,Os9Pd3,3.07781404963663,top|B
O*,"{""O"": ""hollow|A_A_A|FCC""}",111,Os3Pd,Os9Pd3,-0.378573888159906,hollow|A_A_A|FCC
O*,"{""O"": ""hollow|A_A_A|HCP""}",111,Os3Pd,Os9Pd3,-0.794954456661969,hollow|A_A_A|HCP
OH*,"{""OH"": ""hollow|A_A_A|HCP""}",111,Os3Pd,Os9Pd3,0.204382527282064,hollow|A_A_A|HCP
OH*,"{""OH"": ""bridge|A_A|A""}",111,Os3Pd,Os9Pd3,0.1058569091809431,bridge|A_A|A
OH*,"{""OH"": ""bridge|A_A|B""}",111,Os3Pd,Os9Pd3,0.0869704400801083,bridge|A_A|B
OH*,"{""OH"": ""hollow|A_A_A|FCC""}",111,Os3Pd,Os9Pd3,0.1682361494794122,hollow|A_A_A|FCC
OH*,"{""OH"": ""top|A""}",111,Os3Pd,Os9Pd3,0.1757067627812603,top|A
OH*,"{""OH"": ""top|B""}",111,Os3Pd,Os9Pd3,1.6053980412806368,top|B
OH*,"{""OH"": ""top|B""}",111,Os3Pt,Os9Pt3,1.5627667824782066,top|B
OH*,"{""OH"": ""top|A""}",111,Os3Pt,Os9Pt3,0.1862583850787587,top|A
OH*,"{""OH"": ""hollow|A_A_A|FCC""}",111,Os3Pt,Os9Pt3,0.1663565231764323,hollow|A_A_A|FCC
OH*,"{""OH"": ""bridge|A_A|B""}",111,Os3Pt,Os9Pt3,0.1664528514783114,bridge|A_A|B
OH*,"{""OH"": ""bridge|A_A|A""}",111,Os3Pt,Os9Pt3,0.1006093298755104,bridge|A_A|A
OH*,"{""OH"": ""hollow|A_A_A|HCP""}",111,Os3Pt,Os9Pt3,0.3209565039768449,hollow|A_A_A|HCP
O*,"{""O"": ""top|B""}",111,Os3Pt,Os9Pt3,2.62405537993237,top|B
O*,"{""O"": ""top|A""}",111,Os3Pt,Os9Pt3,0.78769582003207,top|A
O*,"{""O"": ""hollow|A_A_A|HCP""}",111,Os3Pt,Os9Pt3,-0.607385843464897,hollow|A_A_A|HCP
O*,"{""O"": ""hollow|A_A_A|FCC""}",111,Os3Pt,Os9Pt3,-0.25999837816579,hollow|A_A_A|FCC
O*,"{""O"": ""hollow|A_A_B|FCC""}",111,Os3Re,Os9Re3,-0.145874106361759,hollow|A_A_B|FCC
O*,"{""O"": ""hollow|A_A_B|HCP""}",111,Os3Re,Os9Re3,-0.618358425861686,hollow|A_A_B|HCP
OH*,"{""OH"": ""top|B""}",111,Os3Re,Os9Re3,0.1904598227782798,top|B
OH*,"{""OH"": ""top|A""}",111,Os3Re,Os9Re3,0.2395126959789877,top|A
OH*,"{""OH"": ""hollow|A_A_B|FCC""}",111,Os3Re,Os9Re3,0.0815556467795204,hollow|A_A_B|FCC
OH*,"{""OH"": ""hollow|A_A_A|FCC""}",111,Os3Re,Os9Re3,0.5965002014789889,hollow|A_A_A|FCC
OH*,"{""OH"": ""bridge|A_B|A""}",111,Os3Re,Os9Re3,-0.0673232766195042,bridge|A_B|A
OH*,"{""OH"": ""bridge|A_A|A""}",111,Os3Re,Os9Re3,0.3035182246793511,bridge|A_A|A
OH*,"{""OH"": ""hollow|A_A_A|HCP""}",111,Os3Re,Os9Re3,0.3952982767776802,hollow|A_A_A|HCP
O*,"{""O"": ""hollow|A_A_A|HCP""}",111,Os3Re,Os9Re3,-0.216677991164204,hollow|A_A_A|HCP
OH*,"{""OH"": ""hollow|A_A_B|HCP""}",111,Os3Re,Os9Re3,0.1745255165777735,hollow|A_A_B|HCP
OH*,"{""OH"": ""bridge|A_A|B""}",111,Os3Rh,Os9Rh3,0.1394100420774293,bridge|A_A|B
O*,"{""O"": ""hollow|A_A_A|HCP""}",111,Os3Rh,Os9Rh3,-0.590951392161685,hollow|A_A_A|HCP
OH*,"{""OH"": ""bridge|A_A|A""}",111,Os3Rh,Os9Rh3,0.0439725078803121,bridge|A_A|A
O*,"{""O"": ""hollow|A_A_A|FCC""}",111,Os3Rh,Os9Rh3,-0.108983905364028,hollow|A_A_A|FCC
OH*,"{""OH"": ""hollow|A_A_A|FCC""}",111,Os3Rh,Os9Rh3,0.1649264288797667,hollow|A_A_A|FCC
OH*,"{""OH"": ""top|A""}",111,Os3Rh,Os9Rh3,0.202659094277692,top|A
OH*,"{""OH"": ""top|B""}",111,Os3Rh,Os9Rh3,1.2980488618785555,top|B
OH*,"{""OH"": ""hollow|A_A_A|HCP""}",111,Os3Rh,Os9Rh3,0.363581912279983,hollow|A_A_A|HCP
O*,"{""O"": ""hollow|A_A_B|HCP""}",111,Os3Ru,Os9Ru3,-0.152646067359626,hollow|A_A_B|HCP
O*,"{""O"": ""top|A""}",111,Os3Ru,Os9Ru3,0.802071458139665,top|A
O*,"{""O"": ""top|B""}",111,Os3Ru,Os9Ru3,1.47861829903906,top|B
O*,"{""O"": ""hollow|A_A_A|HCP""}",111,Os3Ru,Os9Ru3,-0.410691892659258,hollow|A_A_A|HCP
OH*,"{""OH"": ""hollow|A_A_A|HCP""}",111,Os3Ru,Os9Ru3,0.4182012822828937,hollow|A_A_A|HCP
OH*,"{""OH"": ""bridge|A_A|A""}",111,Os3Ru,Os9Ru3,0.0710671549794597,bridge|A_A|A
OH*,"{""OH"": ""bridge|A_A|B""}",111,Os3Ru,Os9Ru3,0.1527291981809639,bridge|A_A|B
OH*,"{""OH"": ""bridge|A_B|A""}",111,Os3Ru,Os9Ru3,0.1785955233834784,bridge|A_B|A
OH*,"{""OH"": ""hollow|A_A_A|FCC""}",111,Os3Ru,Os9Ru3,0.2506548052814423,hollow|A_A_A|FCC
OH*,"{""OH"": ""top|A""}",111,Os3Ru,Os9Ru3,0.1808016862822796,top|A
OH*,"{""OH"": ""top|B""}",111,Os3Ru,Os9Ru3,0.91487543358096,top|B
OH*,{},001,OsN4C26-Δz=relaxed-M,OsC26N4,-0.3703334400000244,
O*,{},1,OsN4C26-Δz=relaxed-M,OsC26N4,-0.104210120000062,
O*,"{""O"": ""hollow|A_A_A|FCC""}",111,Pb,Pb12,0.901261306138451,hollow|A_A_A|FCC
OH*,"{""OH"": ""bridge|A_A|A""}",111,Pb,Pb12,0.2296276165806148,bridge|A_A|A
O*,"{""O"": ""hollow|A_A_A|HCP""}",111,Pb,Pb12,0.905549684139089,hollow|A_A_A|HCP
OH*,"{""OH"": ""hollow|A_A_A|HCP""}",111,Pb,Pb12,0.2294540079791431,hollow|A_A_A|HCP
OH*,"{""OH"": ""hollow|A_A_A|FCC""}",111,Pb,Pb12,0.2286846060786729,hollow|A_A_A|FCC
O*,{},111,Pb,Pb27,1.15432307656738,
O*,{},111,Pb,Pb27,0.859037711270503,
O*,{},111,Pb,Pb27,2.07587261834851,
O*,"{""O"": ""hollow|A_A_B|FCC""}",111,Pd3Pb,Pb3Pd9,1.65391308153613,hollow|A_A_B|FCC
O*,"{""O"": ""hollow|A_A_B|HCP""}",111,Pd3Pb,Pb3Pd9,1.90448462003752,hollow|A_A_B|HCP
O*,"{""O"": ""top|B""}",111,Pd3Pb,Pb3Pd9,3.25766306533825,top|B
O*,"{""O"": ""hollow|A_A_A|HCP""}",111,Pd3Pb,Pb3Pd9,1.82638577143717,hollow|A_A_A|HCP
O*,"{""O"": ""hollow|A_A_A|HCP""}",111,Pt3Pb,Pb3Pt9,1.5596936648397,hollow|A_A_A|HCP
O*,"{""O"": ""hollow|A_A_A|FCC""}",111,Pt3Pb,Pb3Pt9,1.83957268003343,hollow|A_A_A|FCC
O*,"{""O"": ""hollow|A_A_A|FCC""}",111,Sc3Pb,Pb3Sc9,-3.99819978846443,hollow|A_A_A|FCC
O*,"{""O"": ""hollow|A_A_A|HCP""}",111,Sc3Pb,Pb3Sc9,-4.00402765046255,hollow|A_A_A|HCP
O*,"{""O"": ""hollow|A_A_A|FCC""}",111,Ti3Pb,Pb3Ti9,-3.47457384986063,hollow|A_A_A|FCC
O*,"{""O"": ""hollow|A_A_A|HCP""}",111,Ti3Pb,Pb3Ti9,-3.20572551336244,hollow|A_A_A|HCP
O*,"{""O"": ""top|B""}",111,Y3Pb,Pb3Y9,2.11154120993871,top|B
O*,"{""O"": ""hollow|A_A_A|HCP""}",111,Y3Pb,Pb3Y9,-3.85394884115902,hollow|A_A_A|HCP
O*,"{""O"": ""hollow|A_A_A|FCC""}",111,Y3Pb,Pb3Y9,-3.89962369315998,hollow|A_A_A|FCC
O*,"{""O"": ""hollow|A_A_A|HCP""}",111,Zr3Pb,Pb3Zr9,-3.04534896386411,hollow|A_A_A|HCP
O*,"{""O"": ""hollow|A_A_A|FCC""}",111,Zr3Pb,Pb3Zr9,-3.45085436686367,hollow|A_A_A|FCC
O*,{},100,PbO2-rutile,Pb6O12,4.81052807,
O*,{},100,PbO2-rutile,Pb6O12,4.81052807,
OH*,{},100,PbO2-rutile,Pb6O12,1.9783995800000016,
OH*,{},110,PbO2-rutile,Pb8O16,2.0040039300000103,
O*,{},110,PbO2-rutile,Pb8O16,5.10973712999999,
O*,{},110,PbO2-rutile,Pb8O16,5.10973712999999,
O*,"{""O"": ""top|B""}",111,Pb3Sc,Pb9Sc3,-0.572123835660193,top|B
O*,"{""O"": ""hollow-tilt|A_A_B|HCP""}",111,Pb3Sc,Pb9Sc3,-0.669134323961941,hollow-tilt|A_A_B|HCP
O*,"{""O"": ""hollow-tilt|A_A_B|FCC""}",111,Pb3Sc,Pb9Sc3,-0.758028200660363,hollow-tilt|A_A_B|FCC
O*,"{""O"": ""bridge-tilt|A_B|A""}",111,Pb3Sc,Pb9Sc3,-0.753814517862509,bridge-tilt|A_B|A
O*,"{""O"": ""hollow|A_A_A|HCP""}",111,Pb3Sc,Pb9Sc3,1.17474510183803,hollow|A_A_A|HCP
O*,"{""O"": ""hollow|A_A_A|FCC""}",111,Pb3Sc,Pb9Sc3,1.57864272013813,hollow|A_A_A|FCC
O*,"{""O"": ""hollow|A_A_B|HCP""}",111,Pb3Y,Pb9Y3,-0.304086670461572,hollow|A_A_B|HCP
O*,"{""O"": ""hollow|A_A_A|HCP""}",111,Pb3Y,Pb9Y3,1.17648839913801,hollow|A_A_A|HCP
O*,"{""O"": ""hollow|A_A_B|FCC""}",111,Pb3Y,Pb9Y3,-0.409952015161423,hollow|A_A_B|FCC
O*,"{""O"": ""top|B""}",111,Pb3Y,Pb9Y3,0.156100280437215,top|B
OH*,"{""OH"": ""hollow|A_A_A|HCP""}",111,Pd,Pd12,0.7836409157833941,hollow|A_A_A|HCP
OH*,"{""OH"": ""hollow|A_A_A|FCC""}",111,Pd,Pd12,0.6588979455781327,hollow|A_A_A|FCC
O*,"{""O"": ""top|A""}",111,Pd,Pd12,2.65083832063812,top|A
O*,"{""O"": ""hollow|A_A_A|HCP""}",111,Pd,Pd12,1.49908955924167,hollow|A_A_A|HCP
O*,"{""O"": ""hollow|A_A_A|FCC""}",111,Pd,Pd12,1.35914889514225,hollow|A_A_A|FCC
OH*,"{""OH"": ""top|A""}",111,Pd,Pd12,1.4289848709821626,top|A
O*,{},12,Pd2O3-corundum,Pd12O18,3.6482599899999903,
OH*,{},012,Pd2O3-corundum,Pd12O18,0.9838424399999894,
O*,{},12,Pd2O3,Pd12O18,3.6486784999999906,
OH*,{},012,Pd2O3,Pd12O18,0.9844558400000096,
OH*,"{""OH"": ""fcc""}",111-3%,Pd-fcc,Pd16,0.9572401568275382,fcc
OH*,"{""OH"": ""fcc""}",111-2%,Pd-fcc,Pd16,0.886536409958353,fcc
OH*,"{""OH"": ""fcc""}",111-5%,Pd-fcc,Pd16,1.080965285154889,fcc
OH*,"{""OH"": ""fcc""}",111+8%,Pd-fcc,Pd16,0.2567498831522243,fcc
"{""Ostar"": 1.0}","{""O"": ""bridge""}",111,Pd,Pd16,1.51690789778,bridge
"{""Ostar"": 1.0}","{""O"": ""fcc""}",111,Pd,Pd16,1.26031139844,fcc
OH*,"{""OH"": ""fcc""}",111-1%,Pd-fcc,Pd16,0.7773171261396783,fcc
O*,"{""Ostar"": ""fcc""}",111,Pd-fcc,Pd16,1.43379928,fcc
OH*,"{""OH"": ""hcp""}",111,Pd-fcc,Pd16,0.8468540488647704,hcp
OH*,"{""OH"": ""fcc""}",111+5%,Pd-fcc,Pd16,0.438866287438941,fcc
OH*,"{""OH"": ""fcc""}",111+2%,Pd-fcc,Pd16,0.5891410187814472,fcc
OH*,"{""OH"": ""ontop""}",111,Pd-fcc,Pd16,1.6354089323122023,ontop
OH*,"{""OH"": ""fcc""}",111,Pd-fcc,Pd16,0.7076423777507443,fcc
O*,"{""Ostar"": ""peroxo""}",110,PdO2-rutile,Pd16O32,2.95421569000001,peroxo
O*,{},110,PdO2-rutile,Pd16O32,3.87378831000001,
OH*,{},110,PdO2-rutile,Pd16O32,0.9955797499999904,
O*,{},101,PdPt,Pd18Pt2H2O22,4.00935891,
O*,"{""Ostar"": ""peroxo""}",101,PdPt,Pd18Pt2H2O22,3.68998241,peroxo
OH*,{},101,PdPt,Pd18Pt2H2O22,1.6851574899999946,
O*,"{""Ostar"": ""peroxo""}",101,PdO-OH-covered-square-planar,Pd20H2O22,3.50005643999998,peroxo
O*,{},101,PdO-OH-covered-square-planar,Pd20H2O22,4.06861193999998,
OH*,{},101,PdO-OH-covered-square-planar,Pd20H2O22,1.7290313700000013,
O*,{},111,Pd,Pd27,2.66605170906405,
O*,{},111,Pd,Pd27,1.66008843718737,
O*,{},111,Pd,Pd27,1.1969156970008,
O*,{},111,Pd,Pd27,1.19641888514161,
O*,"{""Ostar"": ""peroxo""}",110-lc,PdPt,Pd28Pt4O64,3.11816509000005,peroxo
O*,{},110-lc,PdPt,Pd28Pt4O64,3.7628363,
OH*,{},110-lc,PdPt,Pd28Pt4O64,1.3945611000000326,
O*,{},110-lc,PdO2-rutile,Pd32O64,3.9305270799999903,
O*,"{""Ostar"": ""peroxo""}",110-lc,PdO2-rutile,Pd32O64,2.85456188000001,peroxo
OH*,{},110-lc,PdO2-rutile,Pd32O64,1.4883890700000393,
"{""H2gas"": 0.5, ""OHstar"": 1}",,111,Pd,Pd36,0.64644165495,nan
"{""H2gas"": 0.5, ""OHstar"": 1}","{""OHstar"": ""ontop""}",211,Pd,Pd36,0.6023180749999995,ontop
"{""H2gas"": 0.5, ""OHstar"": 1}",{},100,Pd-fcc,Pd36,0.4431260447818204,
O*,"{""O"": ""hollow|A_A_A|FCC""}",111,Pt3Pd,Pd3Pt9,1.34001371383403,hollow|A_A_A|FCC
O*,"{""O"": ""hollow|A_A_A|HCP""}",111,Pt3Pd,Pd3Pt9,1.50989656023359,hollow|A_A_A|HCP
O*,"{""O"": ""hollow|A_A_B|FCC""}",111,Pt3Pd,Pd3Pt9,1.30602451853684,hollow|A_A_B|FCC
O*,"{""O"": ""hollow|A_A_B|HCP""}",111,Pt3Pd,Pd3Pt9,1.67506380983451,hollow|A_A_B|HCP
OH*,"{""OH"": ""top|B""}",111,Pt3Pd,Pd3Pt9,1.7874934927793902,top|B
OH*,"{""OH"": ""bridge|A_A|A""}",111,Pt3Pd,Pd3Pt9,0.8879573883795047,bridge|A_A|A
OH*,"{""OH"": ""bridge|A_B|A""}",111,Pt3Pd,Pd3Pt9,1.154525819180776,bridge|A_B|A
OH*,"{""OH"": ""hollow|A_A_A|FCC""}",111,Pt3Pd,Pd3Pt9,1.2572478408809502,hollow|A_A_A|FCC
OH*,"{""OH"": ""hollow|A_A_A|HCP""}",111,Pt3Pd,Pd3Pt9,1.1751923209784536,hollow|A_A_A|HCP
OH*,"{""OH"": ""top-tilt|A""}",111,Pt3Pd,Pd3Pt9,1.311062706282314,top-tilt|A
OH*,"{""OH"": ""top|A""}",111,Pt3Pd,Pd3Pt9,0.6841253473802453,top|A
OH*,"{""OH"": ""bridge|A_A|B""}",111,Pt3Pd,Pd3Pt9,0.693677903681305,bridge|A_A|B
OH*,"{""OH"": ""bridge|A_A|A""}",111,Re3Pd,Pd3Re9,-0.3812917611204511,bridge|A_A|A
OH*,"{""OH"": ""top-tilt|A""}",111,Re3Pd,Pd3Re9,-0.1666675492189142,top-tilt|A
OH*,"{""OH"": ""hollow|A_A_A|FCC""}",111,Re3Pd,Pd3Re9,-0.5284449386191454,hollow|A_A_A|FCC
O*,"{""O"": ""hollow|A_A_A|HCP""}",111,Re3Pd,Pd3Re9,-1.59713897806085,hollow|A_A_A|HCP
O*,"{""O"": ""hollow|A_A_A|FCC""}",111,Re3Pd,Pd3Re9,-0.888290455761478,hollow|A_A_A|FCC
O*,"{""O"": ""top|A""}",111,Re3Pd,Pd3Re9,-0.211076527663124,top|A
OH*,"{""OH"": ""hollow|A_A_A|HCP""}",111,Re3Pd,Pd3Re9,-1.086236810518244,hollow|A_A_A|HCP
OH*,"{""OH"": ""top|B""}",111,Re3Pd,Pd3Re9,1.6900676227822942,top|B
O*,"{""O"": ""hollow|A_A_A|FCC""}",111,Rh3Pd,Pd3Rh9,0.304412662837251,hollow|A_A_A|FCC
O*,"{""O"": ""hollow|A_A_A|HCP""}",111,Rh3Pd,Pd3Rh9,0.352540212937868,hollow|A_A_A|HCP
O*,"{""O"": ""hollow|A_A_B|HCP""}",111,Rh3Pd,Pd3Rh9,0.837024072436009,hollow|A_A_B|HCP
OH*,"{""OH"": ""bridge|A_A|A""}",111,Rh3Pd,Pd3Rh9,0.2118188542780217,bridge|A_A|A
OH*,"{""OH"": ""bridge|A_A|B""}",111,Rh3Pd,Pd3Rh9,0.2413449744789204,bridge|A_A|B
O*,"{""O"": ""hollow|A_A_B|FCC""}",111,Rh3Pd,Pd3Rh9,0.809950922437395,hollow|A_A_B|FCC
OH*,"{""OH"": ""hollow|A_A_B|FCC""}",111,Rh3Pd,Pd3Rh9,0.4491528707775387,hollow|A_A_B|FCC
OH*,"{""OH"": ""top|B""}",111,Rh3Pd,Pd3Rh9,1.4568184430798965,top|B
OH*,"{""OH"": ""hollow|A_A_A|FCC""}",111,Rh3Pd,Pd3Rh9,0.2548352901802673,hollow|A_A_A|FCC
OH*,"{""OH"": ""top-tilt|A""}",111,Rh3Pd,Pd3Rh9,0.4194579038784241,top-tilt|A
O*,"{""O"": ""bridge|A_B|A""}",111,Rh3Pd,Pd3Rh9,1.36507716713805,bridge|A_B|A
OH*,"{""OH"": ""hollow|A_A_A|HCP""}",111,Rh3Pd,Pd3Rh9,0.3442788367800631,hollow|A_A_A|HCP
OH*,"{""OH"": ""top|B""}",111,Ru3Pd,Pd3Ru9,1.4124023896810058,top|B
OH*,"{""OH"": ""hollow|A_A_A|HCP""}",111,Ru3Pd,Pd3Ru9,-0.1905460828194236,hollow|A_A_A|HCP
OH*,"{""OH"": ""top-tilt|A""}",111,Ru3Pd,Pd3Ru9,0.2634866054803524,top-tilt|A
O*,"{""O"": ""hollow|A_A_A|HCP""}",111,Ru3Pd,Pd3Ru9,-0.727766284559209,hollow|A_A_A|HCP
O*,"{""O"": ""hollow|A_A_A|FCC""}",111,Ru3Pd,Pd3Ru9,-0.4300874868606,hollow|A_A_A|FCC
OH*,"{""OH"": ""hollow|A_A_A|FCC""}",111,Ru3Pd,Pd3Ru9,-0.2891888460172822,hollow|A_A_A|FCC
OH*,"{""OH"": ""bridge|A_A|B""}",111,Ru3Pd,Pd3Ru9,-0.0709532753199937,bridge|A_A|B
OH*,"{""OH"": ""hollow|A_A_A|FCC""}",111,Tc3Pd,Pd3Tc9,-0.8321649357195611,hollow|A_A_A|FCC
OH*,"{""OH"": ""hollow|A_A_A|HCP""}",111,Tc3Pd,Pd3Tc9,-1.2677274890221495,hollow|A_A_A|HCP
O*,"{""O"": ""top|B""}",111,Tc3Pd,Pd3Tc9,2.82401673763872,top|B
OH*,"{""OH"": ""top|B""}",111,Tc3Pd,Pd3Tc9,1.40828530728038,top|B
O*,"{""O"": ""hollow|A_A_A|HCP""}",111,Tc3Pd,Pd3Tc9,-1.51165550416425,hollow|A_A_A|HCP
O*,"{""O"": ""hollow|A_A_A|FCC""}",111,Tc3Pd,Pd3Tc9,-0.927201782364307,hollow|A_A_A|FCC
O*,"{""O"": ""top|A""}",111,Tc3Pd,Pd3Tc9,0.0010453252360207,top|A
O*,"{""O"": ""hollow|A_A_A|FCC""}",111,Ti3Pd,Pd3Ti9,-3.61676258236201,hollow|A_A_A|FCC
O*,"{""O"": ""hollow|A_A_A|HCP""}",111,Ti3Pd,Pd3Ti9,-3.39748971366151,hollow|A_A_A|HCP
O*,"{""O"": ""hollow|A_A_A|FCC""}",111,Zn3Pd,Pd3Zn9,0.45372819293317,hollow|A_A_A|FCC
OH*,"{""OH"": ""top|B""}",111,Zn3Pd,Pd3Zn9,1.6157044889813506,top|B
OH*,"{""OH"": ""hollow|A_A_A|FCC""}",111,Zn3Pd,Pd3Zn9,0.1077391205807316,hollow|A_A_A|FCC
OH*,"{""OH"": ""bridge|A_A|B""}",111,Zn3Pd,Pd3Zn9,-0.000860423922063,bridge|A_A|B
OH*,"{""OH"": ""bridge|A_A|A""}",111,Zn3Pd,Pd3Zn9,0.1273484601814516,bridge|A_A|A
O*,"{""O"": ""hollow|A_A_A|HCP""}",111,Zn3Pd,Pd3Zn9,0.348238773538299,hollow|A_A_A|HCP
OH*,"{""OH"": ""hollow|A_A_A|HCP""}",111,Zn3Pd,Pd3Zn9,-0.0825925365235207,hollow|A_A_A|HCP
"{""H2gas"": 0.5, ""OHstar"": 1}","{""OHstar"": ""hollow""}",100,Pd,Pd64,0.5881090449999533,hollow
OH*,{},100,PdO2-rutile,Pd6O12,1.2362825600000065,
OH*,{},100,PdO2,Pd6O12,1.2069286800000043,
O*,{},100,PdO2,Pd6O12,3.52246260000001,
O*,{},100,PdO2-rutile,Pd6O12,3.52040860000001,
O*,{},100,PdO2-rutile,Pd6O12,3.52040860000001,
O*,{},100,PdO2-rutile,Pd6O12,3.52040860000001,
OH*,{},100,PdO2-rutile,Pd6O12,1.2362825600000065,
OH*,"{""OH"": ""bridge|A_B|A""}",101,PdPt,Pd6Pt6,0.6116314996805841,bridge|A_B|A
O*,"{""O"": ""top|B""}",101,PdPt,Pd6Pt6,2.18856099113674,top|B
O*,"{""O"": ""hollow|A_A_B|FCC""}",101,PdPt,Pd6Pt6,1.32752042333942,hollow|A_A_B|FCC
O*,"{""O"": ""hollow|A_B_B|FCC""}",101,PdPt,Pd6Pt6,1.27299479663981,hollow|A_B_B|FCC
O*,"{""O"": ""hollow|A_A_B|HCP""}",101,PdPt,Pd6Pt6,1.66250684473545,hollow|A_A_B|HCP
O*,"{""O"": ""hollow|A_B_B|HCP""}",101,PdPt,Pd6Pt6,1.42154119693788,hollow|A_B_B|HCP
OH*,"{""OH"": ""bridge|A_A|B""}",101,PdPt,Pd6Pt6,0.8323257549826621,bridge|A_A|B
OH*,"{""OH"": ""top|B""}",101,PdPt,Pd6Pt6,0.6193830705786922,top|B
OH*,"{""OH"": ""top|A""}",101,PdPt,Pd6Pt6,0.9649159439767344,top|A
OH*,"{""OH"": ""top-tilt|B""}",101,PdPt,Pd6Pt6,0.6846094379769738,top-tilt|B
OH*,"{""OH"": ""hollow|A_A_B|FCC""}",101,PdPt,Pd6Pt6,0.6920063084806998,hollow|A_A_B|FCC
OH*,"{""OH"": ""bridge|B_B|A""}",101,PdPt,Pd6Pt6,0.7416560633763538,bridge|B_B|A
O*,"{""O"": ""top|B""}",101,PdRe,Pd6Re6,-0.602952972960509,top|B
O*,"{""O"": ""hollow|A_A_B|HCP""}",101,PdRe,Pd6Re6,-1.07844646336179,hollow|A_A_B|HCP
OH*,"{""OH"": ""top-tilt|B""}",101,PdRe,Pd6Re6,-0.5341628666202496,top-tilt|B
OH*,"{""OH"": ""top|B""}",101,PdRe,Pd6Re6,-0.0994982890180153,top|B
O*,"{""O"": ""hollow|A_B_B|HCP""}",101,PdRe,Pd6Re6,-1.07848945736276,hollow|A_B_B|HCP
OH*,"{""OH"": ""bridge|B_B|A""}",101,PdRe,Pd6Re6,-0.8315318628184514,bridge|B_B|A
OH*,"{""OH"": ""top|B""}",101,PdRh,Pd6Rh6,0.3937028732806311,top|B
OH*,"{""OH"": ""top-tilt|A""}",101,PdRh,Pd6Rh6,0.8361594307797304,top-tilt|A
OH*,"{""OH"": ""hollow-tilt|A_B_B|FCC""}",101,PdRh,Pd6Rh6,0.3868857413807518,hollow-tilt|A_B_B|FCC
OH*,"{""OH"": ""bridge|B_B|A""}",101,PdRh,Pd6Rh6,0.1698514171774832,bridge|B_B|A
O*,"{""O"": ""hollow|A_B_B|FCC""}",101,PdRh,Pd6Rh6,0.568408121136429,hollow|A_B_B|FCC
O*,"{""O"": ""hollow|A_A_B|FCC""}",101,PdRh,Pd6Rh6,1.12011824873827,hollow|A_A_B|FCC
O*,"{""O"": ""hollow|A_A_B|HCP""}",101,PdRh,Pd6Rh6,1.14514074893651,hollow|A_A_B|HCP
O*,"{""O"": ""hollow|A_B_B|HCP""}",101,PdRh,Pd6Rh6,0.653795402835215,hollow|A_B_B|HCP
OH*,"{""OH"": ""bridge|A_B|A""}",101,PdRh,Pd6Rh6,0.4334650997778908,bridge|A_B|A
OH*,"{""OH"": ""hollow|A_A_B|FCC""}",101,PdRh,Pd6Rh6,0.5201536298781093,hollow|A_A_B|FCC
OH*,"{""OH"": ""top|B""}",101,PdRu,Pd6Ru6,0.1041751095807512,top|B
OH*,"{""OH"": ""top-tilt|A""}",101,PdRu,Pd6Ru6,0.8833458751804528,top-tilt|A
O*,"{""O"": ""hollow|A_A_B|FCC""}",101,PdRu,Pd6Ru6,0.891677728839397,hollow|A_A_B|FCC
OH*,"{""OH"": ""bridge|B_B|A""}",101,PdRu,Pd6Ru6,-0.2792082546176289,bridge|B_B|A
O*,"{""O"": ""bridge|B_B|A""}",101,PdRu,Pd6Ru6,0.0020861607407027,bridge|B_B|A
O*,"{""O"": ""hollow|A_A_B|HCP""}",101,PdRu,Pd6Ru6,0.7593301292398,hollow|A_A_B|HCP
O*,"{""O"": ""hollow|A_B_B|FCC""}",101,PdRu,Pd6Ru6,-0.0631528599625995,hollow|A_B_B|FCC
OH*,"{""OH"": ""hollow|A_A_B|FCC""}",101,PdRu,Pd6Ru6,0.9257274694799662,hollow|A_A_B|FCC
O*,"{""O"": ""hollow|A_B_B|HCP""}",101,PdRu,Pd6Ru6,-0.0605185258611414,hollow|A_B_B|HCP
O*,"{""O"": ""hollow-tilt|A_A_B|HCP""}",101,PdRu,Pd6Ru6,0.718569653137649,hollow-tilt|A_A_B|HCP
OH*,"{""OH"": ""top-tilt|B""}",101,PdTc,Pd6Tc6,-0.4963039404202618,top-tilt|B
O*,"{""O"": ""top|B""}",101,PdTc,Pd6Tc6,-0.180207253659489,top|B
OH*,"{""OH"": ""bridge|B_B|A""}",101,PdTc,Pd6Tc6,-0.8247160915190079,bridge|B_B|A
O*,"{""O"": ""hollow|A_B_B|HCP""}",101,PdTc,Pd6Tc6,-0.859002979359673,hollow|A_B_B|HCP
O*,"{""O"": ""hollow|A_B_B|FCC""}",101,PdZn,Pd6Zn6,0.91814977933592,hollow|A_B_B|FCC
OH*,"{""OH"": ""hollow-tilt|A_A_B|FCC""}",101,PdZn,Pd6Zn6,0.4818666685795278,hollow-tilt|A_A_B|FCC
OH*,"{""OH"": ""hollow|A_B_B|HCP""}",101,PdZn,Pd6Zn6,0.1333142838747107,hollow|A_B_B|HCP
OH*,"{""OH"": ""bridge|B_B|A""}",101,PdZn,Pd6Zn6,0.1345027410760622,bridge|B_B|A
O*,"{""O"": ""hollow|A_A_B|FCC""}",101,PdZn,Pd6Zn6,1.48743614793403,hollow|A_A_B|FCC
OH*,"{""OH"": ""hollow|A_A_B|FCC""}",101,PdZn,Pd6Zn6,0.4146723738784885,hollow|A_A_B|FCC
OH*,{},110,PdO2-rutile,Pd8O16,0.8814808300000152,
O*,{},110,PdO2-rutile,Pd8O16,4.11614402000001,
OH*,{},110,PdO2,Pd8O16,0.884506789999989,
O*,{},110,PdO2,Pd8O16,3.72866053999999,
O*,{},110,PdO2-rutile,Pd8O16,4.11614402000001,
O*,{},100,Pd2O5-0.5ML,Pd8O18,3.40057686999998,
OH*,{},100,Pd2O5-0.5ML,Pd8O18,1.0408597799999768,
OH*,{},100-lc,Pd2O5-C12c,Pd8O18,1.077498179999992,
O*,{},100-lc,Pd2O5-C12c,Pd8O18,3.29671823999999,
O*,{},100-hc,Pd2O5-C12c,Pd8O19,3.51850139000001,
OH*,{},100-hc,Pd2O5-C12c,Pd8O19,0.9859642799999904,
O*,{},101,PdO,Pd8O8,2.74330753000001,
O*,"{""Ostar"": ""peroxo""}",101,PdO,Pd8O8,3.36847900000001,peroxo
OH*,{},101,PdO,Pd8O8,0.4884090900000046,
O*,"{""O"": ""hollow|A_A_A|FCC""}",111,Pd3Pt,Pd9Pt3,1.44742820263838,hollow|A_A_A|FCC
O*,"{""O"": ""hollow|A_A_A|HCP""}",111,Pd3Pt,Pd9Pt3,1.78622068034366,hollow|A_A_A|HCP
O*,"{""O"": ""hollow|A_A_B|FCC""}",111,Pd3Pt,Pd9Pt3,1.30340691944349,hollow|A_A_B|FCC
O*,"{""O"": ""hollow|A_A_B|HCP""}",111,Pd3Pt,Pd9Pt3,1.43246629534025,hollow|A_A_B|HCP
O*,"{""O"": ""top|B""}",111,Pd3Pt,Pd9Pt3,2.0605510222411,top|B
OH*,"{""OH"": ""bridge-tilt|A_B|A""}",111,Pd3Pt,Pd9Pt3,0.6432984754836752,bridge-tilt|A_B|A
OH*,"{""OH"": ""bridge|A_A|B""}",111,Pd3Pt,Pd9Pt3,0.8296804002792442,bridge|A_A|B
OH*,"{""OH"": ""bridge|A_B|A""}",111,Pd3Pt,Pd9Pt3,1.061240705382147,bridge|A_B|A
OH*,"{""OH"": ""hollow|A_A_A|FCC""}",111,Pd3Pt,Pd9Pt3,0.6798258126844985,hollow|A_A_A|FCC
OH*,"{""OH"": ""hollow|A_A_B|FCC""}",111,Pd3Pt,Pd9Pt3,1.1629371299831064,hollow|A_A_B|FCC
OH*,"{""OH"": ""top|A""}",111,Pd3Pt,Pd9Pt3,1.5599165260836116,top|A
OH*,"{""OH"": ""top|B""}",111,Pd3Pt,Pd9Pt3,0.5973369514803153,top|B
OH*,"{""OH"": ""hollow|A_A_A|HCP""}",111,Pd3Pt,Pd9Pt3,0.983303084180875,hollow|A_A_A|HCP
O*,"{""O"": ""hollow|A_A_A|FCC""}",111,Pd3Re,Pd9Re3,2.22966922873803,hollow|A_A_A|FCC
O*,"{""O"": ""hollow|A_A_A|HCP""}",111,Pd3Re,Pd9Re3,2.30635050033726,hollow|A_A_A|HCP
O*,"{""O"": ""top|B""}",111,Pd3Re,Pd9Re3,-1.3265216294605,top|B
OH*,"{""OH"": ""hollow|A_A_A|FCC""}",111,Pd3Re,Pd9Re3,0.8434138496785408,hollow|A_A_A|FCC
OH*,"{""OH"": ""hollow|A_A_A|HCP""}",111,Pd3Re,Pd9Re3,1.336622359079115,hollow|A_A_A|HCP
OH*,"{""OH"": ""top|B""}",111,Pd3Re,Pd9Re3,-0.8605521234195521,top|B
OH*,"{""OH"": ""top-tilt|A""}",111,Pd3Re,Pd9Re3,1.0476807285784844,top-tilt|A
O*,"{""O"": ""hollow|A_A_B|FCC""}",111,Pd3Rh,Pd9Rh3,0.901709477635279,hollow|A_A_B|FCC
O*,"{""O"": ""hollow|A_A_A|HCP""}",111,Pd3Rh,Pd9Rh3,1.68765070763749,hollow|A_A_A|HCP
OH*,"{""OH"": ""top|A""}",111,Pd3Rh,Pd9Rh3,1.3304053742766655,top|A
O*,"{""O"": ""top|B""}",111,Pd3Rh,Pd9Rh3,1.53011053683787,top|B
OH*,"{""OH"": ""top-tilt|A""}",111,Pd3Rh,Pd9Rh3,0.8712648370791385,top-tilt|A
OH*,"{""OH"": ""hollow|A_A_B|FCC""}",111,Pd3Rh,Pd9Rh3,0.6951865028794373,hollow|A_A_B|FCC
OH*,"{""OH"": ""top|B""}",111,Pd3Rh,Pd9Rh3,0.3347258723778168,top|B
OH*,"{""OH"": ""hollow|A_A_A|HCP""}",111,Pd3Rh,Pd9Rh3,0.9396128944798648,hollow|A_A_A|HCP
OH*,"{""OH"": ""hollow|A_A_A|FCC""}",111,Pd3Rh,Pd9Rh3,0.702298334076545,hollow|A_A_A|FCC
OH*,"{""OH"": ""bridge|A_A|A""}",111,Pd3Rh,Pd9Rh3,0.8684132200768317,bridge|A_A|A
OH*,"{""OH"": ""bridge-tilt|A_B|A""}",111,Pd3Rh,Pd9Rh3,0.3577203080793651,bridge-tilt|A_B|A
O*,"{""O"": ""hollow|A_A_B|HCP""}",111,Pd3Rh,Pd9Rh3,0.979572267435117,hollow|A_A_B|HCP
O*,"{""O"": ""hollow|A_A_A|FCC""}",111,Pd3Rh,Pd9Rh3,1.55078220873457,hollow|A_A_A|FCC
O*,"{""O"": ""hollow|A_A_A|HCP""}",111,Pd3Ru,Pd9Ru3,1.86816300073389,hollow|A_A_A|HCP
O*,"{""O"": ""hollow|A_A_A|FCC""}",111,Pd3Ru,Pd9Ru3,1.79733176863357,hollow|A_A_A|FCC
OH*,"{""OH"": ""top|B""}",111,Pd3Ru,Pd9Ru3,-0.0697958391239126,top|B
OH*,"{""OH"": ""hollow|A_A_B|HCP""}",111,Pd3Ru,Pd9Ru3,1.003050521482578,hollow|A_A_B|HCP
O*,"{""O"": ""hollow|A_A_B|HCP""}",111,Pd3Ru,Pd9Ru3,0.278496404738519,hollow|A_A_B|HCP
O*,"{""O"": ""top|B""}",111,Pd3Ru,Pd9Ru3,0.473006505933711,top|B
OH*,"{""OH"": ""hollow|A_A_A|FCC""}",111,Pd3Ru,Pd9Ru3,0.7379434781768168,hollow|A_A_A|FCC
OH*,"{""OH"": ""hollow|A_A_A|HCP""}",111,Pd3Ru,Pd9Ru3,1.0627079431804989,hollow|A_A_A|HCP
OH*,"{""OH"": ""top|A""}",111,Pd3Ru,Pd9Ru3,0.9105782117775334,top|A
O*,"{""O"": ""hollow|A_A_B|FCC""}",111,Pd3Ru,Pd9Ru3,0.305823300935856,hollow|A_A_B|FCC
O*,"{""O"": ""top|B""}",111,Pd3Sn,Pd9Sn3,2.59963629223768,top|B
O*,"{""O"": ""hollow|A_A_A|HCP""}",111,Pd3Sn,Pd9Sn3,2.05667122313736,hollow|A_A_A|HCP
O*,"{""O"": ""hollow|A_A_A|FCC""}",111,Pd3Sn,Pd9Sn3,2.08998203863649,hollow|A_A_A|FCC
O*,"{""O"": ""hollow|A_A_B|HCP""}",111,Pd3Sn,Pd9Sn3,1.6454580963362,hollow|A_A_B|HCP
O*,"{""O"": ""top|B""}",111,Pd3Ta,Pd9Ta3,-1.78799554286178,top|B
O*,"{""O"": ""hollow|A_A_A|HCP""}",111,Pd3Ta,Pd9Ta3,2.24380390993957,hollow|A_A_A|HCP
OH*,"{""OH"": ""hollow|A_A_A|FCC""}",111,Pd3Tc,Pd9Tc3,0.8217523635802308,hollow|A_A_A|FCC
OH*,"{""OH"": ""top|B""}",111,Pd3Tc,Pd9Tc3,-0.4929036059212421,top|B
OH*,"{""OH"": ""hollow|A_A_A|HCP""}",111,Pd3Tc,Pd9Tc3,1.1772084124794446,hollow|A_A_A|HCP
O*,"{""O"": ""top|B""}",111,Pd3Tc,Pd9Tc3,-0.611439931461234,top|B
OH*,"{""OH"": ""top|A""}",111,Pd3Tc,Pd9Tc3,0.9634193178798114,top|A
O*,"{""O"": ""hollow|A_A_B|HCP""}",111,Pd3Tl,Pd9Tl3,1.93798156143731,hollow|A_A_B|HCP
O*,"{""O"": ""top|B""}",111,Pd3Tl,Pd9Tl3,3.83981606473736,top|B
O*,"{""O"": ""hollow|A_A_A|HCP""}",111,Pd3Tl,Pd9Tl3,1.78562134963778,hollow|A_A_A|HCP
O*,"{""O"": ""top|B""}",111,Pd3Y,Pd9Y3,1.75741307673871,top|B
O*,"{""O"": ""hollow|A_A_A|FCC""}",111,Pd3Y,Pd9Y3,1.6423240252405,hollow|A_A_A|FCC
O*,"{""O"": ""hollow|A_A_A|HCP""}",111,Pd3Y,Pd9Y3,1.16979385454016,hollow|A_A_A|HCP
O*,"{""O"": ""hollow|A_A_B|FCC""}",111,Pd3Y,Pd9Y3,0.203435571140119,hollow|A_A_B|FCC
O*,"{""O"": ""hollow|A_A_B|HCP""}",111,Pd3Y,Pd9Y3,0.476560720940881,hollow|A_A_B|HCP
O*,"{""O"": ""bridge|A_A|A""}",111,Pd3Zn,Pd9Zn3,1.95004083033911,bridge|A_A|A
O*,"{""O"": ""hollow|A_A_B|FCC""}",111,Pd3Zn,Pd9Zn3,1.30657758993385,hollow|A_A_B|FCC
O*,"{""O"": ""hollow|A_A_A|HCP""}",111,Pd3Zn,Pd9Zn3,1.54836257253538,hollow|A_A_A|HCP
O*,"{""O"": ""top|B""}",111,Pd3Zn,Pd9Zn3,2.94802704123487,top|B
OH*,"{""OH"": ""hollow|A_A_A|HCP""}",111,Pd3Zn,Pd9Zn3,0.7291212753742684,hollow|A_A_A|HCP
OH*,"{""OH"": ""hollow|A_A_B|HCP""}",111,Pd3Zn,Pd9Zn3,0.5991041948772136,hollow|A_A_B|HCP
OH*,"{""OH"": ""hollow|A_A_A|FCC""}",111,Pd3Zn,Pd9Zn3,1.0338653728803138,hollow|A_A_A|FCC
OH*,"{""OH"": ""hollow|A_A_B|FCC""}",111,Pd3Zn,Pd9Zn3,0.4859774923796749,hollow|A_A_B|FCC
OH*,"{""OH"": ""top|A""}",111,Pd3Zn,Pd9Zn3,0.9632307429754974,top|A
OH*,"{""OH"": ""top|B""}",111,Pd3Zn,Pd9Zn3,1.0479765162789365,top|B
O*,"{""O"": ""top|B""}",111,Pd3Zr,Pd9Zr3,-0.448753135664617,top|B
O*,"{""O"": ""hollow|A_A_A|HCP""}",111,Pd3Zr,Pd9Zr3,1.83481517773527,hollow|A_A_A|HCP
O*,"{""O"": ""hollow|A_A_B|FCC""}",111,Pd3Zr,Pd9Zr3,-0.574642521362136,hollow|A_A_B|FCC
O*,"{""O"": ""hollow|A_A_B|HCP""}",111,Pd3Zr,Pd9Zr3,-0.47004060116177,hollow|A_A_B|HCP
O*,{},1,PdN4C26-Δz=relaxed-M,PdC26N4,4.11387783999999,
OH*,{},001,PdN4C26-Δz=relaxed-M,PdC26N4,1.732115409999949,
O*,"{""O"": ""hollow|A_A_A|FCC""}",111,Pt,Pt12,1.41701866483692,hollow|A_A_A|FCC
O*,"{""O"": ""hollow|A_A_A|HCP""}",111,Pt,Pt12,1.80368957243974,hollow|A_A_A|HCP
O*,"{""O"": ""top|A""}",111,Pt,Pt12,2.52910125593536,top|A
OH*,{},012,Pt2O3-corundum,Pt12O18,0.7057685099999844,
O*,{},12,Pt2O3-corundum,Pt12O18,3.03280262999999,
OH*,"{""OH"": ""fcc""}",111,Pt-fcc,Pt16,1.1867352539557032,fcc
"{""Ostar"": 1.0}","{""O"": ""fcc""}",111,Pt,Pt16,1.61582353091,fcc
O*,"{""O"": ""top""}",111,Pt,Pt16,2.79065122,top
O*,"{""O"": ""hcphollow""}",111,Pt,Pt16,1.87827853,hcphollow
O*,"{""O"": ""fcchollow""}",111,Pt,Pt16,1.46854702,fcchollow
O*,"{""O"": ""bridge""}",111,Pt,Pt16,1.47372951,bridge
OH*,"{""OH"": ""hcp""}",111,Pt-fcc,Pt16,1.4962235201892329,hcp
OH*,"{""OH"": ""fcc""}",111+2%,Pt-fcc,Pt16,0.9211800390985444,fcc
"{""Ostar"": 1.0}","{""O"": ""bridge""}",111,Pt,Pt16,1.84512286033,bridge
O*,"{""O"": ""top""}",110,Pt,Pt16,2.01583724,top
O*,"{""O"": ""hcphollow""}",110,Pt,Pt16,2.41178901000001,hcphollow
O*,"{""O"": ""fcchollow""}",110,Pt,Pt16,1.25413941000001,fcchollow
O*,"{""Ostar"": ""fcc""}",111,Pt-fcc,Pt16,1.69756432999999,fcc
OH*,"{""OH"": ""fcc""}",111+5%,Pt-fcc,Pt16,0.6205308467033319,fcc
OH*,"{""OH"": ""fcc""}",111+8%,Pt-fcc,Pt16,0.4489553161838557,fcc
OH*,"{""OH"": ""fcc""}",111-1%,Pt-fcc,Pt16,1.3212081986275734,fcc
OH*,"{""OH"": ""fcc""}",111-2%,Pt-fcc,Pt16,1.441095569432946,fcc
O*,"{""O"": ""highbridge""}",110,Pt,Pt16,1.25497255000001,highbridge
OH*,"{""OH"": ""fcc""}",111-5%,Pt-fcc,Pt16,1.619712997933675,fcc
OH*,"{""OH"": ""fcc""}",111-3%,Pt-fcc,Pt16,1.535789008376014,fcc
O*,{},110,PtO2,Pt16O32,2.82816550834104,
O*,"{""O"": ""hcphollow""}",211,Pt,Pt24,2.10900321999998,hcphollow
O*,"{""O"": ""100bridge""}",211,Pt,Pt24,1.80931030999997,100bridge
O*,"{""O"": ""100hollow""}",211,Pt,Pt24,1.08601384999997,100hollow
O*,"{""O"": ""111bridge""}",211,Pt,Pt24,2.11279807,111bridge
O*,"{""O"": ""fcchollow""}",211,Pt,Pt24,2.10577529999998,fcchollow
O*,"{""O"": ""highbridge""}",211,Pt,Pt24,1.08564564,highbridge
O*,"{""O"": ""top""}",211,Pt,Pt24,2.04744227999998,top
OH*,{},111,Pt-fcc,Pt27,0.7380922885640757,
O*,{},111,Pt,Pt27,1.12994949883432,
O*,{},111,Pt,Pt27,1.12869729890372,
O*,{},111,Pt,Pt27,2.38144320689025,
O*,{},111,Pt,Pt27,1.64520482998341,
OH*,{},211,Pt-fcc,Pt27,0.0977599620709952,
O*,"{""O"": ""bridge""}",221,Pt,Pt30,1.35735136999998,bridge
O*,"{""O"": ""bridge2""}",221,Pt,Pt30,1.82512562999997,bridge2
O*,"{""O"": ""top""}",221,Pt,Pt30,2.17652686999998,top
O*,"{""O"": ""fcchollow2""}",221,Pt,Pt30,1.82463671999997,fcchollow2
O*,"{""O"": ""fcchollow3""}",221,Pt,Pt30,2.05141046999998,fcchollow3
O*,"{""O"": ""hcphollow""}",221,Pt,Pt30,1.80293727999998,hcphollow
O*,"{""O"": ""hcphollow2""}",221,Pt,Pt30,2.07161077999999,hcphollow2
O*,"{""O"": ""hcphollow3""}",221,Pt,Pt30,2.70350328999999,hcphollow3
O*,"{""O"": ""highbridge""}",221,Pt,Pt30,1.41510915999999,highbridge
O*,"{""O"": ""shortstephollow1""}",221,Pt,Pt30,2.70272567999999,shortstephollow1
O*,"{""O"": ""shortstephollow2""}",221,Pt,Pt30,1.77133237999999,shortstephollow2
O*,"{""O"": ""fcchollow""}",221,Pt,Pt30,1.35718987999999,fcchollow
O*,"{""O"": ""bridge1""}",311,Pt,Pt32,1.80945817999998,bridge1
O*,"{""O"": ""fcchollow1""}",311,Pt,Pt32,1.83079733999998,fcchollow1
O*,"{""O"": ""bridge2""}",311,Pt,Pt32,1.50059427999997,bridge2
O*,"{""O"": ""lowbridge""}",311,Pt,Pt32,1.82729525999997,lowbridge
O*,"{""O"": ""highbridge""}",311,Pt,Pt32,1.04234084999999,highbridge
O*,"{""O"": ""100hollow""}",311,Pt,Pt32,1.04611451999997,100hollow
O*,"{""O"": ""top2""}",311,Pt,Pt32,1.81208182999998,top2
O*,"{""O"": ""fcchollow2""}",311,Pt,Pt32,1.04068866999998,fcchollow2
O*,"{""O"": ""top1""}",311,Pt,Pt32,2.08219339999999,top1
O*,{},110-lc,PtO2-rutile,Pt32O64,2.89575499,
O*,"{""Ostar"": ""peroxo""}",110-lc,PtO2-rutile,Pt32O64,3.33148581,peroxo
OH*,{},110-lc,PtO2-rutile,Pt32O64,0.7057040099999767,
"{""H2gas"": 0.5, ""OHstar"": 1}",{},100,Pt-fcc,Pt36,0.9327252576185856,
"{""H2gas"": 0.5, ""OHstar"": 1}",,111,Pt,Pt36,0.976787461281,nan
"{""H2gas"": 0.5, ""OHstar"": 1}","{""OHstar"": ""ontop""}",211,Pt,Pt36,0.4013814449999699,ontop
OH*,"{""OH"": ""hollow|A_A_A|HCP""}",111,Re3Pt,Pt3Re9,-1.0220153594192425,hollow|A_A_A|HCP
O*,"{""O"": ""top|B""}",111,Re3Pt,Pt3Re9,2.82881315223841,top|B
O*,"{""O"": ""top|A""}",111,Re3Pt,Pt3Re9,-0.209260439962407,top|A
O*,"{""O"": ""hollow|A_A_A|FCC""}",111,Re3Pt,Pt3Re9,-0.904554835961051,hollow|A_A_A|FCC
O*,"{""O"": ""hollow|A_A_A|HCP""}",111,Re3Pt,Pt3Re9,-1.4699037172615,hollow|A_A_A|HCP
OH*,"{""OH"": ""bridge|A_A|A""}",111,Re3Pt,Pt3Re9,-0.430243408019237,bridge|A_A|A
OH*,"{""OH"": ""top|B""}",111,Re3Pt,Pt3Re9,1.6922801803819991,top|B
OH*,"{""OH"": ""hollow|A_A_A|FCC""}",111,Re3Pt,Pt3Re9,-0.5687139771172269,hollow|A_A_A|FCC
OH*,"{""OH"": ""top-tilt|A""}",111,Re3Pt,Pt3Re9,-0.1280952765183656,top-tilt|A
OH*,"{""OH"": ""bridge|A_B|A""}",111,Rh3Pt,Pt3Rh9,0.5302562643781812,bridge|A_B|A
O*,"{""O"": ""hollow|A_A_B|HCP""}",111,Rh3Pt,Pt3Rh9,0.954871405836286,hollow|A_A_B|HCP
OH*,"{""OH"": ""top|B""}",111,Rh3Pt,Pt3Rh9,1.4037521627805063,top|B
OH*,"{""OH"": ""hollow|A_A_A|HCP""}",111,Rh3Pt,Pt3Rh9,0.4778138050795633,hollow|A_A_A|HCP
OH*,"{""OH"": ""bridge|A_A|A""}",111,Rh3Pt,Pt3Rh9,0.2500912574804488,bridge|A_A|A
OH*,"{""OH"": ""top-tilt|A""}",111,Rh3Pt,Pt3Rh9,0.5074063210785198,top-tilt|A
OH*,"{""OH"": ""hollow|A_A_B|FCC""}",111,Rh3Pt,Pt3Rh9,0.5930278928798316,hollow|A_A_B|FCC
OH*,"{""OH"": ""hollow|A_A_A|FCC""}",111,Rh3Pt,Pt3Rh9,0.2380586556799926,hollow|A_A_A|FCC
OH*,"{""OH"": ""bridge|A_A|B""}",111,Rh3Pt,Pt3Rh9,0.3337976920782921,bridge|A_A|B
O*,"{""O"": ""hollow|A_A_B|FCC""}",111,Rh3Pt,Pt3Rh9,0.876051183436914,hollow|A_A_B|FCC
O*,"{""O"": ""hollow|A_A_A|HCP""}",111,Rh3Pt,Pt3Rh9,0.626189590038678,hollow|A_A_A|HCP
O*,"{""O"": ""hollow|A_A_A|FCC""}",111,Rh3Pt,Pt3Rh9,0.416548462737239,hollow|A_A_A|FCC
O*,"{""O"": ""hollow|A_A_A|HCP""}",111,Ru3Pt,Pt3Ru9,-0.477115833164305,hollow|A_A_A|HCP
OH*,"{""OH"": ""top-tilt|A""}",111,Ru3Pt,Pt3Ru9,0.3187220411790576,top-tilt|A
OH*,"{""OH"": ""bridge|A_A|B""}",111,Ru3Pt,Pt3Ru9,0.033526601779954,bridge|A_A|B
OH*,"{""OH"": ""bridge-tilt|A_A|B""}",111,Ru3Pt,Pt3Ru9,0.6336222434773617,bridge-tilt|A_A|B
O*,"{""O"": ""hollow|A_A_A|FCC""}",111,Ru3Pt,Pt3Ru9,-0.288319306266374,hollow|A_A_A|FCC
OH*,"{""OH"": ""hollow|A_A_B|FCC""}",111,Ru3Pt,Pt3Ru9,0.6544854835818796,hollow|A_A_B|FCC
OH*,"{""OH"": ""hollow|A_A_A|HCP""}",111,Ru3Pt,Pt3Ru9,-0.0083172955193049,hollow|A_A_A|HCP
O*,"{""O"": ""bridge|A_A|B""}",111,Ru3Pt,Pt3Ru9,0.521436238537547,bridge|A_A|B
OH*,"{""OH"": ""hollow|A_A_A|FCC""}",111,Ru3Pt,Pt3Ru9,-0.2557249664233723,hollow|A_A_A|FCC
OH*,"{""OH"": ""top|B""}",111,Ru3Pt,Pt3Ru9,1.376012742076341,top|B
O*,"{""O"": ""hollow|A_A_A|HCP""}",111,Ta3Pt,Pt3Ta9,-2.78198970765897,hollow|A_A_A|HCP
O*,"{""O"": ""hollow|A_A_A|FCC""}",111,Ta3Pt,Pt3Ta9,-3.07249422405965,hollow|A_A_A|FCC
OH*,"{""OH"": ""top|B""}",111,Tc3Pt,Pt3Tc9,1.4222014810774226,top|B
OH*,"{""OH"": ""hollow|A_A_A|FCC""}",111,Tc3Pt,Pt3Tc9,-0.849252324219492,hollow|A_A_A|FCC
OH*,"{""OH"": ""hollow|A_A_A|HCP""}",111,Tc3Pt,Pt3Tc9,-1.1732043933217255,hollow|A_A_A|HCP
O*,"{""O"": ""top|B""}",111,Tc3Pt,Pt3Tc9,2.4674647503378,top|B
O*,"{""O"": ""top|A""}",111,Tc3Pt,Pt3Tc9,0.0397747437380644,top|A
O*,"{""O"": ""hollow|A_A_A|HCP""}",111,Tc3Pt,Pt3Tc9,-1.36325686166327,hollow|A_A_A|HCP
O*,"{""O"": ""hollow|A_A_A|FCC""}",111,Tc3Pt,Pt3Tc9,-0.860679064564636,hollow|A_A_A|FCC
O*,"{""O"": ""hollow|A_A_A|HCP""}",111,Ti3Pt,Pt3Ti9,-3.34342463966112,hollow|A_A_A|HCP
O*,"{""O"": ""hollow|A_A_A|FCC""}",111,Ti3Pt,Pt3Ti9,-3.59121340596192,hollow|A_A_A|FCC
O*,"{""O"": ""hollow|A_A_A|HCP""}",111,Zn3Pt,Pt3Zn9,0.366985648240927,hollow|A_A_A|HCP
OH*,"{""OH"": ""bridge|A_A|B""}",111,Zn3Pt,Pt3Zn9,-0.0371272121220727,bridge|A_A|B
OH*,"{""OH"": ""bridge|A_A|A""}",111,Zn3Pt,Pt3Zn9,0.160215866174326,bridge|A_A|A
O*,"{""O"": ""hollow|A_A_A|FCC""}",111,Zn3Pt,Pt3Zn9,0.493215992635498,hollow|A_A_A|FCC
OH*,"{""OH"": ""hollow|A_A_A|FCC""}",111,Zn3Pt,Pt3Zn9,0.1288203238844971,hollow|A_A_A|FCC
OH*,"{""OH"": ""hollow|A_A_A|HCP""}",111,Zn3Pt,Pt3Zn9,-0.151494753717202,hollow|A_A_A|HCP
OH*,"{""OH"": ""top|B""}",111,Zn3Pt,Pt3Zn9,1.774845777578662,top|B
"{""H2gas"": 0.5, ""OHstar"": 1}","{""OHstar"": ""hollow""}",100,Pt,Pt64,0.989883084999974,hollow
O*,{},100,PtO2-rutile,Pt6O12,2.59433684000001,
O*,{},100,PtO2-rutile,Pt6O12,2.59433684000001,
O*,{},100,PtO2-rutile,Pt6O12,2.59433684000001,
OH*,{},100,PtO2-rutile,Pt6O12,0.4092036500000091,
OH*,{},100,PtO2-rutile,Pt6O12,0.4092036500000091,
OH*,{},100,PtO2,Pt6O12,0.4082531000000102,
O*,{},100,PtO2,Pt6O12,2.59429051000001,
O*,"{""O"": ""hollow|A_B_B|HCP""}",101,PtRe,Pt6Re6,-0.650947187361624,hollow|A_B_B|HCP
O*,"{""O"": ""top|B""}",101,PtRe,Pt6Re6,-0.508573009265263,top|B
OH*,"{""OH"": ""bridge|B_B|A""}",101,PtRe,Pt6Re6,-0.6522526535219413,bridge|B_B|A
OH*,"{""OH"": ""top-tilt|A""}",101,PtRe,Pt6Re6,0.9641291267806764,top-tilt|A
OH*,"{""OH"": ""top|B""}",101,PtRe,Pt6Re6,-0.3919790322207745,top|B
OH*,"{""OH"": ""top-tilt|B""}",101,PtRe,Pt6Re6,-0.3705712923211877,top-tilt|B
OH*,"{""OH"": ""bridge|A_B|A""}",101,PtRh,Pt6Rh6,0.5855019043782477,bridge|A_B|A
OH*,"{""OH"": ""bridge|B_B|A""}",101,PtRh,Pt6Rh6,0.3332099261796202,bridge|B_B|A
O*,"{""O"": ""hollow|A_B_B|FCC""}",101,PtRh,Pt6Rh6,0.720528056437445,hollow|A_B_B|FCC
OH*,"{""OH"": ""bridge|A_B|B""}",101,PtRh,Pt6Rh6,0.5147731229779993,bridge|A_B|B
OH*,"{""OH"": ""bridge|A_A|B""}",101,PtRh,Pt6Rh6,0.7817505408792158,bridge|A_A|B
OH*,"{""OH"": ""hollow|A_A_B|FCC""}",101,PtRh,Pt6Rh6,0.8533649166791974,hollow|A_A_B|FCC
OH*,"{""OH"": ""hollow|A_B_B|FCC""}",101,PtRh,Pt6Rh6,0.5644366196801229,hollow|A_B_B|FCC
O*,"{""O"": ""hollow|A_A_B|FCC""}",101,PtRh,Pt6Rh6,1.1516254938395,hollow|A_A_B|FCC
O*,"{""O"": ""hollow|A_B_B|HCP""}",101,PtRh,Pt6Rh6,0.990014772036204,hollow|A_B_B|HCP
O*,"{""O"": ""hollow|A_A_B|HCP""}",101,PtRh,Pt6Rh6,1.32082070853704,hollow|A_A_B|HCP
OH*,"{""OH"": ""top|A""}",101,PtRh,Pt6Rh6,0.6997611446794281,top|A
OH*,"{""OH"": ""top|B""}",101,PtRh,Pt6Rh6,0.477304135879308,top|B
OH*,"{""OH"": ""hollow|A_A_B|FCC""}",101,PtRu,Pt6Ru6,0.8488934059831763,hollow|A_A_B|FCC
OH*,"{""OH"": ""top|B""}",101,PtRu,Pt6Ru6,0.1626984967778071,top|B
O*,"{""O"": ""bridge|A_A|B""}",101,PtRu,Pt6Ru6,1.94391650023664,bridge|A_A|B
O*,"{""O"": ""hollow|A_B_B|HCP""}",101,PtRu,Pt6Ru6,0.283627519336562,hollow|A_B_B|HCP
O*,"{""O"": ""hollow|A_B_B|FCC""}",101,PtRu,Pt6Ru6,0.214804895436657,hollow|A_B_B|FCC
O*,"{""O"": ""hollow|A_A_B|FCC""}",101,PtRu,Pt6Ru6,1.08915931314169,hollow|A_A_B|FCC
O*,"{""O"": ""bridge|B_B|A""}",101,PtRu,Pt6Ru6,0.413129352436783,bridge|B_B|A
O*,"{""O"": ""hollow|A_A_B|HCP""}",101,PtRu,Pt6Ru6,1.11199932423534,hollow|A_A_B|HCP
OH*,"{""OH"": ""bridge|B_B|A""}",101,PtRu,Pt6Ru6,-0.0775139399221416,bridge|B_B|A
O*,"{""O"": ""hollow|A_B_B|HCP""}",101,PtTc,Pt6Tc6,-0.452070339361114,hollow|A_B_B|HCP
OH*,"{""OH"": ""top-tilt|B""}",101,PtTc,Pt6Tc6,-0.2094385385199757,top-tilt|B
OH*,"{""OH"": ""top|B""}",101,PtTc,Pt6Tc6,-0.2065967176196181,top|B
O*,"{""O"": ""top|B""}",101,PtTc,Pt6Tc6,-0.0065405282622919,top|B
OH*,"{""OH"": ""hollow-tilt|A_B_B|HCP""}",101,PtTc,Pt6Tc6,0.770909525480306,hollow-tilt|A_B_B|HCP
OH*,"{""OH"": ""bridge|B_B|A""}",101,PtTc,Pt6Tc6,-0.5490321192183956,bridge|B_B|A
O*,"{""O"": ""hollow|A_B_B|FCC""}",101,PtTc,Pt6Tc6,-0.280935497161579,hollow|A_B_B|FCC
O*,"{""O"": ""hollow|A_B_B|FCC""}",101,PtZn,Pt6Zn6,1.02398818484272,hollow|A_B_B|FCC
OH*,"{""OH"": ""top|B""}",101,PtZn,Pt6Zn6,0.8097307823817346,top|B
OH*,"{""OH"": ""bridge|A_A|B""}",101,PtZn,Pt6Zn6,1.0413649663795468,bridge|A_A|B
O*,"{""O"": ""hollow|A_A_B|FCC""}",101,PtZn,Pt6Zn6,1.66025605514352,hollow|A_A_B|FCC
OH*,"{""OH"": ""bridge|B_B|A""}",101,PtZn,Pt6Zn6,0.3787460001811951,bridge|B_B|A
OH*,"{""OH"": ""hollow|A_A_B|FCC""}",101,PtZn,Pt6Zn6,0.7633522439836042,hollow|A_A_B|FCC
OH*,"{""OH"": ""hollow|A_B_B|FCC""}",101,PtZn,Pt6Zn6,0.287190305881154,hollow|A_B_B|FCC
OH*,"{""OH"": ""top|A""}",101,PtZn,Pt6Zn6,0.9484306073835568,top|A
O*,"{""O"": ""hollow|A_A_B|HCP""}",101,PtZn,Pt6Zn6,1.47808808523752,hollow|A_A_B|HCP
O*,{},110,PtO2,Pt8O16,2.74064549999997,
OH*,{},110,PtO2,Pt8O16,0.4991382899999905,
O*,{},110,PtO2-rutile,Pt8O16,2.72525474999998,
O*,{},110,PtO2-rutile,Pt8O16,2.72525474999998,
O*,"{""Ostar"": ""peroxo""}",110,PtO2-rutile,Pt8O16,3.51092930999999,peroxo
OH*,{},110,PtO2-rutile,Pt8O16,0.5042582600000003,
OH*,{},110,PtO2-rutile,Pt8O16,0.5042582600000003,
O*,{},110,PtO2-rutile,Pt8O16,2.72525474999998,
OH*,{},100-lc,Pt2O5-C12c,Pt8O18,0.4276092400000095,
O*,{},100-lc,Pt2O5-C12c,Pt8O18,2.79907219,
O*,{},100,Pt2O5-0.5ML,Pt8O18,2.72106084000001,
OH*,{},100,Pt2O5-0.5ML,Pt8O18,0.3785321899999871,
O*,{},100-hc,Pt2O5-C12c,Pt8O19,2.75411656999998,
OH*,{},100-hc,Pt2O5-C12c,Pt8O19,0.4115735799999811,
OH*,{},101,PtO,Pt8O8,0.0837388099999998,
O*,"{""Ostar"": ""peroxo""}",101,PtO,Pt8O8,3.62075532,peroxo
O*,{},101,PtO,Pt8O8,1.91026436,
OH*,"{""OH"": ""top|A""}",111,Pt3Re,Pt9Re3,0.9346811032854704,top|A
OH*,"{""OH"": ""top|B""}",111,Pt3Re,Pt9Re3,-0.69673278971743,top|B
OH*,"{""OH"": ""hollow|A_A_A|HCP""}",111,Pt3Re,Pt9Re3,1.789222776181191,hollow|A_A_A|HCP
OH*,"{""OH"": ""hollow|A_A_A|FCC""}",111,Pt3Re,Pt9Re3,1.152596259886991,hollow|A_A_A|FCC
O*,"{""O"": ""hollow|A_A_A|HCP""}",111,Pt3Re,Pt9Re3,2.47426188193987,hollow|A_A_A|HCP
O*,"{""O"": ""hollow|A_A_A|FCC""}",111,Pt3Re,Pt9Re3,2.190673955043,hollow|A_A_A|FCC
O*,"{""O"": ""top|A""}",111,Pt3Re,Pt9Re3,2.70579103003894,top|A
OH*,"{""OH"": ""hollow|A_A_B|HCP""}",111,Pt3Re,Pt9Re3,1.3309636157836169,hollow|A_A_B|HCP
O*,"{""O"": ""top|B""}",111,Pt3Re,Pt9Re3,-0.969138742559323,top|B
OH*,"{""OH"": ""bridge|A_A|B""}",111,Pt3Rh,Pt9Rh3,0.8021223434742524,bridge|A_A|B
OH*,"{""OH"": ""top|B""}",111,Pt3Rh,Pt9Rh3,0.5293010087742687,top|B
OH*,"{""OH"": ""hollow|A_A_B|FCC""}",111,Pt3Rh,Pt9Rh3,0.8789445699775342,hollow|A_A_B|FCC
OH*,"{""OH"": ""hollow|A_A_A|FCC""}",111,Pt3Rh,Pt9Rh3,1.1188760491758103,hollow|A_A_A|FCC
OH*,"{""OH"": ""hollow|A_A_A|HCP""}",111,Pt3Rh,Pt9Rh3,1.352738165177357,hollow|A_A_A|HCP
O*,"{""O"": ""top|B""}",111,Pt3Rh,Pt9Rh3,1.93156157963296,top|B
O*,"{""O"": ""hollow|A_A_B|HCP""}",111,Pt3Rh,Pt9Rh3,1.35912222793178,hollow|A_A_B|HCP
O*,"{""O"": ""hollow|A_A_B|FCC""}",111,Pt3Rh,Pt9Rh3,1.02603148763211,hollow|A_A_B|FCC
O*,"{""O"": ""hollow|A_A_A|HCP""}",111,Pt3Rh,Pt9Rh3,1.70999587973694,hollow|A_A_A|HCP
O*,"{""O"": ""hollow|A_A_A|FCC""}",111,Pt3Rh,Pt9Rh3,1.43782625773366,hollow|A_A_A|FCC
OH*,"{""OH"": ""bridge|A_B|A""}",111,Pt3Rh,Pt9Rh3,0.614827068577938,bridge|A_B|A
OH*,"{""OH"": ""top|A""}",111,Pt3Rh,Pt9Rh3,0.714544137180269,top|A
OH*,"{""OH"": ""bridge|A_A|A""}",111,Pt3Rh,Pt9Rh3,0.8501768309769204,bridge|A_A|A
OH*,"{""OH"": ""top|B""}",111,Pt3Ru,Pt9Ru3,0.1331261171843607,top|B
O*,"{""O"": ""hollow|A_A_A|HCP""}",111,Pt3Ru,Pt9Ru3,1.92654692964044,hollow|A_A_A|HCP
O*,"{""O"": ""hollow|A_A_B|FCC""}",111,Pt3Ru,Pt9Ru3,0.70876648003815,hollow|A_A_B|FCC
O*,"{""O"": ""hollow|A_A_B|HCP""}",111,Pt3Ru,Pt9Ru3,0.876167512138466,hollow|A_A_B|HCP
OH*,"{""OH"": ""hollow|A_A_A|FCC""}",111,Pt3Ru,Pt9Ru3,1.0613660137795478,hollow|A_A_A|FCC
OH*,"{""OH"": ""hollow|A_A_A|HCP""}",111,Pt3Ru,Pt9Ru3,1.493721977681048,hollow|A_A_A|HCP
OH*,"{""OH"": ""top|A""}",111,Pt3Ru,Pt9Ru3,0.7528825278831164,top|A
OH*,"{""OH"": ""bridge|A_A|A""}",111,Pt3Ru,Pt9Ru3,0.8662899157833408,bridge|A_A|A
OH*,"{""OH"": ""hollow|A_A_B|FCC""}",111,Pt3Ru,Pt9Ru3,0.8779084964816093,hollow|A_A_B|FCC
O*,"{""O"": ""hollow|A_A_A|FCC""}",111,Pt3Ru,Pt9Ru3,1.68356246924287,hollow|A_A_A|FCC
O*,"{""O"": ""top|A""}",111,Pt3Ru,Pt9Ru3,2.44175774784145,top|A
OH*,"{""OH"": ""hollow|A_A_A|HCP""}",111,Pt3Tc,Pt9Tc3,1.63458755668114,hollow|A_A_A|HCP
O*,"{""O"": ""hollow|A_A_A|FCC""}",111,Pt3Tc,Pt9Tc3,2.0177612571386,hollow|A_A_A|FCC
OH*,"{""OH"": ""hollow|A_A_A|FCC""}",111,Pt3Tc,Pt9Tc3,1.136205754974867,hollow|A_A_A|FCC
OH*,"{""OH"": ""top|A""}",111,Pt3Tc,Pt9Tc3,0.8243668333788037,top|A
OH*,"{""OH"": ""top|B""}",111,Pt3Tc,Pt9Tc3,-0.3008150458218779,top|B
O*,"{""O"": ""top|B""}",111,Pt3Tc,Pt9Tc3,-0.297454712064962,top|B
O*,"{""O"": ""hollow|A_A_A|HCP""}",111,Pt3Tc,Pt9Tc3,2.18345069323897,hollow|A_A_A|HCP
O*,"{""O"": ""top|B""}",111,Pt3V,Pt9V3,-0.899218411461504,top|B
O*,"{""O"": ""hollow|A_A_A|FCC""}",111,Pt3W,Pt9W3,2.51925753783854,hollow|A_A_A|FCC
O*,"{""O"": ""hollow|A_A_A|HCP""}",111,Pt3W,Pt9W3,2.63020392823802,hollow|A_A_A|HCP
O*,"{""O"": ""top|A""}",111,Pt3W,Pt9W3,2.80317200123665,top|A
O*,"{""O"": ""top|B""}",111,Pt3W,Pt9W3,-1.60292942456016,top|B
O*,"{""O"": ""hollow|A_A_B|HCP""}",111,Pt3Y,Pt9Y3,0.707591220336155,hollow|A_A_B|HCP
O*,"{""O"": ""hollow|A_A_B|FCC""}",111,Pt3Y,Pt9Y3,0.300127414138672,hollow|A_A_B|FCC
OH*,"{""OH"": ""top|A""}",111,Pt3Zn,Pt9Zn3,0.7679527364788328,top|A
OH*,"{""OH"": ""top|B""}",111,Pt3Zn,Pt9Zn3,1.2776361062759634,top|B
OH*,"{""OH"": ""hollow|A_A_B|FCC""}",111,Pt3Zn,Pt9Zn3,0.5403093740795839,hollow|A_A_B|FCC
O*,"{""O"": ""hollow|A_A_B|FCC""}",111,Pt3Zn,Pt9Zn3,1.15379369683416,hollow|A_A_B|FCC
OH*,"{""OH"": ""hollow|A_A_B|HCP""}",111,Pt3Zn,Pt9Zn3,0.8346751857797017,hollow|A_A_B|HCP
O*,"{""O"": ""hollow|A_A_B|HCP""}",111,Pt3Zn,Pt9Zn3,1.46916397583465,hollow|A_A_B|HCP
OH*,"{""OH"": ""hollow|A_A_A|HCP""}",111,Pt3Zn,Pt9Zn3,1.06047062317964,hollow|A_A_A|HCP
OH*,"{""OH"": ""hollow|A_A_A|FCC""}",111,Pt3Zn,Pt9Zn3,1.5924066462802102,hollow|A_A_A|FCC
O*,"{""O"": ""hollow|A_A_B|FCC""}",111,Pt3Zr,Pt9Zr3,0.0009484528380312,hollow|A_A_B|FCC
O*,"{""O"": ""hollow|A_A_B|HCP""}",111,Pt3Zr,Pt9Zr3,0.247719513335881,hollow|A_A_B|HCP
OH*,{},001,PtN4C26-Δz=relaxed-M,PtC26N4,1.791071240000008,
O*,{},1,PtN4C26-Δz=relaxed-M,PtC26N4,3.86885795000001,
O*,"{""O"": ""hollow|A_A_A|HCP""}",111,Re,Re12,-1.20893606966291,hollow|A_A_A|HCP
O*,"{""O"": ""hollow|A_A_A|FCC""}",111,Re,Re12,-0.715872324661348,hollow|A_A_A|FCC
OH*,{},012,Re2O3-corundum,Re12O18,-1.228741819999982,
O*,{},12,Re2O3-corundum,Re12O18,-0.64073499999995,
O*,{},12,Re2O3,Re12O18,-0.696627949999993,
OH*,{},012,Re2O3,Re12O18,-1.2846372099999712,
O*,"{""Ostar"": ""hcp""}",1,Re-hcp,Re16,-0.912195549999979,hcp
OH*,"{""OH"": ""ontop""}",0001,Re-hcp,Re16,0.1491468194799381,ontop
OH*,"{""OH"": ""hcp""}",0001,Re-hcp,Re16,-0.6360477301714127,hcp
OH*,"{""OH"": ""fcc""}",0001,Re-hcp,Re16,-0.2184076827179524,fcc
O*,{},111,Re,Re27,-0.290516910215956,
O*,{},111,Re,Re27,-0.405705424258485,
O*,{},111,Re,Re27,-0.700649286678527,
O*,{},111,Re,Re27,-0.700907250618911,
OH*,"{""OH"": ""hollow|A_A_A|HCP""}",111,Rh3Re,Re3Rh9,0.6894809559788655,hollow|A_A_A|HCP
OH*,"{""OH"": ""top|B""}",111,Rh3Re,Re3Rh9,-0.5212586842200153,top|B
OH*,"{""OH"": ""top|A""}",111,Rh3Re,Re3Rh9,0.6247056171786198,top|A
OH*,"{""OH"": ""hollow|A_A_A|FCC""}",111,Rh3Re,Re3Rh9,0.829477131280214,hollow|A_A_A|FCC
O*,"{""O"": ""top|B""}",111,Rh3Re,Re3Rh9,-0.742682068561578,top|B
O*,"{""O"": ""hollow|A_A_B|HCP""}",111,Rh3Re,Re3Rh9,-0.542194578764054,hollow|A_A_B|HCP
O*,"{""O"": ""hollow|A_A_A|HCP""}",111,Rh3Re,Re3Rh9,1.0688122729369,hollow|A_A_A|HCP
O*,"{""O"": ""hollow|A_A_A|FCC""}",111,Rh3Re,Re3Rh9,1.54596933133854,hollow|A_A_A|FCC
O*,"{""O"": ""hollow-tilt|A_A_B|HCP""}",111,Rh3Re,Re3Rh9,-0.542635675261579,hollow-tilt|A_A_B|HCP
OH*,"{""OH"": ""hollow|A_A_B|HCP""}",111,Ru3Re,Re3Ru9,-0.328697190320895,hollow|A_A_B|HCP
O*,"{""O"": ""hollow|A_A_B|FCC""}",111,Ru3Re,Re3Ru9,-0.459626804560855,hollow|A_A_B|FCC
O*,"{""O"": ""hollow|A_A_B|HCP""}",111,Ru3Re,Re3Ru9,-0.867009112760741,hollow|A_A_B|HCP
OH*,"{""OH"": ""hollow|A_A_A|FCC""}",111,Ru3Re,Re3Ru9,0.3184092462805665,hollow|A_A_A|FCC
OH*,"{""OH"": ""top|B""}",111,Ru3Re,Re3Ru9,-0.036343932420209,top|B
OH*,"{""OH"": ""hollow|A_A_B|FCC""}",111,Ru3Re,Re3Ru9,-0.2863955974199825,hollow|A_A_B|FCC
OH*,"{""OH"": ""top|A""}",111,Ru3Re,Re3Ru9,0.3099635130791967,top|A
O*,"{""O"": ""hollow|A_A_A|HCP""}",111,Ru3Re,Re3Ru9,-0.222671434461688,hollow|A_A_A|HCP
OH*,"{""OH"": ""hollow|A_A_A|HCP""}",111,Ru3Re,Re3Ru9,-0.0380370247213477,hollow|A_A_A|HCP
O*,"{""O"": ""hollow|A_A_A|FCC""}",111,Ru3Re,Re3Ru9,0.31842897453663,hollow|A_A_A|FCC
OH*,"{""OH"": ""bridge|A_B|A""}",111,Ru3Re,Re3Ru9,-0.3300272827210619,bridge|A_B|A
O*,"{""O"": ""top|B""}",111,Tc3Re,Re3Tc9,-0.478021700062698,top|B
OH*,"{""OH"": ""hollow|A_A_B|HCP""}",111,Tc3Re,Re3Tc9,-0.757077707020585,hollow|A_A_B|HCP
O*,"{""O"": ""top|A""}",111,Tc3Re,Re3Tc9,-0.021520395061259,top|A
O*,"{""O"": ""hollow|A_A_A|HCP""}",111,Tc3Re,Re3Tc9,-1.20994193846144,hollow|A_A_A|HCP
O*,"{""O"": ""hollow|A_A_B|HCP""}",111,Tc3Re,Re3Tc9,-1.34171932346015,hollow|A_A_B|HCP
OH*,"{""OH"": ""hollow|A_A_A|HCP""}",111,Tc3Re,Re3Tc9,-0.7258205346180375,hollow|A_A_A|HCP
OH*,"{""OH"": ""hollow|A_A_B|FCC""}",111,Tc3Re,Re3Tc9,-0.4659639277189171,hollow|A_A_B|FCC
OH*,"{""OH"": ""top|B""}",111,Tc3Re,Re3Tc9,-0.0218465235185476,top|B
OH*,"{""OH"": ""hollow|A_A_B|HCP""}",111,Zn3Re,Re3Zn9,0.0095789512751025,hollow|A_A_B|HCP
OH*,"{""OH"": ""hollow|A_A_A|FCC""}",111,Zn3Re,Re3Zn9,0.8005005448766269,hollow|A_A_A|FCC
OH*,"{""OH"": ""bridge|A_B|A""}",111,Zn3Re,Re3Zn9,-0.1198934934246835,bridge|A_B|A
OH*,"{""OH"": ""hollow|A_A_A|HCP""}",111,Zn3Re,Re3Zn9,0.367125514673603,hollow|A_A_A|HCP
O*,"{""O"": ""hollow|A_A_B|HCP""}",111,Zn3Re,Re3Zn9,-0.114046719467467,hollow|A_A_B|HCP
O*,"{""O"": ""hollow|A_A_B|FCC""}",111,Zn3Re,Re3Zn9,-0.0091088747687422,hollow|A_A_B|FCC
O*,"{""O"": ""top|B""}",111,Zn3Re,Re3Zn9,-0.299831218264615,top|B
O*,"{""O"": ""hollow|A_A_A|FCC""}",111,Zn3Re,Re3Zn9,1.54981824543557,hollow|A_A_A|FCC
OH*,"{""OH"": ""hollow|A_A_B|FCC""}",111,Zn3Re,Re3Zn9,-0.0521804137271146,hollow|A_A_B|FCC
OH*,"{""OH"": ""top|B""}",111,Zn3Re,Re3Zn9,-0.1518954414233349,top|B
OH*,{},001,ReO3-Pm3m,Re4O12,-0.5072324000000208,
O*,{},1,ReO3-Pm3m,Re4O12,0.606544429999985,
O*,{},100,ReO2-rutile,Re6O12,0.0921324999999911,
OH*,{},100,ReO2-rutile,Re6O12,-0.5968070200000284,
O*,{},100,ReO2-rutile,Re6O12,0.0921324999999911,
OH*,"{""OH"": ""top|A""}",101,ReRh,Re6Rh6,-0.3187134696191833,top|A
OH*,"{""OH"": ""top-tilt|B""}",101,ReRh,Re6Rh6,0.7712537494816161,top-tilt|B
OH*,"{""OH"": ""bridge|A_A|B""}",101,ReRh,Re6Rh6,-0.6517198546199552,bridge|A_A|B
O*,"{""O"": ""hollow|A_A_B|FCC""}",101,ReRh,Re6Rh6,-0.730291501062482,hollow|A_A_B|FCC
O*,"{""O"": ""hollow|A_A_B|HCP""}",101,ReRh,Re6Rh6,-1.07137082336357,hollow|A_A_B|HCP
O*,"{""O"": ""top|A""}",101,ReRh,Re6Rh6,-0.530262931162895,top|A
OH*,"{""OH"": ""top|B""}",101,ReRh,Re6Rh6,0.9133847939818908,top|B
OH*,"{""OH"": ""top|B""}",101,ReRu,Re6Ru6,0.3780816342813295,top|B
OH*,"{""OH"": ""top|A""}",101,ReRu,Re6Ru6,-0.282508043018538,top|A
OH*,"{""OH"": ""hollow|A_A_B|HCP""}",101,ReRu,Re6Ru6,-0.5072869991191737,hollow|A_A_B|HCP
OH*,"{""OH"": ""bridge|A_A|B""}",101,ReRu,Re6Ru6,-0.4616895635182345,bridge|A_A|B
O*,"{""O"": ""hollow|A_B_B|HCP""}",101,ReRu,Re6Ru6,-0.735125467261412,hollow|A_B_B|HCP
O*,"{""O"": ""hollow|A_B_B|FCC""}",101,ReRu,Re6Ru6,-0.230333751962633,hollow|A_B_B|FCC
O*,"{""O"": ""hollow|A_A_B|HCP""}",101,ReRu,Re6Ru6,-1.17916423056175,hollow|A_A_B|HCP
O*,"{""O"": ""hollow|A_A_B|FCC""}",101,ReRu,Re6Ru6,-0.723842402960315,hollow|A_A_B|FCC
OH*,"{""OH"": ""hollow|A_A_B|FCC""}",101,ReRu,Re6Ru6,-0.4406698579178965,hollow|A_A_B|FCC
OH*,"{""OH"": ""hollow|A_B_B|HCP""}",101,ReRu,Re6Ru6,-0.2412291900210448,hollow|A_B_B|HCP
O*,"{""O"": ""hollow|A_A_B|HCP""}",101,ReTc,Re6Tc6,-1.34952245985932,hollow|A_A_B|HCP
O*,"{""O"": ""hollow|A_A_B|FCC""}",101,ReTc,Re6Tc6,-0.835093969061006,hollow|A_A_B|FCC
O*,"{""O"": ""hollow|A_B_B|FCC""}",101,ReTc,Re6Tc6,-0.782332592360206,hollow|A_B_B|FCC
O*,"{""O"": ""hollow|A_B_B|HCP""}",101,ReTc,Re6Tc6,-1.25548182205984,hollow|A_B_B|HCP
OH*,"{""OH"": ""top|B""}",101,ReTc,Re6Tc6,0.0075353763830889,top|B
OH*,"{""OH"": ""top|A""}",101,ReTc,Re6Tc6,0.0429911292820861,top|A
OH*,"{""OH"": ""hollow|A_B_B|FCC""}",101,ReTc,Re6Tc6,-0.4073133272169116,hollow|A_B_B|FCC
OH*,"{""OH"": ""hollow|A_A_B|FCC""}",101,ReTc,Re6Tc6,-0.3847156335169757,hollow|A_A_B|FCC
OH*,"{""OH"": ""hollow|A_A_B|HCP""}",101,ReTc,Re6Tc6,-0.6700844094185641,hollow|A_A_B|HCP
OH*,"{""OH"": ""hollow|A_B_B|HCP""}",101,ReTc,Re6Tc6,-0.6652319393170956,hollow|A_B_B|HCP
O*,"{""O"": ""top|A""}",101,ReTc,Re6Tc6,-0.408230486959098,top|A
OH*,"{""OH"": ""bridge|A_A|B""}",101,ReZn,Re6Zn6,-0.5285370491211552,bridge|A_A|B
OH*,"{""OH"": ""top|A""}",101,ReZn,Re6Zn6,-0.124661744123955,top|A
OH*,"{""OH"": ""bridge|A_B|B""}",101,ReZn,Re6Zn6,0.4444723767782079,bridge|A_B|B
O*,"{""O"": ""hollow|A_A_B|HCP""}",101,ReZn,Re6Zn6,-0.41772453876564,hollow|A_A_B|HCP
O*,"{""O"": ""hollow|A_A_B|FCC""}",101,ReZn,Re6Zn6,-0.59536249356114,hollow|A_A_B|FCC
OH*,"{""OH"": ""bridge|B_B|A""}",101,ReZn,Re6Zn6,0.5330628464770371,bridge|B_B|A
O*,{},110,ReO2,Re8O16,-0.498206950000025,
OH*,{},110,ReO2,Re8O16,-1.2455958300000134,
O*,{},110,ReO2-rutile,Re8O16,-0.496999590000002,
O*,{},110,ReO2-rutile,Re8O16,-0.496999590000002,
OH*,{},110,ReO2-rutile,Re8O16,-1.2456720500000245,
O*,{},100,Re2O5-0.5ML,Re8O18,0.111315419999983,
OH*,{},100,Re2O5-0.5ML,Re8O18,-0.8598805200000186,
OH*,{},100-lc,Re2O5-C12c,Re8O18,-0.8600174800000104,
O*,{},100-lc,Re2O5-C12c,Re8O18,0.111472949999978,
O*,{},100-hc,Re2O5-C12c,Re8O19,0.294667059999995,
OH*,{},100-hc,Re2O5-C12c,Re8O19,-0.6760553100000095,
O*,"{""O"": ""hollow|A_A_A|FCC""}",111,Re3Rh,Re9Rh3,-1.03163172656076,hollow|A_A_A|FCC
O*,"{""O"": ""hollow|A_A_A|HCP""}",111,Re3Rh,Re9Rh3,-1.46895485636213,hollow|A_A_A|HCP
O*,"{""O"": ""hollow|A_A_B|HCP""}",111,Re3Rh,Re9Rh3,-0.784246913263075,hollow|A_A_B|HCP
OH*,"{""OH"": ""hollow|A_A_A|FCC""}",111,Re3Rh,Re9Rh3,-0.6247833057196885,hollow|A_A_A|FCC
OH*,"{""OH"": ""top|A""}",111,Re3Rh,Re9Rh3,-0.2376270831183546,top|A
OH*,"{""OH"": ""top|B""}",111,Re3Rh,Re9Rh3,1.3015410348788237,top|B
OH*,"{""OH"": ""hollow|A_A_A|HCP""}",111,Re3Rh,Re9Rh3,-0.9217852203211124,hollow|A_A_A|HCP
OH*,"{""OH"": ""hollow|A_A_A|FCC""}",111,Re3Ru,Re9Ru3,-0.4613457477199745,hollow|A_A_A|FCC
OH*,"{""OH"": ""top|A""}",111,Re3Ru,Re9Ru3,-0.228091397918547,top|A
OH*,"{""OH"": ""hollow|A_A_B|HCP""}",111,Re3Ru,Re9Ru3,-0.3476535926193946,hollow|A_A_B|HCP
OH*,"{""OH"": ""hollow|A_A_A|HCP""}",111,Re3Ru,Re9Ru3,-0.6820570101182284,hollow|A_A_A|HCP
OH*,"{""OH"": ""bridge|A_A|B""}",111,Re3Ru,Re9Ru3,-0.0465186770189802,bridge|A_A|B
O*,"{""O"": ""hollow|A_A_B|FCC""}",111,Re3Ru,Re9Ru3,-0.514041817059649,hollow|A_A_B|FCC
O*,"{""O"": ""hollow|A_A_B|HCP""}",111,Re3Ru,Re9Ru3,-1.06923309696157,hollow|A_A_B|HCP
OH*,"{""OH"": ""top|B""}",111,Re3Ru,Re9Ru3,0.8591048859824468,top|B
O*,"{""O"": ""hollow|A_A_A|HCP""}",111,Re3Ru,Re9Ru3,-1.34796977826062,hollow|A_A_A|HCP
O*,"{""O"": ""hollow|A_A_A|FCC""}",111,Re3Ru,Re9Ru3,-0.914077867863114,hollow|A_A_A|FCC
OH*,"{""OH"": ""bridge|A_B|A""}",111,Re3Ru,Re9Ru3,-0.0204496270190475,bridge|A_B|A
OH*,"{""OH"": ""hollow|A_A_B|HCP""}",111,Re3Tc,Re9Tc3,-0.6010211008207307,hollow|A_A_B|HCP
OH*,"{""OH"": ""hollow|A_A_A|HCP""}",111,Re3Tc,Re9Tc3,-0.5868451943198352,hollow|A_A_A|HCP
O*,"{""O"": ""hollow|A_A_B|HCP""}",111,Re3Tc,Re9Tc3,-1.27865408416272,hollow|A_A_B|HCP
O*,"{""O"": ""hollow|A_A_B|FCC""}",111,Re3Tc,Re9Tc3,-0.762481615762397,hollow|A_A_B|FCC
O*,"{""O"": ""hollow|A_A_A|HCP""}",111,Re3Tc,Re9Tc3,-1.34639083776,hollow|A_A_A|HCP
O*,"{""O"": ""hollow|A_A_A|FCC""}",111,Re3Tc,Re9Tc3,-0.791513032960381,hollow|A_A_A|FCC
OH*,"{""OH"": ""top|B""}",111,Re3Tc,Re9Tc3,0.3365591032824113,top|B
OH*,"{""OH"": ""hollow|A_A_A|FCC""}",111,Re3Tc,Re9Tc3,-0.2836239819181401,hollow|A_A_A|FCC
OH*,"{""OH"": ""top|A""}",111,Re3Tc,Re9Tc3,0.115251503379909,top|A
OH*,"{""OH"": ""hollow|A_A_B|FCC""}",111,Re3Tc,Re9Tc3,-0.3262915679180196,hollow|A_A_B|FCC
OH*,"{""OH"": ""hollow|A_A_A|HCP""}",111,Re3Zn,Re9Zn3,-0.7407965918201853,hollow|A_A_A|HCP
OH*,"{""OH"": ""top-tilt|A""}",111,Re3Zn,Re9Zn3,0.0077813672804722,top-tilt|A
OH*,"{""OH"": ""top|B""}",111,Re3Zn,Re9Zn3,1.458328674879226,top|B
O*,"{""O"": ""hollow|A_A_B|HCP""}",111,Re3Zn,Re9Zn3,-0.0160925403653778,hollow|A_A_B|HCP
OH*,"{""OH"": ""bridge|A_A|A""}",111,Re3Zn,Re9Zn3,-0.1172807923240952,bridge|A_A|A
O*,"{""O"": ""hollow|A_A_A|HCP""}",111,Re3Zn,Re9Zn3,-1.46111729756757,hollow|A_A_A|HCP
OH*,"{""OH"": ""hollow|A_A_A|FCC""}",111,Re3Zn,Re9Zn3,-0.2895545670209003,hollow|A_A_A|FCC
O*,"{""O"": ""top|B""}",111,Re3Zn,Re9Zn3,3.45367224163402,top|B
O*,"{""O"": ""top|A""}",111,Re3Zn,Re9Zn3,-0.201771731062934,top|A
O*,"{""O"": ""hollow|A_A_A|FCC""}",111,Re3Zn,Re9Zn3,-0.996133387761972,hollow|A_A_A|FCC
OH*,{},001,ReN4C26-Δz=relaxed-M,ReC26N4,-1.6852865200000906,
O*,{},1,ReN4C26-Δz=relaxed-M,ReC26N4,-2.32869092000004,
O*,"{""O"": ""hollow|A_A_A|HCP""}",111,Rh,Rh12,0.598425406936997,hollow|A_A_A|HCP
O*,"{""O"": ""hollow|A_A_A|FCC""}",111,Rh,Rh12,0.595410113437367,hollow|A_A_A|FCC
O*,"{""O"": ""top|A""}",111,Rh,Rh12,1.81037677003752,top|A
O*,{},12,Rh2O3-corundum,Rh12O18,2.18810898999999,
OH*,{},012,Rh2O3-corundum,Rh12O18,0.1943174399999634,
O*,{},12,Rh2O3,Rh12O18,1.70693986999999,
OH*,{},012,Rh2O3,Rh12O18,0.1811715300000003,
OH*,"{""OH"": ""fcc""}",111+5%,Rh-fcc,Rh16,0.0896353869102313,fcc
OH*,"{""OH"": ""ontop""}",111,Rh-fcc,Rh16,1.1479820255626692,ontop
OH*,"{""OH"": ""hcp""}",111,Rh-fcc,Rh16,0.4470537846791558,hcp
OH*,"{""OH"": ""fcc""}",111,Rh-fcc,Rh16,0.268338531255722,fcc
O*,"{""Ostar"": ""fcc""}",111,Rh-fcc,Rh16,0.686731879999996,fcc
"{""Ostar"": 1.0}","{""O"": ""bridge""}",111,Rh,Rh16,1.12224844494,bridge
"{""Ostar"": 1.0}","{""O"": ""fcc""}",111,Rh,Rh16,0.682900277069,fcc
"{""Ostar"": 1.0}","{""O"": ""ontop""}",111,Rh,Rh16,1.9879490309,ontop
OH*,"{""OH"": ""fcc""}",111+8%,Rh-fcc,Rh16,0.0082560699229361,fcc
OH*,"{""OH"": ""fcc""}",111-1%,Rh-fcc,Rh16,0.3075623805270879,fcc
OH*,"{""OH"": ""fcc""}",111-2%,Rh-fcc,Rh16,0.3441853657277534,fcc
OH*,"{""OH"": ""fcc""}",111+2%,Rh-fcc,Rh16,0.189200343847915,fcc
OH*,"{""OH"": ""fcc""}",111-5%,Rh-fcc,Rh16,0.3634458553497097,fcc
OH*,"{""OH"": ""fcc""}",111-3%,Rh-fcc,Rh16,0.3719238341000164,fcc
O*,{},110,RhO2,Rh16O32,2.66152659180079,
O*,{},111,Rh,Rh27,0.971644681223552,
O*,{},111,Rh,Rh27,0.548512405694055,
O*,{},111,Rh,Rh27,1.7804456177837,
O*,{},111,Rh,Rh27,0.548581726696284,
OH*,{},111,Rh-fcc,Rh27,0.2014642512076534,
"{""H2gas"": 0.5, ""OHstar"": 1}",,111,Rh,Rh36,0.243731115726,nan
"{""H2gas"": 0.5, ""OHstar"": 1}",{},100,Rh-fcc,Rh36,-0.0207145308086182,
OH*,"{""OH"": ""bridge|A_A|A""}",111,Ru3Rh,Rh3Ru9,-0.1530479795211476,bridge|A_A|A
OH*,"{""OH"": ""bridge|A_B|A""}",111,Ru3Rh,Rh3Ru9,0.212673427777986,bridge|A_B|A
OH*,"{""OH"": ""hollow|A_A_A|HCP""}",111,Ru3Rh,Rh3Ru9,-0.0406314941202481,hollow|A_A_A|HCP
OH*,"{""OH"": ""hollow|A_A_A|FCC""}",111,Ru3Rh,Rh3Ru9,-0.2083917165210778,hollow|A_A_A|FCC
O*,"{""O"": ""hollow|A_A_A|FCC""}",111,Ru3Rh,Rh3Ru9,-0.160193824962505,hollow|A_A_A|FCC
O*,"{""O"": ""hollow|A_A_A|HCP""}",111,Ru3Rh,Rh3Ru9,-0.526362043161669,hollow|A_A_A|HCP
O*,"{""O"": ""hollow|A_A_B|FCC""}",111,Ru3Rh,Rh3Ru9,0.340477270437816,hollow|A_A_B|FCC
OH*,"{""OH"": ""top-tilt|A""}",111,Ru3Rh,Rh3Ru9,0.2537967677789083,top-tilt|A
O*,"{""O"": ""hollow|A_A_B|HCP""}",111,Ru3Rh,Rh3Ru9,0.103704080538421,hollow|A_A_B|HCP
OH*,"{""OH"": ""bridge|A_A|B""}",111,Ru3Rh,Rh3Ru9,0.0191600796796365,bridge|A_A|B
OH*,"{""OH"": ""top|B""}",111,Ru3Rh,Rh3Ru9,1.0375386376771305,top|B
OH*,"{""OH"": ""top-tilt|A""}",111,Tc3Rh,Rh3Tc9,-0.1862040983206725,top-tilt|A
OH*,"{""OH"": ""top|B""}",111,Tc3Rh,Rh3Tc9,1.0167454668816165,top|B
OH*,"{""OH"": ""hollow|A_A_A|FCC""}",111,Tc3Rh,Rh3Tc9,-0.8617560911217197,hollow|A_A_A|FCC
OH*,"{""OH"": ""bridge|A_A|A""}",111,Tc3Rh,Rh3Tc9,-0.6643106979200866,bridge|A_A|A
OH*,"{""OH"": ""hollow|A_A_A|HCP""}",111,Tc3Rh,Rh3Tc9,-1.1251100410182744,hollow|A_A_A|HCP
O*,"{""O"": ""top|B""}",111,Tc3Rh,Rh3Tc9,1.87704221143923,top|B
O*,"{""O"": ""top|A""}",111,Tc3Rh,Rh3Tc9,-0.131607041661653,top|A
O*,"{""O"": ""hollow|A_A_B|HCP""}",111,Tc3Rh,Rh3Tc9,-0.800553471061164,hollow|A_A_B|HCP
O*,"{""O"": ""hollow|A_A_A|HCP""}",111,Tc3Rh,Rh3Tc9,-1.40682038236281,hollow|A_A_A|HCP
O*,"{""O"": ""hollow|A_A_A|FCC""}",111,Tc3Rh,Rh3Tc9,-1.03605738596178,hollow|A_A_A|FCC
O*,"{""O"": ""hollow|A_A_A|HCP""}",111,Zn3Rh,Rh3Zn9,0.568278867136371,hollow|A_A_A|HCP
O*,"{""O"": ""hollow|A_A_A|FCC""}",111,Zn3Rh,Rh3Zn9,0.672603639231795,hollow|A_A_A|FCC
OH*,"{""OH"": ""hollow|A_A_A|HCP""}",111,Zn3Rh,Rh3Zn9,-0.0959119647260422,hollow|A_A_A|HCP
OH*,"{""OH"": ""hollow|A_A_B|HCP""}",111,Zn3Rh,Rh3Zn9,0.3392647311746941,hollow|A_A_B|HCP
OH*,"{""OH"": ""bridge|A_A|A""}",111,Zn3Rh,Rh3Zn9,0.2266470175790118,bridge|A_A|A
OH*,"{""OH"": ""bridge|A_A|B""}",111,Zn3Rh,Rh3Zn9,-0.0002508890203216,bridge|A_A|B
OH*,"{""OH"": ""hollow|A_A_A|FCC""}",111,Zn3Rh,Rh3Zn9,0.2361144022769394,hollow|A_A_A|FCC
OH*,"{""OH"": ""top|B""}",111,Zn3Rh,Rh3Zn9,1.4353013133776358,top|B
O*,{},100,RhO2,Rh6O12,2.68660842,
OH*,{},100,RhO2,Rh6O12,0.6204084900000026,
OH*,{},100,RhO2-rutile,Rh6O12,0.6185678900000084,
OH*,{},100,RhO2-rutile,Rh6O12,0.6185678900000084,
O*,{},100,RhO2-rutile,Rh6O12,2.69526089000001,
O*,{},100,RhO2-rutile,Rh6O12,2.69526089000001,
O*,{},100,RhO2-rutile,Rh6O12,2.69526089000001,
OH*,"{""OH"": ""bridge|B_B|A""}",101,RhRu,Rh6Ru6,-0.1740667327204619,bridge|B_B|A
OH*,"{""OH"": ""hollow|A_B_B|FCC""}",101,RhRu,Rh6Ru6,0.3208095624803491,hollow|A_B_B|FCC
O*,"{""O"": ""hollow|A_A_B|HCP""}",101,RhRu,Rh6Ru6,0.445160280538232,hollow|A_A_B|HCP
OH*,"{""OH"": ""top|B""}",101,RhRu,Rh6Ru6,0.1687962957811351,top|B
O*,"{""O"": ""hollow|A_B_B|FCC""}",101,RhRu,Rh6Ru6,0.0238043825409591,hollow|A_B_B|FCC
O*,"{""O"": ""hollow|A_B_B|HCP""}",101,RhRu,Rh6Ru6,-0.140506524862019,hollow|A_B_B|HCP
OH*,"{""OH"": ""bridge|A_A|B""}",101,RhRu,Rh6Ru6,0.6088928098805582,bridge|A_A|B
OH*,"{""OH"": ""hollow|A_A_B|FCC""}",101,RhRu,Rh6Ru6,0.3164863538812597,hollow|A_A_B|FCC
OH*,"{""OH"": ""hollow|A_B_B|HCP""}",101,RhRu,Rh6Ru6,0.1927205444816309,hollow|A_B_B|HCP
OH*,"{""OH"": ""top-tilt|A""}",101,RhRu,Rh6Ru6,0.514183044179731,top-tilt|A
O*,"{""O"": ""hollow|A_A_B|FCC""}",101,RhRu,Rh6Ru6,0.607068286640981,hollow|A_A_B|FCC
OH*,"{""OH"": ""top-tilt|A""}",101,RhTc,Rh6Tc6,0.6024332355817705,top-tilt|A
O*,"{""O"": ""top|B""}",101,RhTc,Rh6Tc6,-0.102463921659535,top|B
O*,"{""O"": ""hollow|A_B_B|HCP""}",101,RhTc,Rh6Tc6,-0.907115018959473,hollow|A_B_B|HCP
OH*,"{""OH"": ""bridge|B_B|A""}",101,RhTc,Rh6Tc6,-0.6418936878172872,bridge|B_B|A
O*,"{""O"": ""hollow|A_A_B|HCP""}",101,RhTc,Rh6Tc6,-0.0168901059589075,hollow|A_A_B|HCP
O*,"{""O"": ""hollow|A_B_B|FCC""}",101,RhTc,Rh6Tc6,-0.57951730466101,hollow|A_B_B|FCC
OH*,"{""OH"": ""top|B""}",101,RhTc,Rh6Tc6,-0.1636849094203398,top|B
OH*,"{""OH"": ""hollow-tilt|A_A_B|HCP""}",101,RhTc,Rh6Tc6,-0.0160902273192959,hollow-tilt|A_A_B|HCP
OH*,"{""OH"": ""bridge|A_A|B""}",101,RhZn,Rh6Zn6,0.5521127199798457,bridge|A_A|B
OH*,"{""OH"": ""top|B""}",101,RhZn,Rh6Zn6,1.0201292024838722,top|B
O*,"{""O"": ""4fold|A_A_B_B""}",101,RhZn,Rh6Zn6,0.928770382542837,4fold|A_A_B_B
O*,"{""O"": ""hollow|A_A_B|FCC""}",101,RhZn,Rh6Zn6,0.741982055736855,hollow|A_A_B|FCC
O*,"{""O"": ""hollow|A_B_B|HCP""}",101,RhZn,Rh6Zn6,0.926462312938213,hollow|A_B_B|HCP
O*,"{""O"": ""top|A""}",101,RhZn,Rh6Zn6,1.84905013304143,top|A
O*,"{""O"": ""bridge|A_A|B""}",101,RhZn,Rh6Zn6,0.993629396241715,bridge|A_A|B
OH*,"{""OH"": ""bridge|B_B|A""}",101,RhZn,Rh6Zn6,0.2885246160848282,bridge|B_B|A
OH*,"{""OH"": ""hollow|A_A_B|FCC""}",101,RhZn,Rh6Zn6,0.3607953304789362,hollow|A_A_B|FCC
OH*,"{""OH"": ""hollow|A_B_B|HCP""}",101,RhZn,Rh6Zn6,0.2350131575848308,hollow|A_B_B|HCP
OH*,"{""OH"": ""top|A""}",101,RhZn,Rh6Zn6,0.9942817891832192,top|A
OH*,"{""OH"": ""hollow|A_B_B|FCC""}",101,RhZn,Rh6Zn6,0.2627570682788018,hollow|A_B_B|FCC
O*,"{""O"": ""top|B""}",101,RhZn,Rh6Zn6,2.86300888203897,top|B
O*,{},110,RhO2-rutile,Rh8O16,2.54176887999998,
OH*,{},110,RhO2-rutile,Rh8O16,0.4624788099999648,
OH*,{},110,RhO2-rutile,Rh8O16,0.4624788099999648,
O*,"{""Ostar"": ""peroxo""}",110,RhO2-rutile,Rh8O16,3.43987665999998,peroxo
O*,{},110,RhO2-rutile,Rh8O16,2.54176887999998,
O*,{},110,RhO2-rutile,Rh8O16,2.54176887999998,
OH*,{},110,RhO2,Rh8O16,0.4700631899999905,
O*,{},110,RhO2,Rh8O16,2.52742724999999,
O*,{},100,Rh2O5-0.5ML,Rh8O18,2.93160602999998,
OH*,{},100,Rh2O5-0.5ML,Rh8O18,0.6723910599999954,
O*,{},100-lc,Rh2O5-C12c,Rh8O18,2.96156450999999,
OH*,{},100-lc,Rh2O5-C12c,Rh8O18,0.6903577299999881,
O*,{},100-hc,Rh2O5-C12c,Rh8O19,2.75815846,
OH*,{},100-hc,Rh2O5-C12c,Rh8O19,0.8179115000000081,
OH*,"{""OH"": ""hollow|A_A_B|HCP""}",111,Rh3Ru,Rh9Ru3,0.2047670241817059,hollow|A_A_B|HCP
O*,"{""O"": ""bridge|A_B|A""}",111,Rh3Ru,Rh9Ru3,0.505401114238168,bridge|A_B|A
O*,"{""O"": ""hollow|A_A_A|FCC""}",111,Rh3Ru,Rh9Ru3,0.9757194076372,hollow|A_A_A|FCC
O*,"{""O"": ""hollow|A_A_A|HCP""}",111,Rh3Ru,Rh9Ru3,0.800975927737284,hollow|A_A_A|HCP
OH*,"{""OH"": ""top|B""}",111,Rh3Ru,Rh9Ru3,0.5775549557810109,top|B
O*,"{""O"": ""hollow|A_A_B|FCC""}",111,Rh3Ru,Rh9Ru3,0.265972365337632,hollow|A_A_B|FCC
OH*,"{""OH"": ""hollow|A_A_A|FCC""}",111,Rh3Ru,Rh9Ru3,0.4674110290806084,hollow|A_A_A|FCC
OH*,"{""OH"": ""hollow|A_A_B|FCC""}",111,Rh3Ru,Rh9Ru3,0.1330443469786359,hollow|A_A_B|FCC
OH*,"{""OH"": ""top|A""}",111,Rh3Ru,Rh9Ru3,0.501502267180399,top|A
OH*,"{""OH"": ""bridge|A_B|A""}",111,Rh3Ru,Rh9Ru3,0.0377681762810198,bridge|A_B|A
OH*,"{""OH"": ""hollow|A_A_A|HCP""}",111,Rh3Ru,Rh9Ru3,0.5042632701814682,hollow|A_A_A|HCP
O*,"{""O"": ""hollow|A_A_B|HCP""}",111,Rh3Ru,Rh9Ru3,0.206352223340048,hollow|A_A_B|HCP
O*,"{""O"": ""hollow|A_A_B|FCC""}",111,Rh3Sc,Rh9Sc3,-0.459278498961965,hollow|A_A_B|FCC
O*,"{""O"": ""hollow|A_A_B|HCP""}",111,Rh3Sc,Rh9Sc3,-0.353890577960726,hollow|A_A_B|HCP
O*,"{""O"": ""hollow|A_A_A|HCP""}",111,Rh3Sn,Rh9Sn3,0.779228861938293,hollow|A_A_A|HCP
O*,"{""O"": ""hollow|A_A_A|FCC""}",111,Rh3Sn,Rh9Sn3,0.907025493539379,hollow|A_A_A|FCC
O*,"{""O"": ""hollow|A_A_B|HCP""}",111,Rh3Sn,Rh9Sn3,1.11086365713692,hollow|A_A_B|HCP
O*,"{""O"": ""hollow|A_A_B|HCP""}",111,Rh3Ta,Rh9Ta3,-0.671508789262759,hollow|A_A_B|HCP
O*,"{""O"": ""hollow|A_A_B|FCC""}",111,Rh3Ta,Rh9Ta3,-0.802604801163568,hollow|A_A_B|FCC
OH*,"{""OH"": ""hollow|A_A_A|FCC""}",111,Rh3Tc,Rh9Tc3,0.7008555864784967,hollow|A_A_A|FCC
OH*,"{""OH"": ""hollow|A_A_B|HCP""}",111,Rh3Tc,Rh9Tc3,-0.0565006290227074,hollow|A_A_B|HCP
O*,"{""O"": ""hollow|A_A_B|HCP""}",111,Rh3Tc,Rh9Tc3,-0.2297178222654,hollow|A_A_B|HCP
OH*,"{""OH"": ""bridge|A_B|A""}",111,Rh3Tc,Rh9Tc3,-0.1930327951223489,bridge|A_B|A
O*,"{""O"": ""hollow|A_A_B|FCC""}",111,Rh3Tc,Rh9Tc3,-0.175330837562967,hollow|A_A_B|FCC
OH*,"{""OH"": ""hollow|A_A_B|FCC""}",111,Rh3Tc,Rh9Tc3,-0.1023489536229362,hollow|A_A_B|FCC
OH*,"{""OH"": ""top|A""}",111,Rh3Tc,Rh9Tc3,0.5212724259771448,top|A
OH*,"{""OH"": ""top|B""}",111,Rh3Tc,Rh9Tc3,0.0956561776773696,top|B
OH*,"{""OH"": ""hollow|A_A_A|HCP""}",111,Rh3Tc,Rh9Tc3,0.5674447021782498,hollow|A_A_A|HCP
O*,"{""O"": ""bridge|A_B|A""}",111,Rh3Tc,Rh9Tc3,-0.102785832365214,bridge|A_B|A
O*,"{""O"": ""hollow|A_A_B|HCP""}",111,Rh3Zn,Rh9Zn3,0.823604098240878,hollow|A_A_B|HCP
OH*,"{""OH"": ""bridge|A_A|A""}",111,Rh3Zn,Rh9Zn3,0.3273962139836612,bridge|A_A|A
O*,"{""O"": ""hollow|A_A_A|HCP""}",111,Rh3Zn,Rh9Zn3,0.376103502636227,hollow|A_A_A|HCP
O*,"{""O"": ""hollow|A_A_A|FCC""}",111,Rh3Zn,Rh9Zn3,0.395051197436089,hollow|A_A_A|FCC
OH*,"{""OH"": ""hollow|A_A_A|FCC""}",111,Rh3Zn,Rh9Zn3,0.6481721703793255,hollow|A_A_A|FCC
OH*,"{""OH"": ""hollow|A_A_B|FCC""}",111,Rh3Zn,Rh9Zn3,0.3351303695789056,hollow|A_A_B|FCC
OH*,"{""OH"": ""top|A""}",111,Rh3Zn,Rh9Zn3,0.5459599539798319,top|A
OH*,"{""OH"": ""top|B""}",111,Rh3Zn,Rh9Zn3,1.0882685484801868,top|B
OH*,"{""OH"": ""hollow|A_A_A|HCP""}",111,Rh3Zn,Rh9Zn3,0.2438661092791108,hollow|A_A_A|HCP
O*,"{""O"": ""hollow|A_A_B|FCC""}",111,Rh3Zr,Rh9Zr3,-0.582747704062228,hollow|A_A_B|FCC
O*,"{""O"": ""hollow|A_A_B|HCP""}",111,Rh3Zr,Rh9Zr3,-0.49448812476129,hollow|A_A_B|HCP
O*,{},1,RhN4C26-Δz=relaxed-M,RhC26N4,2.44075548000001,
OH*,{},001,RhN4C26-Δz=relaxed-M,RhC26N4,0.4959517199999936,
O*,"{""O"": ""hollow|A_A_A|FCC""}",111,Ru,Ru12,0.0464460226392589,hollow|A_A_A|FCC
O*,"{""O"": ""hollow|A_A_A|HCP""}",111,Ru,Ru12,-0.376089896959627,hollow|A_A_A|HCP
O*,"{""O"": ""top|A""}",111,Ru,Ru12,1.09376402353865,top|A
O*,{},12,Ru2O3-corundum,Ru12O18,0.614401929999985,
OH*,{},012,Ru2O3-corundum,Ru12O18,-0.3795794499999942,
O*,{},12,Ru2O3,Ru12O18,0.562973360000001,
OH*,{},012,Ru2O3,Ru12O18,-0.4053816100000063,
OH*,"{""OH"": ""fcc""}",0001-1%,Ru-hcp,Ru16,-0.1627991789282532,fcc
OH*,"{""OH"": ""fcc""}",0001+8%,Ru-hcp,Ru16,-0.5478831185610034,fcc
OH*,"{""OH"": ""fcc""}",0001+5%,Ru-hcp,Ru16,-0.4158488581088022,fcc
OH*,"{""OH"": ""fcc""}",0001+2%,Ru-hcp,Ru16,-0.2869327501393854,fcc
OH*,"{""OH"": ""ontop""}",0001,Ru-hcp,Ru16,0.5637511649474618,ontop
OH*,"{""OH"": ""fcc""}",0001-2%,Ru-hcp,Ru16,-0.1153083751851227,fcc
OH*,"{""OH"": ""hcp""}",0001,Ru-hcp,Ru16,-0.1491966163084725,hcp
OH*,"{""OH"": ""fcc""}",0001,Ru-hcp,Ru16,-0.2055647258748649,fcc
OH*,"{""OH"": ""fcc""}",0001-5%,Ru-hcp,Ru16,0.0609411186815123,fcc
OH*,"{""OH"": ""fcc""}",0001-3%,Ru-hcp,Ru16,-0.0618558293426758,fcc
O*,"{""Ostar"": ""hcp""}",1,Ru-hcp,Ru16,-0.181486689999986,hcp
O*,{},111,Ru,Ru27,1.11910732656543,
O*,{},111,Ru,Ru27,0.354588565329323,
O*,{},111,Ru,Ru27,0.0554353737679776,
O*,{},111,Ru,Ru27,0.0548291721352143,
OH*,{},0001,Ru-hcp,Ru36,-0.2776549048394372,
OH*,"{""OH"": ""hollow|A_A_B|FCC""}",111,Tc3Ru,Ru3Tc9,-0.345293277218957,hollow|A_A_B|FCC
OH*,"{""OH"": ""top|B""}",111,Tc3Ru,Ru3Tc9,0.6103397752784758,top|B
OH*,"{""OH"": ""top|A""}",111,Tc3Ru,Ru3Tc9,-0.1070793806203482,top|A
OH*,"{""OH"": ""hollow|A_A_A|FCC""}",111,Tc3Ru,Ru3Tc9,-0.6718289312185561,hollow|A_A_A|FCC
OH*,"{""OH"": ""hollow|A_A_B|HCP""}",111,Tc3Ru,Ru3Tc9,-0.5899169514187861,hollow|A_A_B|HCP
O*,"{""O"": ""hollow|A_A_B|FCC""}",111,Tc3Ru,Ru3Tc9,-0.573341681163754,hollow|A_A_B|FCC
O*,"{""O"": ""hollow|A_A_B|HCP""}",111,Tc3Ru,Ru3Tc9,-1.08847671556231,hollow|A_A_B|HCP
O*,"{""O"": ""hollow|A_A_A|HCP""}",111,Tc3Ru,Ru3Tc9,-1.30123327416021,hollow|A_A_A|HCP
O*,"{""O"": ""hollow|A_A_A|FCC""}",111,Tc3Ru,Ru3Tc9,-0.912623827560481,hollow|A_A_A|FCC
O*,"{""O"": ""top|B""}",111,Tc3Ru,Ru3Tc9,0.760858728739379,top|B
O*,"{""O"": ""top|A""}",111,Tc3Ru,Ru3Tc9,-0.128020581360204,top|A
OH*,"{""OH"": ""hollow|A_A_A|HCP""}",111,Tc3Ru,Ru3Tc9,-0.9100364332181244,hollow|A_A_A|HCP
O*,"{""O"": ""hollow|A_A_A|FCC""}",111,Zn3Ru,Ru3Zn9,0.993511434938966,hollow|A_A_A|FCC
O*,"{""O"": ""hollow|A_A_B|HCP""}",111,Zn3Ru,Ru3Zn9,0.576252210837822,hollow|A_A_B|HCP
OH*,"{""OH"": ""hollow|A_A_B|HCP""}",111,Zn3Ru,Ru3Zn9,0.2101895726781322,hollow|A_A_B|HCP
OH*,"{""OH"": ""hollow|A_A_A|HCP""}",111,Zn3Ru,Ru3Zn9,0.0684487395818678,hollow|A_A_A|HCP
OH*,"{""OH"": ""top|B""}",111,Zn3Ru,Ru3Zn9,1.00689453777602,top|B
OH*,"{""OH"": ""hollow|A_A_B|FCC""}",111,Zn3Ru,Ru3Zn9,0.1420507708797913,hollow|A_A_B|FCC
OH*,"{""OH"": ""hollow|A_A_A|FCC""}",111,Zn3Ru,Ru3Zn9,0.4215108668767016,hollow|A_A_A|FCC
O*,"{""O"": ""top|B""}",111,Zn3Ru,Ru3Zn9,1.58494623733333,top|B
O*,"{""O"": ""hollow|A_A_B|FCC""}",111,Zn3Ru,Ru3Zn9,0.78276253223504,hollow|A_A_B|FCC
OH*,{},001,RuO3-Pm3m,Ru4O12,0.7694890300000026,
O*,{},1,RuO3-Pm3m,Ru4O12,2.64463749000001,
O*,{},100,RuO2-recommendedPP,Ru6O12,1.77331013,
OH*,{},100,RuO2-recommendedPP,Ru6O12,0.4111917900000037,
O*,{},100,RuO2-rutile,Ru6O12,1.82743760999998,
O*,{},100,RuO2-rutile,Ru6O12,1.82743760999998,
O*,{},100,RuO2-rutile,Ru6O12,1.82743760999998,
OH*,{},100,RuO2-rutile,Ru6O12,0.4127437599999837,
OH*,{},100,RuO2-rutile,Ru6O12,0.4127437599999837,
OH*,"{""OH"": ""hollow|A_A_B|HCP""}",101,RuTc,Ru6Tc6,-0.3343594711178639,hollow|A_A_B|HCP
OH*,"{""OH"": ""hollow|A_A_B|FCC""}",101,RuTc,Ru6Tc6,-0.1049065516191376,hollow|A_A_B|FCC
O*,"{""O"": ""hollow|A_B_B|HCP""}",101,RuTc,Ru6Tc6,-1.08053956305974,hollow|A_B_B|HCP
O*,"{""O"": ""hollow|A_A_B|HCP""}",101,RuTc,Ru6Tc6,-0.79775056246234,hollow|A_A_B|HCP
O*,"{""O"": ""hollow|A_A_B|FCC""}",101,RuTc,Ru6Tc6,-0.265324734460762,hollow|A_A_B|FCC
O*,"{""O"": ""hollow|A_B_B|FCC""}",101,RuTc,Ru6Tc6,-0.653871458762467,hollow|A_B_B|FCC
OH*,"{""OH"": ""hollow|A_B_B|FCC""}",101,RuTc,Ru6Tc6,-0.4951644637177423,hollow|A_B_B|FCC
OH*,"{""OH"": ""top|A""}",101,RuTc,Ru6Tc6,0.280145142581091,top|A
OH*,"{""OH"": ""bridge|B_B|A""}",101,RuTc,Ru6Tc6,-0.3680067554188326,bridge|B_B|A
OH*,"{""OH"": ""hollow|A_B_B|HCP""}",101,RuTc,Ru6Tc6,-0.6480301270195241,hollow|A_B_B|HCP
OH*,"{""OH"": ""top|B""}",101,RuTc,Ru6Tc6,0.1150876908803866,top|B
O*,"{""O"": ""bridge|A_A|B""}",101,RuZn,Ru6Zn6,0.0069780873344029,bridge|A_A|B
O*,"{""O"": ""hollow|A_A_B|HCP""}",101,RuZn,Ru6Zn6,-0.128667940163894,hollow|A_A_B|HCP
OH*,"{""OH"": ""top|A""}",101,RuZn,Ru6Zn6,0.5074989758767288,top|A
OH*,"{""OH"": ""hollow|A_A_B|HCP""}",101,RuZn,Ru6Zn6,-0.0254324396183847,hollow|A_A_B|HCP
OH*,"{""OH"": ""top|B""}",101,RuZn,Ru6Zn6,1.0205713874792082,top|B
OH*,"{""OH"": ""4fold|A_A_B_B""}",101,RuZn,Ru6Zn6,0.0040746326820908,4fold|A_A_B_B
O*,"{""O"": ""hollow|A_A_B|FCC""}",101,RuZn,Ru6Zn6,-0.13467988726569,hollow|A_A_B|FCC
O*,"{""O"": ""4fold|A_A_B_B""}",101,RuZn,Ru6Zn6,0.519628858437329,4fold|A_A_B_B
OH*,"{""OH"": ""bridge|B_B|A""}",101,RuZn,Ru6Zn6,0.2579138501795341,bridge|B_B|A
O*,{},110,RuO2-rutile,Ru8O16,1.62544541999998,
OH*,{},110,RuO2-rutile,Ru8O16,0.1680003699999872,
O*,{},110,RuO2-recommendedPP,Ru8O16,1.58612478999999,
OH*,{},110,RuO2-rutile,Ru8O16,0.1680003699999872,
O*,"{""Ostar"": ""peroxo""}",110,RuO2-rutile,Ru8O16,3.50397492999997,peroxo
OH*,{},110,RuO2-recommendedPP,Ru8O16,0.1448789899999951,
O*,{},110,RuO2-rutile,Ru8O16,1.62544541999998,
O*,{},110,RuO2-rutile,Ru8O16,1.62544541999998,
O*,{},100-lc,Ru2O5-C12c,Ru8O18,1.66207077999997,
OH*,{},100-lc,Ru2O5-C12c,Ru8O18,0.330817909999979,
OH*,{},100,Ru2O5-0.5ML,Ru8O18,0.3117495499999734,
O*,{},100,Ru2O5-0.5ML,Ru8O18,1.61966565999998,
OH*,{},100-hc,Ru2O5-C12c,Ru8O19,0.4742302200000097,
O*,{},100-hc,Ru2O5-C12c,Ru8O19,1.89493010000001,
O*,{},111,RuO3,Ru8O26,2.92068637,
OH*,{},111,RuO3,Ru8O26,1.2199334849999843,
O*,{},111,Y4Ru8O29,Ru8Y4O28,2.68331624000001,
OH*,{},111,Y4Ru8O29,Ru8Y4O28,1.2400504350000574,
OH*,{},111,Y7Ru8O31,Ru8Y7O30,0.5796029750000002,
O*,{},111,Y7Ru8O31,Ru8Y7O30,1.79286913999999,
OH*,{},111,Y2Ru2O7,Ru8Y8O30,0.3945282150000366,
O*,{},111,Y2Ru2O7,Ru8Y8O30,1.38574057,
O*,"{""O"": ""hollow|A_A_B|HCP""}",111,Ru3Sc,Ru9Sc3,-1.00148858816118,hollow|A_A_B|HCP
O*,"{""O"": ""hollow|A_A_B|FCC""}",111,Ru3Sc,Ru9Sc3,-1.04649812186125,hollow|A_A_B|FCC
O*,"{""O"": ""hollow|A_A_B|FCC""}",111,Ru3Ta,Ru9Ta3,-0.93387020406243,hollow|A_A_B|FCC
O*,"{""O"": ""top|B""}",111,Ru3Ta,Ru9Ta3,-0.4858772184636,top|B
O*,"{""O"": ""top|A""}",111,Ru3Ta,Ru9Ta3,0.700188091239227,top|A
O*,"{""O"": ""hollow|A_A_B|HCP""}",111,Ru3Ta,Ru9Ta3,-1.17274846666277,hollow|A_A_B|HCP
OH*,"{""OH"": ""top|B""}",111,Ru3Tc,Ru9Tc3,0.1628699285801076,top|B
OH*,"{""OH"": ""hollow|A_A_A|FCC""}",111,Ru3Tc,Ru9Tc3,0.1895762690809306,hollow|A_A_A|FCC
OH*,"{""OH"": ""hollow|A_A_B|HCP""}",111,Ru3Tc,Ru9Tc3,-0.3303608942215987,hollow|A_A_B|HCP
OH*,"{""OH"": ""hollow|A_A_A|HCP""}",111,Ru3Tc,Ru9Tc3,-0.0556536747200198,hollow|A_A_A|HCP
O*,"{""O"": ""hollow|A_A_B|HCP""}",111,Ru3Tc,Ru9Tc3,-0.772596903461988,hollow|A_A_B|HCP
O*,"{""O"": ""bridge|A_A|B""}",111,Ru3Tc,Ru9Tc3,0.221980673439077,bridge|A_A|B
OH*,"{""OH"": ""hollow|A_A_B|FCC""}",111,Ru3Tc,Ru9Tc3,-0.2715701552216387,hollow|A_A_B|FCC
OH*,"{""OH"": ""top|A""}",111,Ru3Tc,Ru9Tc3,0.2617931049798017,top|A
O*,"{""O"": ""hollow|A_A_B|FCC""}",111,Ru3V,Ru9V3,-0.847153102062464,hollow|A_A_B|FCC
O*,"{""O"": ""hollow|A_A_A|FCC""}",111,Ru3V,Ru9V3,-0.226447966361036,hollow|A_A_A|FCC
O*,"{""O"": ""hollow|A_A_A|HCP""}",111,Ru3V,Ru9V3,-0.674648983062241,hollow|A_A_A|HCP
O*,"{""O"": ""hollow|A_A_B|HCP""}",111,Ru3V,Ru9V3,-1.171957295661,hollow|A_A_B|HCP
O*,"{""O"": ""hollow|A_A_B|HCP""}",111,Ru3W,Ru9W3,-1.09506704056201,hollow|A_A_B|HCP
O*,"{""O"": ""hollow|A_A_B|FCC""}",111,Ru3W,Ru9W3,-0.768950169862535,hollow|A_A_B|FCC
O*,"{""O"": ""hollow|A_A_A|HCP""}",111,Ru3W,Ru9W3,-0.453604381062348,hollow|A_A_A|HCP
O*,"{""O"": ""hollow|A_A_A|FCC""}",111,Ru3W,Ru9W3,0.13610072963985,hollow|A_A_A|FCC
O*,"{""O"": ""hollow|A_A_A|HCP""}",111,Ru3Zn,Ru9Zn3,-0.657459279766215,hollow|A_A_A|HCP
O*,"{""O"": ""hollow|A_A_A|FCC""}",111,Ru3Zn,Ru9Zn3,-0.608897707967287,hollow|A_A_A|FCC
O*,"{""O"": ""bridge|A_A|A""}",111,Ru3Zn,Ru9Zn3,0.300164149437308,bridge|A_A|A
OH*,"{""OH"": ""bridge|A_A|A""}",111,Ru3Zn,Ru9Zn3,-0.1572204371215093,bridge|A_A|A
O*,"{""O"": ""top|B""}",111,Ru3Zn,Ru9Zn3,3.11355688253735,top|B
OH*,"{""OH"": ""hollow|A_A_A|HCP""}",111,Ru3Zn,Ru9Zn3,-0.0329961159251297,hollow|A_A_A|HCP
OH*,"{""OH"": ""bridge|A_A|B""}",111,Ru3Zn,Ru9Zn3,0.0547871281786456,bridge|A_A|B
OH*,"{""OH"": ""bridge|A_B|A""}",111,Ru3Zn,Ru9Zn3,0.3426760862756737,bridge|A_B|A
OH*,"{""OH"": ""bridge-tilt|A_B|A""}",111,Ru3Zn,Ru9Zn3,0.7858455819776964,bridge-tilt|A_B|A
OH*,"{""OH"": ""hollow|A_A_A|FCC""}",111,Ru3Zn,Ru9Zn3,-0.1332714260234979,hollow|A_A_A|FCC
OH*,"{""OH"": ""top|A""}",111,Ru3Zn,Ru9Zn3,0.2245262983750535,top|A
O*,"{""O"": ""hollow|A_A_B|FCC""}",111,Ru3Zn,Ru9Zn3,0.435094925636633,hollow|A_A_B|FCC
O*,"{""O"": ""hollow|A_A_B|HCP""}",111,Ru3Zn,Ru9Zn3,0.30741367023785,hollow|A_A_B|HCP
O*,"{""O"": ""hollow|A_A_B|HCP""}",111,Ru3Zr,Ru9Zr3,-1.08989347626283,hollow|A_A_B|HCP
O*,"{""O"": ""hollow|A_A_B|FCC""}",111,Ru3Zr,Ru9Zr3,-1.06920942306186,hollow|A_A_B|FCC
O*,{},1,RuN4C26-Δz=relaxed-M,RuC26N4,0.37775400999999,
OH*,{},001,RuN4C26-Δz=relaxed-M,RuC26N4,-0.4813225100000409,
OH*,"{""OH"": ""top|A""}",111,Sc,Sc12,-1.578630611119593,top|A
O*,"{""O"": ""hollow|A_A_A|FCC""}",111,Sc,Sc12,-3.69189090026174,hollow|A_A_A|FCC
O*,"{""O"": ""hollow|A_A_A|HCP""}",111,Sc,Sc12,-3.75178832626096,hollow|A_A_A|HCP
O*,"{""O"": ""top|A""}",111,Sc,Sc12,-0.913253090861133,top|A
OH*,"{""OH"": ""hollow|A_A_A|FCC""}",111,Sc,Sc12,-2.734053181419881,hollow|A_A_A|FCC
OH*,"{""OH"": ""hollow|A_A_A|HCP""}",111,Sc,Sc12,-2.6700921433194935,hollow|A_A_A|HCP
O*,"{""Ostar"": ""peroxo""}",12,Sc2O3-corundum,Sc12O18,3.04469936000004,peroxo
O*,{},12,Sc2O3-corundum,Sc12O18,4.51055868000003,
OH*,{},012,Sc2O3,Sc12O18,1.6044074500000534,
OH*,{},012,Sc2O3-corundum,Sc12O18,1.6034874900000204,
OH*,{},012,Sc2O3-corundum,Sc12O18,1.6034874900000204,
O*,{},12,Sc2O3-corundum,Sc12O18,4.51055868000003,
O*,{},12,Sc2O3,Sc12O18,3.85465897,
O*,{},111,Sc,Sc27,-3.7757938292852495,
O*,{},111,Sc,Sc27,-3.77671337001812,
O*,{},111,Sc,Sc27,-1.11613421062066,
O*,{},111,Sc,Sc27,-3.13594246403227,
O*,"{""O"": ""bridge|A_B|A""}",111,Sn3Sc,Sc3Sn9,-0.373144128661977,bridge|A_B|A
O*,"{""O"": ""hollow|A_A_B|HCP""}",111,Sn3Sc,Sc3Sn9,-0.27738903756125,hollow|A_A_B|HCP
O*,"{""O"": ""hollow|A_A_A|HCP""}",111,Sn3Sc,Sc3Sn9,0.896383801638706,hollow|A_A_A|HCP
O*,"{""O"": ""hollow|A_A_A|FCC""}",111,Sn3Sc,Sc3Sn9,1.32710871513683,hollow|A_A_A|FCC
O*,"{""O"": ""hollow|A_A_B|FCC""}",111,Sn3Sc,Sc3Sn9,-0.370686668560836,hollow|A_A_B|FCC
O*,"{""O"": ""hollow-tilt|A_A_B|HCP""}",111,Tl3Sc,Sc3Tl9,-0.957672953962344,hollow-tilt|A_A_B|HCP
O*,"{""O"": ""hollow-tilt|A_A_B|FCC""}",111,Tl3Sc,Sc3Tl9,-0.938529065060891,hollow-tilt|A_A_B|FCC
O*,"{""O"": ""hollow|A_A_B|FCC""}",111,Zn3Sc,Sc3Zn9,-1.17572416756246,hollow|A_A_B|FCC
O*,"{""O"": ""hollow|A_A_B|HCP""}",111,Zn3Sc,Sc3Zn9,-1.3717076290597,hollow|A_A_B|HCP
O*,"{""O"": ""hollow|A_A_A|HCP""}",111,Sc3Sn,Sc9Sn3,-3.93245313926326,hollow|A_A_A|HCP
O*,"{""O"": ""hollow|A_A_A|FCC""}",111,Sc3Sn,Sc9Sn3,-3.91842118106086,hollow|A_A_A|FCC
O*,"{""O"": ""hollow|A_A_A|FCC""}",111,Sc3Zn,Sc9Zn3,-3.86016909136396,hollow|A_A_A|FCC
O*,"{""O"": ""hollow|A_A_A|HCP""}",111,Sc3Zn,Sc9Zn3,-3.92801795586291,hollow|A_A_A|HCP
OH*,"{""OH"": ""hollow|A_A_A|HCP""}",111,Sn,Sn12,0.2655656911782671,hollow|A_A_A|HCP
O*,"{""O"": ""bridge|A_A|A""}",111,Sn,Sn12,0.70243588753857,bridge|A_A|A
O*,"{""O"": ""hollow|A_A_A|FCC""}",111,Sn,Sn12,0.488000794837546,hollow|A_A_A|FCC
OH*,"{""OH"": ""hollow|A_A_A|FCC""}",111,Sn,Sn12,0.2811489704807854,hollow|A_A_A|FCC
O*,"{""O"": ""top|A""}",111,Sn,Sn12,1.72774504903629,top|A
OH*,"{""OH"": ""bridge|A_A|A""}",111,Sn,Sn12,0.1849329185796477,bridge|A_A|A
O*,{},111,Sn,Sn27,0.432143665835611,
O*,{},111,Sn,Sn27,1.57420536033169,
O*,{},111,Sn,Sn27,0.428465230805159,
O*,{},111,Sn,Sn27,0.74303489652084,
O*,"{""O"": ""hollow|A_A_A|HCP""}",111,Ti3Sn,Sn3Ti9,-3.13690288936067,hollow|A_A_A|HCP
O*,"{""O"": ""hollow|A_A_A|FCC""}",111,Ti3Sn,Sn3Ti9,-3.41270836036,hollow|A_A_A|FCC
O*,"{""O"": ""hollow|A_A_A|HCP""}",111,Y3Sn,Sn3Y9,-3.76426882746472,hollow|A_A_A|HCP
O*,"{""O"": ""top|B""}",111,Y3Sn,Sn3Y9,1.54499053783712,top|B
O*,"{""O"": ""hollow|A_A_A|FCC""}",111,Y3Sn,Sn3Y9,-3.82383427466283,hollow|A_A_A|FCC
O*,"{""O"": ""hollow|A_A_A|FCC""}",111,Zr3Sn,Sn3Zr9,-3.38124152435938,hollow|A_A_A|FCC
O*,"{""O"": ""hollow|A_A_A|HCP""}",111,Zr3Sn,Sn3Zr9,-2.98342456186236,hollow|A_A_A|HCP
O*,{},100,SnO2-rutile,Sn6O12,4.52608432,
OH*,{},100,SnO2-rutile,Sn6O12,1.6606341699999945,
O*,{},100,SnO2-rutile,Sn6O12,4.52608432,
O*,{},110,SnO2-rutile,Sn8O16,4.43378927999999,
OH*,{},110,SnO2-rutile,Sn8O16,1.4002222199999892,
O*,{},110,SnO2-rutile,Sn8O16,4.43378927999999,
O*,{},100-lc,Sn2O5-C12c,Sn8O18,3.8417271799999906,
OH*,{},100-lc,Sn2O5-C12c,Sn8O18,0.9694774000000166,
O*,"{""O"": ""hollow|A_A_A|FCC""}",111,Sn3Zr,Sn9Zr3,1.16464546073604,hollow|A_A_A|FCC
O*,"{""O"": ""top|B""}",111,Sn3Zr,Sn9Zr3,-1.03228711266291,top|B
O*,"{""O"": ""top-tilt|B""}",111,Sn3Zr,Sn9Zr3,-0.592123386461196,top-tilt|B
O*,"{""O"": ""hollow|A_A_A|HCP""}",111,Sn3Zr,Sn9Zr3,0.770304888537623,hollow|A_A_A|HCP
OH*,"{""OH"": ""hollow|A_A_A|FCC""}",111,Ta,Ta12,-2.1272281646225792,hollow|A_A_A|FCC
OH*,"{""OH"": ""hollow|A_A_A|HCP""}",111,Ta,Ta12,-2.088587591321925,hollow|A_A_A|HCP
OH*,"{""OH"": ""top|A""}",111,Ta,Ta12,-1.4112725730220743,top|A
O*,"{""O"": ""hollow|A_A_A|HCP""}",111,Ta,Ta12,-3.04030968766182,hollow|A_A_A|HCP
O*,"{""O"": ""hollow|A_A_A|FCC""}",111,Ta,Ta12,-3.26045944326341,hollow|A_A_A|FCC
O*,"{""O"": ""top|A""}",111,Ta,Ta12,-0.969851272762924,top|A
OH*,{},012,Ta2O3,Ta12O18,-1.9423575099999653,
O*,{},12,Ta2O3,Ta12O18,-1.96879303999998,
OH*,{},012,Ta2O3-corundum,Ta12O18,-1.923207609999963,
O*,{},12,Ta2O3-corundum,Ta12O18,-1.88841123999998,
O*,{},110,TaO2,Ta16O32,-1.93700856660143,
O*,"{""O"": ""hollow|A_A_B|FCC""}",111,Zn3Ta,Ta3Zn9,-1.72883949095939,hollow|A_A_B|FCC
O*,"{""O"": ""hollow|A_A_B|HCP""}",111,Zn3Ta,Ta3Zn9,-1.86953758395629,hollow|A_A_B|HCP
OH*,{},100,TaO2,Ta6O12,-1.4910766700000124,
O*,{},100,TaO2-rutile,Ta6O12,-0.386077740000019,
OH*,{},100,TaO2-rutile,Ta6O12,-1.4648872700000195,
O*,{},100,TaO2-rutile,Ta6O12,-0.386077740000019,
O*,{},100,TaO2,Ta6O12,-0.533526050000006,
O*,{},110,TaO2-rutile,Ta8O16,-1.07163646000001,
O*,{},110,TaO2-rutile,Ta8O16,-1.07163646000001,
OH*,{},110,TaO2-rutile,Ta8O16,-1.845709480000011,
O*,{},110,TaO2,Ta8O16,-1.10980103,
OH*,{},110,TaO2,Ta8O16,-1.8570951899999957,
OH*,{},100-lc,Ta2O5-C12c,Ta8O18,-2.044229180000002,
O*,{},100-lc,Ta2O5-C12c,Ta8O18,-2.16887681000003,
O*,{},100,Ta2O5-0.5ML,Ta8O18,-1.97180695999998,
OH*,{},100,Ta2O5-0.5ML,Ta8O18,-2.059266109999953,
OH*,{},100-hc,Ta2O5-C12c,Ta8O19,-0.1608814599999846,
O*,{},100-hc,Ta2O5-C12c,Ta8O19,3.16396563000006,
O*,{},1,TaN4C26-Δz=relaxed-M,TaC26N4,-2.34358841,
OH*,{},001,TaN4C26-Δz=relaxed-M,TaC26N4,-2.0866143900000225,
"{""Ostar"": 1.0}","{""O"": ""B""}",1,TaW15HO48,TaW15HO48,4.49368489,B
"{""Ostar"": 1.0}","{""O"": ""A""}",1,TaW15HO48,TaW15HO48,2.86625971,A
"{""OHstar"": 1.0}","{""OH"": ""A""}",1,TaW15HO48,TaW15HO48,0.7920404,A
"{""Ostar"": 1.0}","{""O"": ""B""}",1,TaW15O47,TaW15O47,3.71844478,B
"{""OHstar"": 1.0}","{""OH"": ""B""}",1,TaW15O47,TaW15O47,0.91061025,B
"{""Ostar"": 1.0}","{""O"": ""A""}",1,TaW15O47,TaW15O47,1.67408967,A
"{""OHstar"": 1.0}","{""OH"": ""A""}",1,TaW15O47,TaW15O47,-0.28790338,A
"{""Ostar"": 1.0}","{""O"": ""A""}",1,TaW15O48,TaW15O48,2.62826375,A
"{""OHstar"": 1.0}","{""OH"": ""A""}",1,TaW15O48,TaW15O48,0.48733673,A
"{""OHstar"": 1.0}","{""OH"": ""B""}",1,TaW15O48,TaW15O48,2.10278029,B
O*,"{""O"": ""top|A""}",111,Tc,Tc12,-0.110626384561499,top|A
O*,"{""O"": ""hollow|A_A_A|HCP""}",111,Tc,Tc12,-1.28720716636252,hollow|A_A_A|HCP
OH*,"{""OH"": ""hollow|A_A_A|FCC""}",111,Tc,Tc12,-0.5251329050180402,hollow|A_A_A|FCC
OH*,"{""OH"": ""hollow|A_A_A|HCP""}",111,Tc,Tc12,-0.8103178680204337,hollow|A_A_A|HCP
OH*,"{""OH"": ""top|A""}",111,Tc,Tc12,0.1033857072806085,top|A
O*,"{""O"": ""hollow|A_A_A|FCC""}",111,Tc,Tc12,-0.820132469962289,hollow|A_A_A|FCC
O*,{},12,Tc2O3-corundum,Tc12O18,0.0431192199999941,
OH*,{},012,Tc2O3-corundum,Tc12O18,-0.6444628100000216,
O*,{},12,Tc2O3,Tc12O18,-0.0480078700000206,
OH*,{},012,Tc2O3,Tc12O18,-0.6854116599999998,
O*,"{""Ostar"": ""hcp""}",1,Tc-hcp,Tc16,-0.906756610000002,hcp
OH*,"{""OH"": ""fcc""}",0001,Tc-hcp,Tc16,-0.4438522292984999,fcc
OH*,"{""OH"": ""hcp""}",0001,Tc-hcp,Tc16,-0.7788404194070608,hcp
OH*,"{""OH"": ""ontop""}",0001,Tc-hcp,Tc16,0.180158953393402,ontop
OH*,{},001,TcO3-Pm3m,Tc4O12,0.3946813699999723,
O*,{},1,TcO3-Pm3m,Tc4O12,1.75418523999998,
OH*,{},100,TcO2-rutile,Tc6O12,0.1673353699999893,
O*,{},100,TcO2-rutile,Tc6O12,0.926029129999989,
OH*,{},100,TcO2,Tc6O12,0.1572227499999883,
O*,{},100,TcO2,Tc6O12,0.878523879999989,
O*,{},100,TcO2-rutile,Tc6O12,0.926029129999989,
OH*,{},110,TcO2,Tc8O16,-0.3645910900000046,
O*,{},110,TcO2-rutile,Tc8O16,0.541237190000004,
O*,{},110,TcO2-rutile,Tc8O16,0.541237190000004,
OH*,{},110,TcO2-rutile,Tc8O16,-0.3635554699999943,
O*,{},110,TcO2,Tc8O16,0.47272860999999,
O*,{},100-lc,Tc2O5-C12c,Tc8O18,0.52896991999998,
O*,{},100,Tc2O5-0.5ML,Tc8O18,0.427340209999983,
OH*,{},100,Tc2O5-0.5ML,Tc8O18,-0.1603191800000161,
OH*,{},100-lc,Tc2O5-C12c,Tc8O18,-0.127957140000035,
O*,{},100-hc,Tc2O5-C12c,Tc8O19,0.834107349999982,
OH*,{},100-hc,Tc2O5-C12c,Tc8O19,0.0472706500000015,
OH*,{},001,TcN4C26-Δz=relaxed-M,TcC26N4,-1.09343580999996,
O*,{},1,TcN4C26-Δz=relaxed-M,TcC26N4,-1.49382225999989,
OH*,{},012,Ti2O3,Ti12O18,-1.541190190000009,
O*,{},12,Ti2O3,Ti12O18,-1.37960705,
OH*,{},012,Ti2O3-corundum,Ti12O18,-1.063356099999993,
OH*,{},012,Ti2O3-corundum,Ti12O18,-1.063356099999993,
O*,{},12,Ti2O3-corundum,Ti12O18,-0.713284720000019,
O*,{},12,Ti2O3-corundum,Ti12O18,-0.713284720000019,
O*,{},110,TiO2,Ti16O32,4.4385311938895,
O*,"{""Ostar"": ""peroxo""}",110,TiO2-cus-Ti-site-sub-surface-polaron,Ti32NO63,3.32384560999992,peroxo
OH*,{},110,TiO2-cus-Ti-site-axial-polaron,Ti32NO63,0.5391798700001118,
O*,{},110,TiO2-cus-Ti-site-axial-polaron,Ti32NO63,3.66917598999999,
O*,"{""Ostar"": ""peroxo""}",110,TiO2-cus-Ti-site-axial-polaron,Ti32NO63,3.09965086,peroxo
O*,{},110,TiO2-cus-Ti-site-bridge-polaron,Ti32NO63,4.47428056000001,
OH*,{},110,TiO2-cus-Ti-site-equatorial-polaron,Ti32NO63,1.0762085400000387,
O*,{},110,TiO2-cus-Ti-site-equatorial-polaron,Ti32NO63,3.89822304999996,
O*,"{""Ostar"": ""peroxo""}",110,TiO2-cus-Ti-site-equatorial-polaron,Ti32NO63,3.51503122999998,peroxo
O*,"{""Ostar"": ""peroxo""}",110,TiO2-cus-Ti-site-bridge-polaron,Ti32NO63,3.44662745999995,peroxo
O*,{},110,TiO2-cus-Ti-site-sub-surface-polaron,Ti32NO63,4.40167843999996,
OH*,{},110,TiO2-cus-Ti-site-bridge-polaron,Ti32NO63,1.4050390000001016,
OH*,{},facet,Ti32NO63,Ti32NO63,1.3871250950001013,
O*,{},facet,Ti32NO63,Ti32NO63,4.47729206000008,
OH*,{},110,TiO2-cus-Ti-site-sub-surface-polaron,Ti32NO63,1.3208895600000687,
O*,{},110,TiO2-cus-Ti-site-dark,Ti32O64,4.59932189999995,
O*,"{""Ostar"": ""peroxo""}",110,TiO2-cus-Ti-site-dark,Ti32O64,3.54548308999995,peroxo
OH*,{},110,TiO2-cus-Ti-site-dark,Ti32O64,1.7197428800000123,
OH*,"{""OHstar"": ""ontop""}",111,TiH2,Ti36H81,-0.4483093349999762,ontop
O*,"{""Ostar"": ""hcp""}",111,TiH2,Ti36H81,-0.891484829999968,hcp
O*,"{""O"": ""hollow|A_A_A|FCC""}",111,Zn3Ti,Ti3Zn9,0.436948837337525,hollow|A_A_A|FCC
O*,"{""O"": ""hollow|A_A_B|HCP""}",111,Zn3Ti,Ti3Zn9,-1.64525809265996,hollow|A_A_B|HCP
O*,"{""O"": ""top|B""}",111,Zn3Ti,Ti3Zn9,-1.21193394776145,top|B
O*,"{""O"": ""hollow|A_A_B|FCC""}",111,Zn3Ti,Ti3Zn9,-1.53604887705677,hollow|A_A_B|FCC
O*,{},110,TiO2-bridge-Ti-Ti-site-near-by-polaron,Ti64NO126,-0.776358250000158,
OH*,{},110,TiO2-bridge-Ti-Ti-site-far-by-polaron,Ti64NO126,-1.3965556799998922,
O*,{},110,TiO2-bridge-Ti-Ti-site-far-by-polaron,Ti64NO126,-0.319081300000107,
OH*,{},110,TiO2-bridge-Ti-Ti-site-near-by-polaron,Ti64NO126,-1.6168356299999689,
OH*,{},110,TiO2-bridge-Ti-Ti-site-dark,Ti64O127,-1.3391252100000202,
O*,{},110,TiO2-bridge-Ti-Ti-site-dark,Ti64O127,-0.360512960000051,
OH*,{},100,TiO2,Ti6O12,1.8722318599999992,
O*,{},100,TiO2,Ti6O12,4.55629880999999,
OH*,{},100,TiO2-rutile,Ti6O12,1.8279682099999943,
O*,{},100,TiO2-rutile,Ti6O12,4.50348904999999,
O*,{},100,TiO2-rutile,Ti6O12,4.50348904999999,
O*,{},100,TiO2-rutile,Ti6O12,4.50348904999999,
OH*,{},100,TiO2-rutile,Ti6O12,1.8279682099999943,
OH*,{},110,TiO2-rutile,Ti8O16,1.720904179999991,
OH*,{},110,TiO2-rutile,Ti8O16,1.720904179999991,
O*,{},110,TiO2-rutile,Ti8O16,4.54936433,
O*,{},110,TiO2,Ti8O16,4.56996514999997,
OH*,{},110,TiO2,Ti8O16,1.7139203399999872,
O*,{},facet,TiO2,Ti8O16,4.66829719,
OH*,{},facet,TiO2,Ti8O16,1.8333787050000012,
O*,"{""Ostar"": ""peroxo""}",110,TiO2-rutile,Ti8O16,3.51361098000001,peroxo
O*,{},110,TiO2-rutile,Ti8O16,4.54936433,
O*,{},110,TiO2-rutile,Ti8O16,4.54936433,
O*,{},100,Ti2O5-0.5ML,Ti8O18,4.18982029,
OH*,{},100,Ti2O5-0.5ML,Ti8O18,1.5840982599999904,
O*,"{""O"": ""hollow|A_A_A|HCP""}",111,Ti3Zn,Ti9Zn3,-3.33329656256336,hollow|A_A_A|HCP
O*,"{""O"": ""bridge|A_A|B""}",111,Ti3Zn,Ti9Zn3,-2.50318717475983,bridge|A_A|B
O*,"{""O"": ""hollow|A_A_A|FCC""}",111,Ti3Zn,Ti9Zn3,-3.58897254846323,hollow|A_A_A|FCC
O*,{},1,TiN4C26-Δz=relaxed-M,TiC26N4,-0.460176419999982,
OH*,{},001,TiN4C26-Δz=relaxed-M,TiC26N4,-0.500793539999961,
"{""Ostar"": 1.0}","{""O"": ""B""}",1,TiW15HO48,TiW15HO48,4.59044414,B
"{""Ostar"": 1.0}","{""O"": ""A""}",1,TiW15HO48,TiW15HO48,3.0653903,A
"{""OHstar"": 1.0}","{""OH"": ""B""}",1,TiW15HO48,TiW15HO48,2.04624797,B
"{""OHstar"": 1.0}","{""OH"": ""A""}",1,TiW15HO48,TiW15HO48,0.83096341,A
"{""Ostar"": 1.0}","{""O"": ""B""}",1,TiW15O47,TiW15O47,4.56043251,B
"{""OHstar"": 1.0}","{""OH"": ""A""}",1,TiW15O47,TiW15O47,0.86548719,A
"{""Ostar"": 1.0}","{""O"": ""A""}",1,TiW15O47,TiW15O47,3.05305562,A
"{""OHstar"": 1.0}","{""OH"": ""B""}",1,TiW15O47,TiW15O47,2.08077175,B
"{""Ostar"": 1.0}","{""O"": ""B""}",1,TiW15O48,TiW15O48,2.657263,B
"{""Ostar"": 1.0}","{""O"": ""A""}",1,TiW15O48,TiW15O48,1.14988611,A
"{""OHstar"": 1.0}","{""OH"": ""B""}",1,TiW15O48,TiW15O48,2.09310643,B
"{""OHstar"": 1.0}","{""OH"": ""A""}",1,TiW15O48,TiW15O48,0.89549882,A
O*,"{""O"": ""hollow|A_A_A|FCC""}",111,Tl,Tl12,1.32826982483658,hollow|A_A_A|FCC
O*,"{""O"": ""hollow|A_A_A|HCP""}",111,Tl,Tl12,1.39945426083779,hollow|A_A_A|HCP
O*,"{""O"": ""top|A""}",111,Tl,Tl12,2.3231338015392,top|A
OH*,"{""OH"": ""top|A""}",111,Tl,Tl12,0.8927293127788971,top|A
OH*,{},012,Tl2O3-corundum,Tl12O18,2.0933311899999865,
O*,{},12,Tl2O3-corundum,Tl12O18,4.46302592999999,
O*,"{""O"": ""hollow|A_A_A|FCC""}",111,Y3Tl,Tl3Y9,-3.86497693466316,hollow|A_A_A|FCC
O*,"{""O"": ""hollow|A_A_A|HCP""}",111,Y3Tl,Tl3Y9,-3.8477530811616703,hollow|A_A_A|HCP
OH*,{},100,TlO2-rutile,Tl6O12,2.08294810000001,
O*,{},100,TlO2-rutile,Tl6O12,5.47393100000001,
O*,{},100,TlO2-rutile,Tl6O12,5.47393100000001,
O*,{},110,TlO2-rutile,Tl8O16,5.08293543000001,
OH*,{},110,TlO2-rutile,Tl8O16,2.4098369300000115,
O*,{},110,TlO2-rutile,Tl8O16,5.08293543000001,
O*,"{""O"": ""hollow|A_A_B|FCC""}",111,Tl3Y,Tl9Y3,-0.728134318560649,hollow|A_A_B|FCC
O*,"{""O"": ""hollow|A_A_B|HCP""}",111,Tl3Y,Tl9Y3,-0.774017609859754,hollow|A_A_B|HCP
O*,"{""O"": ""top|A""}",111,V,V12,-0.989690548464012,top|A
OH*,"{""OH"": ""hollow|A_A_A|FCC""}",111,V,V12,-2.3787608091216725,hollow|A_A_A|FCC
OH*,"{""OH"": ""hollow|A_A_A|HCP""}",111,V,V12,-2.3632254219220385,hollow|A_A_A|HCP
OH*,"{""OH"": ""top|A""}",111,V,V12,-1.2904842333219904,top|A
O*,"{""O"": ""hollow|A_A_A|FCC""}",111,V,V12,-3.23098584096095,hollow|A_A_A|FCC
O*,"{""O"": ""hollow|A_A_A|HCP""}",111,V,V12,-3.16748957326143,hollow|A_A_A|HCP
O*,{},12,V2O3,V12O18,0.686326210000004,
OH*,{},012,V2O3,V12O18,-0.1851144800000099,
OH*,{},012,V2O3-corundum,V12O18,0.0170079399999849,
O*,{},12,V2O3-corundum,V12O18,0.974750459999996,
OH*,"{""OH"": ""hollow""}",100,V-bcc,V16,-1.463861021347839,hollow
OH*,"{""OH"": ""ontop""}",100,V-bcc,V16,-1.290932948999398,ontop
O*,"{""Ostar"": ""hollow""}",110,V-bcc,V16,-2.29400317,hollow
OH*,"{""OH"": ""bridge""}",100,V-bcc,V16,-1.5440429013870016,bridge
O*,{},111,V,V27,-0.99256159671495,
O*,{},111,V,V27,-2.7180202843665,
O*,{},100,VO2-rutile,V6O12,2.18619111000001,
OH*,{},100,VO2-rutile,V6O12,0.7030296899999939,
O*,{},100,VO2,V6O12,1.70311602999999,
O*,{},100,VO2-rutile,V6O12,2.18619111000001,
OH*,{},100,VO2,V6O12,0.1266978699999867,
O*,{},110,VO2-rutile,V8O16,1.95880155,
O*,{},110,VO2-rutile,V8O16,1.95880155,
OH*,{},110,VO2-rutile,V8O16,0.1937255500000105,
OH*,{},110,VO2,V8O16,1.1178228299999944,
O*,{},110,VO2,V8O16,2.49900455999997,
O*,{},100-lc,V2O5-C12c,V8O18,1.60696148,
O*,{},100-lc,V2O5-C12c,V8O18,1.60696148,
O*,{},100,V2O5-0.5ML,V8O18,0.614455369999973,
OH*,{},100-lc,V2O5-C12c,V8O18,0.4548601200000064,
OH*,{},100,V2O5-0.5ML,V8O18,-0.4862977300000182,
OH*,{},100-lc,V2O5-C12c,V8O18,0.4548601200000064,
O*,{},100,V2O5-1.0ML,V8O19,3.8832435200000095,
O*,"{""Ostar"": ""peroxo""}",100-hc,V2O5-C12c,V8O19,2.98641137999999,peroxo
OH*,{},100-hc,V2O5-C12c,V8O19,1.442124409999991,
OH*,{},100-hc,V2O5-C12c,V8O19,1.442124409999991,
O*,{},100-hc,V2O5-C12c,V8O19,3.9347037,
OH*,{},100,V2O5-1.0ML,V8O19,1.3906828899999937,
O*,{},100-hc,V2O5-C12c,V8O19,3.9347037,
OH*,{},001,VN4C26-Δz=relaxed-M,VC26N4,-1.1802916399999503,
O*,{},1,VN4C26-Δz=relaxed-M,VC26N4,-1.11135605999999,
"{""Ostar"": 1.0}","{""O"": ""A""}",1,VW15HO48,VW15HO48,2.62556728,A
"{""Ostar"": 1.0}","{""O"": ""B""}",1,VW15HO48,VW15HO48,4.5192031,B
"{""OHstar"": 1.0}","{""OH"": ""B""}",1,VW15HO48,VW15HO48,2.07744699,B
"{""OHstar"": 1.0}","{""OH"": ""A""}",1,VW15HO48,VW15HO48,0.31703173,A
"{""OHstar"": 1.0}","{""OH"": ""B""}",1,VW15O47,VW15O47,1.27973934,B
"{""OHstar"": 1.0}","{""OH"": ""A""}",1,VW15O47,VW15O47,-0.48067592,A
"{""Ostar"": 1.0}","{""O"": ""B""}",1,VW15O47,VW15O47,3.26325092,B
"{""Ostar"": 1.0}","{""O"": ""A""}",1,VW15O48,VW15O48,2.98979267,A
"{""OHstar"": 1.0}","{""OH"": ""B""}",1,VW15O48,VW15O48,2.27934912,B
"{""Ostar"": 1.0}","{""O"": ""B""}",1,VW15O48,VW15O48,4.62708609,B
OH*,"{""OH"": ""top|A""}",111,W,W12,-1.066736860720198,top|A
O*,"{""O"": ""bridge|A_A|A""}",111,W,W12,-1.89123213176225,bridge|A_A|A
O*,"{""O"": ""hollow|A_A_A|FCC""}",111,W,W12,-2.1336002543614,hollow|A_A_A|FCC
O*,"{""O"": ""hollow|A_A_A|HCP""}",111,W,W12,-2.19810647246067,hollow|A_A_A|HCP
O*,"{""O"": ""top|A""}",111,W,W12,-1.17962777656084,top|A
OH*,"{""OH"": ""bridge|A_A|A""}",111,W,W12,-1.268856489320683,bridge|A_A|A
OH*,"{""OH"": ""hollow|A_A_A|FCC""}",111,W,W12,-1.2727696223183784,hollow|A_A_A|FCC
OH*,"{""OH"": ""hollow|A_A_A|HCP""}",111,W,W12,-1.421855624418754,hollow|A_A_A|HCP
O*,{},12,W2O3-corundum,W12O18,-1.34155559999999,
OH*,{},012,W2O3-corundum,W12O18,-1.686910459999979,
"{""OHstar"": 1.0}","{""OH"": ""A""}",1,W15ZrHO48,W15ZrHO48,0.53252676,A
"{""OHstar"": 1.0}","{""OH"": ""B""}",1,W15ZrHO48,W15ZrHO48,1.35267344,B
"{""Ostar"": 1.0}","{""O"": ""B""}",1,W15ZrHO48,W15ZrHO48,4.73413186,B
"{""Ostar"": 1.0}","{""O"": ""B""}",1,W15ZrO47,W15ZrO47,4.81281828,B
"{""Ostar"": 1.0}","{""O"": ""A""}",1,W15ZrO47,W15ZrO47,3.5714909,A
"{""OHstar"": 1.0}","{""OH"": ""B""}",1,W15ZrO47,W15ZrO47,2.24930634,B
"{""OHstar"": 1.0}","{""OH"": ""A""}",1,W15ZrO47,W15ZrO47,1.42915966,A
"{""OHstar"": 1.0}","{""OH"": ""A""}",1,W15ZrO48,W15ZrO48,1.35047324,A
"{""Ostar"": 1.0}","{""O"": ""A""}",1,W15ZrO48,W15ZrO48,3.64217135,A
"{""Ostar"": 1.0}","{""O"": ""B""}",1,W15ZrO48,W15ZrO48,4.88349873,B
"{""OHstar"": 1.0}","{""OH"": ""B""}",1,W15ZrO48,W15ZrO48,2.21521036,B
OH*,"{""OH"": ""longbridge""}",110,W-bcc,W16,-0.6412555808710749,longbridge
OH*,"{""OH"": ""hollow""}",110,W-bcc,W16,-1.0102510619108216,hollow
O*,"{""Ostar"": ""hollow""}",110,W-bcc,W16,-1.42848768999997,hollow
OH*,"{""OH"": ""ontop""}",110,W-bcc,W16,-0.5599532721025753,ontop
OH*,"{""OH"": ""shortbridge""}",110,W-bcc,W16,-0.7933223178988555,shortbridge
"{""Ostar"": 1.0}","{""O"": ""A""}",1,W16HO48,W16HO48,1.75262818,A
"{""OHstar"": 1.0}","{""OH"": ""A""}",1,W16HO48,W16HO48,-0.4889615,A
"{""OHstar"": 1.0}","{""OH"": ""A""}",1,W16O47,W16O47,-0.53599979,A
"{""Ostar"": 1.0}","{""O"": ""A""}",1,W16O47,W16O47,-0.0322887,A
"{""Ostar"": 1.0}","{""O"": ""B""}",1,W16O47,W16O47,1.78469032,B
"{""OHstar"": 1.0}","{""OH"": ""B""}",1,W16O47,W16O47,0.21259161,B
O*,{},1,WO3,W16O48,4.70217561000004,
O*,{},1,WO3,W16O48,4.56048990000011,
"{""OHstar"": 1.0}","{""OH"": ""B""}",1,WO3,W16O48,1.99750849,B
"{""Ostar"": 1.0}","{""O"": ""A""}",1,WO3,W16O48,2.70166362,A
"{""Ostar"": 1.0}","{""O"": ""B""}",1,WO3,W16O48,4.51864264,B
O*,"{""Ostar"": ""peroxo""}",1,WO3,W16O48,4.03221006000013,peroxo
OH*,{},001,WO3,W16O48,2.0032215100001167,
OH*,{},001,WO3,W16O48,2.1912818800000196,
O*,{},111,W,W27,-2.01761753282335,
O*,{},111,W,W27,-2.70380995485903,
O*,{},111,W,W27,-3.85899311527464,
OH*,{},100,WO2-rutile,W6O12,-0.8223370100000125,
O*,{},100,WO2-rutile,W6O12,-0.0273224100000107,
O*,{},100,WO2-rutile,W6O12,-0.0273224100000107,
O*,{},110,WO2-rutile,W8O16,-0.752693690000029,
O*,{},110,WO2-rutile,W8O16,-0.752693690000029,
OH*,{},110,WO2-rutile,W8O16,-1.4536935800000208,
OH*,{},100-lc,W2O5-C12c,W8O18,-1.1664782000000002,
O*,{},100-lc,W2O5-C12c,W8O18,-1.16110243,
OH*,{},100-hc,W2O5-C12c,W8O19,-1.0328901199999905,
O*,{},100-hc,W2O5-C12c,W8O19,-0.918176440000025,
O*,{},1,WN4C26-Δz=0.4Å-M,WC26N4,-2.32270776999997,
O*,{},1,WN4C26-Δz=0.0Å-M,WC26N4,-1.31366475999999,
O*,{},1,WN4C26-Δz=relaxed-M,WC26N4,-3.10235340999998,
OH*,{},001,WN4C26-Δz=relaxed-M,WC26N4,-2.456846790000043,
O*,{},1,WN4C26-Δz=1.2Å-M,WC26N4,-3.6167989699999903,
OH*,{},001,WN4C26-Δz=1.2Å-M,WC26N4,-2.8374446099999773,
O*,{},1,WN4C26-Δz=1.0Å-M,WC26N4,-3.46284863,
OH*,{},001,WN4C26-Δz=0.0Å-M,WC26N4,-1.4778849900000068,
OH*,{},001,WN4C26-Δz=1.0Å-M,WC26N4,-2.770627540000021,
OH*,{},001,WN4C26-Δz=0.8Å-M,WC26N4,-2.6862687899999855,
O*,{},1,WN4C26-Δz=0.6Å-M,WC26N4,-2.74446258,
OH*,{},001,WN4C26-Δz=0.6Å-M,WC26N4,-2.250101930000028,
OH*,{},001,WN4C26-Δz=0.4Å-M,WC26N4,-2.003340499999979,
O*,{},1,WN4C26-Δz=0.2Å-M,WC26N4,-1.86442140000003,
OH*,{},001,WN4C26-Δz=0.2Å-M,WC26N4,-1.7648973300000534,
O*,{},1,WN4C26-Δz=0.8Å-M,WC26N4,-3.32461289999998,
OH*,"{""OH"": ""top|A""}",111,Y,Y12,-1.5586088830197014,top|A
OH*,"{""OH"": ""hollow|A_A_A|FCC""}",111,Y,Y12,-2.672594502220022,hollow|A_A_A|FCC
OH*,"{""OH"": ""hollow|A_A_A|HCP""}",111,Y,Y12,-2.5678463209197844,hollow|A_A_A|HCP
O*,"{""O"": ""hollow|A_A_A|HCP""}",111,Y,Y12,-3.64876929236215,hollow|A_A_A|HCP
O*,"{""O"": ""hollow|A_A_A|FCC""}",111,Y,Y12,-3.6276580204614097,hollow|A_A_A|FCC
O*,"{""O"": ""top|A""}",111,Y,Y12,-0.642159951161546,top|A
O*,"{""Ostar"": ""peroxo""}",12,Y2O3-corundum,Y12O18,2.83349518,peroxo
O*,{},12,Y2O3-corundum,Y12O18,4.37660789,
O*,{},12,Y2O3-corundum,Y12O18,4.37660789,
OH*,{},012,Y2O3-corundum,Y12O18,1.3363815499999987,
OH*,{},012,Y2O3-corundum,Y12O18,1.3363815499999987,
OH*,{},012,Y2O3,Y12O18,1.336496190000048,
O*,{},12,Y2O3,Y12O18,3.74803045000004,
O*,{},111,Y,Y27,-0.794044338501408,
O*,{},111,Y,Y27,-2.93436351682612,
O*,{},111,Y,Y27,-3.65592740602006,
O*,{},111,Y,Y27,-3.65491534658213,
O*,"{""O"": ""hollow|A_A_A|FCC""}",111,Zn,Zn12,0.307014479334441,hollow|A_A_A|FCC
O*,"{""O"": ""hollow|A_A_A|HCP""}",111,Zn,Zn12,0.0787245744321012,hollow|A_A_A|HCP
OH*,"{""OH"": ""hollow|A_A_A|FCC""}",111,Zn,Zn12,0.0588701962814184,hollow|A_A_A|FCC
OH*,"{""OH"": ""hollow|A_A_A|HCP""}",111,Zn,Zn12,-0.0068714186228362,hollow|A_A_A|HCP
O*,{},12,Zn2O3,Zn12O18,4.79509700000001,
O*,{},12,Zn2O3-corundum,Zn12O18,4.79456638999999,
OH*,{},012,Zn2O3-corundum,Zn12O18,1.9112189499999772,
OH*,{},012,Zn2O3,Zn12O18,1.9117458600000248,
O*,{},111,Zn,Zn27,0.318491506564897,
O*,{},111,Zn,Zn27,0.31934437941527,
O*,{},111,Zn,Zn27,2.39246776347864,
O*,"{""O"": ""hollow|A_A_A|FCC""}",111,Zr3Zn,Zn3Zr9,-3.44813241206083,hollow|A_A_A|FCC
O*,"{""O"": ""hollow|A_A_A|HCP""}",111,Zr3Zn,Zn3Zr9,-3.07979095666104,hollow|A_A_A|HCP
O*,{},100,ZnO2,Zn6O12,4.75709193,
OH*,{},100,ZnO2-rutile,Zn6O12,2.573420529999993,
O*,{},100,ZnO2-rutile,Zn6O12,4.75715534,
OH*,{},100,ZnO2,Zn6O12,2.573357890000011,
O*,{},100,ZnO2-rutile,Zn6O12,4.75715534,
OH*,{},110,ZnO2-rutile,Zn8O16,2.230525390000011,
O*,{},110,ZnO2-rutile,Zn8O16,4.81722687000001,
O*,{},110,ZnO2-rutile,Zn8O16,4.81722687000001,
OH*,{},110,ZnO2,Zn8O16,2.23080997000001,
O*,{},110,ZnO2,Zn8O16,4.81706624,
O*,"{""O"": ""hollow|A_A_B|HCP""}",111,Zn3Zr,Zn9Zr3,-1.66308318176397,hollow|A_A_B|HCP
O*,"{""O"": ""hollow|A_A_B|FCC""}",111,Zn3Zr,Zn9Zr3,-1.48188162425885,hollow|A_A_B|FCC
O*,"{""O"": ""hollow|A_A_A|FCC""}",111,Zn3Zr,Zn9Zr3,0.284960741137013,hollow|A_A_A|FCC
O*,"{""O"": ""top|A""}",111,Zr,Zr12,-0.754873584859695,top|A
OH*,"{""OH"": ""top|A""}",111,Zr,Zr12,-1.348045017818663,top|A
O*,"{""O"": ""hollow|A_A_A|FCC""}",111,Zr,Zr12,-3.42584778526197,hollow|A_A_A|FCC
O*,"{""O"": ""hollow|A_A_A|HCP""}",111,Zr,Zr12,-3.13568273086111,hollow|A_A_A|HCP
OH*,"{""OH"": ""hollow|A_A_A|HCP""}",111,Zr,Zr12,-2.324851248017808,hollow|A_A_A|HCP
OH*,"{""OH"": ""hollow|A_A_A|FCC""}",111,Zr,Zr12,-2.4462944297202966,hollow|A_A_A|FCC
OH*,{},012,Zr2O3-corundum,Zr12O18,-2.187311790000024,
OH*,{},012,Zr2O3,Zr12O18,-2.1870761700000116,
O*,{},12,Zr2O3,Zr12O18,-2.07272773,
O*,{},12,Zr2O3-corundum,Zr12O18,-2.06285151000003,
OH*,"{""OH"": ""fcc""}",0001,Zr-hcp,Zr16,-2.3850348018313525,fcc
OH*,"{""OH"": ""ontop""}",0001,Zr-hcp,Zr16,-1.2934778936760267,ontop
OH*,"{""OH"": ""fcc""}",0001+1%,Zr-hcp,Zr16,-2.4264532492125,fcc
O*,"{""Ostar"": ""hcp""}",1,Zr-hcp,Zr16,-2.96159128000002,hcp
OH*,"{""OH"": ""hcp""}",0001+1%,Zr-hcp,Zr16,-2.268127213610569,hcp
OH*,"{""OH"": ""ontop""}",0001-3%,Zr-hcp,Zr16,-1.3573356645320018,ontop
OH*,"{""OH"": ""hcp""}",0001-3%,Zr-hcp,Zr16,-2.316741031172569,hcp
OH*,"{""OH"": ""ontop""}",0001+1%,Zr-hcp,Zr16,-1.288779031907325,ontop
OH*,"{""OH"": ""fcc""}",0001-1%,Zr-hcp,Zr16,-2.3402300337802444,fcc
OH*,"{""OH"": ""fcc""}",0001-3%,Zr-hcp,Zr16,-2.2466098118238733,fcc
OH*,"{""OH"": ""ontop""}",0001-1%,Zr-hcp,Zr16,-1.3082402054787965,ontop
OH*,"{""OH"": ""hcp""}",0001-1%,Zr-hcp,Zr16,-2.2849873870545707,hcp
OH*,"{""OH"": ""hcp""}",0001,Zr-hcp,Zr16,-2.2756631342635956,hcp
O*,{},111,Zr,Zr27,-0.799009463888069,
O*,{},111,Zr,Zr27,-3.51100018151192,
O*,{},111,Zr,Zr27,-2.72790999014978,
O*,{},111,Zr,Zr27,-3.51029459029814,
OH*,{},100,ZrO2-rutile,Zr6O12,1.7708062300000051,
OH*,{},100,ZrO2-rutile,Zr6O12,1.7708062300000051,
O*,{},100,ZrO2-rutile,Zr6O12,4.57735861999998,
O*,{},100,ZrO2-rutile,Zr6O12,4.57735861999998,
O*,{},100,ZrO2-rutile,Zr6O12,4.57735861999998,
OH*,{},110,ZrO2-rutile,Zr8O16,1.7159347999999852,
OH*,{},110,ZrO2-rutile,Zr8O16,1.7159347999999852,
O*,{},110,ZrO2-rutile,Zr8O16,4.64452655999997,
O*,{},110,ZrO2-rutile,Zr8O16,4.64452655999997,
O*,{},110,ZrO2,Zr8O16,4.64563620999999,
OH*,{},110,ZrO2,Zr8O16,1.715601779999986,
O*,{},110,ZrO2-rutile,Zr8O16,4.64452655999997,
O*,"{""Ostar"": ""peroxo""}",110,ZrO2-rutile,Zr8O16,3.21615719999997,peroxo
OH*,{},001,ZrN4C26-Δz=relaxed-M,ZrC26N4,-1.4225023900000338,
O*,{},1,ZrN4C26-Δz=relaxed-M,ZrC26N4,-0.558522929999981,
