surfaceComposition,Facet,ChemicalComposition,Site,O*_energy,OH*_energy
Ag,100,Ag64,hollow,,
Ag,111,Ag12,bridge|A_A|A,,0.7181514141819889
Ag,111,Ag12,hollow|A_A_A|FCC,1.96179968563575,0.5630175459781412
Ag,111,Ag12,hollow|A_A_A|HCP,2.05068050093888,0.5899550472794317
Ag,111,Ag12,top|A,3.42680848324,1.3874351285820694
Ag,111,Ag16,bridge,,
Ag,111,Ag16,ontop,,
Ag,111,Ag36,nan,,
Ag,211,Ag36,ontop,,
Ag-fcc,111,Ag16,fcc,2.25866811,0.7180485551725724
Ag-fcc,111,Ag16,hcp,,0.746135465313273
Ag-fcc,111,Ag16,ontop,,1.571387348925782
Ag-fcc,111+2%,Ag16,fcc,,0.5650899650390784
Ag-fcc,111+5%,Ag16,fcc,,0.3680494772706879
Ag-fcc,111+8%,Ag16,fcc,,0.1735584240595926
Ag-fcc,111-1%,Ag16,fcc,,0.7802479282399872
Ag-fcc,111-2%,Ag16,fcc,,0.8286288163508289
Ag-fcc,111-3%,Ag16,fcc,,0.8704833261581371
Ag-fcc,111-5%,Ag16,fcc,,0.9229947662897756
Ag2O,110,Ag28O16,peroxo,3.57222019999998,
Ag3Al,111,Ag9Al3,hollow|A_A_A|FCC,2.2466703571443,
Ag3Al,111,Ag9Al3,hollow|A_A_A|HCP,2.34613422384047,
Ag3Al,111,Ag9Al3,hollow|A_A_B|FCC,-0.0786736890624411,
Ag3Al,111,Ag9Al3,hollow|A_A_B|HCP,-0.105449554761606,
Ag3Al,111,Ag9Al3,top|B,0.695831956840095,
Ag3Au,111,Ag9Au3,bridge|A_A|B,2.57130570424107,
Ag3Au,111,Ag9Au3,hollow|A_A_A|FCC,2.20836298734122,0.6606996112794832
Ag3Au,111,Ag9Au3,hollow|A_A_A|HCP,2.31125644073819,0.7265883037806589
Ag3Au,111,Ag9Au3,hollow|A_A_B|FCC,2.10328173864019,0.8570795427848452
Ag3Au,111,Ag9Au3,hollow|A_A_B|HCP,2.22520424883606,1.001232392981251
Ag3Au,111,Ag9Au3,top|B,3.29476483483796,1.7235165360806377
Ag3Bi,111,Ag9Bi3,bridge|A_B|A,,0.7736131125828933
Ag3Bi,111,Ag9Bi3,hollow|A_A_A|FCC,1.93845435914028,0.489941646778675
Ag3Bi,111,Ag9Bi3,hollow|A_A_A|HCP,1.88486820544114,0.4048664795817558
Ag3Bi,111,Ag9Bi3,hollow|A_A_B|FCC,1.71657463993671,0.6129463536825597
Ag3Bi,111,Ag9Bi3,hollow|A_A_B|HCP,1.66637031694319,0.6645350557854499
Ag3Bi,111,Ag9Bi3,top|B,2.41553944343815,1.0560895903807932
Ag3Cu,111,Ag9Cu3,hollow|A_A_A|FCC,2.13930552913718,0.6571138311745699
Ag3Cu,111,Ag9Cu3,hollow|A_A_A|HCP,2.23105279153589,0.7084841619770259
Ag3Cu,111,Ag9Cu3,hollow|A_A_B|FCC,1.36886580813353,0.2957799873810245
Ag3Cu,111,Ag9Cu3,hollow|A_A_B|HCP,1.44296948143511,0.3185133298801474
Ag3Cu,111,Ag9Cu3,top|B,2.30904116193761,0.7860828652745795
Ag3Ga,111,Ag9Ga3,hollow|A_A_B|HCP,0.823292936143673,
Ag3Ga,111,Ag9Ga3,top|B,1.68758975414295,
Ag3Ir,111,Ag9Ir3,hollow-tilt|A_A_B|FCC,0.642869352031823,
Ag3Ir,111,Ag9Ir3,hollow-tilt|A_A_B|HCP,0.561225676432343,
Ag3Ir,111,Ag9Ir3,hollow|A_A_A|FCC,2.32136016363421,0.7691523504735187
Ag3Ir,111,Ag9Ir3,hollow|A_A_A|HCP,,1.1868364803784743
Ag3Ir,111,Ag9Ir3,top|A,,1.333953058475231
Ag3Ir,111,Ag9Ir3,top|B,0.681139170137442,0.0017770394741773
Ag3Os,111,Ag9Os3,hollow|A_A_A|FCC,2.18489575384211,0.6967168710806391
Ag3Os,111,Ag9Os3,hollow|A_A_A|HCP,,1.2261301267834597
Ag3Os,111,Ag9Os3,top|B,-0.797905395160512,-0.6007632729189254
Ag3Pd,111,Ag9Pd3,bridge|A_A|B,,0.901139943377416
Ag3Pd,111,Ag9Pd3,hollow|A_A_A|FCC,2.22858172573962,0.6618731021779922
Ag3Pd,111,Ag9Pd3,hollow|A_A_A|HCP,2.53889925893947,0.8663557673834248
Ag3Pd,111,Ag9Pd3,hollow|A_A_B|FCC,1.95659101863913,0.7241181903781353
Ag3Pd,111,Ag9Pd3,hollow|A_A_B|HCP,1.97960463833789,0.7383972279830004
Ag3Pd,111,Ag9Pd3,top-tilt|A,,1.2480450868796424
Ag3Pd,111,Ag9Pd3,top|B,2.76765447853887,1.2875079881822558
Ag3Pt,111,Ag9Pt3,bridge|A_B|A,1.80456047274112,
Ag3Pt,111,Ag9Pt3,hollow|A_A_A|FCC,2.38981516164114,0.7573574399838208
Ag3Pt,111,Ag9Pt3,hollow|A_A_A|HCP,2.82847709163963,1.00314848248388
Ag3Pt,111,Ag9Pt3,hollow|A_A_B|FCC,1.67449822124382,
Ag3Pt,111,Ag9Pt3,hollow|A_A_B|HCP,1.69252970873987,
Ag3Pt,111,Ag9Pt3,top-tilt|A,,1.3035667863849767
Ag3Pt,111,Ag9Pt3,top|B,2.19592235073998,0.6598892562805077
Ag3Re,111,Ag9Re3,hollow|A_A_A|FCC,2.04493114364215,0.6052921995841416
Ag3Re,111,Ag9Re3,hollow|A_A_A|HCP,2.94698226014208,1.2364143971834665
Ag3Re,111,Ag9Re3,top|B,-1.94374588496083,
Ag3Rh,111,Ag9Rh3,bridge-tilt|A_B|A,,0.2835159527866153
Ag3Rh,111,Ag9Rh3,hollow|A_A_A|FCC,2.25136595363784,0.6994604588807078
Ag3Rh,111,Ag9Rh3,hollow|A_A_A|HCP,2.72544798953805,1.0801758829810524
Ag3Rh,111,Ag9Rh3,hollow|A_A_B|FCC,1.06524227543906,
Ag3Rh,111,Ag9Rh3,hollow|A_A_B|HCP,1.00408754744041,
Ag3Rh,111,Ag9Rh3,top|A,,1.2530567435795774
Ag3Rh,111,Ag9Rh3,top|B,1.32372076184021,0.2639973631856946
Ag3Ru,111,Ag9Ru3,hollow-tilt|A_A_B|HCP,-0.0352624160624941,
Ag3Ru,111,Ag9Ru3,hollow|A_A_A|FCC,2.15278999434287,0.6498040370832996
Ag3Ru,111,Ag9Ru3,hollow|A_A_A|HCP,2.77061290014154,1.141720822179991
Ag3Ru,111,Ag9Ru3,top|A,,1.2264089073840978
Ag3Ru,111,Ag9Ru3,top|B,-0.0435658337630116,-0.2817163279206625
Ag3Sc,111,Ag9Sc3,hollow|A_A_A|FCC,1.68415077943411,
Ag3Sc,111,Ag9Sc3,hollow|A_A_B|FCC,-1.01268607256151,
Ag3Sc,111,Ag9Sc3,hollow|A_A_B|HCP,-1.09237379386121,
Ag3Sc,111,Ag9Sc3,top|B,-0.593663006566374,
Ag3Tc,111,Ag9Tc3,hollow|A_A_A|FCC,2.03890613514142,0.5765621484796384
Ag3Tc,111,Ag9Tc3,hollow|A_A_A|HCP,,1.1675721811815265
Ag3Tc,111,Ag9Tc3,top|B,-1.24075161966556,-0.8302231313165294
Ag3Y,111,Ag9Y3,hollow|A_A_B|FCC,-0.686088512662707,
Ag3Y,111,Ag9Y3,hollow|A_A_B|HCP,-0.848574216459554,
Ag3Y,111,Ag9Y3,top|A,2.43892912453504,
Ag3Y,111,Ag9Y3,top|B,-0.0149594582655368,
Ag3Zn,111,Ag9Zn3,bridge|A_B|A,,0.2163532231833187
Ag3Zn,111,Ag9Zn3,hollow|A_A_A|FCC,2.12129649104082,0.6005755143822853
Ag3Zn,111,Ag9Zn3,hollow|A_A_A|HCP,,0.6672993241853646
Ag3Zn,111,Ag9Zn3,hollow|A_A_B|FCC,1.16888200104205,0.1828890714795079
Ag3Zn,111,Ag9Zn3,hollow|A_A_B|HCP,1.21103501974341,0.178110072182676
Ag3Zn,111,Ag9Zn3,top|B,2.23951607614055,0.6107064485812543
AgAu,101,Ag6Au6,bridge|A_A|B,,0.989271493080082
AgAu,101,Ag6Au6,hollow-tilt|A_A_B|FCC,,1.263809866079896
AgAu,101,Ag6Au6,hollow|A_A_B|FCC,2.27274131193173,0.8994113401757886
AgAu,101,Ag6Au6,hollow|A_A_B|HCP,2.43148694703615,0.9083320481776128
AgAu,101,Ag6Au6,hollow|A_B_B|FCC,2.17172830113469,1.1019678475757928
AgAu,101,Ag6Au6,hollow|A_B_B|HCP,2.33980825733653,1.169690043073274
AgAu,101,Ag6Au6,top-tilt|A,,1.2580724818734552
AgBi,101,Ag6Bi6,bridge|A_A|B,,0.3511196426815104
AgBi,101,Ag6Bi6,bridge|A_B|A,,0.3556861210862507
AgBi,101,Ag6Bi6,bridge|A_B|B,,0.3361029044798442
AgBi,101,Ag6Bi6,bridge|B_B|A,,0.5792826064833889
AgBi,101,Ag6Bi6,hollow-tilt|A_B_B|HCP,,0.799988290583201
AgBi,101,Ag6Bi6,hollow|A_A_B|FCC,1.3337156391388,0.3125928129855992
AgBi,101,Ag6Bi6,hollow|A_A_B|HCP,1.3607834829416,0.3676101494828572
AgBi,101,Ag6Bi6,hollow|A_B_B|FCC,1.28029928444067,0.3601139574865328
AgBi,101,Ag6Bi6,hollow|A_B_B|HCP,1.47067924173808,0.4717709730801971
AgBi,101,Ag6Bi6,top-tilt|B,,0.4308287248830993
AgBi,101,Ag6Bi6,top|B,2.1442857566397,
AgCu,101,Ag6Cu6,bridge|B_B|A,0.844416180941892,0.0965553778850107
AgCu,101,Ag6Cu6,hollow-tilt|A_A_B|FCC,,0.5228350396836277
AgCu,101,Ag6Cu6,hollow|A_A_B|FCC,1.51626606494011,0.3464315293866775
AgCu,101,Ag6Cu6,hollow|A_A_B|HCP,1.63905131203848,0.4150598639870395
AgCu,101,Ag6Cu6,hollow|A_B_B|HCP,,0.3989207922830928
AgCu,101,Ag6Cu6,top|A,3.5309695789436,
AgIr,101,Ag6Ir6,bridge|B_B|A,0.507282373236933,0.1676119203810913
AgIr,101,Ag6Ir6,hollow-tilt|A_A_B|HCP,1.21268049213887,
AgIr,101,Ag6Ir6,hollow|A_A_B|FCC,,0.932095613575143
AgIr,101,Ag6Ir6,hollow|A_B_B|FCC,0.405422680338063,
AgIr,101,Ag6Ir6,top-tilt|A,,1.4484701265799913
AgIr,101,Ag6Ir6,top|B,,0.4570330154791691
AgO,111,Ag8O8,peroxo,3.12540989999999,
AgPd,101,Ag6Pd6,bridge|B_B|A,1.68443867583466,0.5666449594763208
AgPd,101,Ag6Pd6,hollow|A_A_B|FCC,1.95678748483971,0.6663779467825179
AgPd,101,Ag6Pd6,hollow|A_A_B|HCP,2.10335738624036,0.8786584421803809
AgPd,101,Ag6Pd6,hollow|A_B_B|FCC,1.57583287264043,0.9003042816810876
AgPd,101,Ag6Pd6,hollow|A_B_B|HCP,1.58173801503636,0.5725528230804002
AgPd,101,Ag6Pd6,top|A,,1.301957368978833
AgPd,101,Ag6Pd6,top|B,2.66695711983977,0.8869045799773403
AgPt,101,Ag6Pt6,bridge-tilt|A_B|A,,0.6365685560857628
AgPt,101,Ag6Pt6,bridge|A_B|A,,0.74018896158384
AgPt,101,Ag6Pt6,bridge|B_B|A,,0.648395439781666
AgPt,101,Ag6Pt6,hollow-tilt|A_A_B|FCC,,0.6401597784832802
AgPt,101,Ag6Pt6,hollow|A_A_B|FCC,1.84548013544173,0.6630440080815561
AgPt,101,Ag6Pt6,hollow|A_A_B|HCP,2.07835978454006,
AgPt,101,Ag6Pt6,hollow|A_B_B|FCC,1.33857695284297,
AgPt,101,Ag6Pt6,hollow|A_B_B|HCP,1.26718149263962,
AgPt,101,Ag6Pt6,top-tilt|A,,1.5577099549817603
AgPt,101,Ag6Pt6,top-tilt|B,,0.9177048732861977
AgPt,101,Ag6Pt6,top|A,,1.647118398982343
AgPt,101,Ag6Pt6,top|B,2.31064404853879,0.7892557126805286
AgRe,101,Ag6Re6,bridge-tilt|B_B|B,,-0.222317414426584
AgRe,101,Ag6Re6,bridge|B_B|A,,-0.751000996820153
AgRe,101,Ag6Re6,bridge|B_B|B,-1.01023283026387,-0.7449637431228666
AgRe,101,Ag6Re6,top-tilt|B,,0.5622107284769982
AgRe,101,Ag6Re6,top|B,-0.496411289368723,
AgRh,101,Ag6Rh6,bridge|B_B|A,0.612177904240355,0.0814393180816068
AgRh,101,Ag6Rh6,hollow-tilt|A_A_B|FCC,,0.6150183645776224
AgRh,101,Ag6Rh6,hollow-tilt|A_A_B|HCP,1.34523680293552,
AgRh,101,Ag6Rh6,hollow|A_A_B|FCC,1.54953660763914,1.1673755788768858
AgRh,101,Ag6Rh6,hollow|A_B_B|FCC,0.52346471113907,
AgRh,101,Ag6Rh6,top-tilt|A,,1.3237210338819525
AgRh,101,Ag6Rh6,top|B,,0.5169848642807437
AgRu,101,Ag6Ru6,bridge|A_A|A,,1.0407324377855502
AgRu,101,Ag6Ru6,bridge|B_B|A,,-0.0213545416146416
AgRu,101,Ag6Ru6,bridge|B_B|B,0.274504086639183,0.0171005860801187
AgRu,101,Ag6Ru6,hollow-tilt|A_A_B|HCP,,0.4946236374788668
AgRu,101,Ag6Ru6,hollow|A_B_B|FCC,0.0825030111407727,
AgRu,101,Ag6Ru6,top|B,,-0.0339634805160358
AgZn,101,Ag6Zn6,bridge|B_B|A,0.507622787637786,-0.0223786421221348
AgZn,101,Ag6Zn6,hollow|A_A_B|FCC,,0.2295574111820997
AgZn,101,Ag6Zn6,top-tilt|B,,0.3656986857794209
Al,111,Al12,bridge|A_A|A,,-0.7638851788900638
Al,111,Al12,hollow|A_A_A|FCC,-2.04037146814193,-0.7693354830199723
Al,111,Al12,hollow|A_A_A|HCP,-1.58891637818209,-0.5158698778399184
Al,111,Al12,top|A,0.903947613917865,
Al3Co,111,Al9Co3,hollow|A_A_A|FCC,-1.46802749246143,
Al3Co,111,Al9Co3,hollow|A_A_A|HCP,-1.57905524486176,
Al3Co,111,Al9Co3,hollow|A_A_B|FCC,-0.909329209362284,
Al3Co,111,Al9Co3,top|B,1.97016119963865,
Al3Cu,111,Al9Cu3,hollow|A_A_A|FCC,-1.96858375586106,
Al3Cu,111,Al9Cu3,hollow|A_A_A|HCP,-1.80736787126096,
Al3Cu,111,Al9Cu3,hollow|A_A_B|FCC,-1.35490541586131,
Al3Cu,111,Al9Cu3,hollow|A_A_B|HCP,-1.15101568676272,
Al3Cu,111,Al9Cu3,top|B,2.48092758243712,
Al3Hf,111,Al9Hf3,hollow|A_A_A|FCC,-0.507453396811968,
Al3Hf,111,Al9Hf3,hollow|A_A_A|HCP,-0.553112058081922,
Al3Hf,111,Al9Hf3,hollow|A_A_B|FCC,-1.86760190209242,
Al3Hf,111,Al9Hf3,hollow|A_A_B|HCP,-1.75920140881243,
Al3Hf,111,Al9Hf3,top|B,0.173714617408052,
Al3Ir,111,Al9Ir3,hollow|A_A_A|FCC,-1.68465078861135,
Al3Ir,111,Al9Ir3,hollow|A_A_A|HCP,-1.76399918396072,
Al3Ir,111,Al9Ir3,top|B,2.57740391132921,
Al3La,111,Al9La3,bridge|A_A|B,-1.91251646808195,
Al3La,111,Al9La3,bridge|A_B|A,-1.40882912679189,
Al3La,111,Al9La3,hollow|A_A_A|HCP,-1.19857519919168,
Al3La,111,Al9La3,hollow|A_A_B|HCP,-1.96468150729123,
Al3Mo,111,Al9Mo3,hollow|A_A_A|HCP,-1.48465500850142,
Al3Mo,111,Al9Mo3,hollow|A_A_B|FCC,-0.9913372453222,
Al3Mo,111,Al9Mo3,hollow|A_A_B|HCP,-1.06071593385167,
Al3Nb,111,Al9Nb3,hollow|A_A_A|HCP,-0.909377781622595,
Al3Nb,111,Al9Nb3,hollow|A_A_B|FCC,-1.22637666191184,
Al3Nb,111,Al9Nb3,hollow|A_A_B|HCP,-1.14518959335254,
Al3Ni,111,Al9Ni3,hollow|A_A_A|FCC,-1.66795918966108,
Al3Ni,111,Al9Ni3,hollow|A_A_A|HCP,-1.70570137916201,
Al3Ni,111,Al9Ni3,hollow|A_A_B|FCC,-1.02606305286116,
Al3Ni,111,Al9Ni3,top|B,2.47082113843845,
Al3Pd,111,Al9Pd3,hollow|A_A_A|FCC,-1.75365001439258,
Al3Pd,111,Al9Pd3,hollow|A_A_A|HCP,-1.84833719471152,
Al3Pd,111,Al9Pd3,top|B,3.45739407866841,
Al3Pt,111,Al9Pt3,hollow|A_A_A|FCC,-1.95153527957353,
Al3Pt,111,Al9Pt3,hollow|A_A_A|HCP,-1.96852457103358,
Al3Pt,111,Al9Pt3,top|B,3.29102503828636,
Al3Rh,111,Al9Rh3,hollow|A_A_A|FCC,-1.56316406872173,
Al3Rh,111,Al9Rh3,hollow|A_A_A|HCP,-1.70580342180182,
Al3Ru,111,Al9Ru3,hollow|A_A_A|FCC,-1.63186723464077,
Al3Ru,111,Al9Ru3,hollow|A_A_A|HCP,-1.76727434612093,
Al3Sc,111,Al9Sc3,hollow|A_A_B|FCC,-2.15320673670175,
Al3Sc,111,Al9Sc3,hollow|A_A_B|HCP,-2.09234738823142,
Al3Ta,111,Al9Ta3,hollow|A_A_A|FCC,-0.523075044112545,
Al3Ta,111,Al9Ta3,hollow|A_A_A|HCP,-0.863035434332403,
Al3Ta,111,Al9Ta3,hollow|A_A_B|FCC,-1.33281807161274,
Al3Ta,111,Al9Ta3,hollow|A_A_B|HCP,-1.18765663141238,
Al3Ti,111,Al9Ti3,hollow|A_A_A|FCC,-0.610821824932089,
Al3Ti,111,Al9Ti3,hollow|A_A_A|HCP,-0.720387781782108,
Al3Ti,111,Al9Ti3,hollow|A_A_B|FCC,-1.74794501171272,
Al3Ti,111,Al9Ti3,hollow|A_A_B|HCP,-1.61180591401279,
Al3Ti,111,Al9Ti3,top|B,0.0571199600979639,
Al3V,111,Al9V3,hollow|A_A_B|FCC,-1.32037362548198,
Al3V,111,Al9V3,hollow|A_A_B|HCP,-1.20191117879148,
Al3Y,111,Al9Y3,hollow|A_A_A|FCC,-0.948689115502191,
Al3Y,111,Al9Y3,hollow|A_A_A|HCP,-1.12225134916224,
Al3Y,111,Al9Y3,hollow|A_A_B|FCC,-2.11907264072232,
Al3Y,111,Al9Y3,hollow|A_A_B|HCP,-2.09566323141206,
Al3Y,111,Al9Y3,top|B,1.30834564958769,
Al3Zr,111,Al9Zr3,hollow|A_A_A|FCC,-0.4958797149622,
Al3Zr,111,Al9Zr3,hollow|A_A_A|HCP,-0.537480070452318,
Al3Zr,111,Al9Zr3,hollow|A_A_B|FCC,-1.72775593362184,
Al3Zr,111,Al9Zr3,hollow|A_A_B|HCP,-1.64583783123197,
Al3Zr,111,Al9Zr3,top|B,0.410094058598418,
Au,100,Au64,hollow,,
Au,111,Au12,bridge|A_A|A,,1.2733503133794102
Au,111,Au12,hollow|A_A_A|FCC,2.41503195113529,1.3747626511802764
Au,111,Au12,hollow|A_A_A|HCP,2.61923161793658,1.4154380916778564
Au,111,Au12,top|A,3.70546121743593,2.035280490378568
Au,111,Au16,bridge,,
Au,111,Au16,fcc,,
Au,111,Au16,ontop,,
Au,211,Au36,ontop,,
Au-fcc,111,Au16,fcc,2.83033630000001,1.5193882991516148
Au-fcc,111,Au16,hcp,,1.5766644525974698
Au-fcc,111,Au16,ontop,,2.2236436759558273
Au-fcc,111+2%,Au16,fcc,,1.1904243012722873
Au-fcc,111+5%,Au16,fcc,,0.7859161955566378
Au-fcc,111+8%,Au16,fcc,,0.4335240125001292
Au-fcc,111-1%,Au16,fcc,,1.661817308238824
Au-fcc,111-2%,Au16,fcc,,1.7779478753909643
Au-fcc,111-3%,Au16,fcc,,1.883091574192804
Au-fcc,111-5%,Au16,fcc,,2.1607739504433994
Au2O3-corundum,100,Au32O48,peroxo,2.86808843,
Au3Ag,111,Ag3Au9,bridge|A_B|A,,1.1040401305807563
Au3Ag,111,Ag3Au9,hollow|A_A_A|FCC,2.28714552193907,1.3640065352818738
Au3Ag,111,Ag3Au9,hollow|A_A_A|HCP,2.48644482663786,1.4356949260808278
Au3Ag,111,Ag3Au9,hollow|A_A_B|FCC,2.35964984603908,1.1576560807815213
Au3Ag,111,Ag3Au9,hollow|A_A_B|HCP,2.54508386233994,1.192428555780566
Au3Ag,111,Ag3Au9,top|A,,1.3229593872828218
Au3Ag,111,Ag3Au9,top|B,4.01755279674018,1.796723458181873
Au3Bi,111,Au9Bi3,hollow|A_A_A|FCC,1.92074954443871,0.955087328177683
Au3Bi,111,Au9Bi3,hollow|A_A_A|HCP,2.02131588023605,1.1357808491783317
Au3Bi,111,Au9Bi3,hollow|A_A_B|FCC,1.79428354943576,0.9496118535797676
Au3Bi,111,Au9Bi3,hollow|A_A_B|HCP,1.86352876613802,0.8797825444788714
Au3Bi,111,Au9Bi3,top-tilt|A,,1.131174506180173
Au3Bi,111,Au9Bi3,top|B,,0.9005717696790043
Au3Cd,111,Au9Cd3,hollow|A_A_A|FCC,2.42551581703793,
Au3Cd,111,Au9Cd3,hollow|A_A_A|HCP,2.59055258804057,
Au3Cd,111,Au9Cd3,hollow|A_A_B|FCC,1.97628022363989,
Au3Cd,111,Au9Cd3,hollow|A_A_B|HCP,2.12405953503895,
Au3Cd,111,Au9Cd3,top|B,3.7163593766379694,
Au3Cu,111,Au9Cu3,bridge-tilt|A_B|A,,0.7720457367803419
Au3Cu,111,Au9Cu3,bridge|A_B|A,,0.7784546979827383
Au3Cu,111,Au9Cu3,hollow-tilt|A_A_B|FCC,,0.8197411701811461
Au3Cu,111,Au9Cu3,hollow-tilt|A_A_B|HCP,,0.8383011026825216
Au3Cu,111,Au9Cu3,hollow|A_A_A|FCC,2.53158728793989,1.4355247188804017
Au3Cu,111,Au9Cu3,hollow|A_A_A|HCP,2.73933817633935,1.5551919495818538
Au3Cu,111,Au9Cu3,hollow|A_A_B|FCC,1.90663214233774,0.983006888281011
Au3Cu,111,Au9Cu3,hollow|A_A_B|HCP,2.04720479084045,1.0634346231826155
Au3Cu,111,Au9Cu3,top-tilt|A,,1.4119657829804737
Au3Cu,111,Au9Cu3,top|A,,1.3765255405822927
Au3Cu,111,Au9Cu3,top|B,2.98212195283833,1.1945347167828686
Au3Hf,111,Au9Hf3,top|A,3.26974546403636,
Au3Hf,111,Au9Hf3,top|B,-1.34458223316341,
Au3Ir,111,Au9Ir3,hollow-tilt|A_A_B|HCP,1.19528343803887,
Au3Ir,111,Au9Ir3,hollow|A_A_A|FCC,2.40279145433652,1.250842961377998
Au3Ir,111,Au9Ir3,hollow|A_A_A|HCP,3.28266189153857,1.8444241976802689
Au3Ir,111,Au9Ir3,hollow|A_A_B|FCC,1.25415758003857,
Au3Ir,111,Au9Ir3,top|A,,1.427203069478196
Au3Ir,111,Au9Ir3,top|B,1.11251416363649,0.1768707297786704
Au3Os,111,Au9Os3,bridge|A_A|A,,1.1885088919779037
Au3Os,111,Au9Os3,hollow|A_A_A|FCC,2.33683105983783,1.2353429489784276
Au3Os,111,Au9Os3,hollow|A_A_A|HCP,,1.8756189199783648
Au3Os,111,Au9Os3,top|A,,1.3897037416799094
Au3Os,111,Au9Os3,top|B,-0.274332518864128,-0.377523664820842
Au3Pd,111,Au9Pd3,bridge|A_A|A,,1.2697276617808484
Au3Pd,111,Au9Pd3,bridge|A_B|A,,1.1164161399800605
Au3Pd,111,Au9Pd3,hollow|A_A_A|FCC,2.46588104783569,1.3773692295807225
Au3Pd,111,Au9Pd3,hollow|A_A_A|HCP,2.8571086376358,1.6062338389791648
Au3Pd,111,Au9Pd3,hollow|A_A_B|FCC,2.31164284233802,1.359169983978859
Au3Pd,111,Au9Pd3,hollow|A_A_B|HCP,2.45249331903671,1.3349311716782497
Au3Pd,111,Au9Pd3,top|A,3.69346861633659,1.3966053649791093
Au3Pd,111,Au9Pd3,top|B,3.1466086458384,1.103435629579394
Au3Pt,111,Au9Pt3,bridge|A_A|A,,1.279673966780024
Au3Pt,111,Au9Pt3,hollow|A_A_A|FCC,2.49001496023612,1.3676334045784415
Au3Pt,111,Au9Pt3,hollow|A_A_A|HCP,3.07057759023866,1.6919234390778684
Au3Pt,111,Au9Pt3,hollow|A_A_B|FCC,2.05786403413714,1.5161456545801002
Au3Pt,111,Au9Pt3,hollow|A_A_B|HCP,2.17109726913606,
Au3Pt,111,Au9Pt3,top|A,,1.443908954378344
Au3Pt,111,Au9Pt3,top|B,2.47823297523775,0.7720943091779873
Au3Re,111,Au9Re3,hollow|A_A_A|FCC,2.3178611877409,1.1512505208819448
Au3Re,111,Au9Re3,hollow|A_A_A|HCP,3.43230545484022,1.8695974488808815
Au3Re,111,Au9Re3,top|A,,1.349356470382986
Au3Re,111,Au9Re3,top|B,-1.46896084285999,-0.9614596901184314
Au3Rh,111,Au9Rh3,bridge|A_B|A,1.68694416404088,
Au3Rh,111,Au9Rh3,hollow|A_A_A|FCC,2.42749803023963,1.35220604648282
Au3Rh,111,Au9Rh3,hollow|A_A_A|HCP,3.0912529357409,1.7846084057827056
Au3Rh,111,Au9Rh3,hollow|A_A_B|FCC,1.60899429774128,
Au3Rh,111,Au9Rh3,hollow|A_A_B|HCP,1.61858522204039,1.2571547778833292
Au3Rh,111,Au9Rh3,top|A,,1.4034970560832107
Au3Rh,111,Au9Rh3,top|B,1.73200880073983,0.4782090503803147
Au3Ru,111,Au9Ru3,hollow|A_A_A|FCC,2.35910493813554,1.2602586444780854
Au3Ru,111,Au9Ru3,hollow|A_A_A|HCP,3.19540981373558,1.8226276071771963
Au3Ru,111,Au9Ru3,hollow|A_A_B|HCP,,1.2487563924777303
Au3Ru,111,Au9Ru3,top|A,,1.3704458371802275
Au3Ru,111,Au9Ru3,top|B,0.419291506335696,-0.0345644440232035
Au3Tc,111,Au9Tc3,hollow|A_A_A|FCC,2.32542159863789,1.1740015507792805
Au3Tc,111,Au9Tc3,hollow|A_A_A|HCP,3.25620997743664,1.8241243692799571
Au3Tc,111,Au9Tc3,top-tilt|B,-1.30258187036469,
Au3Tc,111,Au9Tc3,top|A,,1.329529984080068
Au3Tc,111,Au9Tc3,top|B,-0.79094839676344,-0.5578129607193887
Au3Ti,111,Au9Ti3,hollow|A_A_A|FCC,2.33345820874075,
Au3Ti,111,Au9Ti3,hollow|A_A_A|HCP,3.1822935185408,
Au3Ti,111,Au9Ti3,top|A,3.33413208803887,
Au3Ti,111,Au9Ti3,top|B,-1.40717739586052,
Au3Y,111,Au9Y3,hollow|A_A_A|FCC,2.15355789963706,
Au3Y,111,Au9Y3,hollow|A_A_A|HCP,1.83581764523825,
Au3Y,111,Au9Y3,hollow|A_A_B|FCC,0.249095593036884,
Au3Y,111,Au9Y3,hollow|A_A_B|HCP,0.0552978858393658,
Au3Y,111,Au9Y3,top|A,2.84823976733952,
Au3Y,111,Au9Y3,top|B,0.757054441237244,
Au3Zn,111,Au9Zn3,hollow|A_A_A|FCC,,1.3782052993818752
Au3Zn,111,Au9Zn3,hollow|A_A_A|HCP,2.70396637063442,1.5227269998766817
Au3Zn,111,Au9Zn3,hollow|A_A_B|FCC,1.59863016193759,
Au3Zn,111,Au9Zn3,hollow|A_A_B|HCP,1.70750032373672,
Au3Zn,111,Au9Zn3,top|A,,1.3002833247782064
Au3Zn,111,Au9Zn3,top|B,,0.8982511828770612
AuBi,101,Au6Bi6,bridge|A_B|A,,0.2210247375813878
AuBi,101,Au6Bi6,bridge|B_B|A,,0.4169061564797403
AuBi,101,Au6Bi6,hollow|A_A_B|HCP,1.54597205243755,
AuBi,101,Au6Bi6,hollow|A_B_B|FCC,1.35619060953815,0.4554755719808554
AuBi,101,Au6Bi6,hollow|A_B_B|HCP,,0.5003455112790789
AuBi,101,Au6Bi6,top|B,,0.3094524832785055
AuCu,101,Au6Cu6,bridge|B_B|A,,0.3462068993802631
AuCu,101,Au6Cu6,hollow|A_A_B|FCC,1.92273379843738,
AuCu,101,Au6Cu6,hollow|A_A_B|HCP,2.07591674643828,
AuCu,101,Au6Cu6,hollow|A_B_B|FCC,1.36588003903654,
AuCu,101,Au6Cu6,hollow|A_B_B|HCP,1.46311406883234,
AuCu,101,Au6Cu6,top-tilt|A,,1.300820205277773
AuCu,101,Au6Cu6,top-tilt|B,,0.7824681049795572
AuCu,101,Au6Cu6,top|B,,0.7838787431800256
AuIr,101,Au6Ir6,bridge|B_B|A,,0.4312098203816958
AuIr,101,Au6Ir6,hollow|A_A_B|FCC,,1.564003948079403
AuIr,101,Au6Ir6,top|B,1.58175121263758,0.5522452394806123
AuPd,101,Au6Pd6,bridge|B_B|A,,0.7982512518800604
AuPd,101,Au6Pd6,hollow|A_A_B|FCC,2.19826511483899,1.2806859581804702
AuPd,101,Au6Pd6,hollow|A_A_B|HCP,2.42677692863782,
AuPd,101,Au6Pd6,hollow|A_B_B|FCC,1.87030997903622,1.0876998305801635
AuPd,101,Au6Pd6,hollow|A_B_B|HCP,2.02022334313716,
AuPd,101,Au6Pd6,top-tilt|B,,1.24693880807979
AuPd,101,Au6Pd6,top|A,,1.4028935075810978
AuPd,101,Au6Pd6,top|B,,1.002879497977915
AuPt,101,Au6Pt6,bridge|B_B|A,,0.8758185261802964
AuPt,101,Au6Pt6,hollow|A_A_B|FCC,2.10634165873836,1.4911703661790623
AuPt,101,Au6Pt6,hollow|A_A_B|HCP,2.42249712213726,
AuPt,101,Au6Pt6,hollow|A_B_B|FCC,1.67845638923592,
AuPt,101,Au6Pt6,hollow|A_B_B|HCP,1.77454536393617,
AuPt,101,Au6Pt6,top|A,,1.518621210278866
AuPt,101,Au6Pt6,top|B,,0.8547920176796424
AuRe,101,Au6Re6,bridge|B_B|A,,0.4251539268815349
AuRe,101,Au6Re6,top|B,0.619271912040688,0.5934319818815084
AuRh,101,Au6Rh6,bridge|B_B|A,,0.2709155853780203
AuRh,101,Au6Rh6,hollow-tilt|A_A_B|FCC,,1.5768064959783032
AuRh,101,Au6Rh6,hollow-tilt|A_A_B|HCP,1.81761390963931,
AuRh,101,Au6Rh6,hollow|A_A_B|FCC,1.86634432793636,1.5874480518804148
AuRh,101,Au6Rh6,hollow|A_B_B|FCC,0.866565158936112,
AuRh,101,Au6Rh6,top-tilt|A,,1.4217112679806403
AuRh,101,Au6Rh6,top|B,,0.5231117794800184
AuRu,101,Au6Ru6,bridge|A_A|A,,1.543373501380188
AuRu,101,Au6Ru6,bridge|B_B|A,,0.6603983812791512
AuRu,101,Au6Ru6,bridge|B_B|B,,0.7230637492801861
AuRu,101,Au6Ru6,top-tilt|B,1.64921626063716,
AuRu,101,Au6Ru6,top|B,1.64956973653517,0.5651348638792797
AuTc,101,Au6Tc6,bridge|B_B|A,,0.3702103332806246
AuTc,101,Au6Tc6,top-tilt|B,,0.5715997443811602
AuTc,101,Au6Tc6,top|B,1.01383344063635,
AuZn,101,Au6Zn6,bridge|B_B|A,,0.0188970815842139
AuZn,101,Au6Zn6,hollow|A_A_B|FCC,1.58328090064225,
Bi,111,Bi12,bridge|A_A|A,0.936682228438997,0.130991520182647
Bi,111,Bi12,hollow|A_A_A|FCC,0.992384339340617,0.3785997389830982
Bi,111,Bi12,hollow|A_A_A|HCP,0.980499495340894,0.4168032973801701
Bi,111,Bi12,top|A,1.5759833516384,
Bi3Ag,111,Ag3Bi9,bridge|A_A|A,,0.3125900918793149
Bi3Ag,111,Ag3Bi9,hollow-tilt|A_A_B|FCC,,0.1407080250763783
Bi3Ag,111,Ag3Bi9,hollow|A_A_A|FCC,0.987068051235667,0.2734210734751059
Bi3Ag,111,Ag3Bi9,hollow|A_A_A|HCP,1.44534762023596,0.7102768478770258
Bi3Ag,111,Ag3Bi9,hollow|A_A_B|FCC,,0.1301029324794171
Bi3Ag,111,Ag3Bi9,top|A,,0.3320813339786355
Bi3Ag,111,Ag3Bi9,top|B,,1.070074881074902
Bi3Au,111,Au3Bi9,bridge|A_A|A,,0.1796271068823216
Bi3Au,111,Au3Bi9,hollow|A_A_A|FCC,0.816997582340093,0.2224598658802961
Bi3Au,111,Au3Bi9,hollow|A_A_A|HCP,1.44175435703784,0.7128592081797933
Bi3Au,111,Au3Bi9,hollow|A_A_B|HCP,1.2538152608393,0.4779997948797927
Bi3Au,111,Au3Bi9,top|A,,0.1733193719818473
Bi3Au,111,Au3Bi9,top|B,,1.493628506480377
Bi3Cu,111,Bi9Cu3,bridge|A_A|A,,0.0871388784843247
Bi3Cu,111,Bi9Cu3,hollow-tilt|A_A_B|FCC,,-0.3931840883188897
Bi3Cu,111,Bi9Cu3,hollow|A_A_A|FCC,,0.2992035876858381
Bi3Cu,111,Bi9Cu3,hollow|A_A_A|HCP,1.54945130004108,0.6776446842821997
Bi3Cu,111,Bi9Cu3,hollow|A_A_B|FCC,,-1.2516933171165192
Bi3Cu,111,Bi9Cu3,hollow|A_A_B|HCP,0.775729205841174,
Bi3Cu,111,Bi9Cu3,top-tilt|B,,-0.0469005888181754
Bi3Pd,111,Bi9Pd3,bridge|A_A|A,,0.3026282763829613
Bi3Pd,111,Bi9Pd3,bridge|A_B|A,,0.3136374579815992
Bi3Pd,111,Bi9Pd3,hollow-tilt|A_A_B|FCC,,0.3133759565833998
Bi3Pd,111,Bi9Pd3,hollow-tilt|A_A_B|HCP,,0.3530674334805326
Bi3Pd,111,Bi9Pd3,hollow|A_A_A|FCC,1.2507539801407,0.3509169178804541
Bi3Pd,111,Bi9Pd3,hollow|A_A_A|HCP,1.51828161214127,0.7794729479800253
Bi3Pd,111,Bi9Pd3,hollow|A_A_B|FCC,1.11737738213907,
Bi3Pd,111,Bi9Pd3,hollow|A_A_B|HCP,1.40092299523877,
Bi3Pd,111,Bi9Pd3,top|A,,0.2740783644811699
Bi3Pd,111,Bi9Pd3,top|B,,1.0776298497811467
Bi3Pt,111,Bi9Pt3,bridge|A_A|A,,0.1043568815811113
Bi3Pt,111,Bi9Pt3,bridge|A_A|B,,0.5504343218789245
Bi3Pt,111,Bi9Pt3,bridge|A_B|A,,-0.0742843568178841
Bi3Pt,111,Bi9Pt3,hollow-tilt|A_A_B|FCC,,0.352511777081304
Bi3Pt,111,Bi9Pt3,hollow-tilt|A_A_B|HCP,,0.3083992665787036
Bi3Pt,111,Bi9Pt3,hollow|A_A_A|FCC,1.1211447982385,-0.0168042541182558
Bi3Pt,111,Bi9Pt3,hollow|A_A_A|HCP,1.50647459273733,0.3984630967796647
Bi3Pt,111,Bi9Pt3,hollow|A_A_B|FCC,1.07547484423759,
Bi3Pt,111,Bi9Pt3,top|A,,0.0882447490811273
Bi3Pt,111,Bi9Pt3,top|B,,0.9171060867819278
Bi3Re,111,Bi9Re3,hollow|A_A_A|FCC,1.63547968193944,
Bi3Re,111,Bi9Re3,hollow|A_A_A|HCP,1.36224038043639,0.7740167934797455
Bi3Re,111,Bi9Re3,top-tilt|B,,-1.150253495819129
Bi3Re,111,Bi9Re3,top|B,,-0.5677818511204578
Bi3Rh,111,Bi9Rh3,bridge-tilt|A_A|B,,0.5962227814787866
Bi3Rh,111,Bi9Rh3,bridge|A_A|A,,0.3221597913769756
Bi3Rh,111,Bi9Rh3,hollow-tilt|A_A_B|FCC,,0.2643478457765695
Bi3Rh,111,Bi9Rh3,hollow|A_A_A|FCC,1.56719747613516,0.5511597773773929
Bi3Rh,111,Bi9Rh3,hollow|A_A_A|HCP,1.49185827003731,0.7811094406796428
Bi3Rh,111,Bi9Rh3,hollow|A_A_B|FCC,1.12722382143676,
Bi3Rh,111,Bi9Rh3,hollow|A_A_B|HCP,1.36244419373526,
Bi3Rh,111,Bi9Rh3,top|A,,0.2385719984785055
Bi3Rh,111,Bi9Rh3,top|B,,0.8545233053781658
Bi3Ru,111,Bi9Ru3,bridge-tilt|A_A|B,,0.5810785578768218
Bi3Ru,111,Bi9Ru3,bridge|A_A|A,,0.289312929879884
Bi3Ru,111,Bi9Ru3,hollow-tilt|A_A_B|FCC,0.463912733637528,
Bi3Ru,111,Bi9Ru3,hollow|A_A_A|FCC,1.69544744943761,0.2865614507799137
Bi3Ru,111,Bi9Ru3,hollow|A_A_A|HCP,1.43311610323491,0.3386958771778836
Bi3Ru,111,Bi9Ru3,top-tilt|B,,-0.200158912320262
Bi3Ru,111,Bi9Ru3,top|A,,0.1925077514796385
Bi3Ru,111,Bi9Ru3,top|B,,0.3260658494772315
BiCu,101,Bi6Cu6,bridge|A_A|B,,0.5553900590865624
BiCu,101,Bi6Cu6,bridge|B_B|A,0.806257385240144,0.0845551575811214
BiCu,101,Bi6Cu6,hollow-tilt|A_A_B|FCC,,0.0603394749822427
BiCu,101,Bi6Cu6,hollow|A_A_B|FCC,,0.0988106573830691
BiCu,101,Bi6Cu6,top-tilt|B,,0.3145570667810489
BiCu,101,Bi6Cu6,top|A,,0.4858585786831781
BiIr,101,Bi6Ir6,bridge|A_A|B,,0.7725141807794671
BiIr,101,Bi6Ir6,bridge|B_B|A,0.722464690635945,0.3509273942771642
BiIr,101,Bi6Ir6,hollow-tilt|A_A_B|FCC,1.00143375713725,0.05942734937787
BiIr,101,Bi6Ir6,top-tilt|B,,0.0207297682799207
BiOs,101,Bi6Os6,bridge|A_A|B,2.19772741793696,0.9526871480783256
BiOs,101,Bi6Os6,bridge|B_B|A,0.247474610936308,
BiOs,101,Bi6Os6,top-tilt|B,,-0.1183091105223184
BiOs,101,Bi6Os6,top|A,,0.8715569513777837
BiOs,101,Bi6Os6,top|B,0.490557848635774,
BiPd,101,Bi6Pd6,bridge|A_A|B,,0.8086453201802897
BiPd,101,Bi6Pd6,bridge|A_B|A,,0.7087207648809226
BiPd,101,Bi6Pd6,bridge|B_B|A,1.93514382213817,0.6939217176812917
BiPd,101,Bi6Pd6,hollow|A_A_B|FCC,1.87467590943908,0.7627725053797576
BiPd,101,Bi6Pd6,hollow|A_B_B|HCP,1.87352010593878,0.7007520471823909
BiPd,101,Bi6Pd6,top|A,,0.7257103284799769
BiPd,101,Bi6Pd6,top|B,,1.3148293059829257
BiPt,101,Bi6Pt6,bridge|A_A|B,,0.7786859947817675
BiPt,101,Bi6Pt6,bridge|B_B|A,1.56346339394059,0.8213617441805354
BiPt,101,Bi6Pt6,hollow-tilt|A_A_B|FCC,,0.5475172614759458
BiPt,101,Bi6Pt6,hollow|A_A_B|FCC,1.55267394413369,
BiPt,101,Bi6Pt6,top|A,,0.7036987678810647
BiRe,101,Bi6Re6,bridge|B_B|A,,-0.5100096342204097
BiRe,101,Bi6Re6,top-tilt|B,,-1.2377179585192837
BiRe,101,Bi6Re6,top|B,-0.712971727262072,-0.5932795981199206
BiRh,101,Bi6Rh6,bridge-tilt|A_B|B,,0.4276779188811588
BiRh,101,Bi6Rh6,bridge|B_B|A,1.30198621314031,0.7089429458800396
BiRh,101,Bi6Rh6,hollow-tilt|A_A_B|FCC,1.46297066493918,0.4230302144795814
BiRh,101,Bi6Rh6,hollow|A_A_B|HCP,,0.8311205627804839
BiRh,101,Bi6Rh6,top-tilt|B,,0.4356056833793218
BiRh,101,Bi6Rh6,top|A,,0.7859121138798173
BiRu,101,Bi6Ru6,bridge|A_A|B,2.07105665723776,0.9283396262807172
BiRu,101,Bi6Ru6,bridge|B_B|A,0.954816302739175,0.4033874048808457
BiRu,101,Bi6Ru6,top-tilt|B,1.13650834553829,0.245489812482333
BiRu,101,Bi6Ru6,top|A,,0.8535407021817036
BiTc,101,Bi6Tc6,bridge|A_A|B,2.00188722423974,0.885057199081416
BiTc,101,Bi6Tc6,bridge|B_B|A,-0.0854985762600222,-0.1892166707176557
BiTc,101,Bi6Tc6,top-tilt|A,,0.9151561189800076
BiTc,101,Bi6Tc6,top-tilt|B,-0.0189283746623801,
BiTc,101,Bi6Tc6,top|B,,-0.2211206577186431
Cd,111,Cd12,hollow|A_A_A|FCC,1.025209023537,0.2482208829795809
Cd,111,Cd12,hollow|A_A_A|HCP,0.90444041203574,0.2294330550802215
Cd3Ag,111,Ag3Cd9,hollow|A_A_A|FCC,1.07978676013937,
Cd3Ag,111,Ag3Cd9,hollow|A_A_A|HCP,0.993594973839038,
Cd3La,111,Cd9La3,hollow|A_A_A|FCC,0.80942832783677,
Cd3La,111,Cd9La3,hollow|A_A_B|FCC,-1.13913410805998,
Cd3La,111,Cd9La3,hollow|A_A_B|HCP,-1.30721079886297,
Cd3La,111,Cd9La3,top|B,-0.786876757360176,
Cd3Pt,111,Cd9Pt3,hollow|A_A_A|FCC,1.17117170293915,
Cd3Pt,111,Cd9Pt3,hollow|A_A_A|HCP,1.1058581230389,
Cd3Rh,111,Cd9Rh3,hollow|A_A_A|FCC,1.30525171523897,
Cd3Rh,111,Cd9Rh3,hollow|A_A_A|HCP,1.301873830136,
Cd3Rh,111,Cd9Rh3,top|B,2.1068501034386,
Cd3Y,111,Cd9Y3,hollow|A_A_A|FCC,0.986272526540972,
Cd3Y,111,Cd9Y3,hollow|A_A_B|FCC,-1.08493202465996,
Cd3Y,111,Cd9Y3,hollow|A_A_B|HCP,-1.21725418156001,
Cd3Y,111,Cd9Y3,top|B,-0.2246086128618,
Cd3Zr,111,Cd9Zr3,hollow-tilt|A_A_B|FCC,-1.69640801126315,
Cd3Zr,111,Cd9Zr3,hollow-tilt|A_A_B|HCP,-1.76555200156162,
Cd3Zr,111,Cd9Zr3,hollow|A_A_A|FCC,1.13420775913966,
Cd3Zr,111,Cd9Zr3,top|B,-1.53194784936221,
CeW15HO48,1,CeW15HO48,A,,
CeW15HO48,1,CeW15HO48,B,,
CeW15O47,1,CeW15O47,A,,
CeW15O47,1,CeW15O47,B,,
CeW15O48,1,CeW15O48,A,,
CeW15O48,1,CeW15O48,B,,
Co,111,Co12,bridge|A_A|A,,0.0214545434836281
Co,111,Co12,hollow|A_A_A|FCC,-0.201434990263977,-0.2314417995177109
Co,111,Co12,hollow|A_A_A|HCP,-0.253032127864742,-0.243848285822537
Co,111,Co12,top|A,1.33240377824023,0.6621178685790028
Co,111,Co36,nan,,
Co-hcp,1,Co16,hcp,0.0093643799999938,
Co2O3-corundum,12,Co12O18,peroxo,3.47554474999998,
Co2P,101,Co24H2P12,nan,0.198178884635,
Co3Al,111,Al3Co9,hollow|A_A_B|FCC,-0.341126942261496,
Co3Al,111,Al3Co9,top|B,1.71004186693955,
Co3Cu,111,Co12Cu4,nan,,
Co3Cu,111,Co9Cu3,hollow|A_A_A|FCC,-0.255640066865624,
Co3Cu,111,Co9Cu3,hollow|A_A_A|HCP,-0.259662589665993,
Co3Cu,111,Co9Cu3,hollow|A_A_B|FCC,0.220859020238834,
Co3Cu,111,Co9Cu3,hollow|A_A_B|HCP,0.224185884038718,
Co3Cu,111,Co9Cu3,top|B,2.60424644493816,
Co3Fe,111,Co12Fe4,nan,,
Co3Fe,111,Co9Fe3,hollow|A_A_B|FCC,0.369840530536578,
Co3Ir,111,Co9Ir3,hollow|A_A_B|HCP,0.100447286032988,
Co3Ni,111,Co9Ni3,hollow|A_A_A|FCC,-0.184680941161957,
Co3Ni,111,Co9Ni3,hollow|A_A_B|FCC,0.0224631334384071,
Co3Pt,111,Co12Pt4,nan,,
Co3Pt,111,Co9Pt3,hollow|A_A_A|FCC,-0.0115196672597335,
Co3Pt,111,Co9Pt3,hollow|A_A_A|HCP,0.118586666638123,
Co3Pt,111,Co9Pt3,hollow|A_A_B|FCC,0.555995784536037,
Co3Pt,111,Co9Pt3,hollow|A_A_B|HCP,0.549168176137584,
Co3Rh,111,Co9Rh3,hollow|A_A_A|FCC,-0.0412104163589788,
Co3Rh,111,Co9Rh3,hollow|A_A_A|HCP,-0.0026385518614802,
Co3Rh,111,Co9Rh3,hollow|A_A_B|FCC,0.193424366941883,
Co3Rh,111,Co9Rh3,hollow|A_A_B|HCP,0.116794116740323,
Co3Rh,111,Co9Rh3,top|A,1.34590375404133,
Co3V,111,Co9V3,hollow|A_A_B|FCC,-1.05943795116417,
Co3V,111,Co9V3,hollow|A_A_B|HCP,-1.04126863806249,
Co3W,111,Co9W3,hollow|A_A_B|FCC,-1.06223432906353,
Co3W,111,Co9W3,hollow|A_A_B|HCP,-1.05337457466175,
CoCo-MOF,100,Co9C96H48N48,M1,2.89384158000007,1.1190924900001846
CoCo-MOF,100,Co9C96H48N48,M2,2.99508519000005,0.932594390000304
CoCu-MOF,100,Co6Cu3C96H48N48,M1,2.86166525999988,1.117932939999946
CoCu-MOF,100,Co6Cu3C96H48N48,M2,4.15476841999998,1.3989138800000092
CoFe,111,Co8Fe8,nan,,
CoFe,101,Co6Fe6,4fold|A_A_B_B,1.080796438542,
CoFe,101,Co6Fe6,hollow|A_B_B|HCP,1.17458958884146,
CoNi-MOF,100,Co6Ni3C96H48N48,M1,2.46207314000003,0.7928901499999483
CoNi-MOF,100,Co6Ni3C96H48N48,M2,2.91098222000005,1.284505210000134
CoPt,111,Co8Pt8,nan,,
CoPt,101,Co6Pt6,hollow|A_A_B|FCC,0.425774074337653,
CoPt,101,Co6Pt6,hollow|A_A_B|HCP,0.624480715134098,
CoPt,101,Co6Pt6,hollow|A_B_B|FCC,1.14746487323629,
CoPt,101,Co6Pt6,hollow|A_B_B|HCP,1.0850544758394,
CoPt,101,Co6Pt6,top|A,1.49989039023404,
CoW15HO48,1,CoW15HO48,A,,
CoW15HO48,1,CoW15HO48,B,,
CoW15O47,1,CoW15O47,A,,
CoW15O47,1,CoW15O47,B,,
CoW15O48,1,CoW15O48,A,,
CoW15O48,1,CoW15O48,B,,
Cr,111,Cr12,hollow|A_A_A|FCC,-2.49942533696247,-1.8000708665196044
Cr,111,Cr12,hollow|A_A_A|HCP,-2.50085162166232,-1.819625239021775
Cr,111,Cr12,top|A,-0.926688303461731,-0.9990341212206886
CrO2-rutile,110,Cr8O16,peroxo,3.31058050999999,
CrW15HO48,1,CrW15HO48,A,,
CrW15HO48,1,CrW15HO48,B,,
CrW15O47,1,CrW15O47,A,,
CrW15O47,1,CrW15O47,B,,
CrW15O48,1,CrW15O48,A,,
CrW15O48,1,CrW15O48,B,,
Cu,100,Cu36,4foldhollow,,-0.08461855529731108
Cu,100,Cu36,atop,,0.7377593317605715
Cu,100,Cu36,bridge,,0.0479860615323559
Cu,100,Cu64,4hollow,,
Cu,100,Cu64,bridge,,
Cu,100,Cu64,ontop,,
Cu,111,Cu36,3foldhollow,,0.0026562587881926595
Cu,111,Cu36,nan,,
Cu,111,Cu64,fcc,,
Cu,111,Cu64,ontop,,
Cu,111,Cu12,hollow|A_A_A|FCC,0.815140813636219,0.189503614686032
Cu,111,Cu12,hollow|A_A_A|HCP,0.927200285634001,0.2249078020803381
Cu,111,Cu12,top|A,2.56081870894178,0.9692630985781534
Cu,111,Cu16,fcc,,
Cu,111,Cu16,ontop,,
Cu,211,Cu36,bridge-step,,
Cu,211,Cu36,ontop-step,,
Cu,211,Cu33,bridge,,-0.26245476120571504
Cu,310,Cu28,3foldhollow,,-0.23513912739456694
Cu,310,Cu28,bridge-6-9,,0.05994754619937982
Cu,310,Cu28,ontop-6,,0.6271528128470111
Cu,310,Cu39,3hollow,,
Cu,310,Cu39,4hollow-6-8-8-9,,
Cu,310,Cu39,4hollow-8-9-9-11,,
Cu,310,Cu39,bridge,,
Cu,511,Cu36,3foldhollow,,0.49274986361082745
Cu,511,Cu36,4foldhollow-7-7-8-8,,0.07325249460492546
Cu,511,Cu36,bridge-7-8,,0.22180667993234238
Cu,511,Cu36,bridge-8-8,,0.1409242823841244
Cu,511,Cu36,bridge-step,,-0.012262023488541928
Cu,511,Cu36,ontop-step,,0.5298156897818748
Cu,511,Cu33,3hollow,,
Cu,511,Cu33,4hollow,,
Cu,511,Cu33,bridge-7-8,,
Cu,511,Cu33,bridge-step,,
Cu,533,Cu64,3hollow-9-9-10,,
Cu,533,Cu64,3hollow-9-9-9,,
Cu-HAB,1,Cu3C12H12N12,bridged-site,3.8836704400928306,
Cu-HAB,001,Cu3C12H12N12,bridged-site,,0.8294933581200894
Cu-fcc,111,Cu16,fcc,1.09266451,0.1419359387946315
Cu-fcc,111,Cu16,hcp,,0.1790680489939404
Cu-fcc,111,Cu16,ontop,,1.0483166586054722
Cu-fcc,111+2%,Cu16,fcc,,-0.0102801886969245
Cu-fcc,111+5%,Cu16,fcc,,-0.2069103288231417
Cu-fcc,111+8%,Cu16,fcc,,-0.3905045833525946
Cu-fcc,111-1%,Cu16,fcc,,0.2242407149606151
Cu-fcc,111-2%,Cu16,fcc,,0.3045756590290693
Cu-fcc,111-3%,Cu16,fcc,,0.3791925389523385
Cu-fcc,111-5%,Cu16,fcc,,0.5092068983794888
Cu3Ag,111,Ag3Cu9,bridge-tilt|A_B|A,,1.2017049164759328
Cu3Ag,111,Ag3Cu9,bridge|A_A|B,0.990585122632012,0.1959592433748866
Cu3Ag,111,Ag3Cu9,hollow|A_A_A|FCC,0.633847553737553,0.122962121179512
Cu3Ag,111,Ag3Cu9,hollow|A_A_A|HCP,0.660178649337297,0.0618273934786657
Cu3Ag,111,Ag3Cu9,top|B,3.62409196863501,1.5527089107753227
Cu3Al,111,Al3Cu9,hollow|A_A_A|FCC,1.22676374383792,
Cu3Al,111,Al3Cu9,hollow|A_A_A|HCP,1.28827630164216,
Cu3Al,111,Al3Cu9,hollow|A_A_B|FCC,-0.0985009917605453,
Cu3Al,111,Al3Cu9,hollow|A_A_B|HCP,-0.0866237669580983,
Cu3Al,111,Al3Cu9,top|B,1.23339815134005,
Cu3Au,111,Au3Cu9,bridge|A_A|B,,0.4253957000809123
Cu3Au,111,Au3Cu9,hollow-tilt|A_A_A|HCP,,0.6353553365814832
Cu3Au,111,Au3Cu9,hollow|A_A_A|FCC,0.856096667539362,0.1634561978834199
Cu3Au,111,Au3Cu9,hollow|A_A_A|HCP,0.998740646540512,0.1474231143846509
Cu3Au,111,Au3Cu9,hollow|A_A_B|FCC,1.37134027533813,
Cu3Au,111,Au3Cu9,top|B,3.47155352234023,1.8310132032828503
Cu3Bi,111,Bi3Cu9,hollow|A_A_A|FCC,0.87959696283707,0.2103044046788227
Cu3Bi,111,Bi3Cu9,hollow|A_A_A|HCP,0.501382128833768,-0.1284763720206001
Cu3Bi,111,Bi3Cu9,hollow|A_A_B|HCP,1.26156615143901,
Cu3Bi,111,Bi3Cu9,top|B,,0.6537800284758077
Cu3Co,111,Co3Cu9,hollow|A_A_A|FCC,0.829626113638199,
Cu3Co,111,Co3Cu9,hollow|A_A_A|HCP,1.23320345393205,
Cu3Co,111,Co3Cu9,hollow|A_A_B|FCC,0.179049273134126,
Cu3Co,111,Co3Cu9,hollow|A_A_B|HCP,0.176857940434104,
Cu3Co,111,Co3Cu9,top|B,0.88945796023819,
Cu3Co,111,Co4Cu12,nan,,
Cu3Fe,111,Cu12Fe4,nan,,
Cu3Fe,111,Cu9Fe3,bridge|A_B|A,0.168629353942208,
Cu3Fe,111,Cu9Fe3,hollow|A_A_A|FCC,0.759010259436593,
Cu3Fe,111,Cu9Fe3,hollow|A_A_B|FCC,-0.0185587080597429,
Cu3Fe,111,Cu9Fe3,hollow|A_A_B|HCP,-0.0192762722619477,
Cu3Ga,111,Cu9Ga3,hollow|A_A_A|FCC,1.13645800453725,
Cu3Ga,111,Cu9Ga3,hollow|A_A_A|HCP,1.13346760954647,
Cu3Ga,111,Cu9Ga3,hollow|A_A_B|FCC,0.67506694984678,
Cu3Ga,111,Cu9Ga3,hollow|A_A_B|HCP,0.719773348744468,
Cu3Ga,111,Cu9Ga3,top|B,2.23100653224157,
Cu3Ir,111,Cu9Ir3,bridge|A_B|A,,0.2209128987859685
Cu3Ir,111,Cu9Ir3,hollow|A_A_A|FCC,0.971496200840022,0.2389862917815435
Cu3Ir,111,Cu9Ir3,hollow|A_A_A|HCP,1.67304145983854,0.7500778505826702
Cu3Ir,111,Cu9Ir3,hollow|A_A_B|FCC,0.582256538644117,0.3849659782835033
Cu3Ir,111,Cu9Ir3,hollow|A_A_B|HCP,0.434131234538484,0.3211790930844245
Cu3Ir,111,Cu9Ir3,top|A,,0.8311212430825208
Cu3Ir,111,Cu9Ir3,top|B,1.06957936183954,0.7672965340797191
Cu3Ni,111,Cu12Ni4,nan,,
Cu3Ni,111,Cu9Ni3,hollow|A_A_A|FCC,0.902886233834408,
Cu3Ni,111,Cu9Ni3,hollow|A_A_B|FCC,0.551178008939871,
Cu3Os,111,Cu9Os3,bridge-tilt|A_B|A,,-0.2278690809208683
Cu3Os,111,Cu9Os3,hollow|A_A_A|FCC,0.933695234841991,0.2565822609802808
Cu3Os,111,Cu9Os3,hollow|A_A_A|HCP,,0.8501005029801263
Cu3Os,111,Cu9Os3,hollow|A_A_B|FCC,-0.233421155662825,
Cu3Os,111,Cu9Os3,hollow|A_A_B|HCP,-0.412813972561878,-0.0910019426183907
Cu3Os,111,Cu9Os3,top-tilt|B,,-0.1232746439155789
Cu3Os,111,Cu9Os3,top|A,,0.7722949930802088
Cu3Os,111,Cu9Os3,top|B,-0.349865061860498,0.044769529279506
Cu3Pd,111,Cu9Pd3,bridge|A_A|B,,0.4000039413848526
Cu3Pd,111,Cu9Pd3,hollow|A_A_A|FCC,0.809942759038506,0.1171707222791837
Cu3Pd,111,Cu9Pd3,hollow|A_A_A|HCP,1.09839131933751,0.3459953309837829
Cu3Pd,111,Cu9Pd3,hollow|A_A_B|FCC,1.2000805329406,0.504621644181384
Cu3Pd,111,Cu9Pd3,hollow|A_A_B|HCP,1.24836005863818,
Cu3Pd,111,Cu9Pd3,top-tilt|A,,0.6906109086820607
Cu3Pd,111,Cu9Pd3,top|B,2.96914171464215,1.4177743249791774
Cu3Pt,111,Cu9Pt3,bridge|A_B|A,,0.6014669592740347
Cu3Pt,111,Cu9Pt3,hollow|A_A_A|FCC,0.975990977134472,0.1964544905757748
Cu3Pt,111,Cu9Pt3,hollow|A_A_A|HCP,1.45706225703526,0.5119553841767583
Cu3Pt,111,Cu9Pt3,hollow|A_A_B|FCC,1.18974741803305,0.605624858774604
Cu3Pt,111,Cu9Pt3,hollow|A_A_B|HCP,1.2043335361339,
Cu3Pt,111,Cu9Pt3,top|A,,0.8294906008785574
Cu3Pt,111,Cu9Pt3,top|B,2.43069278273816,1.402606835680558
Cu3Re,111,Cu9Re3,hollow|A_A_A|FCC,0.817871476039557,0.1204397618756729
Cu3Re,111,Cu9Re3,hollow|A_A_A|HCP,1.81285259773341,0.9191268040784736
Cu3Re,111,Cu9Re3,hollow|A_A_B|HCP,-1.21444270136652,
Cu3Re,111,Cu9Re3,top|A,,0.9982458074781562
Cu3Re,111,Cu9Re3,top|B,-1.45118718326211,-1.0278568273234896
Cu3Rh,111,Cu9Rh3,hollow|A_A_A|FCC,0.851170046433083,0.1429007183731983
Cu3Rh,111,Cu9Rh3,hollow|A_A_A|HCP,1.37612308423178,0.6197560025801749
Cu3Rh,111,Cu9Rh3,hollow|A_A_B|FCC,0.729778702432498,0.3443208783763793
Cu3Rh,111,Cu9Rh3,hollow|A_A_B|HCP,0.619073404933999,0.2754333553792776
Cu3Rh,111,Cu9Rh3,top|A,,0.7093590078774241
Cu3Rh,111,Cu9Rh3,top|B,1.66367911113394,0.8784751735773852
Cu3Ru,111,Cu9Ru3,hollow|A_A_A|FCC,0.838451853738491,0.1595052408782749
Cu3Ru,111,Cu9Ru3,hollow|A_A_A|HCP,1.51226667173961,0.7419937565763348
Cu3Ru,111,Cu9Ru3,hollow|A_A_B|FCC,0.129282645237083,0.1026701839772386
Cu3Ru,111,Cu9Ru3,hollow|A_A_B|HCP,-0.0645858114623366,-0.0510244741191172
Cu3Ru,111,Cu9Ru3,top|A,,0.689222991980273
Cu3Ru,111,Cu9Ru3,top|B,0.382522804134908,0.2838067062810978
Cu3Sc,111,Cu9Sc3,hollow|A_A_A|HCP,0.235050981438519,
Cu3Sc,111,Cu9Sc3,hollow|A_A_B|FCC,-0.906190512261844,
Cu3Sc,111,Cu9Sc3,hollow|A_A_B|HCP,-1.05566400436163,
Cu3Sc,111,Cu9Sc3,top|B,0.267107216135457,
Cu3Tc,111,Cu9Tc3,bridge|A_B|A,,-0.445430761715329
Cu3Tc,111,Cu9Tc3,hollow-tilt|A_A_B|FCC,,-0.3286826321156013
Cu3Tc,111,Cu9Tc3,hollow|A_A_A|FCC,0.770206111239361,0.145371376082835
Cu3Tc,111,Cu9Tc3,hollow|A_A_A|HCP,,0.8278639043827525
Cu3Tc,111,Cu9Tc3,hollow|A_A_B|FCC,-0.574294623755293,
Cu3Tc,111,Cu9Tc3,hollow|A_A_B|HCP,-0.76686441725559,-0.358037728819113
Cu3Tc,111,Cu9Tc3,top|A,,0.6285043263823127
Cu3Tc,111,Cu9Tc3,top|B,-0.76808307905975,-0.5928031268150562
Cu3Zn,111,Cu9Zn3,hollow|A_A_A|FCC,0.981923603136067,0.2403167923883984
Cu3Zn,111,Cu9Zn3,hollow|A_A_A|HCP,0.980518135143768,0.2342077006877616
Cu3Zn,111,Cu9Zn3,hollow|A_A_B|FCC,0.761222136836125,0.1391888135811996
Cu3Zn,111,Cu9Zn3,hollow|A_A_B|HCP,0.862151744647974,0.1582633133920126
Cu3Zn,111,Cu9Zn3,top|A,,0.9449582986825362
Cu3Zn,111,Cu9Zn3,top|B,,0.812577501285773
CuC39N15H21,active_site,CuC39H21N15,nan,2.60019298499998,0.3282446224999944
CuC48N24H24,active_site,CuC48H24N24,nan,1.739836259999945,-0.6299893475000431
CuCo-MOF,100,Co3Cu6C96H48N48,M1,3.64378149999993,1.043833749999976
CuCo-MOF,100,Co3Cu6C96H48N48,M2,2.28464852999991,0.4922212999999829
CuCu-MOF,100,Cu9C96H48N48,M1,4.10631149999995,1.481537489999937
CuCu-MOF,100,Cu9C96H48N48,M2,3.9829944099999506,1.2994102000000112
CuIr,101,Cu6Ir6,bridge|B_B|A,,0.1297370753862878
CuIr,101,Cu6Ir6,hollow|A_A_B|FCC,1.09483628804065,0.5398763048841602
CuIr,101,Cu6Ir6,hollow|A_A_B|HCP,0.990622266242838,
CuIr,101,Cu6Ir6,hollow|A_B_B|FCC,0.297193346643155,
CuIr,101,Cu6Ir6,hollow|A_B_B|HCP,0.463873141041233,
CuIr,101,Cu6Ir6,top|A,,1.0291708649864404
CuIr,101,Cu6Ir6,top|B,,0.414708565081014
CuNi-MOF,100,Cu6Ni3C96H48N48,M1,4.08384624999985,1.4796173600000202
CuNi-MOF,100,Cu6Ni3C96H48N48,M2,3.37833455000009,1.6336982099999204
CuO,111,Cu8O8,peroxo,3.22176565000001,
CuOs,101,Cu6Os6,bridge|B_B|A,,-0.1475738655163923
CuOs,101,Cu6Os6,hollow|A_A_B|FCC,0.897038779537809,0.7221635966824351
CuOs,101,Cu6Os6,hollow|A_A_B|HCP,0.495550049035785,
CuOs,101,Cu6Os6,hollow|A_B_B|FCC,-0.229970480064537,0.3689605143780454
CuOs,101,Cu6Os6,hollow|A_B_B|HCP,0.169962303541809,
CuOs,101,Cu6Os6,top-tilt|A,,1.1137173148789543
CuOs,101,Cu6Os6,top-tilt|B,0.435814258536823,0.2177890318824893
CuOs,101,Cu6Os6,top|B,,0.1632510238822533
CuPd,101,Cu6Pd6,bridge|A_A|B,1.13346080664252,0.3664063178847527
CuPd,101,Cu6Pd6,bridge|B_B|A,1.62334149994041,0.7812343408849074
CuPd,101,Cu6Pd6,hollow-tilt|A_A_B|FCC,,0.4536720013828699
CuPd,101,Cu6Pd6,hollow|A_A_B|FCC,,0.4538326845839719
CuPd,101,Cu6Pd6,hollow|A_B_B|FCC,1.39130567584272,0.5780223112786871
CuPd,101,Cu6Pd6,top|A,2.68678020483986,
CuPd,101,Cu6Pd6,top|B,2.84240387784286,
CuPt,101,Cu6Pt6,bridge|A_B|B,,0.8441222980808334
CuPt,101,Cu6Pt6,bridge|B_B|A,,0.7689984700745072
CuPt,101,Cu6Pt6,hollow|A_A_B|FCC,1.17069373503529,0.4517384965773772
CuPt,101,Cu6Pt6,hollow|A_A_B|HCP,1.50048169363782,
CuPt,101,Cu6Pt6,hollow|A_B_B|FCC,1.27313262223817,
CuPt,101,Cu6Pt6,hollow|A_B_B|HCP,1.2151891096326,0.7416273553798192
CuPt,101,Cu6Pt6,top|B,,0.772294857078009
CuRe,101,Cu6Re6,bridge|B_B|A,,-0.9111189020214852
CuRe,101,Cu6Re6,hollow|A_B_B|FCC,-1.00727508896324,
CuRe,101,Cu6Re6,hollow|A_B_B|HCP,-0.820061448259537,
CuRe,101,Cu6Re6,top-tilt|B,,-0.5043098017223429
CuRe,101,Cu6Re6,top|B,-0.711462856063179,-0.516833977223655
CuRh,101,Cu6Rh6,bridge|B_B|A,,0.0621520252797154
CuRh,101,Cu6Rh6,hollow|A_A_B|FCC,0.976194654434778,0.3588438661798818
CuRh,101,Cu6Rh6,hollow|A_A_B|HCP,0.91490005993893,0.4917426322762139
CuRh,101,Cu6Rh6,hollow|A_B_B|FCC,0.383054514637308,0.6871445865807573
CuRh,101,Cu6Rh6,hollow|A_B_B|HCP,0.506732431236571,0.6214059647799104
CuRh,101,Cu6Rh6,top|B,,0.4738780865781109
CuRu,101,Cu6Ru6,bridge|B_B|A,,-0.2540254794176917
CuRu,101,Cu6Ru6,hollow|A_A_B|FCC,0.840189164638844,0.5100628324843228
CuRu,101,Cu6Ru6,hollow|A_A_B|HCP,0.595861550343955,0.3232162733810355
CuRu,101,Cu6Ru6,hollow|A_B_B|FCC,-0.0995033231558296,
CuRu,101,Cu6Ru6,hollow|A_B_B|HCP,0.180477598743721,
CuRu,101,Cu6Ru6,top|B,,0.1974011746832502
CuTc,101,Cu6Tc6,bridge-tilt|A_B|B,,-0.3518799287222691
CuTc,101,Cu6Tc6,bridge|B_B|A,,-0.8533148477173427
CuTc,101,Cu6Tc6,bridge|B_B|B,,-0.4966515659208426
CuTc,101,Cu6Tc6,hollow|A_A_B|FCC,0.307686600539284,0.3344543027823192
CuTc,101,Cu6Tc6,hollow|A_B_B|FCC,-0.71639886506108,
CuTc,101,Cu6Tc6,hollow|A_B_B|HCP,-0.5808222266607,
CuTc,101,Cu6Tc6,top|B,-0.108250830661007,
CuZn,101,Cu6Zn6,bridge|B_B|A,,0.2030151552725101
CuZn,101,Cu6Zn6,hollow|A_A_B|FCC,0.833475708033632,0.2533158064733243
CuZn,101,Cu6Zn6,hollow|A_A_B|HCP,0.867430208836424,0.2704068685678749
CuZn,101,Cu6Zn6,hollow|A_B_B|FCC,0.640969725227308,0.174174625874798
CuZn,101,Cu6Zn6,hollow|A_B_B|HCP,0.673092355736856,0.1557944244676719
CuZn,101,Cu6Zn6,top-tilt|B,,0.6048585861689162
CuZn,101,Cu6Zn6,top|A,,1.0681296753726883
Fe,111,Fe12,hollow|A_A_A|FCC,,-1.2233126601232698
Fe,111,Fe12,hollow|A_A_A|HCP,-2.00501843826731,
Fe,111,Fe12,top|A,-0.138559006063758,
Fe-bcc,110,Fe16,hollow,-0.781679089999997,-2.7486904569450417
Fe-bcc,110+2%,Fe16,hollow,,-2.4479619433550397
Fe-bcc,110+5%,Fe16,hollow,,-2.8673248795821564
Fe-bcc,110+8%,Fe16,hollow,,-2.9213562115546665
Fe0.5Co0.5P,101,Co8Fe8P16,nan,0.0897734885875,-0.686855223343
Fe2O3-corundum,12,Fe12O18,peroxo,3.28375813,
Fe2P,100,Fe20HP10,nan,-0.832677838465,-1.07001662736
Fe3Al,111,Al3Fe9,hollow|A_A_A|FCC,-0.28930898426205,
Fe3Al,111,Al3Fe9,hollow|A_A_A|HCP,-0.382319399061259,
Fe3Al,111,Al3Fe9,hollow|A_A_B|FCC,-0.386517979561347,
Fe3Ti,111,Fe9Ti3,hollow|A_A_B|FCC,-1.80644703796514,
Fe3Ti,111,Fe9Ti3,hollow|A_A_B|HCP,-1.5912429514612,
Fe3Ti,111,Fe9Ti3,top|B,-0.199463525463386,
FeO2-rutile,110,Fe8O16,peroxo,3.55688576999998,
FeP,011,Fe12P12,nan,,-0.377261295449
FeP,11,Fe12P12,nan,0.00173227676714,
FeW15HO48,1,FeW15HO48,A,,
FeW15HO48,1,FeW15HO48,B,,
FeW15O47,1,FeW15O47,A,,
FeW15O47,1,FeW15O47,B,,
FeW15O48,1,FeW15O48,A,,
FeW15O48,1,FeW15O48,B,,
Ga,111,Ga12,bridge|A_A|A,,0.1597630688746676
Ga,111,Ga12,hollow|A_A_A|FCC,0.133682726143718,0.2459182557767008
Ga,111,Ga12,hollow|A_A_A|HCP,0.358015687644922,0.360388112178839
Ga,111,Ga12,top|A,1.67855775164554,
Ga2O3-corundum,12,Ga12O18,peroxo,3.38348619999999,
Ga3Hf,111,Ga9Hf3,hollow|A_A_B|FCC,-0.624600989464113,
Ga3Hf,111,Ga9Hf3,hollow|A_A_B|HCP,-0.646437172563481,
Ga3Nb,111,Ga9Nb3,bridge|A_B|A,0.256680222035186,
Ga3Nb,111,Ga9Nb3,hollow|A_A_A|FCC,1.15019730433761,
Ga3Nb,111,Ga9Nb3,hollow|A_A_A|HCP,0.632419364239297,
Ga3Nb,111,Ga9Nb3,hollow|A_A_B|FCC,0.206541342438697,
Ga3Nb,111,Ga9Nb3,hollow|A_A_B|HCP,0.0875866418389819,
Ga3Ti,111,Ga9Ti3,bridge|A_B|A,-0.317613993666043,
Ga3Ti,111,Ga9Ti3,hollow|A_A_A|FCC,1.1195699393391,
Ga3Ti,111,Ga9Ti3,hollow|A_A_B|FCC,-0.387600584461495,
Ga3Ti,111,Ga9Ti3,hollow|A_A_B|HCP,-0.365397183766788,
Ga3Y,111,Ga9Y3,hollow|A_A_B|FCC,-0.85056119176096,
Ga3Y,111,Ga9Y3,hollow|A_A_B|HCP,-0.883755814658969,
Ga3Y,111,Ga9Y3,top|B,1.18072153813756,
Ga3Zr,111,Ga9Zr3,bridge|A_B|A,-0.384676177058452,
Ga3Zr,111,Ga9Zr3,hollow|A_A_A|FCC,1.16592045013732,
Ga3Zr,111,Ga9Zr3,hollow|A_A_B|FCC,-0.406976450362151,
Ga3Zr,111,Ga9Zr3,hollow|A_A_B|HCP,-0.441343067559671,
Ga3Zr,111,Ga9Zr3,top|B,0.254067929137648,
HEO-18-Fe3.0Zn2.0Cr3.0Mn2.0Co3.0Ni3.0,100,Co3Cr2Fe2Mn2Ni3Zn2O20,Co,3.32228803999999,1.4282558600000073
HEO-19-Co3.0Zn2.0Cr3.0Mn3.0Fe3.0Ni2.0-Co-site,100,Co3Cr2Fe2Mn2Ni2Zn2O16,Co,1.75960403999997,-0.1654042100000197
HEO-19-Co3.0Zn2.0Cr3.0Mn3.0Fe3.0Ni2.0-Cr-site,100,Co2Cr3Fe2Mn3Ni2Zn2O20,Cr,2.46976595999999,1.561691609999997
HEO-19-Co3.0Zn2.0Cr3.0Mn3.0Fe3.0Ni2.0-Fe-site,100,Co2Cr2Fe3Mn2Ni3Zn2O20,Fe,3.77770303,1.6525937899999974
HEO-19-Co3.0Zn2.0Cr3.0Mn3.0Fe3.0Ni2.0-Mn-site,100,Co2Cr3Fe2Mn3Ni2Zn2O20,Mn,3.60021221,1.086742820000012
HEO-19-Co3.0Zn2.0Cr3.0Mn3.0Fe3.0Ni2.0-Ni-site,100,Co2Cr2Fe3Mn2Ni3Zn2O20,Ni,4.51945318,2.0085081299999956
HEO-3-Mn3.0Zn2.0Cr3.0Fe2.0Co3.0Ni3.0,100,Co3Cr2Fe2Mn2Ni3Zn2O20,Co,2.68578844999999,1.2388692399999854
HEO-43-Ni3.0Zn2.0Cr3.0Mn3.0Fe3.0Co2.0,100,Co3Cr2Fe3Mn2Ni2Zn2O20,Co,3.34600911999999,1.018996279999982
HEO-44-Fe3.0Ni3.0Cr3.0Mn3.0Co2.0Zn2.0,100,Co3Cr2Fe2Mn2Ni2Zn3O20,Co,2.89834855000001,1.4345174199999915
HEO-5-Fe3.0Zn2.0Cr3.0Mn3.0Co3.0Ni2.0,100,Co3Cr2Fe2Mn2Ni3Zn2O20,Co,2.73791052999999,0.7470639699999992
HEO-7-Ni3.0Zn2.0Cr3.0Mn3.0Fe2.0Co3.0,100,Co3Cr2Fe3Mn2Ni2Zn2O20,Co,2.62065207999999,0.5498380399999974
HEO-8-Fe3.0Zn2.0Cr3.0Mn3.0Co2.0Ni3.0,100,Co3Cr2Fe2Mn2Ni3Zn2O20,Co,3.04203536999998,1.4400607099999831
Hf,111,Hf12,hollow|A_A_A|FCC,-3.73090195656204,-2.579290068420164
Hf,111,Hf12,hollow|A_A_A|HCP,-3.32505654736104,-2.2831012300185876
Hf,111,Hf12,top|A,-0.749242052959914,-1.424037025018265
Hf-hcp,1,Hf16,hcp,-2.98287144999998,
Hf-hcp,0001,Hf16,fcc,,-2.5439086025835422
Hf-hcp,0001,Hf16,hcp,,-2.2493015619111247
Hf-hcp,0001,Hf16,ontop,,-1.4069435139426787
Hf3Al,111,Al3Hf9,hollow|A_A_A|FCC,-3.62053666526134,
Hf3Al,111,Al3Hf9,hollow|A_A_A|HCP,-3.33380269426215,
Hf3Al,111,Al3Hf9,hollow|A_A_B|FCC,-2.55097580716409,
Hf3Al,111,Al3Hf9,hollow|A_A_B|HCP,-2.45641652026114,
Hf3Al,111,Al3Hf9,top|B,0.189573003735688,
Hf3Au,111,Au3Hf9,hollow|A_A_A|FCC,-3.8832827129628495,
Hf3Au,111,Au3Hf9,hollow|A_A_A|HCP,-3.50504366086187,
Hf3Au,111,Au3Hf9,top|B,2.46622840113542,
Hf3Ga,111,Ga3Hf9,hollow|A_A_A|FCC,-3.63781167626092,
Hf3Ga,111,Ga3Hf9,hollow|A_A_A|HCP,-3.32768979295741,
Hf3Ga,111,Ga3Hf9,top|B,1.15138154373909,
Hf3Sn,111,Hf9Sn3,hollow|A_A_A|FCC,-3.61536337306114,
Hf3Sn,111,Hf9Sn3,hollow|A_A_A|HCP,-3.27136426926171,
Hf3Sn,111,Hf9Sn3,top|B,2.43343473794067,
Hf3Zn,111,Hf9Zn3,hollow|A_A_A|FCC,-3.72132803925723,
Hf3Zn,111,Hf9Zn3,hollow|A_A_A|HCP,-3.36280690016082,
Hf3Zn,111,Hf9Zn3,hollow|A_A_B|FCC,-2.48168555566025,
Hf3Zn,111,Hf9Zn3,top|B,1.28135182073657,
HfO2-rutile,110,Hf8O16,peroxo,3.27504866999999,
HfW15HO48,1,HfW15HO48,A,,
HfW15HO48,1,HfW15HO48,B,,
HfW15O47,1,HfW15O47,A,,
HfW15O47,1,HfW15O47,B,,
HfW15O48,1,HfW15O48,A,,
HfW15O48,1,HfW15O48,B,,
In,111,In12,bridge|A_A|A,,0.1744124533805688
In,111,In12,hollow|A_A_A|FCC,0.544134614337793,0.1977309766779171
In,111,In12,hollow|A_A_A|HCP,0.727110898438525,0.235051933880527
In,111,In12,top|A,2.19556642583831,
In2O3-corundum,12,In12O18,peroxo,3.32978113999999,
In3La,111,In9La3,bridge|A_B|A,-0.706636236860675,
In3La,111,In9La3,hollow|A_A_A|FCC,0.579984115938544,
In3La,111,In9La3,hollow|A_A_B|FCC,-0.842026069062001,
In3La,111,In9La3,hollow|A_A_B|HCP,-0.911846262359347,
In3Y,111,In9Y3,hollow|A_A_A|FCC,0.882557697535788,
In3Y,111,In9Y3,hollow|A_A_A|HCP,1.05708593523724,
In3Y,111,In9Y3,hollow|A_A_B|FCC,-0.807174272860891,
In3Y,111,In9Y3,hollow|A_A_B|HCP,-0.83652746466413,
In3Y,111,In9Y3,top|B,0.576618748138401,
In3Zr,111,In9Zr3,hollow|A_A_A|FCC,1.26174629073631,
In3Zr,111,In9Zr3,hollow|A_A_A|HCP,1.11350248103537,
In3Zr,111,In9Zr3,hollow|A_A_B|FCC,-0.680152621462355,
In3Zr,111,In9Zr3,hollow|A_A_B|HCP,-0.607089375462408,
In3Zr,111,In9Zr3,top|B,-0.539912496064233,
Ir,111,Ir12,hollow|A_A_A|FCC,0.750792557540819,
Ir,111,Ir12,hollow|A_A_A|HCP,0.907405908637713,
Ir,111,Ir12,top|A,1.6106365047379,1.1121982393823373
Ir,111,Ir16,bridge,,
Ir,111,Ir16,fcc,,
Ir,111,Ir16,ontop,,
Ir,111,Ir36,nan,,
Ir-fcc,111,Ir16,fcc,1.09508070000001,0.7625588960436289
Ir-fcc,111,Ir16,hcp,,0.9813114830540144
Ir-fcc,111,Ir16,ontop,,1.2944463468302274
Ir-fcc,111+2%,Ir16,fcc,,0.6367968595732236
Ir-fcc,111+5%,Ir16,fcc,,0.4513326387314009
Ir-fcc,111+8%,Ir16,fcc,,0.0625655022449791
Ir-fcc,111-1%,Ir16,fcc,,0.8207010517799063
Ir-fcc,111-2%,Ir16,fcc,,0.8731197010783944
Ir-fcc,111-3%,Ir16,fcc,,0.9185403988085454
Ir-fcc,111-5%,Ir16,fcc,,0.9716775647102622
Ir3Ag,111,Ag3Ir9,bridge|A_A|A,,0.4672938841803216
Ir3Ag,111,Ag3Ir9,bridge|A_A|B,,0.2964681632846577
Ir3Ag,111,Ag3Ir9,hollow|A_A_A|FCC,0.335996780140533,1.0256527051795956
Ir3Ag,111,Ag3Ir9,hollow|A_A_A|HCP,0.0386932273430034,0.4875162961806154
Ir3Ag,111,Ag3Ir9,top|A,,0.2901937623799995
Ir3Ag,111,Ag3Ir9,top|B,3.99302799284106,1.99393728248549
Ir3Al,111,Al3Ir9,hollow|A_A_A|FCC,0.848359790841471,
Ir3Al,111,Al3Ir9,hollow|A_A_A|HCP,0.468157709539639,
Ir3Al,111,Al3Ir9,hollow|A_A_B|FCC,0.142210773839736,
Ir3Al,111,Al3Ir9,hollow|A_A_B|HCP,0.137940627438923,
Ir3Al,111,Al3Ir9,top-tilt|A,1.53776360243847,
Ir3Al,111,Al3Ir9,top|B,1.72007824164012,
Ir3Au,111,Au3Ir9,bridge|A_A|A,1.11850025993755,0.5265572849792761
Ir3Au,111,Au3Ir9,bridge|A_A|B,,0.3767832430793305
Ir3Au,111,Au3Ir9,hollow|A_A_A|FCC,0.332022557438734,0.9044428611786088
Ir3Au,111,Au3Ir9,hollow|A_A_A|HCP,0.278824574139264,0.6034675402814855
Ir3Au,111,Au3Ir9,top|A,,0.3669777569783718
Ir3Au,111,Au3Ir9,top|B,3.6292336957374705,2.2328224839810673
Ir3Cr,111,Cr3Ir9,hollow|A_A_A|HCP,0.873327459939731,
Ir3Cr,111,Cr3Ir9,hollow|A_A_B|FCC,-0.0817004113634425,
Ir3Cr,111,Cr3Ir9,hollow|A_A_B|HCP,-0.109863377260069,
Ir3Cr,111,Cr3Ir9,top|B,-0.210044536063094,
Ir3Cu,111,Cu3Ir9,bridge|A_A|A,,0.4449657191843243
Ir3Cu,111,Cu3Ir9,bridge|A_A|B,,0.2779822456840293
Ir3Cu,111,Cu3Ir9,hollow|A_A_A|FCC,0.383602551937486,1.0933127226788883
Ir3Cu,111,Cu3Ir9,hollow|A_A_A|HCP,0.328452151737849,0.4957112764794829
Ir3Cu,111,Cu3Ir9,hollow|A_A_B|HCP,0.928525344035563,
Ir3Cu,111,Cu3Ir9,top|A,,0.3678898824845191
Ir3Cu,111,Cu3Ir9,top|B,,1.46686992018374
Ir3Fe,111,Fe3Ir9,bridge|A_A|B,0.906982363536201,
Ir3Fe,111,Fe3Ir9,hollow|A_A_B|FCC,0.429132775439768,
Ir3Fe,111,Fe3Ir9,hollow|A_A_B|HCP,0.466883536435319,
Ir3Ga,111,Ga3Ir9,bridge|A_A|A,1.13635133593544,
Ir3Ga,111,Ga3Ir9,hollow|A_A_A|HCP,0.540023518540522,
Ir3Ga,111,Ga3Ir9,hollow|A_A_B|HCP,0.854171870338007,
Ir3Hf,111,Hf3Ir9,hollow|A_A_B|FCC,-0.46575603276159,
Ir3Hf,111,Hf3Ir9,hollow|A_A_B|HCP,-0.339783380161123,
Ir3Hf,111,Hf3Ir9,top|B,0.729950950539035,
Ir3La,111,Ir9La3,bridge|A_A|B,-0.411031082661964,
Ir3La,111,Ir9La3,hollow|A_A_A|FCC,0.629972244438079,
Ir3La,111,Ir9La3,hollow|A_A_A|HCP,-0.168954393961201,
Ir3La,111,Ir9La3,hollow|A_A_B|HCP,0.127449006136715,
Ir3Mo,111,Ir9Mo3,hollow|A_A_A|FCC,1.67838210213796,
Ir3Mo,111,Ir9Mo3,hollow|A_A_A|HCP,1.04219096793878,
Ir3Mo,111,Ir9Mo3,hollow|A_A_B|FCC,-0.196390543860787,
Ir3Mo,111,Ir9Mo3,hollow|A_A_B|HCP,-0.0900217885611596,
Ir3Mo,111,Ir9Mo3,top|B,-0.58197000276067,
Ir3Nb,111,Ir9Nb3,hollow|A_A_A|FCC,1.50357141013939,
Ir3Nb,111,Ir9Nb3,hollow|A_A_A|HCP,0.7669882290391,
Ir3Nb,111,Ir9Nb3,hollow|A_A_B|FCC,-0.463858582959972,
Ir3Nb,111,Ir9Nb3,hollow|A_A_B|HCP,-0.265211535159494,
Ir3Nb,111,Ir9Nb3,top|B,-0.438339883261676,
Ir3Pd,111,Ir9Pd3,bridge|A_A|A,,0.3945902365784377
Ir3Pd,111,Ir9Pd3,bridge|A_A|B,,0.3206315999785829
Ir3Pd,111,Ir9Pd3,bridge|A_B|A,1.44141965693763,
Ir3Pd,111,Ir9Pd3,hollow|A_A_A|FCC,0.330005785635706,0.7582088841780887
Ir3Pd,111,Ir9Pd3,hollow|A_A_A|HCP,0.348800688538006,0.5962089035791678
Ir3Pd,111,Ir9Pd3,top|A,,0.2861096057794157
Ir3Pd,111,Ir9Pd3,top|B,3.0168657198372,1.6893428474803611
Ir3Pt,111,Ir9Pt3,bridge|A_A|A,,0.4209514006805648
Ir3Pt,111,Ir9Pt3,bridge|A_A|B,,0.4054302994817362
Ir3Pt,111,Ir9Pt3,hollow|A_A_A|FCC,0.414151411936302,0.677033380478747
Ir3Pt,111,Ir9Pt3,hollow|A_A_A|HCP,0.631440162538468,0.7235814457789047
Ir3Pt,111,Ir9Pt3,hollow|A_A_B|FCC,0.955572371036226,
Ir3Pt,111,Ir9Pt3,top|A,,0.3504932365802915
Ir3Pt,111,Ir9Pt3,top|B,2.51041506253733,1.6321324095814589
Ir3Re,111,Ir9Re3,hollow|A_A_A|FCC,1.69530526993896,1.0901070855805983
Ir3Re,111,Ir9Re3,hollow|A_A_A|HCP,1.27933545723846,1.0757179779801618
Ir3Re,111,Ir9Re3,hollow|A_A_B|FCC,-0.0094231661607295,
Ir3Re,111,Ir9Re3,hollow|A_A_B|HCP,0.0413052480396914,
Ir3Re,111,Ir9Re3,top|A,,0.5217252234805301
Ir3Re,111,Ir9Re3,top|B,-0.488757271261591,-0.3884680834190703
Ir3Rh,111,Ir9Rh3,bridge|A_A|A,,0.4091273741804571
Ir3Rh,111,Ir9Rh3,bridge|A_A|B,,0.3502756815804559
Ir3Rh,111,Ir9Rh3,bridge|A_B|A,,0.3979432232816862
Ir3Rh,111,Ir9Rh3,hollow|A_A_A|FCC,0.596961026239853,0.697817027380438
Ir3Rh,111,Ir9Rh3,hollow|A_A_A|HCP,0.66051675073669,0.713217173980297
Ir3Rh,111,Ir9Rh3,hollow|A_A_B|FCC,0.723357088037858,
Ir3Rh,111,Ir9Rh3,hollow|A_A_B|HCP,0.848740478038792,
Ir3Rh,111,Ir9Rh3,top|A,1.50385808213815,0.3160138281790523
Ir3Rh,111,Ir9Rh3,top|B,2.1273310236391,1.2445055661818287
Ir3Ru,111,Ir9Ru3,bridge|A_A|A,,0.4937351857778367
Ir3Ru,111,Ir9Ru3,bridge|A_B|A,,0.2521595947808919
Ir3Ru,111,Ir9Ru3,hollow|A_A_A|FCC,,0.7581702440810432
Ir3Ru,111,Ir9Ru3,hollow|A_A_A|HCP,,0.8271516463800026
Ir3Ru,111,Ir9Ru3,hollow|A_A_B|FCC,0.519533074337062,0.3968479650801555
Ir3Ru,111,Ir9Ru3,hollow|A_A_B|HCP,0.560752334338588,0.6030272600809212
Ir3Ru,111,Ir9Ru3,top|A,1.5978913728357,0.3685528878785362
Ir3Ru,111,Ir9Ru3,top|B,1.21346336363769,0.8186506739774586
Ir3Sc,111,Ir9Sc3,hollow|A_A_A|FCC,0.746102675635314,
Ir3Sc,111,Ir9Sc3,hollow|A_A_A|HCP,0.0932411674364744,
Ir3Sc,111,Ir9Sc3,hollow|A_A_B|FCC,-0.388829994761352,
Ir3Sc,111,Ir9Sc3,hollow|A_A_B|HCP,-0.230468176163583,
Ir3V,111,Ir9V3,hollow|A_A_A|FCC,1.40180627673891,
Ir3V,111,Ir9V3,hollow|A_A_A|HCP,0.734684234637655,
Ir3V,111,Ir9V3,hollow|A_A_B|FCC,-0.337552046763619,
Ir3V,111,Ir9V3,hollow|A_A_B|HCP,-0.291547800861906,
Ir3V,111,Ir9V3,top|B,-0.403851086863313,
Ir3W,111,Ir9W3,hollow|A_A_A|FCC,1.82910500493728,
Ir3W,111,Ir9W3,hollow|A_A_A|HCP,1.13201901143822,
Ir3W,111,Ir9W3,top|B,-0.886840089064378,
Ir3Y,111,Ir9Y3,hollow|A_A_A|FCC,0.638596212338427,
Ir3Y,111,Ir9Y3,hollow|A_A_A|HCP,-0.0687525545619678,
Ir3Y,111,Ir9Y3,hollow|A_A_B|FCC,-0.463496943663074,
Ir3Y,111,Ir9Y3,hollow|A_A_B|HCP,-0.0950764391602093,
Ir3Y,111,Ir9Y3,top|B,2.33057148913923,
Ir3Zr,111,Ir9Zr3,hollow|A_A_A|FCC,1.07243669323708,
Ir3Zr,111,Ir9Zr3,hollow|A_A_A|HCP,0.356635118136012,
Ir3Zr,111,Ir9Zr3,hollow|A_A_B|FCC,-0.461800041761478,
Ir3Zr,111,Ir9Zr3,hollow|A_A_B|HCP,-0.310602844463745,
Ir3Zr,111,Ir9Zr3,top|B,0.575575191538349,
IrO2,110,Ir16H8O37,nan,1.45956957753,-0.291908636496
IrO2-columbite,100,Ir10O23,O1C,1.4961663,-0.058287660000019
IrO2-columbite,100,Ir10O23,O2C,0.929731930000003,-0.4289847100000088
IrO2-columbite,101,Ir16O32,O1C-CUS-Kitchen,,-0.2247218999999631
IrO2-columbite,101,Ir18O38,O1C-CUS,1.76578904999997,-0.0274333400000159
IrO2-columbite,101,Ir18O38,O1C-bridge-like,2.57743198999998,0.851554120000003
IrO2-columbite-exp-strain,100,Ir10O23,O1C,1.46623468999999,-0.0914935200000002
IrO2-rutile,100,Ir20O43,Ir-site,1.58195875000001,-0.0609221699999693
IrO2-rutile,100,Ir20O43,O1C,1.58195875000001,-0.0609221699999693
IrO2-rutile,100,Ir20O43,site0,1.58195875000001,
IrO2-rutile,110,Ir16O33,CUS-Ir-site,1.50305950000001,-0.1076513200000022
IrO2-rutile,110,Ir16O33,O1C,1.50305950000001,-0.1076513200000022
IrO2-rutile,110,Ir16O33,site0,1.50305950000001,
IrO2-rutile,110,Ir8O16,peroxo,3.58264817,
IrPd,101,Ir6Pd6,bridge|A_A|B,,0.2211648761812057
IrPd,101,Ir6Pd6,hollow|A_A_B|FCC,0.458768149339278,
IrPd,101,Ir6Pd6,hollow|A_A_B|HCP,0.570579861738054,
IrPd,101,Ir6Pd6,hollow|A_B_B|FCC,1.15170712793753,0.8242767636810413
IrPd,101,Ir6Pd6,hollow|A_B_B|HCP,1.14461992303751,
IrPd,101,Ir6Pd6,top-tilt|B,,0.9312218560816063
IrPd,101,Ir6Pd6,top|A,,0.2415399440805004
IrPt,101,Ir6Pt6,bridge|A_A|B,,0.360075045181361
IrPt,101,Ir6Pt6,bridge|B_B|A,,0.9047247710813052
IrPt,101,Ir6Pt6,hollow|A_A_B|FCC,0.725065690839813,
IrPt,101,Ir6Pt6,hollow|A_A_B|HCP,0.964760975239017,
IrPt,101,Ir6Pt6,hollow|A_B_B|FCC,1.2048408924382,
IrPt,101,Ir6Pt6,hollow|A_B_B|HCP,1.45290340523917,
IrPt,101,Ir6Pt6,top|A,1.44810086813942,0.3086528767825029
IrPt,101,Ir6Pt6,top|B,,0.7739016893800681
IrRe,101,Ir6Re6,bridge|B_B|A,,-0.4572372369212871
IrRe,101,Ir6Re6,hollow|A_A_B|HCP,0.290742207838605,0.7446038725801145
IrRe,101,Ir6Re6,hollow|A_B_B|FCC,-0.415214288663435,
IrRe,101,Ir6Re6,hollow|A_B_B|HCP,-0.756118777761174,
IrRe,101,Ir6Re6,top|A,,0.6772412754806965
IrRe,101,Ir6Re6,top|B,-0.319340419861135,-0.2027638581195106
IrRh,101,Ir6Rh6,bridge|A_A|B,,0.3161376399810933
IrRh,101,Ir6Rh6,bridge|A_B|B,,0.3246111288798374
IrRh,101,Ir6Rh6,bridge|B_B|A,,0.404237352479754
IrRh,101,Ir6Rh6,hollow|A_A_B|FCC,0.563892392037644,
IrRh,101,Ir6Rh6,hollow|A_A_B|HCP,0.604373815440169,
IrRh,101,Ir6Rh6,hollow|A_B_B|FCC,0.736266712737972,0.4001044874829631
IrRh,101,Ir6Rh6,hollow|A_B_B|HCP,0.82627693644082,
IrRh,101,Ir6Rh6,top|A,,0.2830887339813444
IrRh,101,Ir6Rh6,top|B,,0.5172002423795448
IrRu,101,Ir6Ru6,bridge|A_A|B,,0.7342462674795343
IrRu,101,Ir6Ru6,bridge|A_B|A,,0.2882108687780373
IrRu,101,Ir6Ru6,bridge|B_B|A,,0.0232193377786416
IrRu,101,Ir6Ru6,hollow|A_A_B|FCC,0.742627917937909,0.5393524857798866
IrRu,101,Ir6Ru6,hollow|A_A_B|HCP,0.572847250237658,
IrRu,101,Ir6Ru6,hollow|A_B_B|FCC,0.284866589736168,0.1653767772776291
IrRu,101,Ir6Ru6,hollow|A_B_B|HCP,0.175677102335442,
IrRu,101,Ir6Ru6,top|A,,0.4341977663797252
IrRu,101,Ir6Ru6,top|B,,0.2699157030773449
La,111,La12,hollow|A_A_A|FCC,-3.0047505315635,-2.164155645222422
La,111,La12,hollow|A_A_A|HCP,-2.91175004886117,-2.104819317820443
La,111,La12,top|A,-0.699858561362078,-1.2737670556226703
La2O3-corundum,12,La12O18,peroxo,2.52393092,
La3Al,111,Al3La9,bridge|A_B|A,-2.09834627386061,
La3Al,111,Al3La9,hollow|A_A_A|FCC,-3.07789405106104,
La3Al,111,Al3La9,hollow|A_A_A|HCP,-2.71054513086182,
La3Al,111,Al3La9,hollow|A_A_B|FCC,-2.2611991952619,
La3Al,111,Al3La9,top|B,-0.437205712662205,
La3Bi,111,Bi3La9,hollow|A_A_A|HCP,-2.85343401236258,
La3Cd,111,Cd3La9,bridge|A_A|B,-2.4678423082625,
La3Cd,111,Cd3La9,hollow|A_A_A|FCC,-3.21981393516415,
La3Cd,111,Cd3La9,hollow|A_A_A|HCP,-2.95906316216514,
La3Cd,111,Cd3La9,top|B,1.62684278873695,
La3Ga,111,Ga3La9,hollow|A_A_A|FCC,-3.10439685056207,
La3Ga,111,Ga3La9,hollow|A_A_A|HCP,-2.73198538836385,
La3Ga,111,Ga3La9,top|B,0.415537831937229,
La3In,111,In3La9,hollow|A_A_A|FCC,-3.21445111566226,
La3In,111,In3La9,hollow|A_A_A|HCP,-2.8984749752637,
La3In,111,In3La9,top|B,1.24468692993815,
La3Pb,111,La9Pb3,hollow|A_A_A|FCC,-3.30249463656236,
La3Pb,111,La9Pb3,hollow|A_A_A|HCP,-2.92195771916175,
La3Sn,111,La9Sn3,hollow|A_A_A|FCC,-3.23858162666164,
La3Sn,111,La9Sn3,hollow|A_A_A|HCP,-2.83181538425941,
La3Sn,111,La9Sn3,top|B,1.20904627574038,
La3Zn,111,La9Zn3,hollow|A_A_A|FCC,-3.12276739176031,
La3Zn,111,La9Zn3,hollow|A_A_A|HCP,-2.83640131865849,
La3Zn,111,La9Zn3,top|B,0.753463491040577,
Li0.5CoO2,1,Co16Li6O30,nan,1.81024573,
Li0.5CoO2,0001,Co16Li6O30,nan,,-1.02451869
Li0.5CoO2,01-12,Co24Li12H23O59,nan,2.24793515,0.229174985
Li0.5CoO2,10-14,Co36Li18O77,nan,3.29454069,1.183650625
Li0.5CoO2,11-20,Co21Li12H5O47,nan,2.51854087,0.476573925
LiCoO2,1,Co16Li12O30,nan,0.99421593,
LiCoO2,0001,Co16Li12O30,nan,,-2.65967971
LiCoO2,01-12,Co16Li16H6O38,nan,4.68636128,0.38270852
LiCoO2,10-14,Co24Li24O51,nan,3.04838767,0.975509785
LiCoO2,11-20,Co21Li21H5O47,nan,2.91672796,0.820322605
Mn,111,Mn12,hollow|A_A_A|HCP,,-2.3327796930271916
Mn,111,Mn12,top|A,,0.4392340492748872
MnO2-rutile,110,Mn8O16,peroxo,3.60310278999998,
MnW15HO48,1,MnW15HO48,A,,
MnW15HO48,1,MnW15HO48,B,,
MnW15O47,1,MnW15O47,A,,
MnW15O47,1,MnW15O47,B,,
MnW15O48,1,MnW15O48,A,,
MnW15O48,1,MnW15O48,B,,
Mo-bcc,110,Mo16,hollow,-1.48983924000001,-1.1770971178484615
Mo-bcc,110,Mo16,longbridge,,-0.8634187066745653
Mo-bcc,110,Mo16,ontop,,-0.5222823765070643
Mo-bcc,110,Mo16,shortbridge,,-0.9357626197052014
Mo16O51,1,Mo16O51,peroxo,3.51526405000004,
Mo3Pt,111,Mo9Pt3,hollow|A_A_A|FCC,-1.91795615975951,
Mo3Pt,111,Mo9Pt3,hollow|A_A_A|HCP,-1.95614597636103,
Mo3Pt,111,Mo9Pt3,top|A,-0.802635141859525,
Mo3Pt,111,Mo9Pt3,top|B,2.36062605453827,
MoP,0.25H,Mo16HP16,nan,,-0.857539384378
MoP,0.5H,Mo16H2P16,nan,-0.218188436491,-0.547261226209
MoP,0H,Mo16P16,nan,,-0.874028531318
MoW15HO48,1,MoW15HO48,A,,
MoW15HO48,1,MoW15HO48,B,,
MoW15O47,1,MoW15O47,A,,
MoW15O47,1,MoW15O47,B,,
MoW15O48,1,MoW15O48,A,,
MoW15O48,1,MoW15O48,B,,
Nb,111,Nb12,hollow|A_A_A|FCC,-2.97739383886091,-2.130750270017529
Nb,111,Nb12,hollow|A_A_A|HCP,-2.98299924786278,-2.1911787262207554
Nb,111,Nb12,top|A,-0.958595011561727,-1.273559296717508
Nb2O5-C12c,100-hc,Nb8O19,peroxo,3.11397657999999,
Nb3Al,111,Al3Nb9,hollow|A_A_A|FCC,-2.47550136046101,
Nb3Al,111,Al3Nb9,hollow|A_A_A|HCP,-2.26360100806068,
Nb3Al,111,Al3Nb9,hollow|A_A_B|FCC,-1.87135788936229,
Nb3Al,111,Al3Nb9,hollow|A_A_B|HCP,-1.91537774506122,
Nb3Al,111,Al3Nb9,top|A,-0.712391172361265,
Nb3Al,111,Al3Nb9,top|B,1.02058635373925,
Nb3Ga,111,Ga3Nb9,hollow|A_A_A|FCC,-2.52793157456125,
Nb3Ga,111,Ga3Nb9,hollow|A_A_A|HCP,-2.26304453526262,
Nb3Ga,111,Ga3Nb9,top|A,-0.761014105759557,
Nb3Ga,111,Ga3Nb9,top|B,1.95899909014025,
Nb3Pt,111,Nb9Pt3,hollow|A_A_A|FCC,-2.75052409596191,
Nb3Pt,111,Nb9Pt3,hollow|A_A_A|HCP,-2.52332264646265,
NbW15HO48,1,NbW15HO48,A,,
NbW15HO48,1,NbW15HO48,B,,
NbW15O47,1,NbW15O47,A,,
NbW15O47,1,NbW15O47,B,,
NbW15O48,1,NbW15O48,A,,
NbW15O48,1,NbW15O48,B,,
Ni,100,Ni64,hollow,,
Ni,111,Ni36,nan,,
Ni,211,Ni36,ontop,,
Ni-HAB,1,Ni3C12H12N12,bridged-site,3.39323604182937,
Ni-HAB,1,Ni3C12H12N12,metal-site,3.9839197677029,
Ni-HAB,001,Ni3C12H12N12,bridged-site,,0.6798237334151054
Ni-HAB,001,Ni3C12H12N12,metal-site,,1.571457350579294
Ni-fcc,111,Ni16,fcc,0.351821939999994,0.027117504592752
Ni-fcc,111,Ni16,hcp,,0.5660064444527961
Ni-fcc,111,Ni16,ontop,,1.0370644792856183
Ni-fcc,111+2%,Ni16,fcc,,-0.0745129324350273
Ni-fcc,111+5%,Ni16,fcc,,-0.22358682542108
Ni-fcc,111+8%,Ni16,fcc,,-0.3625457027810626
Ni-fcc,111-1%,Ni16,fcc,,0.0778951714019058
Ni-fcc,111-2%,Ni16,fcc,,0.1297946274862624
Ni-fcc,111-3%,Ni16,fcc,,0.1836014655564213
Ni-fcc,111-5%,Ni16,fcc,,0.2921163826977135
Ni3Co,111,Co3Ni9,hollow|A_A_B|FCC,0.0492696118415665,
Ni3Co,111,Co3Ni9,hollow|A_A_B|HCP,0.129476118239666,
Ni3Ga,111,Ga3Ni9,hollow|A_A_A|FCC,0.474904636041003,
Ni3Ga,111,Ga3Ni9,hollow|A_A_A|HCP,0.334809275238342,
Ni3Ga,111,Ga3Ni9,hollow|A_A_B|FCC,0.489928313141547,
Ni3In,111,In3Ni9,bridge|A_A|B,0.529013520437559,
Ni3In,111,In3Ni9,hollow|A_A_B|HCP,0.719692939139179,
Ni3Pt,111,Ni9Pt3,hollow|A_A_A|FCC,0.253939219339202,
Ni3Pt,111,Ni9Pt3,hollow|A_A_B|FCC,0.691614872641196,
Ni3Sc,111,Ni9Sc3,hollow|A_A_A|HCP,-0.33485022846088,
Ni3Sc,111,Ni9Sc3,hollow|A_A_B|FCC,-0.847958150767397,
Ni3Sc,111,Ni9Sc3,hollow|A_A_B|HCP,-0.636158344463354,
Ni3Sc,111,Ni9Sc3,top|B,1.4328887520349,
Ni3Ti,111,Ni9Ti3,hollow|A_A_B|FCC,-1.02723137366064,
Ni3Zn,111,Ni9Zn3,hollow|A_A_A|FCC,0.103022435436117,
Ni3Zn,111,Ni9Zn3,hollow|A_A_A|HCP,0.0184110863372666,
Ni3Zn,111,Ni9Zn3,hollow|A_A_B|FCC,0.428376979234429,
NiCo-MOF,100,Co3Ni6C96H48N48,M1,3.9187312799999696,1.6074597999997875
NiCo-MOF,100,Co3Ni6C96H48N48,M2,2.91218104999984,0.7593399999998383
NiCu-MOF,100,Cu3Ni6C96H48N48,M1,3.91957531999992,1.4275020400000358
NiCu-MOF,100,Cu3Ni6C96H48N48,M2,4.23663455999986,1.1918850899999145
NiNi-MOF,100,Ni9C96H48N48,M1,3.9423177000001,1.611057020000089
NiNi-MOF,100,Ni9C96H48N48,M2,3.23820587,1.5625627599999916
NiO2,1,Ni3O5,O3c,1.59313943999999,
NiW15HO48,1,NiW15HO48,A,,
NiW15HO48,1,NiW15HO48,B,,
NiW15O47,1,NiW15O47,A,,
NiW15O47,1,NiW15O47,B,,
NiW15O48,1,NiW15O48,A,,
NiW15O48,1,NiW15O48,B,,
Os-hcp,1,Os16,hcp,0.0480366100000254,
Os-hcp,0001,Os16,fcc,,0.146173023400479
Os-hcp,0001,Os16,hcp,,0.2227642252764781
Os-hcp,0001,Os16,ontop,,0.6314951295935316
Os-hcp,0001+2%,Os16,fcc,,0.0213013434113236
Os-hcp,0001+5%,Os16,fcc,,-0.1570564884896157
Os-hcp,0001+8%,Os16,fcc,,-0.3844220227183541
Os-hcp,0001-1%,Os16,fcc,,0.2080341589535237
Os-hcp,0001-2%,Os16,fcc,,0.2678213789040455
Os-hcp,0001-3%,Os16,fcc,,0.3263321128397365
Os-hcp,0001-5%,Os16,fcc,,0.4587605301858275
Os3Ag,111,Ag3Os9,bridge|A_A|A,,0.1766767126799777
Os3Ag,111,Ag3Os9,bridge|A_A|B,,0.0262272841836193
Os3Ag,111,Ag3Os9,hollow|A_A_A|FCC,-0.519316743757543,0.2795264917848499
Os3Ag,111,Ag3Os9,hollow|A_A_A|HCP,-1.00148491456292,-0.0054591478138945
Os3Ag,111,Ag3Os9,top|A,,0.0804651505794709
Os3Ag,111,Ag3Os9,top|B,3.8388594485402896,1.919074819784214
Os3Cu,111,Cu3Os9,bridge|A_A|A,,-0.0287534530244784
Os3Cu,111,Cu3Os9,bridge|A_A|B,,0.0836284738805943
Os3Cu,111,Cu3Os9,hollow|A_A_A|FCC,-0.608818250763022,0.1964583001798701
Os3Cu,111,Cu3Os9,hollow|A_A_A|HCP,-0.739883105667275,0.2834770403759421
Os3Cu,111,Cu3Os9,hollow|A_A_B|FCC,0.374454084634465,
Os3Cu,111,Cu3Os9,top|A,0.500007273734639,0.1187302066799702
Os3Cu,111,Cu3Os9,top|B,3.12332223193863,1.5096263511776442
Os3Pd,111,Os9Pd3,bridge|A_A|A,,0.1058569091809431
Os3Pd,111,Os9Pd3,bridge|A_A|B,,0.0869704400801083
Os3Pd,111,Os9Pd3,hollow|A_A_A|FCC,-0.378573888159906,0.1682361494794122
Os3Pd,111,Os9Pd3,hollow|A_A_A|HCP,-0.794954456661969,0.204382527282064
Os3Pd,111,Os9Pd3,top|A,0.660734441840589,0.1757067627812603
Os3Pd,111,Os9Pd3,top|B,3.07781404963663,1.6053980412806368
Os3Pt,111,Os9Pt3,bridge|A_A|A,,0.1006093298755104
Os3Pt,111,Os9Pt3,bridge|A_A|B,,0.1664528514783114
Os3Pt,111,Os9Pt3,hollow|A_A_A|FCC,-0.25999837816579,0.1663565231764323
Os3Pt,111,Os9Pt3,hollow|A_A_A|HCP,-0.607385843464897,0.3209565039768449
Os3Pt,111,Os9Pt3,top|A,0.78769582003207,0.1862583850787587
Os3Pt,111,Os9Pt3,top|B,2.62405537993237,1.5627667824782066
Os3Re,111,Os9Re3,bridge|A_A|A,,0.3035182246793511
Os3Re,111,Os9Re3,bridge|A_B|A,,-0.0673232766195042
Os3Re,111,Os9Re3,hollow|A_A_A|FCC,,0.5965002014789889
Os3Re,111,Os9Re3,hollow|A_A_A|HCP,-0.216677991164204,0.3952982767776802
Os3Re,111,Os9Re3,hollow|A_A_B|FCC,-0.145874106361759,0.0815556467795204
Os3Re,111,Os9Re3,hollow|A_A_B|HCP,-0.618358425861686,0.1745255165777735
Os3Re,111,Os9Re3,top|A,,0.2395126959789877
Os3Re,111,Os9Re3,top|B,,0.1904598227782798
Os3Rh,111,Os9Rh3,bridge|A_A|A,,0.0439725078803121
Os3Rh,111,Os9Rh3,bridge|A_A|B,,0.1394100420774293
Os3Rh,111,Os9Rh3,hollow|A_A_A|FCC,-0.108983905364028,0.1649264288797667
Os3Rh,111,Os9Rh3,hollow|A_A_A|HCP,-0.590951392161685,0.363581912279983
Os3Rh,111,Os9Rh3,top|A,,0.202659094277692
Os3Rh,111,Os9Rh3,top|B,,1.2980488618785555
Os3Ru,111,Os9Ru3,bridge|A_A|A,,0.0710671549794597
Os3Ru,111,Os9Ru3,bridge|A_A|B,,0.1527291981809639
Os3Ru,111,Os9Ru3,bridge|A_B|A,,0.1785955233834784
Os3Ru,111,Os9Ru3,hollow|A_A_A|FCC,,0.2506548052814423
Os3Ru,111,Os9Ru3,hollow|A_A_A|HCP,-0.410691892659258,0.4182012822828937
Os3Ru,111,Os9Ru3,hollow|A_A_B|HCP,-0.152646067359626,
Os3Ru,111,Os9Ru3,top|A,0.802071458139665,0.1808016862822796
Os3Ru,111,Os9Ru3,top|B,1.47861829903906,0.91487543358096
OsPd,101,Os6Pd6,bridge|A_A|B,-0.179407511059424,-0.2795534310199628
OsPd,101,Os6Pd6,hollow|A_A_B|FCC,-0.211758308964079,
OsPd,101,Os6Pd6,hollow|A_A_B|HCP,-0.179967657364784,
OsPd,101,Os6Pd6,hollow|A_B_B|FCC,,0.9046481709818864
OsPd,101,Os6Pd6,top-tilt|A,,-0.0379673636190318
OsPd,101,Os6Pd6,top-tilt|B,,0.9935908920823522
OsPd,101,Os6Pd6,top|A,,0.0035310851825443
OsPt,101,Os6Pt6,bridge|A_A|B,0.223358249840942,-0.1189081691219371
OsPt,101,Os6Pt6,hollow|A_A_B|FCC,0.140297541441953,
OsPt,101,Os6Pt6,hollow|A_A_B|HCP,0.170769937536363,
OsPt,101,Os6Pt6,hollow|A_B_B|FCC,1.06529356893935,0.9989945287787804
OsPt,101,Os6Pt6,top-tilt|B,,0.8474026303782694
OsPt,101,Os6Pt6,top|A,0.529135427535778,-0.0348292107183851
OsRe,101,Os6Re6,bridge|B_B|A,,-0.2989658962206931
OsRe,101,Os6Re6,hollow|A_A_B|FCC,-0.0093902404625509,
OsRe,101,Os6Re6,hollow|A_A_B|HCP,-0.641149048362593,0.1208728310820106
OsRe,101,Os6Re6,hollow|A_B_B|FCC,-0.498574186262147,-0.136989453519277
OsRe,101,Os6Re6,hollow|A_B_B|HCP,-0.959206043262554,-0.2189008891210733
OsRe,101,Os6Re6,top|A,,0.2782519104811172
OsRe,101,Os6Re6,top|B,,-0.1874329645207808
OsRh,101,Os6Rh6,bridge|A_A|B,-0.0163144491600065,-0.1641183868188136
OsRh,101,Os6Rh6,hollow|A_A_B|FCC,-0.0982959540598927,
OsRh,101,Os6Rh6,hollow|A_A_B|HCP,-0.222994297561115,
OsRh,101,Os6Rh6,hollow|A_B_B|FCC,0.645319601036874,0.6083951136796486
OsRh,101,Os6Rh6,hollow|A_B_B|HCP,0.567441028539008,
OsRh,101,Os6Rh6,top-tilt|B,,0.678088093679321
OsRh,101,Os6Rh6,top|A,,0.0433937216811273
OsRu,101,Os6Ru6,bridge|A_A|B,,0.0117566783782194
OsRu,101,Os6Ru6,bridge|A_B|A,,0.0314807139810682
OsRu,101,Os6Ru6,bridge|A_B|B,,0.1328828474805732
OsRu,101,Os6Ru6,bridge|B_B|A,,0.4138597059799167
OsRu,101,Os6Ru6,hollow|A_A_B|FCC,0.054769576836236,
OsRu,101,Os6Ru6,hollow|A_A_B|HCP,-0.412319269464376,
OsRu,101,Os6Ru6,hollow|A_B_B|FCC,0.222749122938524,0.183795074580189
OsRu,101,Os6Ru6,hollow|A_B_B|HCP,-0.129016517963635,0.1712294017787599
OsRu,101,Os6Ru6,top|A,,0.15364009927805
OsRu,101,Os6Ru6,top|B,,0.4096865681793815
Pb,111,Pb12,bridge|A_A|A,,0.2296276165806148
Pb,111,Pb12,hollow|A_A_A|FCC,0.901261306138451,0.2286846060786729
Pb,111,Pb12,hollow|A_A_A|HCP,0.905549684139089,0.2294540079791431
Pb3Sc,111,Pb9Sc3,bridge-tilt|A_B|A,-0.753814517862509,
Pb3Sc,111,Pb9Sc3,hollow-tilt|A_A_B|FCC,-0.758028200660363,
Pb3Sc,111,Pb9Sc3,hollow-tilt|A_A_B|HCP,-0.669134323961941,
Pb3Sc,111,Pb9Sc3,hollow|A_A_A|FCC,1.57864272013813,
Pb3Sc,111,Pb9Sc3,hollow|A_A_A|HCP,1.17474510183803,
Pb3Sc,111,Pb9Sc3,top|B,-0.572123835660193,
Pb3Y,111,Pb9Y3,hollow|A_A_A|HCP,1.17648839913801,
Pb3Y,111,Pb9Y3,hollow|A_A_B|FCC,-0.409952015161423,
Pb3Y,111,Pb9Y3,hollow|A_A_B|HCP,-0.304086670461572,
Pb3Y,111,Pb9Y3,top|B,0.156100280437215,
Pd,100,Pd64,hollow,,
Pd,111,Pd12,hollow|A_A_A|FCC,1.35914889514225,0.6588979455781327
Pd,111,Pd12,hollow|A_A_A|HCP,1.49908955924167,0.7836409157833941
Pd,111,Pd12,top|A,2.65083832063812,1.4289848709821626
Pd,111,Pd16,bridge,,
Pd,111,Pd16,fcc,,
Pd,111,Pd36,nan,,
Pd,211,Pd36,ontop,,
Pd-fcc,111,Pd16,fcc,1.43379928,0.7076423777507443
Pd-fcc,111,Pd16,hcp,,0.8468540488647704
Pd-fcc,111,Pd16,ontop,,1.6354089323122023
Pd-fcc,111+2%,Pd16,fcc,,0.5891410187814472
Pd-fcc,111+5%,Pd16,fcc,,0.438866287438941
Pd-fcc,111+8%,Pd16,fcc,,0.2567498831522243
Pd-fcc,111-1%,Pd16,fcc,,0.7773171261396783
Pd-fcc,111-2%,Pd16,fcc,,0.886536409958353
Pd-fcc,111-3%,Pd16,fcc,,0.9572401568275382
Pd-fcc,111-5%,Pd16,fcc,,1.080965285154889
Pd3Ag,111,Ag3Pd9,bridge|A_A|A,,0.7095425486739941
Pd3Ag,111,Ag3Pd9,bridge|A_A|B,,0.6029031761762553
Pd3Ag,111,Ag3Pd9,hollow|A_A_A|FCC,1.39590371953437,0.7903355964780303
Pd3Ag,111,Ag3Pd9,hollow|A_A_A|HCP,1.40593968603554,0.6711728647759401
Pd3Ag,111,Ag3Pd9,hollow|A_A_B|FCC,1.68577285003613,0.7683451247766016
Pd3Ag,111,Ag3Pd9,hollow|A_A_B|HCP,1.82411294053219,
Pd3Ag,111,Ag3Pd9,top|B,,1.7868200110796124
Pd3Al,111,Al3Pd9,hollow|A_A_B|FCC,0.413161325835802,
Pd3Al,111,Al3Pd9,hollow|A_A_B|HCP,0.468812823535529,
Pd3Al,111,Al3Pd9,top|B,1.41490175523705,
Pd3Au,111,Au3Pd9,bridge|A_A|A,,0.7339413638809447
Pd3Au,111,Au3Pd9,bridge|A_A|B,,0.750634051281736
Pd3Au,111,Au3Pd9,hollow|A_A_A|FCC,1.40228465283855,0.736902506680849
Pd3Au,111,Au3Pd9,hollow|A_A_A|HCP,1.63489490923877,0.8327161021815073
Pd3Au,111,Au3Pd9,hollow|A_A_B|FCC,1.84578068514003,
Pd3Au,111,Au3Pd9,hollow|A_A_B|HCP,1.9914867612386,
Pd3Au,111,Au3Pd9,top-tilt|A,,0.9475443325799232
Pd3Au,111,Au3Pd9,top|A,,1.2581967017803208
Pd3Au,111,Au3Pd9,top|B,3.40722689923842,1.9679675539817936
Pd3Bi,111,Bi3Pd9,bridge|A_A|B,,0.6543264330802003
Pd3Bi,111,Bi3Pd9,bridge|A_B|A,,0.8864630752804032
Pd3Bi,111,Bi3Pd9,hollow|A_A_A|FCC,1.96700563163887,0.9138495643791202
Pd3Bi,111,Bi3Pd9,hollow|A_A_A|HCP,1.78491521413872,0.7863245023808076
Pd3Bi,111,Bi3Pd9,hollow|A_A_B|FCC,1.7084612937395,0.7348533534794797
Pd3Bi,111,Bi3Pd9,hollow|A_A_B|HCP,1.9170904296405,0.8298280220814149
Pd3Bi,111,Bi3Pd9,top|A,,1.0949439090808255
Pd3Bi,111,Bi3Pd9,top|B,,0.6499966936797819
Pd3Cd,111,Cd3Pd9,hollow|A_A_B|FCC,1.5871136240383,
Pd3Cd,111,Cd3Pd9,hollow|A_A_B|HCP,1.72451737083594,
Pd3Cu,111,Cu3Pd9,bridge-tilt|A_B|A,,0.7225697265793087
Pd3Cu,111,Cu3Pd9,hollow|A_A_A|FCC,1.49117948203258,0.8793033519804112
Pd3Cu,111,Cu3Pd9,hollow|A_A_A|HCP,1.52607345593771,0.7205722749757797
Pd3Cu,111,Cu3Pd9,hollow|A_A_B|FCC,1.31609341083441,0.5139118826745062
Pd3Cu,111,Cu3Pd9,hollow|A_A_B|HCP,1.4257859006355,0.6355696261788353
Pd3Cu,111,Cu3Pd9,top|A,2.72434293513271,0.9023259514768824
Pd3Cu,111,Cu3Pd9,top|B,2.72377721053255,1.422551011380051
Pd3Fe,111,Fe3Pd9,hollow|A_A_B|FCC,0.587287243233561,
Pd3Ga,111,Ga3Pd9,hollow|A_A_A|FCC,1.87255478213393,
Pd3Ga,111,Ga3Pd9,hollow|A_A_A|HCP,1.80726868573748,
Pd3Ga,111,Ga3Pd9,hollow|A_A_B|FCC,1.1762961507373,
Pd3Ga,111,Ga3Pd9,hollow|A_A_B|HCP,1.21902741133437,
Pd3In,111,In3Pd9,hollow|A_A_A|HCP,1.8127534123376,
Pd3In,111,In3Pd9,hollow|A_A_B|FCC,1.50076061033889,
Pd3In,111,In3Pd9,hollow|A_A_B|HCP,1.59719476143783,
Pd3In,111,In3Pd9,top|B,3.182018275438,
Pd3Ir,111,Ir3Pd9,hollow|A_A_A|FCC,,0.6823391921797111
Pd3Ir,111,Ir3Pd9,hollow|A_A_A|HCP,,1.1074595129801992
Pd3Ir,111,Ir3Pd9,hollow|A_A_B|FCC,0.711984226137986,0.8816078840799264
Pd3Ir,111,Ir3Pd9,hollow|A_A_B|HCP,0.721435556137124,
Pd3Ir,111,Ir3Pd9,top|B,0.942200016837717,0.0992678085793841
Pd3La,111,La3Pd9,hollow|A_A_A|HCP,0.927338927638459,
Pd3La,111,La3Pd9,hollow|A_A_B|FCC,0.0870817345383443,
Pd3La,111,La3Pd9,hollow|A_A_B|HCP,0.407501630037416,
Pd3Nb,111,Nb3Pd9,hollow|A_A_A|HCP,2.12428226013782,
Pd3Nb,111,Nb3Pd9,top|B,-1.61350921056163,
Pd3Os,111,Os3Pd9,bridge|A_A|A,,0.8084922561764643
Pd3Os,111,Os3Pd9,hollow-tilt|A_A_B|FCC,-0.232995161459428,
Pd3Os,111,Os3Pd9,hollow|A_A_A|FCC,,0.7360567768781721
Pd3Os,111,Os3Pd9,hollow|A_A_A|HCP,2.15275489163452,1.2323790849776517
Pd3Os,111,Os3Pd9,top-tilt|A,,0.9848224317764788
Pd3Os,111,Os3Pd9,top|B,-0.231816908461212,-0.3643468243236611
Pd3Pb,111,Pb3Pd9,hollow|A_A_A|HCP,1.82638577143717,
Pd3Pb,111,Pb3Pd9,hollow|A_A_B|FCC,1.65391308153613,
Pd3Pb,111,Pb3Pd9,hollow|A_A_B|HCP,1.90448462003752,
Pd3Pb,111,Pb3Pd9,top|B,3.25766306533825,
Pd3Pt,111,Pd9Pt3,bridge-tilt|A_B|A,,0.6432984754836752
Pd3Pt,111,Pd9Pt3,bridge|A_A|B,,0.8296804002792442
Pd3Pt,111,Pd9Pt3,bridge|A_B|A,,1.061240705382147
Pd3Pt,111,Pd9Pt3,hollow|A_A_A|FCC,1.44742820263838,0.6798258126844985
Pd3Pt,111,Pd9Pt3,hollow|A_A_A|HCP,1.78622068034366,0.983303084180875
Pd3Pt,111,Pd9Pt3,hollow|A_A_B|FCC,1.30340691944349,1.1629371299831064
Pd3Pt,111,Pd9Pt3,hollow|A_A_B|HCP,1.43246629534025,
Pd3Pt,111,Pd9Pt3,top|A,,1.5599165260836116
Pd3Pt,111,Pd9Pt3,top|B,2.0605510222411,0.5973369514803153
Pd3Re,111,Pd9Re3,hollow|A_A_A|FCC,2.22966922873803,0.8434138496785408
Pd3Re,111,Pd9Re3,hollow|A_A_A|HCP,2.30635050033726,1.336622359079115
Pd3Re,111,Pd9Re3,top-tilt|A,,1.0476807285784844
Pd3Re,111,Pd9Re3,top|B,-1.3265216294605,-0.8605521234195521
Pd3Rh,111,Pd9Rh3,bridge-tilt|A_B|A,,0.3577203080793651
Pd3Rh,111,Pd9Rh3,bridge|A_A|A,,0.8684132200768317
Pd3Rh,111,Pd9Rh3,hollow|A_A_A|FCC,1.55078220873457,0.702298334076545
Pd3Rh,111,Pd9Rh3,hollow|A_A_A|HCP,1.68765070763749,0.9396128944798648
Pd3Rh,111,Pd9Rh3,hollow|A_A_B|FCC,0.901709477635279,0.6951865028794373
Pd3Rh,111,Pd9Rh3,hollow|A_A_B|HCP,0.979572267435117,
Pd3Rh,111,Pd9Rh3,top-tilt|A,,0.8712648370791385
Pd3Rh,111,Pd9Rh3,top|A,,1.3304053742766655
Pd3Rh,111,Pd9Rh3,top|B,1.53011053683787,0.3347258723778168
Pd3Ru,111,Pd9Ru3,hollow|A_A_A|FCC,1.79733176863357,0.7379434781768168
Pd3Ru,111,Pd9Ru3,hollow|A_A_A|HCP,1.86816300073389,1.0627079431804989
Pd3Ru,111,Pd9Ru3,hollow|A_A_B|FCC,0.305823300935856,
Pd3Ru,111,Pd9Ru3,hollow|A_A_B|HCP,0.278496404738519,1.003050521482578
Pd3Ru,111,Pd9Ru3,top|A,,0.9105782117775334
Pd3Ru,111,Pd9Ru3,top|B,0.473006505933711,-0.0697958391239126
Pd3Sn,111,Pd9Sn3,hollow|A_A_A|FCC,2.08998203863649,
Pd3Sn,111,Pd9Sn3,hollow|A_A_A|HCP,2.05667122313736,
Pd3Sn,111,Pd9Sn3,hollow|A_A_B|HCP,1.6454580963362,
Pd3Sn,111,Pd9Sn3,top|B,2.59963629223768,
Pd3Ta,111,Pd9Ta3,hollow|A_A_A|HCP,2.24380390993957,
Pd3Ta,111,Pd9Ta3,top|B,-1.78799554286178,
Pd3Tc,111,Pd9Tc3,hollow|A_A_A|FCC,,0.8217523635802308
Pd3Tc,111,Pd9Tc3,hollow|A_A_A|HCP,,1.1772084124794446
Pd3Tc,111,Pd9Tc3,top|A,,0.9634193178798114
Pd3Tc,111,Pd9Tc3,top|B,-0.611439931461234,-0.4929036059212421
Pd3Tl,111,Pd9Tl3,hollow|A_A_A|HCP,1.78562134963778,
Pd3Tl,111,Pd9Tl3,hollow|A_A_B|HCP,1.93798156143731,
Pd3Tl,111,Pd9Tl3,top|B,3.83981606473736,
Pd3Y,111,Pd9Y3,hollow|A_A_A|FCC,1.6423240252405,
Pd3Y,111,Pd9Y3,hollow|A_A_A|HCP,1.16979385454016,
Pd3Y,111,Pd9Y3,hollow|A_A_B|FCC,0.203435571140119,
Pd3Y,111,Pd9Y3,hollow|A_A_B|HCP,0.476560720940881,
Pd3Y,111,Pd9Y3,top|B,1.75741307673871,
Pd3Zn,111,Pd9Zn3,bridge|A_A|A,1.95004083033911,
Pd3Zn,111,Pd9Zn3,hollow|A_A_A|FCC,,1.0338653728803138
Pd3Zn,111,Pd9Zn3,hollow|A_A_A|HCP,1.54836257253538,0.7291212753742684
Pd3Zn,111,Pd9Zn3,hollow|A_A_B|FCC,1.30657758993385,0.4859774923796749
Pd3Zn,111,Pd9Zn3,hollow|A_A_B|HCP,,0.5991041948772136
Pd3Zn,111,Pd9Zn3,top|A,,0.9632307429754974
Pd3Zn,111,Pd9Zn3,top|B,2.94802704123487,1.0479765162789365
Pd3Zr,111,Pd9Zr3,hollow|A_A_A|HCP,1.83481517773527,
Pd3Zr,111,Pd9Zr3,hollow|A_A_B|FCC,-0.574642521362136,
Pd3Zr,111,Pd9Zr3,hollow|A_A_B|HCP,-0.47004060116177,
Pd3Zr,111,Pd9Zr3,top|B,-0.448753135664617,
PdO,101,Pd8O8,peroxo,3.36847900000001,
PdO-OH-covered-square-planar,101,Pd20H2O22,peroxo,3.50005643999998,
PdO2-rutile,110,Pd16O32,peroxo,2.95421569000001,
PdO2-rutile,110-lc,Pd32O64,peroxo,2.85456188000001,
PdPt,101,Pd18Pt2H2O22,peroxo,3.68998241,
PdPt,101,Pd6Pt6,bridge|A_A|B,,0.8323257549826621
PdPt,101,Pd6Pt6,bridge|A_B|A,,0.6116314996805841
PdPt,101,Pd6Pt6,bridge|B_B|A,,0.7416560633763538
PdPt,101,Pd6Pt6,hollow|A_A_B|FCC,1.32752042333942,0.6920063084806998
PdPt,101,Pd6Pt6,hollow|A_A_B|HCP,1.66250684473545,
PdPt,101,Pd6Pt6,hollow|A_B_B|FCC,1.27299479663981,
PdPt,101,Pd6Pt6,hollow|A_B_B|HCP,1.42154119693788,
PdPt,101,Pd6Pt6,top-tilt|B,,0.6846094379769738
PdPt,101,Pd6Pt6,top|A,,0.9649159439767344
PdPt,101,Pd6Pt6,top|B,2.18856099113674,0.6193830705786922
PdPt,110-lc,Pd28Pt4O64,peroxo,3.11816509000005,
PdRe,101,Pd6Re6,bridge|B_B|A,,-0.8315318628184514
PdRe,101,Pd6Re6,hollow|A_A_B|HCP,-1.07844646336179,
PdRe,101,Pd6Re6,hollow|A_B_B|HCP,-1.07848945736276,
PdRe,101,Pd6Re6,top-tilt|B,,-0.5341628666202496
PdRe,101,Pd6Re6,top|B,-0.602952972960509,-0.0994982890180153
PdRh,101,Pd6Rh6,bridge|A_B|A,,0.4334650997778908
PdRh,101,Pd6Rh6,bridge|B_B|A,,0.1698514171774832
PdRh,101,Pd6Rh6,hollow-tilt|A_B_B|FCC,,0.3868857413807518
PdRh,101,Pd6Rh6,hollow|A_A_B|FCC,1.12011824873827,0.5201536298781093
PdRh,101,Pd6Rh6,hollow|A_A_B|HCP,1.14514074893651,
PdRh,101,Pd6Rh6,hollow|A_B_B|FCC,0.568408121136429,
PdRh,101,Pd6Rh6,hollow|A_B_B|HCP,0.653795402835215,
PdRh,101,Pd6Rh6,top-tilt|A,,0.8361594307797304
PdRh,101,Pd6Rh6,top|B,,0.3937028732806311
PdRu,101,Pd6Ru6,bridge|B_B|A,0.0020861607407027,-0.2792082546176289
PdRu,101,Pd6Ru6,hollow-tilt|A_A_B|HCP,0.718569653137649,
PdRu,101,Pd6Ru6,hollow|A_A_B|FCC,0.891677728839397,0.9257274694799662
PdRu,101,Pd6Ru6,hollow|A_A_B|HCP,0.7593301292398,
PdRu,101,Pd6Ru6,hollow|A_B_B|FCC,-0.0631528599625995,
PdRu,101,Pd6Ru6,hollow|A_B_B|HCP,-0.0605185258611414,
PdRu,101,Pd6Ru6,top-tilt|A,,0.8833458751804528
PdRu,101,Pd6Ru6,top|B,,0.1041751095807512
PdTc,101,Pd6Tc6,bridge|B_B|A,,-0.8247160915190079
PdTc,101,Pd6Tc6,hollow|A_B_B|HCP,-0.859002979359673,
PdTc,101,Pd6Tc6,top-tilt|B,,-0.4963039404202618
PdTc,101,Pd6Tc6,top|B,-0.180207253659489,
PdZn,101,Pd6Zn6,bridge|B_B|A,,0.1345027410760622
PdZn,101,Pd6Zn6,hollow-tilt|A_A_B|FCC,,0.4818666685795278
PdZn,101,Pd6Zn6,hollow|A_A_B|FCC,1.48743614793403,0.4146723738784885
PdZn,101,Pd6Zn6,hollow|A_B_B|FCC,0.91814977933592,
PdZn,101,Pd6Zn6,hollow|A_B_B|HCP,,0.1333142838747107
Pt,100,Pt64,hollow,,
Pt,111,Pt16,bridge,1.47372951,
Pt,111,Pt16,fcc,,
Pt,111,Pt16,fcchollow,1.46854702,
Pt,111,Pt16,hcphollow,1.87827853,
Pt,111,Pt16,top,2.79065122,
Pt,111,Pt12,hollow|A_A_A|FCC,1.41701866483692,
Pt,111,Pt12,hollow|A_A_A|HCP,1.80368957243974,
Pt,111,Pt12,top|A,2.52910125593536,
Pt,111,Pt36,nan,,
Pt,211,Pt36,ontop,,
Pt,211,Pt24,100bridge,1.80931030999997,
Pt,211,Pt24,100hollow,1.08601384999997,
Pt,211,Pt24,111bridge,2.11279807,
Pt,211,Pt24,fcchollow,2.10577529999998,
Pt,211,Pt24,hcphollow,2.10900321999998,
Pt,211,Pt24,highbridge,1.08564564,
Pt,211,Pt24,top,2.04744227999998,
Pt,110,Pt16,fcchollow,1.25413941000001,
Pt,110,Pt16,hcphollow,2.41178901000001,
Pt,110,Pt16,highbridge,1.25497255000001,
Pt,110,Pt16,top,2.01583724,
Pt,221,Pt30,bridge,1.35735136999998,
Pt,221,Pt30,bridge2,1.82512562999997,
Pt,221,Pt30,fcchollow,1.35718987999999,
Pt,221,Pt30,fcchollow2,1.82463671999997,
Pt,221,Pt30,fcchollow3,2.05141046999998,
Pt,221,Pt30,hcphollow,1.80293727999998,
Pt,221,Pt30,hcphollow2,2.07161077999999,
Pt,221,Pt30,hcphollow3,2.70350328999999,
Pt,221,Pt30,highbridge,1.41510915999999,
Pt,221,Pt30,shortstephollow1,2.70272567999999,
Pt,221,Pt30,shortstephollow2,1.77133237999999,
Pt,221,Pt30,top,2.17652686999998,
Pt,311,Pt32,100hollow,1.04611451999997,
Pt,311,Pt32,bridge1,1.80945817999998,
Pt,311,Pt32,bridge2,1.50059427999997,
Pt,311,Pt32,fcchollow1,1.83079733999998,
Pt,311,Pt32,fcchollow2,1.04068866999998,
Pt,311,Pt32,highbridge,1.04234084999999,
Pt,311,Pt32,lowbridge,1.82729525999997,
Pt,311,Pt32,top1,2.08219339999999,
Pt,311,Pt32,top2,1.81208182999998,
Pt-fcc,111,Pt16,fcc,1.69756432999999,1.1867352539557032
Pt-fcc,111,Pt16,hcp,,1.4962235201892329
Pt-fcc,111+2%,Pt16,fcc,,0.9211800390985444
Pt-fcc,111+5%,Pt16,fcc,,0.6205308467033319
Pt-fcc,111+8%,Pt16,fcc,,0.4489553161838557
Pt-fcc,111-1%,Pt16,fcc,,1.3212081986275734
Pt-fcc,111-2%,Pt16,fcc,,1.441095569432946
Pt-fcc,111-3%,Pt16,fcc,,1.535789008376014
Pt-fcc,111-5%,Pt16,fcc,,1.619712997933675
Pt3Ag,111,Ag3Pt9,bridge|A_A|A,1.83387502453462,1.002783305780099
Pt3Ag,111,Ag3Pt9,bridge|A_A|B,1.44091896753872,0.5567563426783408
Pt3Ag,111,Ag3Pt9,hollow|A_A_A|FCC,1.42350803573555,1.515758436577812
Pt3Ag,111,Ag3Pt9,hollow|A_A_A|HCP,1.27417808364027,1.007923128080506
Pt3Ag,111,Ag3Pt9,hollow|A_A_B|FCC,1.44300159083997,
Pt3Ag,111,Ag3Pt9,top|A,,0.6929972109836626
Pt3Ag,111,Ag3Pt9,top|B,,2.1001797769830546
Pt3Au,111,Au3Pt9,bridge|A_A|A,,1.02949141508077
Pt3Au,111,Au3Pt9,bridge|A_A|B,1.79523839683662,0.7544422844811152
Pt3Au,111,Au3Pt9,hollow|A_A_A|FCC,1.42002647523606,1.4439539892781568
Pt3Au,111,Au3Pt9,hollow|A_A_A|HCP,1.51265701913854,1.1704047500796833
Pt3Au,111,Au3Pt9,hollow|A_A_B|FCC,1.68999374383549,
Pt3Au,111,Au3Pt9,top|A,,0.8018758082806698
Pt3Au,111,Au3Pt9,top|B,3.81809702653828,1.5503054652807575
Pt3Bi,111,Bi3Pt9,bridge-tilt|A_A|A,,0.9537502968786384
Pt3Bi,111,Bi3Pt9,bridge-tilt|A_B|A,,0.5845314103834198
Pt3Bi,111,Bi3Pt9,bridge|A_A|A,,0.902119553179432
Pt3Bi,111,Bi3Pt9,bridge|A_A|B,,0.5014633548825032
Pt3Bi,111,Bi3Pt9,hollow|A_A_A|FCC,1.73731651733743,1.4219828376780017
Pt3Bi,111,Bi3Pt9,hollow|A_A_A|HCP,1.40304180974255,1.2004327843795863
Pt3Bi,111,Bi3Pt9,hollow|A_A_B|HCP,,0.9449740813842028
Pt3Bi,111,Bi3Pt9,top|A,,0.6403584215776164
Pt3Bi,111,Bi3Pt9,top|B,,0.9266341528826842
Pt3Cr,111,Cr3Pt9,hollow|A_A_A|FCC,2.12149894373925,
Pt3Cr,111,Cr3Pt9,hollow|A_A_A|HCP,2.00865197433797,
Pt3Cr,111,Cr3Pt9,top|B,-0.609633911965091,
Pt3Cu,111,Cu3Pt9,bridge|A_A|B,,0.5687924819766295
Pt3Cu,111,Cu3Pt9,hollow|A_A_A|FCC,1.59144513214034,1.5619218690816297
Pt3Cu,111,Cu3Pt9,hollow|A_A_A|HCP,1.42959590253651,1.0609850544759638
Pt3Cu,111,Cu3Pt9,hollow|A_A_B|FCC,1.23414864133866,0.7871456058754802
Pt3Cu,111,Cu3Pt9,hollow|A_A_B|HCP,1.59109900334062,0.9864417812758576
Pt3Cu,111,Cu3Pt9,top-tilt|B,,1.1155021096755036
Pt3Cu,111,Cu3Pt9,top|A,,0.7431034368754581
Pt3Cu,111,Cu3Pt9,top|B,3.28503390793395,
Pt3Ga,111,Ga3Pt9,hollow|A_A_A|HCP,1.71420248753185,
Pt3Ga,111,Ga3Pt9,hollow|A_A_B|FCC,1.14836176043519,
Pt3Ga,111,Ga3Pt9,hollow|A_A_B|HCP,1.41622450063352,
Pt3Ga,111,Ga3Pt9,top|B,2.84472868243375,
Pt3Hf,111,Hf3Pt9,hollow|A_A_B|FCC,-0.0136505907577771,
Pt3Hf,111,Hf3Pt9,hollow|A_A_B|HCP,0.263522660541469,
Pt3In,111,In3Pt9,hollow|A_A_A|FCC,1.94864706333811,
Pt3In,111,In3Pt9,hollow|A_A_A|HCP,1.77309254823541,
Pt3In,111,In3Pt9,hollow|A_A_B|FCC,1.31694852863785,
Pt3In,111,In3Pt9,hollow|A_A_B|HCP,1.71139046313675,
Pt3Ir,111,Ir3Pt9,bridge|A_A|A,1.94305362723736,0.8595478872783815
Pt3Ir,111,Ir3Pt9,bridge|A_A|B,,0.9889346161770618
Pt3Ir,111,Ir3Pt9,hollow|A_A_A|FCC,1.49310128593407,1.0530834127829394
Pt3Ir,111,Ir3Pt9,hollow|A_A_A|HCP,1.94934612373964,1.5153406057769416
Pt3Ir,111,Ir3Pt9,hollow|A_A_B|FCC,1.00876178283562,
Pt3Ir,111,Ir3Pt9,hollow|A_A_B|HCP,1.26555180283668,
Pt3Ir,111,Ir3Pt9,top|A,2.51022458283461,0.785605985777579
Pt3Ir,111,Ir3Pt9,top|B,1.36896295273965,0.2754615191778384
Pt3La,111,La3Pt9,hollow|A_A_A|FCC,1.3779707372376,
Pt3La,111,La3Pt9,hollow|A_A_A|HCP,1.04279696543728,
Pt3La,111,La3Pt9,hollow|A_A_B|FCC,0.33591011183654,
Pt3La,111,La3Pt9,hollow|A_A_B|HCP,0.873857129637884,
Pt3Mo,111,Mo3Pt9,hollow|A_A_A|FCC,2.34865780753881,
Pt3Mo,111,Mo3Pt9,hollow|A_A_A|HCP,2.40007956784012,
Pt3Mo,111,Mo3Pt9,top|B,-1.1493892622604,
Pt3Ni,111,Ni3Pt9,hollow|A_A_B|FCC,0.995145342432636,
Pt3Ni,111,Ni3Pt9,hollow|A_A_B|HCP,1.33888988373275,
Pt3Os,111,Os3Pt9,bridge|A_A|A,,1.008266671674278
Pt3Os,111,Os3Pt9,hollow|A_A_A|FCC,,1.0217651507745131
Pt3Os,111,Os3Pt9,hollow|A_A_A|HCP,,1.6536743015793718
Pt3Os,111,Os3Pt9,hollow|A_A_B|FCC,,1.098189138680823
Pt3Os,111,Os3Pt9,top|A,,0.8577558815785551
Pt3Os,111,Os3Pt9,top|B,0.170943546134197,-0.1879984170255966
Pt3Pb,111,Pb3Pt9,hollow|A_A_A|FCC,1.83957268003343,
Pt3Pb,111,Pb3Pt9,hollow|A_A_A|HCP,1.5596936648397,
Pt3Pd,111,Pd3Pt9,bridge|A_A|A,,0.8879573883795047
Pt3Pd,111,Pd3Pt9,bridge|A_A|B,,0.693677903681305
Pt3Pd,111,Pd3Pt9,bridge|A_B|A,,1.154525819180776
Pt3Pd,111,Pd3Pt9,hollow|A_A_A|FCC,1.34001371383403,1.2572478408809502
Pt3Pd,111,Pd3Pt9,hollow|A_A_A|HCP,1.50989656023359,1.1751923209784536
Pt3Pd,111,Pd3Pt9,hollow|A_A_B|FCC,1.30602451853684,
Pt3Pd,111,Pd3Pt9,hollow|A_A_B|HCP,1.67506380983451,
Pt3Pd,111,Pd3Pt9,top-tilt|A,,1.311062706282314
Pt3Pd,111,Pd3Pt9,top|A,,0.6841253473802453
Pt3Pd,111,Pd3Pt9,top|B,,1.7874934927793902
Pt3Re,111,Pt9Re3,hollow|A_A_A|FCC,2.190673955043,1.152596259886991
Pt3Re,111,Pt9Re3,hollow|A_A_A|HCP,2.47426188193987,1.789222776181191
Pt3Re,111,Pt9Re3,hollow|A_A_B|HCP,,1.3309636157836169
Pt3Re,111,Pt9Re3,top|A,2.70579103003894,0.9346811032854704
Pt3Re,111,Pt9Re3,top|B,-0.969138742559323,-0.69673278971743
Pt3Rh,111,Pt9Rh3,bridge|A_A|A,,0.8501768309769204
Pt3Rh,111,Pt9Rh3,bridge|A_A|B,,0.8021223434742524
Pt3Rh,111,Pt9Rh3,bridge|A_B|A,,0.614827068577938
Pt3Rh,111,Pt9Rh3,hollow|A_A_A|FCC,1.43782625773366,1.1188760491758103
Pt3Rh,111,Pt9Rh3,hollow|A_A_A|HCP,1.70999587973694,1.352738165177357
Pt3Rh,111,Pt9Rh3,hollow|A_A_B|FCC,1.02603148763211,0.8789445699775342
Pt3Rh,111,Pt9Rh3,hollow|A_A_B|HCP,1.35912222793178,
Pt3Rh,111,Pt9Rh3,top|A,,0.714544137180269
Pt3Rh,111,Pt9Rh3,top|B,1.93156157963296,0.5293010087742687
Pt3Ru,111,Pt9Ru3,bridge|A_A|A,,0.8662899157833408
Pt3Ru,111,Pt9Ru3,hollow|A_A_A|FCC,1.68356246924287,1.0613660137795478
Pt3Ru,111,Pt9Ru3,hollow|A_A_A|HCP,1.92654692964044,1.493721977681048
Pt3Ru,111,Pt9Ru3,hollow|A_A_B|FCC,0.70876648003815,0.8779084964816093
Pt3Ru,111,Pt9Ru3,hollow|A_A_B|HCP,0.876167512138466,
Pt3Ru,111,Pt9Ru3,top|A,2.44175774784145,0.7528825278831164
Pt3Ru,111,Pt9Ru3,top|B,,0.1331261171843607
Pt3Tc,111,Pt9Tc3,hollow|A_A_A|FCC,2.0177612571386,1.136205754974867
Pt3Tc,111,Pt9Tc3,hollow|A_A_A|HCP,2.18345069323897,1.63458755668114
Pt3Tc,111,Pt9Tc3,top|A,,0.8243668333788037
Pt3Tc,111,Pt9Tc3,top|B,-0.297454712064962,-0.3008150458218779
Pt3V,111,Pt9V3,top|B,-0.899218411461504,
Pt3W,111,Pt9W3,hollow|A_A_A|FCC,2.51925753783854,
Pt3W,111,Pt9W3,hollow|A_A_A|HCP,2.63020392823802,
Pt3W,111,Pt9W3,top|A,2.80317200123665,
Pt3W,111,Pt9W3,top|B,-1.60292942456016,
Pt3Y,111,Pt9Y3,hollow|A_A_B|FCC,0.300127414138672,
Pt3Y,111,Pt9Y3,hollow|A_A_B|HCP,0.707591220336155,
Pt3Zn,111,Pt9Zn3,hollow|A_A_A|FCC,,1.5924066462802102
Pt3Zn,111,Pt9Zn3,hollow|A_A_A|HCP,,1.06047062317964
Pt3Zn,111,Pt9Zn3,hollow|A_A_B|FCC,1.15379369683416,0.5403093740795839
Pt3Zn,111,Pt9Zn3,hollow|A_A_B|HCP,1.46916397583465,0.8346751857797017
Pt3Zn,111,Pt9Zn3,top|A,,0.7679527364788328
Pt3Zn,111,Pt9Zn3,top|B,,1.2776361062759634
Pt3Zr,111,Pt9Zr3,hollow|A_A_B|FCC,0.0009484528380312,
Pt3Zr,111,Pt9Zr3,hollow|A_A_B|HCP,0.247719513335881,
PtO,101,Pt8O8,peroxo,3.62075532,
PtO2-rutile,110,Pt8O16,peroxo,3.51092930999999,
PtO2-rutile,110-lc,Pt32O64,peroxo,3.33148581,
PtRe,101,Pt6Re6,bridge|B_B|A,,-0.6522526535219413
PtRe,101,Pt6Re6,hollow|A_B_B|HCP,-0.650947187361624,
PtRe,101,Pt6Re6,top-tilt|A,,0.9641291267806764
PtRe,101,Pt6Re6,top-tilt|B,,-0.3705712923211877
PtRe,101,Pt6Re6,top|B,-0.508573009265263,-0.3919790322207745
PtRh,101,Pt6Rh6,bridge|A_A|B,,0.7817505408792158
PtRh,101,Pt6Rh6,bridge|A_B|A,,0.5855019043782477
PtRh,101,Pt6Rh6,bridge|A_B|B,,0.5147731229779993
PtRh,101,Pt6Rh6,bridge|B_B|A,,0.3332099261796202
PtRh,101,Pt6Rh6,hollow|A_A_B|FCC,1.1516254938395,0.8533649166791974
PtRh,101,Pt6Rh6,hollow|A_A_B|HCP,1.32082070853704,
PtRh,101,Pt6Rh6,hollow|A_B_B|FCC,0.720528056437445,0.5644366196801229
PtRh,101,Pt6Rh6,hollow|A_B_B|HCP,0.990014772036204,
PtRh,101,Pt6Rh6,top|A,,0.6997611446794281
PtRh,101,Pt6Rh6,top|B,,0.477304135879308
PtRu,101,Pt6Ru6,bridge|A_A|B,1.94391650023664,
PtRu,101,Pt6Ru6,bridge|B_B|A,0.413129352436783,-0.0775139399221416
PtRu,101,Pt6Ru6,hollow|A_A_B|FCC,1.08915931314169,0.8488934059831763
PtRu,101,Pt6Ru6,hollow|A_A_B|HCP,1.11199932423534,
PtRu,101,Pt6Ru6,hollow|A_B_B|FCC,0.214804895436657,
PtRu,101,Pt6Ru6,hollow|A_B_B|HCP,0.283627519336562,
PtRu,101,Pt6Ru6,top|B,,0.1626984967778071
PtTc,101,Pt6Tc6,bridge|B_B|A,,-0.5490321192183956
PtTc,101,Pt6Tc6,hollow-tilt|A_B_B|HCP,,0.770909525480306
PtTc,101,Pt6Tc6,hollow|A_B_B|FCC,-0.280935497161579,
PtTc,101,Pt6Tc6,hollow|A_B_B|HCP,-0.452070339361114,
PtTc,101,Pt6Tc6,top-tilt|B,,-0.2094385385199757
PtTc,101,Pt6Tc6,top|B,-0.0065405282622919,-0.2065967176196181
PtZn,101,Pt6Zn6,bridge|A_A|B,,1.0413649663795468
PtZn,101,Pt6Zn6,bridge|B_B|A,,0.3787460001811951
PtZn,101,Pt6Zn6,hollow|A_A_B|FCC,1.66025605514352,0.7633522439836042
PtZn,101,Pt6Zn6,hollow|A_A_B|HCP,1.47808808523752,
PtZn,101,Pt6Zn6,hollow|A_B_B|FCC,1.02398818484272,0.287190305881154
PtZn,101,Pt6Zn6,top|A,,0.9484306073835568
PtZn,101,Pt6Zn6,top|B,,0.8097307823817346
Re,111,Re12,hollow|A_A_A|FCC,-0.715872324661348,
Re,111,Re12,hollow|A_A_A|HCP,-1.20893606966291,
Re-hcp,1,Re16,hcp,-0.912195549999979,
Re-hcp,0001,Re16,fcc,,-0.2184076827179524
Re-hcp,0001,Re16,hcp,,-0.6360477301714127
Re-hcp,0001,Re16,ontop,,0.1491468194799381
Re3Ag,111,Ag3Re9,hollow|A_A_A|FCC,-0.80701100456298,-0.2583120887239829
Re3Ag,111,Ag3Re9,hollow|A_A_A|HCP,-1.58877542316276,-1.0053560060215432
Re3Ag,111,Ag3Re9,top|A,-0.10008932026193,
Re3Ag,111,Ag3Re9,top|B,,1.92133703818115
Re3Au,111,Au3Re9,hollow|A_A_A|FCC,-0.794673907363347,-0.7166768293201358
Re3Au,111,Au3Re9,hollow|A_A_A|HCP,-1.51512250656032,-1.4267989805185834
Re3Au,111,Au3Re9,top-tilt|A,,-0.045862746620628
Re3Au,111,Au3Re9,top|A,-0.103330060061296,-0.5392851376192311
Re3Au,111,Au3Re9,top|B,,1.6849325624797302
Re3Cu,111,Cu3Re9,bridge|A_A|A,,-0.3084081104199185
Re3Cu,111,Cu3Re9,hollow|A_A_A|FCC,-1.03098613646233,-0.4982370372191553
Re3Cu,111,Cu3Re9,hollow|A_A_A|HCP,-1.4555159702615,-0.7928112881228344
Re3Cu,111,Cu3Re9,top-tilt|A,,-0.0147721079221128
Re3Cu,111,Cu3Re9,top|A,-0.145556957661199,
Re3Cu,111,Cu3Re9,top|B,,1.5447324377790892
Re3Ir,111,Ir3Re9,bridge|A_A|A,,-0.496251150419198
Re3Ir,111,Ir3Re9,hollow|A_A_A|FCC,-0.984368273861207,-0.5829826744185311
Re3Ir,111,Ir3Re9,hollow|A_A_A|HCP,-1.32638353176316,-0.7937755235208215
Re3Ir,111,Ir3Re9,hollow|A_A_B|HCP,-0.657900920461714,
Re3Ir,111,Ir3Re9,top|A,-0.329325092960232,-0.2000979588184464
Re3Ir,111,Ir3Re9,top|B,1.84622640763683,1.265736704180085
Re3Os,111,Os3Re9,bridge|A_B|A,,-0.0253721665204693
Re3Os,111,Os3Re9,hollow|A_A_A|FCC,,-0.3686531618214985
Re3Os,111,Os3Re9,hollow|A_A_A|HCP,-1.2329374626608,-0.5568792021214222
Re3Os,111,Os3Re9,hollow|A_A_B|HCP,-0.989834360662087,-0.173825367818722
Re3Os,111,Os3Re9,top|A,,-0.1513226418202293
Re3Os,111,Os3Re9,top|B,,0.755113997381045
Re3Pd,111,Pd3Re9,bridge|A_A|A,,-0.3812917611204511
Re3Pd,111,Pd3Re9,hollow|A_A_A|FCC,-0.888290455761478,-0.5284449386191454
Re3Pd,111,Pd3Re9,hollow|A_A_A|HCP,-1.59713897806085,-1.086236810518244
Re3Pd,111,Pd3Re9,top-tilt|A,,-0.1666675492189142
Re3Pd,111,Pd3Re9,top|A,-0.211076527663124,
Re3Pd,111,Pd3Re9,top|B,,1.6900676227822942
Re3Pt,111,Pt3Re9,bridge|A_A|A,,-0.430243408019237
Re3Pt,111,Pt3Re9,hollow|A_A_A|FCC,-0.904554835961051,-0.5687139771172269
Re3Pt,111,Pt3Re9,hollow|A_A_A|HCP,-1.4699037172615,-1.0220153594192425
Re3Pt,111,Pt3Re9,top-tilt|A,,-0.1280952765183656
Re3Pt,111,Pt3Re9,top|A,-0.209260439962407,
Re3Pt,111,Pt3Re9,top|B,2.82881315223841,1.6922801803819991
Re3Rh,111,Re9Rh3,hollow|A_A_A|FCC,-1.03163172656076,-0.6247833057196885
Re3Rh,111,Re9Rh3,hollow|A_A_A|HCP,-1.46895485636213,-0.9217852203211124
Re3Rh,111,Re9Rh3,hollow|A_A_B|HCP,-0.784246913263075,
Re3Rh,111,Re9Rh3,top|A,,-0.2376270831183546
Re3Rh,111,Re9Rh3,top|B,,1.3015410348788237
Re3Ru,111,Re9Ru3,bridge|A_A|B,,-0.0465186770189802
Re3Ru,111,Re9Ru3,bridge|A_B|A,,-0.0204496270190475
Re3Ru,111,Re9Ru3,hollow|A_A_A|FCC,-0.914077867863114,-0.4613457477199745
Re3Ru,111,Re9Ru3,hollow|A_A_A|HCP,-1.34796977826062,-0.6820570101182284
Re3Ru,111,Re9Ru3,hollow|A_A_B|FCC,-0.514041817059649,
Re3Ru,111,Re9Ru3,hollow|A_A_B|HCP,-1.06923309696157,-0.3476535926193946
Re3Ru,111,Re9Ru3,top|A,,-0.228091397918547
Re3Ru,111,Re9Ru3,top|B,,0.8591048859824468
Re3Tc,111,Re9Tc3,hollow|A_A_A|FCC,-0.791513032960381,-0.2836239819181401
Re3Tc,111,Re9Tc3,hollow|A_A_A|HCP,-1.34639083776,-0.5868451943198352
Re3Tc,111,Re9Tc3,hollow|A_A_B|FCC,-0.762481615762397,-0.3262915679180196
Re3Tc,111,Re9Tc3,hollow|A_A_B|HCP,-1.27865408416272,-0.6010211008207307
Re3Tc,111,Re9Tc3,top|A,,0.115251503379909
Re3Tc,111,Re9Tc3,top|B,,0.3365591032824113
Re3Zn,111,Re9Zn3,bridge|A_A|A,,-0.1172807923240952
Re3Zn,111,Re9Zn3,hollow|A_A_A|FCC,-0.996133387761972,-0.2895545670209003
Re3Zn,111,Re9Zn3,hollow|A_A_A|HCP,-1.46111729756757,-0.7407965918201853
Re3Zn,111,Re9Zn3,hollow|A_A_B|HCP,-0.0160925403653778,
Re3Zn,111,Re9Zn3,top-tilt|A,,0.0077813672804722
Re3Zn,111,Re9Zn3,top|A,-0.201771731062934,
Re3Zn,111,Re9Zn3,top|B,3.45367224163402,1.458328674879226
ReRh,101,Re6Rh6,bridge|A_A|B,,-0.6517198546199552
ReRh,101,Re6Rh6,hollow|A_A_B|FCC,-0.730291501062482,
ReRh,101,Re6Rh6,hollow|A_A_B|HCP,-1.07137082336357,
ReRh,101,Re6Rh6,top-tilt|B,,0.7712537494816161
ReRh,101,Re6Rh6,top|A,-0.530262931162895,-0.3187134696191833
ReRh,101,Re6Rh6,top|B,,0.9133847939818908
ReRu,101,Re6Ru6,bridge|A_A|B,,-0.4616895635182345
ReRu,101,Re6Ru6,hollow|A_A_B|FCC,-0.723842402960315,-0.4406698579178965
ReRu,101,Re6Ru6,hollow|A_A_B|HCP,-1.17916423056175,-0.5072869991191737
ReRu,101,Re6Ru6,hollow|A_B_B|FCC,-0.230333751962633,
ReRu,101,Re6Ru6,hollow|A_B_B|HCP,-0.735125467261412,-0.2412291900210448
ReRu,101,Re6Ru6,top|A,,-0.282508043018538
ReRu,101,Re6Ru6,top|B,,0.3780816342813295
ReTc,101,Re6Tc6,hollow|A_A_B|FCC,-0.835093969061006,-0.3847156335169757
ReTc,101,Re6Tc6,hollow|A_A_B|HCP,-1.34952245985932,-0.6700844094185641
ReTc,101,Re6Tc6,hollow|A_B_B|FCC,-0.782332592360206,-0.4073133272169116
ReTc,101,Re6Tc6,hollow|A_B_B|HCP,-1.25548182205984,-0.6652319393170956
ReTc,101,Re6Tc6,top|A,-0.408230486959098,0.0429911292820861
ReTc,101,Re6Tc6,top|B,,0.0075353763830889
ReZn,101,Re6Zn6,bridge|A_A|B,,-0.5285370491211552
ReZn,101,Re6Zn6,bridge|A_B|B,,0.4444723767782079
ReZn,101,Re6Zn6,bridge|B_B|A,,0.5330628464770371
ReZn,101,Re6Zn6,hollow|A_A_B|FCC,-0.59536249356114,
ReZn,101,Re6Zn6,hollow|A_A_B|HCP,-0.41772453876564,
ReZn,101,Re6Zn6,top|A,,-0.124661744123955
Rh,111,Rh12,hollow|A_A_A|FCC,0.595410113437367,
Rh,111,Rh12,hollow|A_A_A|HCP,0.598425406936997,
Rh,111,Rh12,top|A,1.81037677003752,
Rh,111,Rh16,bridge,,
Rh,111,Rh16,fcc,,
Rh,111,Rh16,ontop,,
Rh,111,Rh36,nan,,
Rh-fcc,111,Rh16,fcc,0.686731879999996,0.268338531255722
Rh-fcc,111,Rh16,hcp,,0.4470537846791558
Rh-fcc,111,Rh16,ontop,,1.1479820255626692
Rh-fcc,111+2%,Rh16,fcc,,0.189200343847915
Rh-fcc,111+5%,Rh16,fcc,,0.0896353869102313
Rh-fcc,111+8%,Rh16,fcc,,0.0082560699229361
Rh-fcc,111-1%,Rh16,fcc,,0.3075623805270879
Rh-fcc,111-2%,Rh16,fcc,,0.3441853657277534
Rh-fcc,111-3%,Rh16,fcc,,0.3719238341000164
Rh-fcc,111-5%,Rh16,fcc,,0.3634458553497097
Rh3Ag,111,Ag3Rh9,bridge-tilt|A_A|B,,0.8692789502791811
Rh3Ag,111,Ag3Rh9,bridge|A_A|A,0.870650948239756,0.2448070788785799
Rh3Ag,111,Ag3Rh9,bridge|A_A|B,,0.2336633368803404
Rh3Ag,111,Ag3Rh9,hollow|A_A_A|FCC,0.232033102834805,0.3636646348794556
Rh3Ag,111,Ag3Rh9,hollow|A_A_A|HCP,0.116141995935152,0.2584455604782079
Rh3Ag,111,Ag3Rh9,top-tilt|A,,0.4151161915768853
Rh3Ag,111,Ag3Rh9,top|B,,1.7962400478762677
Rh3Al,111,Al3Rh9,hollow|A_A_A|FCC,0.603985372839645,
Rh3Al,111,Al3Rh9,hollow|A_A_A|HCP,0.46944303913898,
Rh3Al,111,Al3Rh9,hollow|A_A_B|HCP,0.0073198622374661,
Rh3Al,111,Al3Rh9,top|B,1.45544916623822,
Rh3Au,111,Au3Rh9,bridge-tilt|A_A|B,,0.9787345649791632
Rh3Au,111,Au3Rh9,bridge|A_A|A,,0.2665289742807317
Rh3Au,111,Au3Rh9,bridge|A_A|B,,0.3283739190782171
Rh3Au,111,Au3Rh9,hollow|A_A_A|FCC,0.240805917037335,0.2959929164798041
Rh3Au,111,Au3Rh9,hollow|A_A_A|HCP,0.372652963138364,0.3897691956780136
Rh3Au,111,Au3Rh9,top-tilt|A,,0.5148528523794766
Rh3Au,111,Au3Rh9,top-tilt|B,,1.2576239021808533
Rh3Au,111,Au3Rh9,top|B,,2.4943580331790827
Rh3Bi,111,Bi3Rh9,bridge|A_A|A,,0.4907680565819419
Rh3Bi,111,Bi3Rh9,bridge|A_A|B,,0.1258703377833399
Rh3Bi,111,Bi3Rh9,hollow|A_A_A|FCC,0.985404755538013,0.7865572957824725
Rh3Bi,111,Bi3Rh9,hollow|A_A_A|HCP,0.781051616438901,0.261274592082259
Rh3Bi,111,Bi3Rh9,top|A,,0.4249150109834545
Rh3Bi,111,Bi3Rh9,top|B,,1.2289073206819694
Rh3Cu,111,Cu3Rh9,bridge|A_A|A,,0.2477135267807853
Rh3Cu,111,Cu3Rh9,bridge|A_A|B,,0.2336570782762237
Rh3Cu,111,Cu3Rh9,hollow|A_A_A|FCC,0.294120637135904,0.4403366545783456
Rh3Cu,111,Cu3Rh9,hollow|A_A_A|HCP,0.361209895938202,0.307007812477309
Rh3Cu,111,Cu3Rh9,hollow|A_A_B|FCC,0.800441224036888,0.3824652520823974
Rh3Cu,111,Cu3Rh9,hollow|A_A_B|HCP,0.783694386034597,
Rh3Cu,111,Cu3Rh9,top-tilt|A,,0.4619003156811914
Rh3Cu,111,Cu3Rh9,top|B,,1.1939230049800926
Rh3Ga,111,Ga3Rh9,hollow|A_A_A|FCC,0.645669267341702,
Rh3Ga,111,Ga3Rh9,hollow|A_A_A|HCP,0.614207873444514,
Rh3Ga,111,Ga3Rh9,hollow|A_A_B|HCP,0.79401103804031,
Rh3In,111,In3Rh9,bridge|A_B|A,1.54866407463834,
Rh3In,111,In3Rh9,hollow|A_A_A|FCC,0.625206034539417,
Rh3In,111,In3Rh9,hollow|A_A_A|HCP,0.515955729740938,
Rh3Ir,111,Ir3Rh9,bridge|A_A|B,,0.3669676887810738
Rh3Ir,111,Ir3Rh9,hollow|A_A_A|FCC,0.782373681638831,0.3283750074814406
Rh3Ir,111,Ir3Rh9,hollow|A_A_A|HCP,,0.5510463058825508
Rh3Ir,111,Ir3Rh9,hollow|A_A_B|FCC,0.561217785139718,0.3880718856825069
Rh3Ir,111,Ir3Rh9,top-tilt|A,,0.5191193252802577
Rh3Ir,111,Ir3Rh9,top|B,,0.252245582782848
Rh3La,111,La3Rh9,bridge|A_A|B,-0.339062958759484,
Rh3La,111,La3Rh9,hollow|A_A_A|FCC,0.350888618038709,
Rh3La,111,La3Rh9,hollow|A_A_A|HCP,-0.307604013858679,
Rh3La,111,La3Rh9,hollow|A_A_B|HCP,0.0140847483415314,
Rh3Mo,111,Mo3Rh9,hollow|A_A_A|FCC,1.37679697413824,
Rh3Mo,111,Mo3Rh9,hollow|A_A_A|HCP,0.767614635140319,
Rh3Mo,111,Mo3Rh9,hollow|A_A_B|HCP,-0.614393182961237,
Rh3Mo,111,Mo3Rh9,top|B,-0.850366086062593,
Rh3Os,111,Os3Rh9,hollow|A_A_A|FCC,1.23843701933566,0.5803842593785475
Rh3Os,111,Os3Rh9,hollow|A_A_A|HCP,1.04943763163448,0.6602515758794425
Rh3Os,111,Os3Rh9,hollow|A_A_B|FCC,0.0790994112356316,0.4041770792799752
Rh3Os,111,Os3Rh9,hollow|A_A_B|HCP,0.0240320058363182,0.5652411242780317
Rh3Os,111,Os3Rh9,top|A,,0.5876258889774135
Rh3Os,111,Os3Rh9,top|B,0.228243237437539,-0.1375573550204762
Rh3Pd,111,Pd3Rh9,bridge|A_A|A,,0.2118188542780217
Rh3Pd,111,Pd3Rh9,bridge|A_A|B,,0.2413449744789204
Rh3Pd,111,Pd3Rh9,bridge|A_B|A,1.36507716713805,
Rh3Pd,111,Pd3Rh9,hollow|A_A_A|FCC,0.304412662837251,0.2548352901802673
Rh3Pd,111,Pd3Rh9,hollow|A_A_A|HCP,0.352540212937868,0.3442788367800631
Rh3Pd,111,Pd3Rh9,hollow|A_A_B|FCC,0.809950922437395,0.4491528707775387
Rh3Pd,111,Pd3Rh9,hollow|A_A_B|HCP,0.837024072436009,
Rh3Pd,111,Pd3Rh9,top-tilt|A,,0.4194579038784241
Rh3Pd,111,Pd3Rh9,top|B,,1.4568184430798965
Rh3Pt,111,Pt3Rh9,bridge|A_A|A,,0.2500912574804488
Rh3Pt,111,Pt3Rh9,bridge|A_A|B,,0.3337976920782921
Rh3Pt,111,Pt3Rh9,bridge|A_B|A,,0.5302562643781812
Rh3Pt,111,Pt3Rh9,hollow|A_A_A|FCC,0.416548462737239,0.2380586556799926
Rh3Pt,111,Pt3Rh9,hollow|A_A_A|HCP,0.626189590038678,0.4778138050795633
Rh3Pt,111,Pt3Rh9,hollow|A_A_B|FCC,0.876051183436914,0.5930278928798316
Rh3Pt,111,Pt3Rh9,hollow|A_A_B|HCP,0.954871405836286,
Rh3Pt,111,Pt3Rh9,top-tilt|A,,0.5074063210785198
Rh3Pt,111,Pt3Rh9,top|B,,1.4037521627805063
Rh3Re,111,Re3Rh9,hollow-tilt|A_A_B|HCP,-0.542635675261579,
Rh3Re,111,Re3Rh9,hollow|A_A_A|FCC,1.54596933133854,0.829477131280214
Rh3Re,111,Re3Rh9,hollow|A_A_A|HCP,1.0688122729369,0.6894809559788655
Rh3Re,111,Re3Rh9,hollow|A_A_B|HCP,-0.542194578764054,
Rh3Re,111,Re3Rh9,top|A,,0.6247056171786198
Rh3Re,111,Re3Rh9,top|B,-0.742682068561578,-0.5212586842200153
Rh3Ru,111,Rh9Ru3,bridge|A_B|A,0.505401114238168,0.0377681762810198
Rh3Ru,111,Rh9Ru3,hollow|A_A_A|FCC,0.9757194076372,0.4674110290806084
Rh3Ru,111,Rh9Ru3,hollow|A_A_A|HCP,0.800975927737284,0.5042632701814682
Rh3Ru,111,Rh9Ru3,hollow|A_A_B|FCC,0.265972365337632,0.1330443469786359
Rh3Ru,111,Rh9Ru3,hollow|A_A_B|HCP,0.206352223340048,0.2047670241817059
Rh3Ru,111,Rh9Ru3,top|A,,0.501502267180399
Rh3Ru,111,Rh9Ru3,top|B,,0.5775549557810109
Rh3Sc,111,Rh9Sc3,hollow|A_A_B|FCC,-0.459278498961965,
Rh3Sc,111,Rh9Sc3,hollow|A_A_B|HCP,-0.353890577960726,
Rh3Sn,111,Rh9Sn3,hollow|A_A_A|FCC,0.907025493539379,
Rh3Sn,111,Rh9Sn3,hollow|A_A_A|HCP,0.779228861938293,
Rh3Sn,111,Rh9Sn3,hollow|A_A_B|HCP,1.11086365713692,
Rh3Ta,111,Rh9Ta3,hollow|A_A_B|FCC,-0.802604801163568,
Rh3Ta,111,Rh9Ta3,hollow|A_A_B|HCP,-0.671508789262759,
Rh3Tc,111,Rh9Tc3,bridge|A_B|A,-0.102785832365214,-0.1930327951223489
Rh3Tc,111,Rh9Tc3,hollow|A_A_A|FCC,,0.7008555864784967
Rh3Tc,111,Rh9Tc3,hollow|A_A_A|HCP,,0.5674447021782498
Rh3Tc,111,Rh9Tc3,hollow|A_A_B|FCC,-0.175330837562967,-0.1023489536229362
Rh3Tc,111,Rh9Tc3,hollow|A_A_B|HCP,-0.2297178222654,-0.0565006290227074
Rh3Tc,111,Rh9Tc3,top|A,,0.5212724259771448
Rh3Tc,111,Rh9Tc3,top|B,,0.0956561776773696
Rh3Zn,111,Rh9Zn3,bridge|A_A|A,,0.3273962139836612
Rh3Zn,111,Rh9Zn3,hollow|A_A_A|FCC,0.395051197436089,0.6481721703793255
Rh3Zn,111,Rh9Zn3,hollow|A_A_A|HCP,0.376103502636227,0.2438661092791108
Rh3Zn,111,Rh9Zn3,hollow|A_A_B|FCC,,0.3351303695789056
Rh3Zn,111,Rh9Zn3,hollow|A_A_B|HCP,0.823604098240878,
Rh3Zn,111,Rh9Zn3,top|A,,0.5459599539798319
Rh3Zn,111,Rh9Zn3,top|B,,1.0882685484801868
Rh3Zr,111,Rh9Zr3,hollow|A_A_B|FCC,-0.582747704062228,
Rh3Zr,111,Rh9Zr3,hollow|A_A_B|HCP,-0.49448812476129,
RhO2-rutile,110,Rh8O16,peroxo,3.43987665999998,
RhRu,101,Rh6Ru6,bridge|A_A|B,,0.6088928098805582
RhRu,101,Rh6Ru6,bridge|B_B|A,,-0.1740667327204619
RhRu,101,Rh6Ru6,hollow|A_A_B|FCC,0.607068286640981,0.3164863538812597
RhRu,101,Rh6Ru6,hollow|A_A_B|HCP,0.445160280538232,
RhRu,101,Rh6Ru6,hollow|A_B_B|FCC,0.0238043825409591,0.3208095624803491
RhRu,101,Rh6Ru6,hollow|A_B_B|HCP,-0.140506524862019,0.1927205444816309
RhRu,101,Rh6Ru6,top-tilt|A,,0.514183044179731
RhRu,101,Rh6Ru6,top|B,,0.1687962957811351
RhTc,101,Rh6Tc6,bridge|B_B|A,,-0.6418936878172872
RhTc,101,Rh6Tc6,hollow-tilt|A_A_B|HCP,,-0.0160902273192959
RhTc,101,Rh6Tc6,hollow|A_A_B|HCP,-0.0168901059589075,
RhTc,101,Rh6Tc6,hollow|A_B_B|FCC,-0.57951730466101,
RhTc,101,Rh6Tc6,hollow|A_B_B|HCP,-0.907115018959473,
RhTc,101,Rh6Tc6,top-tilt|A,,0.6024332355817705
RhTc,101,Rh6Tc6,top|B,-0.102463921659535,-0.1636849094203398
RhZn,101,Rh6Zn6,4fold|A_A_B_B,0.928770382542837,
RhZn,101,Rh6Zn6,bridge|A_A|B,0.993629396241715,0.5521127199798457
RhZn,101,Rh6Zn6,bridge|B_B|A,,0.2885246160848282
RhZn,101,Rh6Zn6,hollow|A_A_B|FCC,0.741982055736855,0.3607953304789362
RhZn,101,Rh6Zn6,hollow|A_B_B|FCC,,0.2627570682788018
RhZn,101,Rh6Zn6,hollow|A_B_B|HCP,0.926462312938213,0.2350131575848308
RhZn,101,Rh6Zn6,top|A,1.84905013304143,0.9942817891832192
RhZn,101,Rh6Zn6,top|B,2.86300888203897,1.0201292024838722
Ru,111,Ru12,hollow|A_A_A|FCC,0.0464460226392589,
Ru,111,Ru12,hollow|A_A_A|HCP,-0.376089896959627,
Ru,111,Ru12,top|A,1.09376402353865,
Ru-hcp,1,Ru16,hcp,-0.181486689999986,
Ru-hcp,0001,Ru16,fcc,,-0.2055647258748649
Ru-hcp,0001,Ru16,hcp,,-0.1491966163084725
Ru-hcp,0001,Ru16,ontop,,0.5637511649474618
Ru-hcp,0001+2%,Ru16,fcc,,-0.2869327501393854
Ru-hcp,0001+5%,Ru16,fcc,,-0.4158488581088022
Ru-hcp,0001+8%,Ru16,fcc,,-0.5478831185610034
Ru-hcp,0001-1%,Ru16,fcc,,-0.1627991789282532
Ru-hcp,0001-2%,Ru16,fcc,,-0.1153083751851227
Ru-hcp,0001-3%,Ru16,fcc,,-0.0618558293426758
Ru-hcp,0001-5%,Ru16,fcc,,0.0609411186815123
Ru3Ag,111,Ag3Ru9,bridge|A_A|A,,-0.0926487756179312
Ru3Ag,111,Ag3Ru9,hollow|A_A_A|FCC,-0.566767546861399,-0.3243621447210216
Ru3Ag,111,Ag3Ru9,hollow|A_A_A|HCP,-0.90358951215984,-0.4268501485158822
Ru3Ag,111,Ag3Ru9,top-tilt|B,,1.2385160683815002
Ru3Al,111,Al3Ru9,hollow|A_A_A|FCC,-0.499563319965262,
Ru3Al,111,Al3Ru9,hollow|A_A_A|HCP,-0.536639646863648,
Ru3Al,111,Al3Ru9,hollow|A_A_B|HCP,-0.352445245262231,
Ru3Au,111,Au3Ru9,hollow|A_A_A|FCC,-0.518419040261676,-0.2675390608193311
Ru3Au,111,Au3Ru9,hollow|A_A_A|HCP,-0.687100504059515,-0.2242574500188539
Ru3Au,111,Au3Ru9,top-tilt|B,,1.1816225069823076
Ru3Au,111,Au3Ru9,top|A,,0.3489910321812886
Ru3Au,111,Au3Ru9,top|B,,2.322820190381094
Ru3Bi,111,Bi3Ru9,bridge|A_A|A,,0.0403818297789939
Ru3Bi,111,Bi3Ru9,bridge|A_A|B,,-0.0276331603191692
Ru3Bi,111,Bi3Ru9,hollow|A_A_A|FCC,-0.220511122661435,0.2975149851816923
Ru3Bi,111,Bi3Ru9,hollow|A_A_A|HCP,-0.45095616926136,-0.1105669276213348
Ru3Bi,111,Bi3Ru9,top|A,,0.2229432761786256
Ru3Bi,111,Bi3Ru9,top|B,,0.831991463078225
Ru3Cu,111,Cu3Ru9,bridge|A_A|A,,-0.2243790848252729
Ru3Cu,111,Cu3Ru9,bridge|A_A|B,,0.0340291961809953
Ru3Cu,111,Cu3Ru9,hollow|A_A_A|FCC,-0.636776723066021,-0.3096184726192632
Ru3Cu,111,Cu3Ru9,hollow|A_A_A|HCP,-0.68249334466617,-0.0592668022246698
Ru3Cu,111,Cu3Ru9,hollow|A_A_B|FCC,0.342785340038802,
Ru3Cu,111,Cu3Ru9,hollow|A_A_B|HCP,0.230316200639038,0.722586053478949
Ru3Cu,111,Cu3Ru9,top|A,,0.2272267561755825
Ru3Cu,111,Cu3Ru9,top|B,,1.6020136254782074
Ru3Ga,111,Ga3Ru9,hollow|A_A_A|FCC,-0.488665432956793,
Ru3Ga,111,Ga3Ru9,hollow|A_A_A|HCP,-0.448913002557845,
Ru3Ga,111,Ga3Ru9,hollow|A_A_B|HCP,0.432232968338042,
Ru3Hf,111,Hf3Ru9,hollow|A_A_B|FCC,-1.08321852376338,
Ru3Hf,111,Hf3Ru9,hollow|A_A_B|HCP,-1.14898204386208,
Ru3Ir,111,Ir3Ru9,bridge|A_A|A,,-0.0733816191196865
Ru3Ir,111,Ir3Ru9,bridge|A_A|B,,0.0560987168800011
Ru3Ir,111,Ir3Ru9,bridge|A_B|A,,0.2346283886807896
Ru3Ir,111,Ir3Ru9,hollow|A_A_A|FCC,0.0189879676398164,-0.1210830390183446
Ru3Ir,111,Ir3Ru9,hollow|A_A_A|HCP,-0.243650186861657,0.1169832358799567
Ru3Ir,111,Ir3Ru9,hollow|A_A_B|FCC,0.440665776237267,0.2745478969817441
Ru3Ir,111,Ir3Ru9,hollow|A_A_B|HCP,0.136204269037819,
Ru3Ir,111,Ir3Ru9,top|A,,0.3122323982796615
Ru3Ir,111,Ir3Ru9,top|B,,0.9638698023817368
Ru3Nb,111,Nb3Ru9,hollow|A_A_A|FCC,-0.197650839061851,
Ru3Nb,111,Nb3Ru9,hollow|A_A_A|HCP,-0.816049673860277,
Ru3Nb,111,Nb3Ru9,hollow|A_A_B|FCC,-0.896669112960979,
Ru3Nb,111,Nb3Ru9,hollow|A_A_B|HCP,-1.12033349076245,
Ru3Os,111,Os3Ru9,bridge|A_A|B,,0.0162056035813975
Ru3Os,111,Os3Ru9,bridge|A_B|A,,-0.0278207828188215
Ru3Os,111,Os3Ru9,hollow|A_A_A|FCC,,0.1377305554786971
Ru3Os,111,Os3Ru9,hollow|A_A_A|HCP,,0.0855705503789749
Ru3Os,111,Os3Ru9,hollow|A_A_B|FCC,,0.0429021480784967
Ru3Os,111,Os3Ru9,hollow|A_A_B|HCP,-0.404084424462951,0.1157160016817897
Ru3Os,111,Os3Ru9,top|A,1.22930760003857,0.3590274068818644
Ru3Os,111,Os3Ru9,top|B,0.555574960438946,0.521531206279974
Ru3Pd,111,Pd3Ru9,bridge|A_A|B,,-0.0709532753199937
Ru3Pd,111,Pd3Ru9,hollow|A_A_A|FCC,-0.4300874868606,-0.2891888460172822
Ru3Pd,111,Pd3Ru9,hollow|A_A_A|HCP,-0.727766284559209,-0.1905460828194236
Ru3Pd,111,Pd3Ru9,top-tilt|A,,0.2634866054803524
Ru3Pd,111,Pd3Ru9,top|B,,1.4124023896810058
Ru3Pt,111,Pt3Ru9,bridge-tilt|A_A|B,,0.6336222434773617
Ru3Pt,111,Pt3Ru9,bridge|A_A|B,0.521436238537547,0.033526601779954
Ru3Pt,111,Pt3Ru9,hollow|A_A_A|FCC,-0.288319306266374,-0.2557249664233723
Ru3Pt,111,Pt3Ru9,hollow|A_A_A|HCP,-0.477115833164305,-0.0083172955193049
Ru3Pt,111,Pt3Ru9,hollow|A_A_B|FCC,,0.6544854835818796
Ru3Pt,111,Pt3Ru9,top-tilt|A,,0.3187220411790576
Ru3Pt,111,Pt3Ru9,top|B,,1.376012742076341
Ru3Re,111,Re3Ru9,bridge|A_B|A,,-0.3300272827210619
Ru3Re,111,Re3Ru9,hollow|A_A_A|FCC,0.31842897453663,0.3184092462805665
Ru3Re,111,Re3Ru9,hollow|A_A_A|HCP,-0.222671434461688,-0.0380370247213477
Ru3Re,111,Re3Ru9,hollow|A_A_B|FCC,-0.459626804560855,-0.2863955974199825
Ru3Re,111,Re3Ru9,hollow|A_A_B|HCP,-0.867009112760741,-0.328697190320895
Ru3Re,111,Re3Ru9,top|A,,0.3099635130791967
Ru3Re,111,Re3Ru9,top|B,,-0.036343932420209
Ru3Rh,111,Rh3Ru9,bridge|A_A|A,,-0.1530479795211476
Ru3Rh,111,Rh3Ru9,bridge|A_A|B,,0.0191600796796365
Ru3Rh,111,Rh3Ru9,bridge|A_B|A,,0.212673427777986
Ru3Rh,111,Rh3Ru9,hollow|A_A_A|FCC,-0.160193824962505,-0.2083917165210778
Ru3Rh,111,Rh3Ru9,hollow|A_A_A|HCP,-0.526362043161669,-0.0406314941202481
Ru3Rh,111,Rh3Ru9,hollow|A_A_B|FCC,0.340477270437816,
Ru3Rh,111,Rh3Ru9,hollow|A_A_B|HCP,0.103704080538421,
Ru3Rh,111,Rh3Ru9,top-tilt|A,,0.2537967677789083
Ru3Rh,111,Rh3Ru9,top|B,,1.0375386376771305
Ru3Sc,111,Ru9Sc3,hollow|A_A_B|FCC,-1.04649812186125,
Ru3Sc,111,Ru9Sc3,hollow|A_A_B|HCP,-1.00148858816118,
Ru3Ta,111,Ru9Ta3,hollow|A_A_B|FCC,-0.93387020406243,
Ru3Ta,111,Ru9Ta3,hollow|A_A_B|HCP,-1.17274846666277,
Ru3Ta,111,Ru9Ta3,top|A,0.700188091239227,
Ru3Ta,111,Ru9Ta3,top|B,-0.4858772184636,
Ru3Tc,111,Ru9Tc3,bridge|A_A|B,0.221980673439077,
Ru3Tc,111,Ru9Tc3,hollow|A_A_A|FCC,,0.1895762690809306
Ru3Tc,111,Ru9Tc3,hollow|A_A_A|HCP,,-0.0556536747200198
Ru3Tc,111,Ru9Tc3,hollow|A_A_B|FCC,,-0.2715701552216387
Ru3Tc,111,Ru9Tc3,hollow|A_A_B|HCP,-0.772596903461988,-0.3303608942215987
Ru3Tc,111,Ru9Tc3,top|A,,0.2617931049798017
Ru3Tc,111,Ru9Tc3,top|B,,0.1628699285801076
Ru3V,111,Ru9V3,hollow|A_A_A|FCC,-0.226447966361036,
Ru3V,111,Ru9V3,hollow|A_A_A|HCP,-0.674648983062241,
Ru3V,111,Ru9V3,hollow|A_A_B|FCC,-0.847153102062464,
Ru3V,111,Ru9V3,hollow|A_A_B|HCP,-1.171957295661,
Ru3W,111,Ru9W3,hollow|A_A_A|FCC,0.13610072963985,
Ru3W,111,Ru9W3,hollow|A_A_A|HCP,-0.453604381062348,
Ru3W,111,Ru9W3,hollow|A_A_B|FCC,-0.768950169862535,
Ru3W,111,Ru9W3,hollow|A_A_B|HCP,-1.09506704056201,
Ru3Zn,111,Ru9Zn3,bridge-tilt|A_B|A,,0.7858455819776964
Ru3Zn,111,Ru9Zn3,bridge|A_A|A,0.300164149437308,-0.1572204371215093
Ru3Zn,111,Ru9Zn3,bridge|A_A|B,,0.0547871281786456
Ru3Zn,111,Ru9Zn3,bridge|A_B|A,,0.3426760862756737
Ru3Zn,111,Ru9Zn3,hollow|A_A_A|FCC,-0.608897707967287,-0.1332714260234979
Ru3Zn,111,Ru9Zn3,hollow|A_A_A|HCP,-0.657459279766215,-0.0329961159251297
Ru3Zn,111,Ru9Zn3,hollow|A_A_B|FCC,0.435094925636633,
Ru3Zn,111,Ru9Zn3,hollow|A_A_B|HCP,0.30741367023785,
Ru3Zn,111,Ru9Zn3,top|A,,0.2245262983750535
Ru3Zn,111,Ru9Zn3,top|B,3.11355688253735,
Ru3Zr,111,Ru9Zr3,hollow|A_A_B|FCC,-1.06920942306186,
Ru3Zr,111,Ru9Zr3,hollow|A_A_B|HCP,-1.08989347626283,
RuO2-rutile,110,Ru8O16,peroxo,3.50397492999997,
RuTc,101,Ru6Tc6,bridge|B_B|A,,-0.3680067554188326
RuTc,101,Ru6Tc6,hollow|A_A_B|FCC,-0.265324734460762,-0.1049065516191376
RuTc,101,Ru6Tc6,hollow|A_A_B|HCP,-0.79775056246234,-0.3343594711178639
RuTc,101,Ru6Tc6,hollow|A_B_B|FCC,-0.653871458762467,-0.4951644637177423
RuTc,101,Ru6Tc6,hollow|A_B_B|HCP,-1.08053956305974,-0.6480301270195241
RuTc,101,Ru6Tc6,top|A,,0.280145142581091
RuTc,101,Ru6Tc6,top|B,,0.1150876908803866
RuZn,101,Ru6Zn6,4fold|A_A_B_B,0.519628858437329,0.0040746326820908
RuZn,101,Ru6Zn6,bridge|A_A|B,0.0069780873344029,
RuZn,101,Ru6Zn6,bridge|B_B|A,,0.2579138501795341
RuZn,101,Ru6Zn6,hollow|A_A_B|FCC,-0.13467988726569,
RuZn,101,Ru6Zn6,hollow|A_A_B|HCP,-0.128667940163894,-0.0254324396183847
RuZn,101,Ru6Zn6,top|A,,0.5074989758767288
RuZn,101,Ru6Zn6,top|B,,1.0205713874792082
Sc,111,Sc12,hollow|A_A_A|FCC,-3.69189090026174,-2.734053181419881
Sc,111,Sc12,hollow|A_A_A|HCP,-3.75178832626096,-2.6700921433194935
Sc,111,Sc12,top|A,-0.913253090861133,-1.578630611119593
Sc2O3-corundum,12,Sc12O18,peroxo,3.04469936000004,
Sc3Al,111,Al3Sc9,hollow|A_A_A|FCC,-3.75961323186147,
Sc3Al,111,Al3Sc9,hollow|A_A_A|HCP,-3.8233335852602894,
Sc3Al,111,Al3Sc9,hollow|A_A_B|FCC,-2.66361787486147,
Sc3Al,111,Al3Sc9,hollow|A_A_B|HCP,-2.64021935016189,
Sc3Ga,111,Ga3Sc9,hollow|A_A_A|FCC,-3.82652044636433,
Sc3Ga,111,Ga3Sc9,hollow|A_A_A|HCP,-3.86043875616105,
Sc3Hg,111,Hg3Sc9,hollow|A_A_A|FCC,-3.9839266012624495,
Sc3Hg,111,Hg3Sc9,hollow|A_A_A|HCP,-4.03984613116171,
Sc3Pb,111,Pb3Sc9,hollow|A_A_A|FCC,-3.99819978846443,
Sc3Pb,111,Pb3Sc9,hollow|A_A_A|HCP,-4.00402765046255,
Sc3Sn,111,Sc9Sn3,hollow|A_A_A|FCC,-3.91842118106086,
Sc3Sn,111,Sc9Sn3,hollow|A_A_A|HCP,-3.93245313926326,
Sc3Zn,111,Sc9Zn3,hollow|A_A_A|FCC,-3.86016909136396,
Sc3Zn,111,Sc9Zn3,hollow|A_A_A|HCP,-3.92801795586291,
Sn,111,Sn12,bridge|A_A|A,0.70243588753857,0.1849329185796477
Sn,111,Sn12,hollow|A_A_A|FCC,0.488000794837546,0.2811489704807854
Sn,111,Sn12,hollow|A_A_A|HCP,,0.2655656911782671
Sn,111,Sn12,top|A,1.72774504903629,
Sn3La,111,La3Sn9,bridge|A_B|A,-0.242448940360362,
Sn3La,111,La3Sn9,hollow|A_A_B|FCC,-0.223667235059281,
Sn3La,111,La3Sn9,hollow|A_A_B|HCP,-0.231643571860502,
Sn3La,111,La3Sn9,top|A,1.78556148453919,
Sn3Sc,111,Sc3Sn9,bridge|A_B|A,-0.373144128661977,
Sn3Sc,111,Sc3Sn9,hollow|A_A_A|FCC,1.32710871513683,
Sn3Sc,111,Sc3Sn9,hollow|A_A_A|HCP,0.896383801638706,
Sn3Sc,111,Sc3Sn9,hollow|A_A_B|FCC,-0.370686668560836,
Sn3Sc,111,Sc3Sn9,hollow|A_A_B|HCP,-0.27738903756125,
Sn3Zr,111,Sn9Zr3,hollow|A_A_A|FCC,1.16464546073604,
Sn3Zr,111,Sn9Zr3,hollow|A_A_A|HCP,0.770304888537623,
Sn3Zr,111,Sn9Zr3,top-tilt|B,-0.592123386461196,
Sn3Zr,111,Sn9Zr3,top|B,-1.03228711266291,
Ta,111,Ta12,hollow|A_A_A|FCC,-3.26045944326341,-2.1272281646225792
Ta,111,Ta12,hollow|A_A_A|HCP,-3.04030968766182,-2.088587591321925
Ta,111,Ta12,top|A,-0.969851272762924,-1.4112725730220743
Ta3Al,111,Al3Ta9,hollow|A_A_A|FCC,-2.66647874366407,
Ta3Al,111,Al3Ta9,hollow|A_A_A|HCP,-2.41210278166199,
Ta3Al,111,Al3Ta9,hollow|A_A_B|FCC,-1.90583171946145,
Ta3Pt,111,Pt3Ta9,hollow|A_A_A|FCC,-3.07249422405965,
Ta3Pt,111,Pt3Ta9,hollow|A_A_A|HCP,-2.78198970765897,
TaW15HO48,1,TaW15HO48,A,,
TaW15HO48,1,TaW15HO48,B,,
TaW15O47,1,TaW15O47,A,,
TaW15O47,1,TaW15O47,B,,
TaW15O48,1,TaW15O48,A,,
TaW15O48,1,TaW15O48,B,,
Tc,111,Tc12,hollow|A_A_A|FCC,-0.820132469962289,-0.5251329050180402
Tc,111,Tc12,hollow|A_A_A|HCP,-1.28720716636252,-0.8103178680204337
Tc,111,Tc12,top|A,-0.110626384561499,0.1033857072806085
Tc-hcp,1,Tc16,hcp,-0.906756610000002,
Tc-hcp,0001,Tc16,fcc,,-0.4438522292984999
Tc-hcp,0001,Tc16,hcp,,-0.7788404194070608
Tc-hcp,0001,Tc16,ontop,,0.180158953393402
Tc3Ag,111,Ag3Tc9,hollow|A_A_A|FCC,-0.887157373657999,-0.643046225918738
Tc3Ag,111,Ag3Tc9,hollow|A_A_A|HCP,-1.47472067646248,-1.1980153249197656
Tc3Ag,111,Ag3Tc9,top|B,,1.714647665784355
Tc3Au,111,Au3Tc9,hollow|A_A_A|FCC,-0.865067716560759,-0.7054583921191124
Tc3Au,111,Au3Tc9,hollow|A_A_A|HCP,-1.36272066136388,-1.1641650437187536
Tc3Au,111,Au3Tc9,top|A,0.145890025036181,
Tc3Au,111,Au3Tc9,top|B,,1.8474596275781323
Tc3Cu,111,Cu3Tc9,bridge|A_B|A,0.285787559037829,
Tc3Cu,111,Cu3Tc9,hollow|A_A_A|FCC,-1.05725478186304,-0.8760694151234247
Tc3Cu,111,Cu3Tc9,hollow|A_A_A|HCP,-1.37117006816351,-1.0040001988191989
Tc3Cu,111,Cu3Tc9,top|B,,1.2814235227750714
Tc3Pd,111,Pd3Tc9,hollow|A_A_A|FCC,-0.927201782364307,-0.8321649357195611
Tc3Pd,111,Pd3Tc9,hollow|A_A_A|HCP,-1.51165550416425,-1.2677274890221495
Tc3Pd,111,Pd3Tc9,top|A,0.0010453252360207,
Tc3Pd,111,Pd3Tc9,top|B,2.82401673763872,1.40828530728038
Tc3Pt,111,Pt3Tc9,hollow|A_A_A|FCC,-0.860679064564636,-0.849252324219492
Tc3Pt,111,Pt3Tc9,hollow|A_A_A|HCP,-1.36325686166327,-1.1732043933217255
Tc3Pt,111,Pt3Tc9,top|A,0.0397747437380644,
Tc3Pt,111,Pt3Tc9,top|B,2.4674647503378,1.4222014810774226
Tc3Re,111,Re3Tc9,hollow|A_A_A|HCP,-1.20994193846144,-0.7258205346180375
Tc3Re,111,Re3Tc9,hollow|A_A_B|FCC,,-0.4659639277189171
Tc3Re,111,Re3Tc9,hollow|A_A_B|HCP,-1.34171932346015,-0.757077707020585
Tc3Re,111,Re3Tc9,top|A,-0.021520395061259,
Tc3Re,111,Re3Tc9,top|B,-0.478021700062698,-0.0218465235185476
Tc3Rh,111,Rh3Tc9,bridge|A_A|A,,-0.6643106979200866
Tc3Rh,111,Rh3Tc9,hollow|A_A_A|FCC,-1.03605738596178,-0.8617560911217197
Tc3Rh,111,Rh3Tc9,hollow|A_A_A|HCP,-1.40682038236281,-1.1251100410182744
Tc3Rh,111,Rh3Tc9,hollow|A_A_B|HCP,-0.800553471061164,
Tc3Rh,111,Rh3Tc9,top-tilt|A,,-0.1862040983206725
Tc3Rh,111,Rh3Tc9,top|A,-0.131607041661653,
Tc3Rh,111,Rh3Tc9,top|B,1.87704221143923,1.0167454668816165
Tc3Ru,111,Ru3Tc9,hollow|A_A_A|FCC,-0.912623827560481,-0.6718289312185561
Tc3Ru,111,Ru3Tc9,hollow|A_A_A|HCP,-1.30123327416021,-0.9100364332181244
Tc3Ru,111,Ru3Tc9,hollow|A_A_B|FCC,-0.573341681163754,-0.345293277218957
Tc3Ru,111,Ru3Tc9,hollow|A_A_B|HCP,-1.08847671556231,-0.5899169514187861
Tc3Ru,111,Ru3Tc9,top|A,-0.128020581360204,-0.1070793806203482
Tc3Ru,111,Ru3Tc9,top|B,0.760858728739379,0.6103397752784758
Ti3Al,111,Al3Ti9,hollow|A_A_A|FCC,-3.42841014526329,
Ti3Al,111,Al3Ti9,hollow|A_A_A|HCP,-3.22495688676298,
Ti3Al,111,Al3Ti9,hollow|A_A_B|FCC,-2.53114020496304,
Ti3Au,111,Au3Ti9,hollow|A_A_A|FCC,-3.6818035042599,
Ti3Au,111,Au3Ti9,hollow|A_A_A|HCP,-3.40681029295973,
Ti3Ga,111,Ga3Ti9,hollow|A_A_A|FCC,-3.46111741226213,
Ti3Ga,111,Ga3Ti9,hollow|A_A_A|HCP,-3.23522333366435,
Ti3Pb,111,Pb3Ti9,hollow|A_A_A|FCC,-3.47457384986063,
Ti3Pb,111,Pb3Ti9,hollow|A_A_A|HCP,-3.20572551336244,
Ti3Pd,111,Pd3Ti9,hollow|A_A_A|FCC,-3.61676258236201,
Ti3Pd,111,Pd3Ti9,hollow|A_A_A|HCP,-3.39748971366151,
Ti3Pt,111,Pt3Ti9,hollow|A_A_A|FCC,-3.59121340596192,
Ti3Pt,111,Pt3Ti9,hollow|A_A_A|HCP,-3.34342463966112,
Ti3Sn,111,Sn3Ti9,hollow|A_A_A|FCC,-3.41270836036,
Ti3Sn,111,Sn3Ti9,hollow|A_A_A|HCP,-3.13690288936067,
Ti3Zn,111,Ti9Zn3,bridge|A_A|B,-2.50318717475983,
Ti3Zn,111,Ti9Zn3,hollow|A_A_A|FCC,-3.58897254846323,
Ti3Zn,111,Ti9Zn3,hollow|A_A_A|HCP,-3.33329656256336,
TiH2,111,Ti36H81,hcp,-0.891484829999968,
TiH2,111,Ti36H81,ontop,,-0.4483093349999762
TiO2-cus-Ti-site-axial-polaron,110,Ti32NO63,peroxo,3.09965086,
TiO2-cus-Ti-site-bridge-polaron,110,Ti32NO63,peroxo,3.44662745999995,
TiO2-cus-Ti-site-dark,110,Ti32O64,peroxo,3.54548308999995,
TiO2-cus-Ti-site-equatorial-polaron,110,Ti32NO63,peroxo,3.51503122999998,
TiO2-cus-Ti-site-sub-surface-polaron,110,Ti32NO63,peroxo,3.32384560999992,
TiO2-rutile,110,Ti8O16,peroxo,3.51361098000001,
TiW15HO48,1,TiW15HO48,A,,
TiW15HO48,1,TiW15HO48,B,,
TiW15O47,1,TiW15O47,A,,
TiW15O47,1,TiW15O47,B,,
TiW15O48,1,TiW15O48,A,,
TiW15O48,1,TiW15O48,B,,
Tl,111,Tl12,hollow|A_A_A|FCC,1.32826982483658,
Tl,111,Tl12,hollow|A_A_A|HCP,1.39945426083779,
Tl,111,Tl12,top|A,2.3231338015392,0.8927293127788971
Tl3La,111,La3Tl9,hollow|A_A_A|FCC,1.28860977713686,
Tl3La,111,La3Tl9,hollow|A_A_A|HCP,1.56238568713871,
Tl3La,111,La3Tl9,hollow|A_A_B|FCC,-0.815932528861765,
Tl3La,111,La3Tl9,hollow|A_A_B|HCP,-0.868684925761215,
Tl3Sc,111,Sc3Tl9,hollow-tilt|A_A_B|FCC,-0.938529065060891,
Tl3Sc,111,Sc3Tl9,hollow-tilt|A_A_B|HCP,-0.957672953962344,
Tl3Y,111,Tl9Y3,hollow|A_A_B|FCC,-0.728134318560649,
Tl3Y,111,Tl9Y3,hollow|A_A_B|HCP,-0.774017609859754,
V,111,V12,hollow|A_A_A|FCC,-3.23098584096095,-2.3787608091216725
V,111,V12,hollow|A_A_A|HCP,-3.16748957326143,-2.3632254219220385
V,111,V12,top|A,-0.989690548464012,-1.2904842333219904
V-bcc,100,V16,bridge,,-1.5440429013870016
V-bcc,100,V16,hollow,,-1.463861021347839
V-bcc,100,V16,ontop,,-1.290932948999398
V-bcc,110,V16,hollow,-2.29400317,
V2O5-C12c,100-hc,V8O19,peroxo,2.98641137999999,
V3Al,111,Al3V9,hollow|A_A_A|FCC,-2.61003580286359,
V3Al,111,Al3V9,hollow|A_A_A|HCP,-2.47028629876166,
V3Al,111,Al3V9,hollow|A_A_B|FCC,-2.114517046961,
V3Ga,111,Ga3V9,hollow|A_A_A|FCC,-2.64361941256738,
V3Ga,111,Ga3V9,hollow|A_A_A|HCP,-2.47869584086237,
V3Ir,111,Ir3V9,hollow|A_A_A|FCC,-2.83276887106348,
V3Ir,111,Ir3V9,hollow|A_A_A|HCP,-2.69815728436168,
VW15HO48,1,VW15HO48,A,,
VW15HO48,1,VW15HO48,B,,
VW15O47,1,VW15O47,A,,
VW15O47,1,VW15O47,B,,
VW15O48,1,VW15O48,A,,
VW15O48,1,VW15O48,B,,
W,111,W12,bridge|A_A|A,-1.89123213176225,-1.268856489320683
W,111,W12,hollow|A_A_A|FCC,-2.1336002543614,-1.2727696223183784
W,111,W12,hollow|A_A_A|HCP,-2.19810647246067,-1.421855624418754
W,111,W12,top|A,-1.17962777656084,-1.066736860720198
W-bcc,110,W16,hollow,-1.42848768999997,-1.0102510619108216
W-bcc,110,W16,longbridge,,-0.6412555808710749
W-bcc,110,W16,ontop,,-0.5599532721025753
W-bcc,110,W16,shortbridge,,-0.7933223178988555
W15ZrHO48,1,W15ZrHO48,A,,
W15ZrHO48,1,W15ZrHO48,B,,
W15ZrO47,1,W15ZrO47,A,,
W15ZrO47,1,W15ZrO47,B,,
W15ZrO48,1,W15ZrO48,A,,
W15ZrO48,1,W15ZrO48,B,,
W16HO48,1,W16HO48,A,,
W16O47,1,W16O47,A,,
W16O47,1,W16O47,B,,
WO3,1,W16O48,A,,
WO3,1,W16O48,B,,
WO3,1,W16O48,peroxo,4.03221006000013,
Y,111,Y12,hollow|A_A_A|FCC,-3.6276580204614097,-2.672594502220022
Y,111,Y12,hollow|A_A_A|HCP,-3.64876929236215,-2.5678463209197844
Y,111,Y12,top|A,-0.642159951161546,-1.5586088830197014
Y2O3-corundum,12,Y12O18,peroxo,2.83349518,
Y3Cd,111,Cd3Y9,hollow|A_A_A|FCC,-3.81809825106228,
Y3Cd,111,Cd3Y9,hollow|A_A_A|HCP,-3.84010232846248,
Y3Cd,111,Cd3Y9,top|B,1.84835406573785,
Y3Ga,111,Ga3Y9,hollow|A_A_A|FCC,-3.73497835786128,
Y3Ga,111,Ga3Y9,hollow|A_A_A|HCP,-3.6643770618613294,
Y3In,111,In3Y9,hollow|A_A_A|FCC,-3.8108781184639,
Y3In,111,In3Y9,hollow|A_A_A|HCP,-3.80586931906163,
Y3In,111,In3Y9,top|B,1.57276029933911,
Y3Pb,111,Pb3Y9,hollow|A_A_A|FCC,-3.89962369315998,
Y3Pb,111,Pb3Y9,hollow|A_A_A|HCP,-3.85394884115902,
Y3Pb,111,Pb3Y9,top|B,2.11154120993871,
Y3Sn,111,Sn3Y9,hollow|A_A_A|FCC,-3.82383427466283,
Y3Sn,111,Sn3Y9,hollow|A_A_A|HCP,-3.76426882746472,
Y3Sn,111,Sn3Y9,top|B,1.54499053783712,
Y3Tl,111,Tl3Y9,hollow|A_A_A|FCC,-3.86497693466316,
Y3Tl,111,Tl3Y9,hollow|A_A_A|HCP,-3.8477530811616703,
Zn,111,Zn12,hollow|A_A_A|FCC,0.307014479334441,0.0588701962814184
Zn,111,Zn12,hollow|A_A_A|HCP,0.0787245744321012,-0.0068714186228362
Zn-HESO103-MnNiFeCrZn,100,Co9CrFeMnNiZnO20,Co,3.30253825,1.290248780000013
Zn-HESO105-MnNiFeCrZn,100,Co9CrFeMnNiZnO20,Co,3.22582168999998,1.8275013599999852
Zn-HESO109-MnNiFeCrZn,100,Co9CrFeMnNiZnO20,Co,2.54297993,0.5193834300000049
Zn-HESO11-MnNiFeCrZn,100,Co9CrFeMnNiZnO20,Co,3.66622852,1.331014449999998
Zn-HESO111-MnNiFeCrZn,100,Co9CrFeMnNiZnO20,Co,3.23599386999999,1.2532318599999996
Zn-HESO19-MnNiFeCrZn,100,Co9CrFeMnNiZnO20,Co,3.28663562,1.2535872299999935
Zn-HESO2-MnNiFeCrZn,100,Co9CrFeMnNiZnO20,Co,3.3287306,1.2534312999999884
Zn-HESO21-MnNiFeCrZn,100,Co9CrFeMnNiZnO20,Co,3.18622916999999,1.1644308799999976
Zn-HESO26-MnNiFeCrZn,100,Co9CrFeMnNiZnO20,Co,3.27868226000001,0.870708129999997
Zn-HESO29-MnNiFeCrZn,100,Co9CrFeMnNiZnO20,Co,3.62840867999998,1.2352003399999774
Zn-HESO32-MnNiFeCrZn,100,Co9CrFeMnNiZnO20,Co,3.30366097999999,1.73557224999999
Zn-HESO35-MnNiFeCrZn,100,Co9CrFeMnNiZnO20,Co,3.37016805999997,0.9622240599999828
Zn-HESO43-MnNiFeCrZn,100,Co9CrFeMnNiZnO20,Co,3.26663697999999,1.1982448499999805
Zn-HESO45-MnNiFeCrZn,100,Co9CrFeMnNiZnO20,Co,2.97845907999999,0.8759619300000168
Zn-HESO5-MnNiFeCrZn,100,Co9CrFeMnNiZnO20,Co,3.26958103999999,1.202675539999973
Zn-HESO50-MnNiFeCrZn,100,Co9CrFeMnNiZnO20,Co,3.33842608999998,1.254870909999994
Zn-HESO53-MnNiFeCrZn,100,Co9CrFeMnNiZnO20,Co,3.38534142999998,1.2967675399999905
Zn-HESO56-MnNiFeCrZn,100,Co9CrFeMnNiZnO20,Co,2.94383307999999,0.914962900000006
Zn-HESO59-MnNiFeCrZn,100,Co9CrFeMnNiZnO20,Co,3.28283441999997,1.2569621199999972
Zn-HESO67-MnNiFeCrZn,100,Co9CrFeMnNiZnO20,Co,3.23529098999998,1.1367275399999812
Zn-HESO69-MnNiFeCrZn,100,Co9CrFeMnNiZnO20,Co,3.44592410999999,1.2123385699999858
Zn-HESO97-MnNiFeCrZn,100,Co9CrFeMnNiZnO20,Co,2.63440423999998,0.6052728999999886
Zn-HESO99-MnNiFeCrZn,100,Co9CrFeMnNiZnO20,Co,3.28439254999998,1.20043825999997
Zn3Ag,111,Ag3Zn9,bridge|A_A|A,,0.1097278645728465
Zn3Ag,111,Ag3Zn9,bridge|A_A|B,,0.022996748678338
Zn3Ag,111,Ag3Zn9,hollow|A_A_A|FCC,,0.1259571420786187
Zn3Ag,111,Ag3Zn9,hollow|A_A_A|HCP,0.139685285237476,-0.0583897793286496
Zn3Ag,111,Ag3Zn9,top|B,,1.592214806075276
Zn3Au,111,Au3Zn9,bridge|A_A|A,,0.088010186981478
Zn3Au,111,Au3Zn9,bridge|A_A|B,,-0.0313022073197544
Zn3Au,111,Au3Zn9,hollow|A_A_A|FCC,,0.0468656221827359
Zn3Au,111,Au3Zn9,hollow|A_A_A|HCP,0.122355851435543,-0.1461044507187807
Zn3Au,111,Au3Zn9,top|B,,1.9202140242822452
Zn3Cu,111,Cu3Zn9,hollow|A_A_A|FCC,0.515141157029404,0.213315344383659
Zn3Cu,111,Cu3Zn9,hollow|A_A_A|HCP,0.448368502740607,0.1263955174771354
Zn3Cu,111,Cu3Zn9,hollow|A_A_B|FCC,,0.2542562319839589
Zn3Cu,111,Cu3Zn9,hollow|A_A_B|HCP,0.661118530540819,0.2013918601704745
Zn3Cu,111,Cu3Zn9,top|B,,1.1398654139746895
Zn3Hf,111,Hf3Zn9,hollow|A_A_A|FCC,0.457747042240783,
Zn3Hf,111,Hf3Zn9,hollow|A_A_B|FCC,-1.7331212021565,
Zn3Hf,111,Hf3Zn9,hollow|A_A_B|HCP,-1.89092818055741,
Zn3Hf,111,Hf3Zn9,top|B,-1.17109687155988,
Zn3Ir,111,Ir3Zn9,hollow|A_A_A|FCC,0.833422101637382,
Zn3Ir,111,Ir3Zn9,hollow|A_A_A|HCP,0.704296738138339,
Zn3Ir,111,Ir3Zn9,hollow|A_A_B|FCC,0.964359199035073,
Zn3Ir,111,Ir3Zn9,hollow|A_A_B|HCP,0.926166389140974,
Zn3Ir,111,Ir3Zn9,top|B,2.06763536994168,
Zn3Nb,111,Nb3Zn9,hollow|A_A_A|FCC,0.575686894338844,
Zn3Nb,111,Nb3Zn9,hollow|A_A_A|HCP,1.01850182563413,
Zn3Nb,111,Nb3Zn9,hollow|A_A_B|FCC,-1.42668809406695,
Zn3Nb,111,Nb3Zn9,hollow|A_A_B|HCP,-1.58083527746584,
Zn3Nb,111,Nb3Zn9,top|B,-1.39378204786425,
Zn3Pd,111,Pd3Zn9,bridge|A_A|A,,0.1273484601814516
Zn3Pd,111,Pd3Zn9,bridge|A_A|B,,-0.000860423922063
Zn3Pd,111,Pd3Zn9,hollow|A_A_A|FCC,0.45372819293317,0.1077391205807316
Zn3Pd,111,Pd3Zn9,hollow|A_A_A|HCP,0.348238773538299,-0.0825925365235207
Zn3Pd,111,Pd3Zn9,top|B,,1.6157044889813506
Zn3Pt,111,Pt3Zn9,bridge|A_A|A,,0.160215866174326
Zn3Pt,111,Pt3Zn9,bridge|A_A|B,,-0.0371272121220727
Zn3Pt,111,Pt3Zn9,hollow|A_A_A|FCC,0.493215992635498,0.1288203238844971
Zn3Pt,111,Pt3Zn9,hollow|A_A_A|HCP,0.366985648240927,-0.151494753717202
Zn3Pt,111,Pt3Zn9,top|B,,1.774845777578662
Zn3Re,111,Re3Zn9,bridge|A_B|A,,-0.1198934934246835
Zn3Re,111,Re3Zn9,hollow|A_A_A|FCC,1.54981824543557,0.8005005448766269
Zn3Re,111,Re3Zn9,hollow|A_A_A|HCP,,0.367125514673603
Zn3Re,111,Re3Zn9,hollow|A_A_B|FCC,-0.0091088747687422,-0.0521804137271146
Zn3Re,111,Re3Zn9,hollow|A_A_B|HCP,-0.114046719467467,0.0095789512751025
Zn3Re,111,Re3Zn9,top|B,-0.299831218264615,-0.1518954414233349
Zn3Rh,111,Rh3Zn9,bridge|A_A|A,,0.2266470175790118
Zn3Rh,111,Rh3Zn9,bridge|A_A|B,,-0.0002508890203216
Zn3Rh,111,Rh3Zn9,hollow|A_A_A|FCC,0.672603639231795,0.2361144022769394
Zn3Rh,111,Rh3Zn9,hollow|A_A_A|HCP,0.568278867136371,-0.0959119647260422
Zn3Rh,111,Rh3Zn9,hollow|A_A_B|HCP,,0.3392647311746941
Zn3Rh,111,Rh3Zn9,top|B,,1.4353013133776358
Zn3Ru,111,Ru3Zn9,hollow|A_A_A|FCC,0.993511434938966,0.4215108668767016
Zn3Ru,111,Ru3Zn9,hollow|A_A_A|HCP,,0.0684487395818678
Zn3Ru,111,Ru3Zn9,hollow|A_A_B|FCC,0.78276253223504,0.1420507708797913
Zn3Ru,111,Ru3Zn9,hollow|A_A_B|HCP,0.576252210837822,0.2101895726781322
Zn3Ru,111,Ru3Zn9,top|B,1.58494623733333,1.00689453777602
Zn3Sc,111,Sc3Zn9,hollow|A_A_B|FCC,-1.17572416756246,
Zn3Sc,111,Sc3Zn9,hollow|A_A_B|HCP,-1.3717076290597,
Zn3Ta,111,Ta3Zn9,hollow|A_A_B|FCC,-1.72883949095939,
Zn3Ta,111,Ta3Zn9,hollow|A_A_B|HCP,-1.86953758395629,
Zn3Ti,111,Ti3Zn9,hollow|A_A_A|FCC,0.436948837337525,
Zn3Ti,111,Ti3Zn9,hollow|A_A_B|FCC,-1.53604887705677,
Zn3Ti,111,Ti3Zn9,hollow|A_A_B|HCP,-1.64525809265996,
Zn3Ti,111,Ti3Zn9,top|B,-1.21193394776145,
Zn3Zr,111,Zn9Zr3,hollow|A_A_A|FCC,0.284960741137013,
Zn3Zr,111,Zn9Zr3,hollow|A_A_B|FCC,-1.48188162425885,
Zn3Zr,111,Zn9Zr3,hollow|A_A_B|HCP,-1.66308318176397,
Zr,111,Zr12,hollow|A_A_A|FCC,-3.42584778526197,-2.4462944297202966
Zr,111,Zr12,hollow|A_A_A|HCP,-3.13568273086111,-2.324851248017808
Zr,111,Zr12,top|A,-0.754873584859695,-1.348045017818663
Zr-hcp,1,Zr16,hcp,-2.96159128000002,
Zr-hcp,0001,Zr16,fcc,,-2.3850348018313525
Zr-hcp,0001,Zr16,hcp,,-2.2756631342635956
Zr-hcp,0001,Zr16,ontop,,-1.2934778936760267
Zr-hcp,0001-1%,Zr16,fcc,,-2.3402300337802444
Zr-hcp,0001-1%,Zr16,hcp,,-2.2849873870545707
Zr-hcp,0001-1%,Zr16,ontop,,-1.3082402054787965
Zr-hcp,0001-3%,Zr16,fcc,,-2.2466098118238733
Zr-hcp,0001-3%,Zr16,hcp,,-2.316741031172569
Zr-hcp,0001-3%,Zr16,ontop,,-1.3573356645320018
Zr-hcp,0001+1%,Zr16,fcc,,-2.4264532492125
Zr-hcp,0001+1%,Zr16,hcp,,-2.268127213610569
Zr-hcp,0001+1%,Zr16,ontop,,-1.288779031907325
Zr3Cd,111,Cd3Zr9,bridge|A_A|A,-2.54183563936402,
Zr3Cd,111,Cd3Zr9,hollow|A_A_A|FCC,-3.60258953306419,
Zr3Cd,111,Cd3Zr9,hollow|A_A_A|HCP,-3.24387029516237,
Zr3Cd,111,Cd3Zr9,top|B,2.21489780113535,
Zr3Ga,111,Ga3Zr9,hollow|A_A_A|FCC,-3.39770169036291,
Zr3Ga,111,Ga3Zr9,hollow|A_A_A|HCP,-3.02955479636165,
Zr3Ga,111,Ga3Zr9,top|B,1.03785687473629,
Zr3Pb,111,Pb3Zr9,hollow|A_A_A|FCC,-3.45085436686367,
Zr3Pb,111,Pb3Zr9,hollow|A_A_A|HCP,-3.04534896386411,
Zr3Sn,111,Sn3Zr9,hollow|A_A_A|FCC,-3.38124152435938,
Zr3Sn,111,Sn3Zr9,hollow|A_A_A|HCP,-2.98342456186236,
Zr3Zn,111,Zn3Zr9,hollow|A_A_A|FCC,-3.44813241206083,
Zr3Zn,111,Zn3Zr9,hollow|A_A_A|HCP,-3.07979095666104,
ZrO2-rutile,110,Zr8O16,peroxo,3.21615719999997,
local-impurity-Zn-HESO8-MnNiFeCrZn,100,Co9CrFeMnNiZnO20,Co,3.27100544999999,1.3287423499999989
subbridge--subsurface-Cr-doped-IrO2-rutile,110,CrIr15O33,CUS-Ir-site,1.44264053000006,-0.2584187599999836
subcus--subsurface-Cr-doped-IrO2-rutile,110,CrIr15O33,CUS-Ir-site,1.58644706000001,-0.1257429300000012
surface-Cr-doped-IrO2-rutile,100,CrIr19O43,Cr-site,2.77390305,0.9018750700000168
surface-Cr-doped-IrO2-rutile,100,CrIr19O43,Ir-site--Cr-adjacent,1.53566842999999,-0.0723692299999925
surface-Cr-doped-IrO2-rutile,100,CrIr19O43,Ir-site--Cr-nonadjacent,1.62361550000003,-0.0929750599999579
surface-Cr-doped-IrO2-rutile,110,CrIr15O33,CUS-Cr-site,2.87978456000002,0.8053496300000234
surface-Cr-doped-IrO2-rutile,110,CrIr15O33,CUS-Ir-site,1.48224625,-0.140408930000035
