"Equation","sites","id","dftFunctional","reactants","products","facet","chemicalComposition","facet","reactionEnergy","activationEnergy","surfaceComposition","chemicalComposition"
"OH* -> OH*","{""OH"": [""onsurface"", ""faraway""]}","UmVhY3Rpb246NDMxNjM2","PBE","{""OHstar"": 1}","{""OHstar"": 1}","111","Pt27H19O5","111",0.14138492000000724,,"Pt","Pt27H19O5"
"H2O(g) - 0.5H2(g) + * -> OH*","{""OHstar"": ""Ir-site""}","UmVhY3Rpb246NDMxNjM3","PBE","{""star"": 1, ""H2gas"": -0.5, ""H2Ogas"": 1.0}","{""OHstar"": 1}","100","Ir20O43","100",-0.060922169999969356,,"IrO2-rutile","Ir20O43"
"H2O(g) - 0.5H2(g) + * -> OH*","{""OHstar"": ""CUS-Ir-site""}","UmVhY3Rpb246NDMxNjQw","PBE","{""star"": 1, ""H2gas"": -0.5, ""H2Ogas"": 1.0}","{""OHstar"": 1}","110","Ir16O33","110",-0.10765132000000222,,"IrO2-rutile","Ir16O33"
"H2O(g) - 0.5H2(g) + * -> OH*","{""OHstar"": ""CUS-Ir-site""}","UmVhY3Rpb246NDMxNjQz","PBE+U","{""star"": 1, ""H2gas"": -0.5, ""H2Ogas"": 1.0}","{""OHstar"": 1}","110","CrIr15O33","110",-0.25841875999998365,,"subbridge--subsurface-Cr-doped-IrO2-rutile","CrIr15O33"
"H2O(g) - 0.5H2(g) + * -> OH*","{""OHstar"": ""CUS-Ir-site""}","UmVhY3Rpb246NDMxNjQ2","PBE+U","{""star"": 1, ""H2gas"": -0.5, ""H2Ogas"": 1.0}","{""OHstar"": 1}","110","CrIr15O33","110",-0.12574293000000125,,"subcus--subsurface-Cr-doped-IrO2-rutile","CrIr15O33"
"H2O(g) - 0.5H2(g) + * -> OH*","{""OHstar"": ""Cr-site""}","UmVhY3Rpb246NDMxNjQ5","PBE+U","{""star"": 1, ""H2gas"": -0.5, ""H2Ogas"": 1.0}","{""OHstar"": 1}","100","CrIr19O43","100",0.9018750700000169,,"surface-Cr-doped-IrO2-rutile","CrIr19O43"
"H2O(g) - 0.5H2(g) + * -> OH*","{""OHstar"": ""Ir-site--Cr-adjacent""}","UmVhY3Rpb246NDMxNjUy","PBE+U","{""star"": 1, ""H2gas"": -0.5, ""H2Ogas"": 1.0}","{""OHstar"": 1}","100","CrIr19O43","100",-0.07236922999999251,,"surface-Cr-doped-IrO2-rutile","CrIr19O43"
"H2O(g) - 0.5H2(g) + * -> OH*","{""OHstar"": ""Ir-site--Cr-nonadjacent""}","UmVhY3Rpb246NDMxNjU1","PBE+U","{""star"": 1, ""H2gas"": -0.5, ""H2Ogas"": 1.0}","{""OHstar"": 1}","100","CrIr19O43","100",-0.09297505999995792,,"surface-Cr-doped-IrO2-rutile","CrIr19O43"
"H2O(g) - 0.5H2(g) + * -> OH*","{""OHstar"": ""CUS-Cr-site""}","UmVhY3Rpb246NDMxNjU4","PBE+U","{""star"": 1, ""H2gas"": -0.5, ""H2Ogas"": 1.0}","{""OHstar"": 1}","110","CrIr15O33","110",0.8053496300000234,,"surface-Cr-doped-IrO2-rutile","CrIr15O33"
"H2O(g) - 0.5H2(g) + * -> OH*","{""OHstar"": ""CUS-Ir-site""}","UmVhY3Rpb246NDMxNjYx","PBE+U","{""star"": 1, ""H2gas"": -0.5, ""H2Ogas"": 1.0}","{""OHstar"": 1}","110","CrIr15O33","110",-0.14040893000003507,,"surface-Cr-doped-IrO2-rutile","CrIr15O33"
"H2O(g) - 0.5H2(g) + * -> OH*","{""OHstar"": ""O1C""}","UmVhY3Rpb246NDMxOTc3","PBE","{""star"": 1, ""H2gas"": -0.5, ""H2Ogas"": 1.0}","{""OHstar"": 1}","100","Ir10O23","100",-0.09149352000000022,,"IrO2-columbite-exp-strain","Ir10O23"
"H2O(g) - 0.5H2(g) + * -> OH*","{""OHstar"": ""O2C""}","UmVhY3Rpb246NDMxOTgw","PBE","{""star"": 1, ""H2gas"": -0.5, ""H2Ogas"": 1.0}","{""OHstar"": 1}","100","Ir10O23","100",-0.4289847100000088,,"IrO2-columbite","Ir10O23"
"H2O(g) - 0.5H2(g) + * -> OH*","{""OHstar"": ""O1C""}","UmVhY3Rpb246NDMxOTgz","PBE","{""star"": 1, ""H2gas"": -0.5, ""H2Ogas"": 1.0}","{""OHstar"": 1}","100","Ir10O23","100",-0.05828766000001906,,"IrO2-columbite","Ir10O23"
"H2O(g) - 0.5H2(g) + * -> OH*","{""OHstar"": ""O1C-bridge-like""}","UmVhY3Rpb246NDMxOTg2","PBE","{""star"": 1, ""H2gas"": -0.5, ""H2Ogas"": 1.0}","{""OHstar"": 1}","101","Ir18O38","101",0.851554120000003,,"IrO2-columbite","Ir18O38"
"H2O(g) - 0.5H2(g) + * -> OH*","{""OHstar"": ""O1C-CUS""}","UmVhY3Rpb246NDMxOTg5","PBE","{""star"": 1, ""H2gas"": -0.5, ""H2Ogas"": 1.0}","{""OHstar"": 1}","101","Ir18O38","101",-0.02743334000001596,,"IrO2-columbite","Ir18O38"
"H2O(g) - 0.5H2(g) + * -> OH*","{""OHstar"": ""O1C-CUS-Kitchen""}","UmVhY3Rpb246NDMxOTky","PBE","{""star"": 1, ""H2gas"": -0.5, ""H2Ogas"": 1.0}","{""OHstar"": 1}","101","Ir16O32","101",-0.22472189999996317,,"IrO2-columbite","Ir16O32"
"H2O(g) - 0.5H2(g) + * -> OH*","{""OHstar"": ""O1C""}","UmVhY3Rpb246NDMxOTk0","PBE","{""star"": 1, ""H2gas"": -0.5, ""H2Ogas"": 1.0}","{""OHstar"": 1}","100","Ir20O43","100",-0.060922169999969356,,"IrO2-rutile","Ir20O43"
"H2O(g) - 0.5H2(g) + * -> OH*","{""OHstar"": ""O1C""}","UmVhY3Rpb246NDMxOTk3","PBE","{""star"": 1, ""H2gas"": -0.5, ""H2Ogas"": 1.0}","{""OHstar"": 1}","110","Ir16O33","110",-0.10765132000000222,,"IrO2-rutile","Ir16O33"
"H2O(g) - 0.5H2(g) + * -> OH*","{}","UmVhY3Rpb246NDMyMDAw","PBE","{""star"": 1, ""H2gas"": -0.5, ""H2Ogas"": 1.0}","{""OHstar"": 1}","100","Ir20O43","100",-0.060922169999969356,,"IrO2-rutile-O-cov","Ir20O43"
"H2O(g) - 0.5H2(g) + * -> OH*","{}","UmVhY3Rpb246NDMyMDAz","PBE","{""star"": 1, ""H2gas"": -0.5, ""H2Ogas"": 1.0}","{""OHstar"": 1}","110","Ir16O33","110",-0.10765132000000222,,"IrO2-rutile-O-cov","Ir16O33"
"H2O(g) - 0.5H2(g) + * -> OH*","{}","UmVhY3Rpb246NDMyMDA2","PBE","{""star"": 1, ""H2gas"": -0.5, ""H2Ogas"": 1.0}","{""OHstar"": 1}","100","Ir20H3O43","100",0.12999809000001505,,"IrO2-rutile-OH-cov","Ir20H3O43"
"H2O(g) - 0.5H2(g) + * -> OH*","{}","UmVhY3Rpb246NDMyMDA5","PBE","{""star"": 1, ""H2gas"": -0.5, ""H2Ogas"": 1.0}","{""OHstar"": 1}","110","Ir16HO33","110",0.8074555800000098,,"IrO2-rutile-OH-cov","Ir16HO33"
"H2O(g) - 0.5H2(g) + * -> OH*","{}","UmVhY3Rpb246NDMyMDEy","PBE","{""star"": 1, ""H2gas"": -0.5, ""H2Ogas"": 1.0}","{""OHstar"": 1}","100","Ir12O39","100",1.249410340000054,,"IrO3-alpha-O-cov","Ir12O39"
"H2O(g) - 0.5H2(g) + * -> OH*","{}","UmVhY3Rpb246NDMyMDE1","PBE","{""star"": 1, ""H2gas"": -0.5, ""H2Ogas"": 1.0}","{""OHstar"": 1}","110","Ir16O47","110",0.6004078699999695,,"IrO3-alpha-O-cov","Ir16O47"
"H2O(g) - 0.5H2(g) + * -> OH*","{}","UmVhY3Rpb246NDMyMDE4","PBE","{""star"": 1, ""H2gas"": -0.5, ""H2Ogas"": 1.0}","{""OHstar"": 1}","111","Ir12O41","111",0.8154404700000555,,"IrO3-alpha-O-cov","Ir12O41"
"H2O(g) - 0.5H2(g) + * -> OH*","{}","UmVhY3Rpb246NDMyMDIx","PBE","{""star"": 1, ""H2gas"": -0.5, ""H2Ogas"": 1.0}","{""OHstar"": 1}","211","Ir16O47","211",1.0521121500000277,,"IrO3-alpha-O-cov","Ir16O47"
"H2O(g) - 0.5H2(g) + * -> OH*","{}","UmVhY3Rpb246NDMyMDI0","PBE","{""star"": 1, ""H2gas"": -0.5, ""H2Ogas"": 1.0}","{""OHstar"": 1}","100","Ir12HO39","100",1.2749149000000557,,"IrO3-alpha-OH-cov","Ir12HO39"
"H2O(g) - 0.5H2(g) + * -> OH*","{}","UmVhY3Rpb246NDMyMDI3","PBE","{""star"": 1, ""H2gas"": -0.5, ""H2Ogas"": 1.0}","{""OHstar"": 1}","110","Ir16H3O47","110",0.5339097300000049,,"IrO3-alpha-OH-cov","Ir16H3O47"
"H2O(g) - 0.5H2(g) + * -> OH*","{}","UmVhY3Rpb246NDMyMDMw","PBE","{""star"": 1, ""H2gas"": -0.5, ""H2Ogas"": 1.0}","{""OHstar"": 1}","010","Ir16O51","010",1.2461424500000362,,"IrO3-beta-O-cov-A","Ir16O51"
"H2O(g) - 0.5H2(g) + * -> OH*","{}","UmVhY3Rpb246NDMyMDMz","PBE","{""star"": 1, ""H2gas"": -0.5, ""H2Ogas"": 1.0}","{""OHstar"": 1}","010","Ir16O51","010",1.4766107899999952,,"IrO3-beta-O-cov-B","Ir16O51"
"H2O(g) - 0.5H2(g) + * -> OH*","{}","UmVhY3Rpb246NDMyMDM2","PBE","{""star"": 1, ""H2gas"": -0.5, ""H2Ogas"": 1.0}","{""OHstar"": 1}","100","Ir20O67","100",1.3512211800000387,,"IrO3-rutile-O-cov-full","Ir20O67"
"H2O(g) - 0.5H2(g) + * -> OH*","{}","UmVhY3Rpb246NDMyMDM5","PBE","{""star"": 1, ""H2gas"": -0.5, ""H2Ogas"": 1.0}","{""OHstar"": 1}","110","Ir16O49","110",0.7462233200000128,,"IrO3-rutile-O-cov-full","Ir16O49"
"H2O(g) - 0.5H2(g) + * -> OH*","{}","UmVhY3Rpb246NDMyMDQy","PBE","{""star"": 1, ""H2gas"": -0.5, ""H2Ogas"": 1.0}","{""OHstar"": 1}","100","Ir20O65","100",1.4172218500000326,,"IrO3-rutile-O-cov-partial","Ir20O65"
"H2O(g) - 0.5H2(g) + * -> OH*","{}","UmVhY3Rpb246NDMyMDQ1","PBE","{""star"": 1, ""H2gas"": -0.5, ""H2Ogas"": 1.0}","{""OHstar"": 1}","100","Ir20HO67","100",1.2779166100000339,,"IrO3-rutile-OH-cov","Ir20HO67"
"H2O(g) - 0.5H2(g) + * -> OH*","{}","UmVhY3Rpb246NDMyMDQ4","PBE","{""star"": 1, ""H2gas"": -0.5, ""H2Ogas"": 1.0}","{""OHstar"": 1}","100","Ir20O43","100",-0.060922169999969356,,"IrO2-rutile-O-cov","Ir20O43"
"H2O(g) - 0.5H2(g) + * -> OH*","{}","UmVhY3Rpb246NDMyMDUx","PBE","{""star"": 1, ""H2gas"": -0.5, ""H2Ogas"": 1.0}","{""OHstar"": 1}","110","Ir16O33","110",-0.10765132000000222,,"IrO2-rutile-O-cov","Ir16O33"
"H2O(g) - 0.5H2(g) + * -> OH*","{}","UmVhY3Rpb246NDMyMDU0","PBE","{""star"": 1, ""H2gas"": -0.5, ""H2Ogas"": 1.0}","{""OHstar"": 1}","100","Ir20H3O43","100",0.12999809000001505,,"IrO2-rutile-OH-cov","Ir20H3O43"
"H2O(g) - 0.5H2(g) + * -> OH*","{}","UmVhY3Rpb246NDMyMDU3","PBE","{""star"": 1, ""H2gas"": -0.5, ""H2Ogas"": 1.0}","{""OHstar"": 1}","110","Ir16HO33","110",0.8074555800000098,,"IrO2-rutile-OH-cov","Ir16HO33"
"H2O(g) - 0.5H2(g) + * -> OH*","{}","UmVhY3Rpb246NDMyMDYw","PBE","{""star"": 1, ""H2gas"": -0.5, ""H2Ogas"": 1.0}","{""OHstar"": 1}","100","Ir12O39","100",1.249410340000054,,"IrO3-alpha-O-cov","Ir12O39"
"H2O(g) - 0.5H2(g) + * -> OH*","{}","UmVhY3Rpb246NDMyMDYz","PBE","{""star"": 1, ""H2gas"": -0.5, ""H2Ogas"": 1.0}","{""OHstar"": 1}","110","Ir16O47","110",0.6004078699999695,,"IrO3-alpha-O-cov","Ir16O47"
"H2O(g) - 0.5H2(g) + * -> OH*","{}","UmVhY3Rpb246NDMyMDY2","PBE","{""star"": 1, ""H2gas"": -0.5, ""H2Ogas"": 1.0}","{""OHstar"": 1}","111","Ir12O41","111",0.8154404700000555,,"IrO3-alpha-O-cov","Ir12O41"
"H2O(g) - 0.5H2(g) + * -> OH*","{}","UmVhY3Rpb246NDMyMDY5","PBE","{""star"": 1, ""H2gas"": -0.5, ""H2Ogas"": 1.0}","{""OHstar"": 1}","211","Ir16O47","211",1.0521121500000277,,"IrO3-alpha-O-cov","Ir16O47"
"H2O(g) - 0.5H2(g) + * -> OH*","{}","UmVhY3Rpb246NDMyMDcy","PBE","{""star"": 1, ""H2gas"": -0.5, ""H2Ogas"": 1.0}","{""OHstar"": 1}","100","Ir12HO39","100",1.2749149000000557,,"IrO3-alpha-OH-cov","Ir12HO39"
"H2O(g) - 0.5H2(g) + * -> OH*","{}","UmVhY3Rpb246NDMyMDc1","PBE","{""star"": 1, ""H2gas"": -0.5, ""H2Ogas"": 1.0}","{""OHstar"": 1}","110","Ir16H3O47","110",0.5339097300000049,,"IrO3-alpha-OH-cov","Ir16H3O47"
"H2O(g) - 0.5H2(g) + * -> OH*","{}","UmVhY3Rpb246NDMyMDc4","PBE","{""star"": 1, ""H2gas"": -0.5, ""H2Ogas"": 1.0}","{""OHstar"": 1}","010","Ir16O51","010",1.2461424500000362,,"IrO3-beta-O-cov-A","Ir16O51"
"H2O(g) - 0.5H2(g) + * -> OH*","{}","UmVhY3Rpb246NDMyMDgx","PBE","{""star"": 1, ""H2gas"": -0.5, ""H2Ogas"": 1.0}","{""OHstar"": 1}","010","Ir16O51","010",1.4766107899999952,,"IrO3-beta-O-cov-B","Ir16O51"
"H2O(g) - 0.5H2(g) + * -> OH*","{}","UmVhY3Rpb246NDMyMDg0","PBE","{""star"": 1, ""H2gas"": -0.5, ""H2Ogas"": 1.0}","{""OHstar"": 1}","100","Ir20O67","100",1.3512211800000387,,"IrO3-rutile-O-cov-full","Ir20O67"
"H2O(g) - 0.5H2(g) + * -> OH*","{}","UmVhY3Rpb246NDMyMDg3","PBE","{""star"": 1, ""H2gas"": -0.5, ""H2Ogas"": 1.0}","{""OHstar"": 1}","110","Ir16O49","110",0.7462233200000128,,"IrO3-rutile-O-cov-full","Ir16O49"
"H2O(g) - 0.5H2(g) + * -> OH*","{}","UmVhY3Rpb246NDMyMDkw","PBE","{""star"": 1, ""H2gas"": -0.5, ""H2Ogas"": 1.0}","{""OHstar"": 1}","100","Ir20O65","100",1.4172218500000326,,"IrO3-rutile-O-cov-partial","Ir20O65"
"H2O(g) - 0.5H2(g) + * -> OH*","{}","UmVhY3Rpb246NDMyMDkz","PBE","{""star"": 1, ""H2gas"": -0.5, ""H2Ogas"": 1.0}","{""OHstar"": 1}","100","Ir20HO67","100",1.2779166100000339,,"IrO3-rutile-OH-cov","Ir20HO67"
"H2O(g) - 0.5H2(g) + * -> OH*","{}","UmVhY3Rpb246NDMyMTk3","PBE","{""star"": 1, ""H2gas"": -0.5, ""H2Ogas"": 1.0}","{""OHstar"": 1}","111","Nd4Ru8O28","111",0.9758037950000471,,"Nd4Ru8O29","Nd4Ru8O28"
"H2O(g) - 0.5H2(g) + * -> OH*","{}","UmVhY3Rpb246NDMyMjAw","PBE","{""star"": 1, ""H2gas"": -0.5, ""H2Ogas"": 1.0}","{""OHstar"": 1}","111","Gd7Ru8O30","111",0.49278946500004395,,"Gd7Ru8O31","Gd7Ru8O30"
"H2O(g) - 0.5H2(g) + * -> OH*","{}","UmVhY3Rpb246NDMyMjAz","PBE","{""star"": 1, ""H2gas"": -0.5, ""H2Ogas"": 1.0}","{""OHstar"": 1}","111","Ru8O26","111",1.2199334849999843,,"RuO3","Ru8O26"
"H2O(g) - 0.5H2(g) + * -> OH*","{}","UmVhY3Rpb246NDMyMjA2","PBE","{""star"": 1, ""H2gas"": -0.5, ""H2Ogas"": 1.0}","{""OHstar"": 1}","111","Bi8Ru8O30","111",0.2727012150000405,,"Bi2Ru2O7","Bi8Ru8O30"
"H2O(g) - 0.5H2(g) + * -> OH*","{}","UmVhY3Rpb246NDMyMjA5","PBE","{""star"": 1, ""H2gas"": -0.5, ""H2Ogas"": 1.0}","{""OHstar"": 1}","111","Nd7Ru8O30","111",0.4717806849999988,,"Nd7Ru8O31","Nd7Ru8O30"
"H2O(g) - 0.5H2(g) + * -> OH*","{}","UmVhY3Rpb246NDMyMjEy","PBE","{""star"": 1, ""H2gas"": -0.5, ""H2Ogas"": 1.0}","{""OHstar"": 1}","111","Bi7Ru8O30","111",0.5415121049999811,,"Bi7Ru8O31","Bi7Ru8O30"
"H2O(g) - 0.5H2(g) + * -> OH*","{}","UmVhY3Rpb246NDMyMjE1","PBE","{""star"": 1, ""H2gas"": -0.5, ""H2Ogas"": 1.0}","{""OHstar"": 1}","111","Gd8Ru8O30","111",0.2473823450000623,,"Gd2Ru2O7","Gd8Ru8O30"
"H2O(g) - 0.5H2(g) + * -> OH*","{}","UmVhY3Rpb246NDMyMjE4","PBE","{""star"": 1, ""H2gas"": -0.5, ""H2Ogas"": 1.0}","{""OHstar"": 1}","111","Ru8Y4O28","111",1.2400504350000574,,"Y4Ru8O29","Ru8Y4O28"
"H2O(g) - 0.5H2(g) + * -> OH*","{}","UmVhY3Rpb246NDMyMjIx","PBE","{""star"": 1, ""H2gas"": -0.5, ""H2Ogas"": 1.0}","{""OHstar"": 1}","111","Gd4Ru8O28","111",1.1413232950000065,,"Gd4Ru8O29","Gd4Ru8O28"
"H2O(g) - 0.5H2(g) + * -> OH*","{}","UmVhY3Rpb246NDMyMjI0","PBE","{""star"": 1, ""H2gas"": -0.5, ""H2Ogas"": 1.0}","{""OHstar"": 1}","111","Ru8Y8O30","111",0.39452821500003665,,"Y2Ru2O7","Ru8Y8O30"
"H2O(g) - 0.5H2(g) + * -> OH*","{}","UmVhY3Rpb246NDMyMjI3","PBE","{""star"": 1, ""H2gas"": -0.5, ""H2Ogas"": 1.0}","{""OHstar"": 1}","111","Bi4Ru8O28","111",1.1674343750000276,,"Bi4Ru8O29","Bi4Ru8O28"
"H2O(g) - 0.5H2(g) + * -> OH*","{}","UmVhY3Rpb246NDMyMjMw","PBE","{""star"": 1, ""H2gas"": -0.5, ""H2Ogas"": 1.0}","{""OHstar"": 1}","111","Nd8Ru8O30","111",0.25846853500002,,"Nd2Ru2O7","Nd8Ru8O30"
"H2O(g) - 0.5H2(g) + * -> OH*","{}","UmVhY3Rpb246NDMyMjMz","PBE","{""star"": 1, ""H2gas"": -0.5, ""H2Ogas"": 1.0}","{""OHstar"": 1}","111","Ru8Y7O30","111",0.5796029750000002,,"Y7Ru8O31","Ru8Y7O30"
"H2O(g) - 0.5H2(g) + * -> OH*","{}","UmVhY3Rpb246NDMyODU3","BEEF-vdW","{""star"": 1, ""H2gas"": -0.5, ""H2Ogas"": 1}","{""OHstar"": 1}","100-bridge","Cu36","100-bridge",-0.08472162691759877,,"Cu-fcc","Cu36"
"0.5H2(g) + O* -> OH*","{""Ostar"": ""hollow"", ""OHstar"": ""hollow""}","UmVhY3Rpb246NDMyOTEw","BEEF-vdW","{""H2gas"": 0.5, ""Ostar"": 1}","{""OHstar"": 1}","111","Ir27","111",-0.21301889000000074,,"Ir","Ir27"
"0.5H2(g) + O* -> OH*","{""Ostar"": ""hollow"", ""OHstar"": ""hollow""}","UmVhY3Rpb246NDMyOTEz","BEEF-vdW","{""H2gas"": 0.5, ""Ostar"": 1}","{""OHstar"": 1}","111","Pd27","111",-0.5825648900000147,,"Pd","Pd27"
"0.5H2(g) + O* -> OH*","{""Ostar"": ""hollow"", ""OHstar"": ""hollow""}","UmVhY3Rpb246NDMyOTE2","BEEF-vdW","{""H2gas"": 0.5, ""Ostar"": 1}","{""OHstar"": 1}","111","Pt27","111",-0.5076236999999821,,"Pt","Pt27"
"0.5H2(g) + O* -> OH*","{""Ostar"": ""hollow"", ""OHstar"": ""hollow""}","UmVhY3Rpb246NDMyOTE5","BEEF-vdW","{""H2gas"": 0.5, ""Ostar"": 1}","{""OHstar"": 1}","111","Rh27","111",-0.40032394999997223,,"Rh","Rh27"
"0.5H2(g) + O* -> OH*","{""Ostar"": ""hollow"", ""OHstar"": ""hollow""}","UmVhY3Rpb246NDMyOTIy","BEEF-vdW","{""H2gas"": 0.5, ""Ostar"": 1}","{""OHstar"": 1}","111","Ru27","111",-0.19001609999997982,,"Ru","Ru27"
"H2O(g) - 0.5H2(g) + * -> OH*","{""OH"": ""bridge|A_A|A""}","UmVhY3Rpb246MzM5Njk3","BEEF-vdW","{""star"": 1, ""H2gas"": -0.5, ""H2Ogas"": 1.0}","{""OHstar"": 1}","111","Pb12","111",0.2296276165806148,,"Pb","Pb12"
"H2O(g) - 0.5H2(g) + * -> OH*","{""OH"": ""hollow|A_A_A|FCC""}","UmVhY3Rpb246MzM5Njk4","BEEF-vdW","{""star"": 1, ""H2gas"": -0.5, ""H2Ogas"": 1.0}","{""OHstar"": 1}","111","Pb12","111",0.22868460607867291,,"Pb","Pb12"
"H2O(g) - 0.5H2(g) + * -> OH*","{""OH"": ""hollow|A_A_A|HCP""}","UmVhY3Rpb246MzM5Njk5","BEEF-vdW","{""star"": 1, ""H2gas"": -0.5, ""H2Ogas"": 1.0}","{""OHstar"": 1}","111","Pb12","111",0.22945400797914317,,"Pb","Pb12"
"H2O(g) - 0.5H2(g) + * -> OH*","{""OH"": ""bridge|A_A|A""}","UmVhY3Rpb246MzM5MDMz","BEEF-vdW","{""star"": 1, ""H2gas"": -0.5, ""H2Ogas"": 1.0}","{""OHstar"": 1}","111","Ag12","111",0.7181514141819889,,"Ag","Ag12"
"H2O(g) - 0.5H2(g) + * -> OH*","{""OH"": ""hollow|A_A_A|FCC""}","UmVhY3Rpb246MzM5MDM0","BEEF-vdW","{""star"": 1, ""H2gas"": -0.5, ""H2Ogas"": 1.0}","{""OHstar"": 1}","111","Ag12","111",0.5630175459781412,,"Ag","Ag12"
"H2O(g) - 0.5H2(g) + * -> OH*","{""OH"": ""hollow|A_A_A|HCP""}","UmVhY3Rpb246MzM5MDM1","BEEF-vdW","{""star"": 1, ""H2gas"": -0.5, ""H2Ogas"": 1.0}","{""OHstar"": 1}","111","Ag12","111",0.5899550472794317,,"Ag","Ag12"
"H2O(g) - 0.5H2(g) + * -> OH*","{""OH"": ""top|A""}","UmVhY3Rpb246MzM5MDM4","BEEF-vdW","{""star"": 1, ""H2gas"": -0.5, ""H2Ogas"": 1.0}","{""OHstar"": 1}","111","Ag12","111",1.3874351285820694,,"Ag","Ag12"
"H2O(g) + * -> OH* + 0.5H2(g)","{""OHstar"": ""hollow""}","UmVhY3Rpb246NDMzNDYz","RPBE_-0.413VSHE","{""star"": 1, ""H2Ogas"": 1.0}","{""H2gas"": 0.5, ""OHstar"": 1}","100","Au64","100",1.1804693849999808,,"Au","Au64"
"H2O(g) + * -> OH* + 0.5H2(g)","{""OHstar"": ""ontop""}","UmVhY3Rpb246NDMzNDcz","RPBE_-0.413VSHE","{""star"": 1, ""H2Ogas"": 1.0}","{""H2gas"": 0.5, ""OHstar"": 1}","211","Au36","211",0.9495004449999982,,"Au","Au36"
"H2O(g) + * -> OH* + 0.5H2(g)","{""OHstar"": ""hollow""}","UmVhY3Rpb246NDMzNDgx","RPBE_-0.413VSHE","{""star"": 1, ""H2Ogas"": 1.0}","{""H2gas"": 0.5, ""OHstar"": 1}","100","Pt64","100",0.989883084999974,,"Pt","Pt64"
"H2O(g) + * -> OH* + 0.5H2(g)","{""OHstar"": ""ontop""}","UmVhY3Rpb246NDMzNDkw","RPBE_-0.413VSHE","{""star"": 1, ""H2Ogas"": 1.0}","{""H2gas"": 0.5, ""OHstar"": 1}","211","Pt36","211",0.40138144499996997,,"Pt","Pt36"
"H2O(g) + * -> OH* + 0.5H2(g)","{""OHstar"": ""hollow""}","UmVhY3Rpb246NDMzNDk4","RPBE_-0.413VSHE","{""star"": 1, ""H2Ogas"": 1.0}","{""H2gas"": 0.5, ""OHstar"": 1}","100","Ni64","100",-0.29257759500001157,,"Ni","Ni64"
"H2O(g) + * -> OH* + 0.5H2(g)","{""OHstar"": ""ontop""}","UmVhY3Rpb246NDMzNTA5","RPBE_-0.413VSHE","{""star"": 1, ""H2Ogas"": 1.0}","{""H2gas"": 0.5, ""OHstar"": 1}","211","Ni36","211",-0.033933575000020255,,"Ni","Ni36"
"H2O(g) + * -> OH* + 0.5H2(g)","{""OHstar"": ""3hollow-9-9-9""}","UmVhY3Rpb246NDMzNTEy","RPBE_-0.413VSHE","{""star"": 1, ""H2Ogas"": 1.0}","{""H2gas"": 0.5, ""OHstar"": 1}","533","Cu64","533",1.442799315000002,,"Cu","Cu64"
"H2O(g) + * -> OH* + 0.5H2(g)","{""OHstar"": ""3hollow-9-9-10""}","UmVhY3Rpb246NDMzNTIw","RPBE_-0.413VSHE","{""star"": 1, ""H2Ogas"": 1.0}","{""H2gas"": 0.5, ""OHstar"": 1}","533","Cu64","533",1.5677616050000154,,"Cu","Cu64"
"H2O(g) + * -> OH* + 0.5H2(g)","{""OHstar"": ""bridge""}","UmVhY3Rpb246NDMzNTMz","RPBE_-0.413VSHE","{""star"": 1, ""H2Ogas"": 1.0}","{""H2gas"": 0.5, ""OHstar"": 1}","310","Cu39","310",-0.08176866500002689,,"Cu","Cu39"
"H2O(g) + * -> OH* + 0.5H2(g)","{""OHstar"": ""4hollow-6-8-8-9""}","UmVhY3Rpb246NDMzNTM5","RPBE_-0.413VSHE","{""star"": 1, ""H2Ogas"": 1.0}","{""H2gas"": 0.5, ""OHstar"": 1}","310","Cu39","310",0.8361089849999814,,"Cu","Cu39"
"H2O(g) + * -> OH* + 0.5H2(g)","{""OHstar"": ""4hollow-8-9-9-11""}","UmVhY3Rpb246NDMzNTQw","RPBE_-0.413VSHE","{""star"": 1, ""H2Ogas"": 1.0}","{""H2gas"": 0.5, ""OHstar"": 1}","310","Cu39","310",1.2676248149999765,,"Cu","Cu39"
"H2O(g) + * -> OH* + 0.5H2(g)","{""OHstar"": ""3hollow""}","UmVhY3Rpb246NDMzNTQy","RPBE_-0.413VSHE","{""star"": 1, ""H2Ogas"": 1.0}","{""H2gas"": 0.5, ""OHstar"": 1}","310","Cu39","310",0.08721218499997008,,"Cu","Cu39"
"H2O(g) + * -> OH* + 0.5H2(g)","{""OHstar"": ""bridge""}","UmVhY3Rpb246NDMzNTU5","RPBE_-0.413VSHE","{""star"": 1, ""H2Ogas"": 1.0}","{""H2gas"": 0.5, ""OHstar"": 1}","100","Cu64","100",1.4527827749999744,,"Cu","Cu64"
"H2O(g) + * -> OH* + 0.5H2(g)","{""OHstar"": ""ontop""}","UmVhY3Rpb246NDMzNTY5","RPBE_-0.413VSHE","{""star"": 1, ""H2Ogas"": 1.0}","{""H2gas"": 0.5, ""OHstar"": 1}","100","Cu64","100",0.4684008549999703,,"Cu","Cu64"
"H2O(g) + * -> OH* + 0.5H2(g)","{""OHstar"": ""4hollow""}","UmVhY3Rpb246NDMzNTcy","RPBE_-0.413VSHE","{""star"": 1, ""H2Ogas"": 1.0}","{""H2gas"": 0.5, ""OHstar"": 1}","100","Cu64","100",1.3367960449999714,,"Cu","Cu64"
"H2O(g) + * -> OH* + 0.5H2(g)","{""OHstar"": ""fcc""}","UmVhY3Rpb246NDMzNTg3","RPBE_-0.413VSHE","{""star"": 1, ""H2Ogas"": 1.0}","{""H2gas"": 0.5, ""OHstar"": 1}","111","Cu64","111",1.8912260249999804,,"Cu","Cu64"
"H2O(g) + * -> OH* + 0.5H2(g)","{""OHstar"": ""ontop""}","UmVhY3Rpb246NDMzNTky","RPBE_-0.413VSHE","{""star"": 1, ""H2Ogas"": 1.0}","{""H2gas"": 0.5, ""OHstar"": 1}","111","Cu64","111",0.9455883649999919,,"Cu","Cu64"
"H2O(g) + * -> OH* + 0.5H2(g)","{""OHstar"": ""bridge-step""}","UmVhY3Rpb246NDMzNjAy","RPBE_-0.413VSHE","{""star"": 1, ""H2Ogas"": 1.0}","{""H2gas"": 0.5, ""OHstar"": 1}","211","Cu36","211",-1.0092271549999907,,"Cu","Cu36"
"H2O(g) + * -> OH* + 0.5H2(g)","{""OHstar"": ""ontop-step""}","UmVhY3Rpb246NDMzNjA5","RPBE_-0.413VSHE","{""star"": 1, ""H2Ogas"": 1.0}","{""H2gas"": 0.5, ""OHstar"": 1}","211","Cu36","211",-1.449906774999988,,"Cu","Cu36"
"H2O(g) + * -> OH* + 0.5H2(g)","{""OHstar"": ""bridge-step""}","UmVhY3Rpb246NDMzNjMz","RPBE_-0.413VSHE","{""star"": 1, ""H2Ogas"": 1.0}","{""H2gas"": 0.5, ""OHstar"": 1}","511","Cu33","511",-0.1647694950000016,,"Cu","Cu33"
"H2O(g) + * -> OH* + 0.5H2(g)","{""OHstar"": ""3hollow""}","UmVhY3Rpb246NDMzNjQz","RPBE_-0.413VSHE","{""star"": 1, ""H2Ogas"": 1.0}","{""H2gas"": 0.5, ""OHstar"": 1}","511","Cu33","511",1.366640154999999,,"Cu","Cu33"
"H2O(g) + * -> OH* + 0.5H2(g)","{""OHstar"": ""bridge-7-8""}","UmVhY3Rpb246NDMzNjQ1","RPBE_-0.413VSHE","{""star"": 1, ""H2Ogas"": 1.0}","{""H2gas"": 0.5, ""OHstar"": 1}","511","Cu33","511",0.02069930500000794,,"Cu","Cu33"
"H2O(g) + * -> OH* + 0.5H2(g)","{""OHstar"": ""4hollow""}","UmVhY3Rpb246NDMzNjQ5","RPBE_-0.413VSHE","{""star"": 1, ""H2Ogas"": 1.0}","{""H2gas"": 0.5, ""OHstar"": 1}","511","Cu33","511",0.844688005000009,,"Cu","Cu33"
"H2O(g) + * -> OH* + 0.5H2(g)","{""OHstar"": ""hollow""}","UmVhY3Rpb246NDMzNjYy","RPBE_-0.413VSHE","{""star"": 1, ""H2Ogas"": 1.0}","{""H2gas"": 0.5, ""OHstar"": 1}","100","Pd64","100",0.5881090449999533,,"Pd","Pd64"
"H2O(g) + * -> OH* + 0.5H2(g)","{""OHstar"": ""ontop""}","UmVhY3Rpb246NDMzNjc0","RPBE_-0.413VSHE","{""star"": 1, ""H2Ogas"": 1.0}","{""H2gas"": 0.5, ""OHstar"": 1}","211","Pd36","211",0.6023180749999995,,"Pd","Pd36"
"H2O(g) + * -> OH* + 0.5H2(g)","{""OHstar"": ""hollow""}","UmVhY3Rpb246NDMzNjgx","RPBE_-0.413VSHE","{""star"": 1, ""H2Ogas"": 1.0}","{""H2gas"": 0.5, ""OHstar"": 1}","100","Ag64","100",0.4372530450000056,,"Ag","Ag64"
"H2O(g) + * -> OH* + 0.5H2(g)","{""OHstar"": ""ontop""}","UmVhY3Rpb246NDMzNjkx","RPBE_-0.413VSHE","{""star"": 1, ""H2Ogas"": 1.0}","{""H2gas"": 0.5, ""OHstar"": 1}","211","Ag36","211",0.4837300049999982,,"Ag","Ag36"
"CHCHC* + O* - 0* -> CHCC* + OH*","{""Ostar"": ""hollow"", ""OHstar"": ""bridge"", ""CHCCstar"": ""bridge"", ""CHCHCstar"": ""bridge""}","UmVhY3Rpb246NDMzODA5","BEEF-vdW","{""star"": 0, ""Ostar"": 1, ""CHCHCstar"": 1}","{""OHstar"": 1, ""CHCCstar"": 1}","211","Pd36O3","211",-0.44037225261854474,1.5218875949358335,"Pd+1:3O","Pd36O3"
"CHCHCH2* + O* - 0* -> CCHCH2* + OH*","{""Ostar"": ""hollow"", ""OHstar"": ""bridge"", ""CCHCH2star"": ""bridge"", ""CHCHCH2star"": ""bridge""}","UmVhY3Rpb246NDMzODE1","BEEF-vdW","{""star"": 0, ""Ostar"": 1, ""CHCHCH2star"": 1}","{""OHstar"": 1, ""CCHCH2star"": 1}","211","Pd36O3","211",-0.7154128916736227,1.0971836578319198,"Pd+1:3O","Pd36O3"
"CH2CHCH2* + O* - 0* -> CHCHCH2* + OH*","{""Ostar"": ""hollow"", ""OHstar"": ""bridge"", ""CHCHCH2star"": ""bridge"", ""CH2CHCH2star"": ""bridge""}","UmVhY3Rpb246NDMzODE2","BEEF-vdW","{""star"": 0, ""Ostar"": 1, ""CH2CHCH2star"": 1}","{""OHstar"": 1, ""CHCHCH2star"": 1}","211","Pd36O3","211",-0.36003526419517584,1.4906823268684093,"Pd+1:3O","Pd36O3"
"CCOH* + O* - 0* -> COC* + OH*","{""Ostar"": ""hollow"", ""OHstar"": ""bridge"", ""COCstar"": ""bridge"", ""CCOHstar"": ""bridge""}","UmVhY3Rpb246NDMzODIx","BEEF-vdW","{""star"": 0, ""Ostar"": 1, ""CCOHstar"": 1}","{""OHstar"": 1, ""COCstar"": 1}","211","Pd36O3","211",-1.147334172448609,0.39786010982788866,"Pd+1:3O","Pd36O3"
"CHCO* + O* - 0* -> COC* + OH*","{""Ostar"": ""hollow"", ""OHstar"": ""bridge"", ""COCstar"": ""bridge"", ""CHCOstar"": ""bridge""}","UmVhY3Rpb246NDMzODIz","BEEF-vdW","{""star"": 0, ""Ostar"": 1, ""CHCOstar"": 1}","{""OHstar"": 1, ""COCstar"": 1}","211","Pd36O3","211",-0.8246404796955176,0.7205538025809801,"Pd+1:3O","Pd36O3"
"CCHCH2* + O* - 0* -> CHCHC* + OH*","{""Ostar"": ""hollow"", ""OHstar"": ""bridge"", ""CHCHCstar"": ""bridge"", ""CCHCH2star"": ""bridge""}","UmVhY3Rpb246NDMzODI2","BEEF-vdW","{""star"": 0, ""Ostar"": 1, ""CCHCH2star"": 1}","{""OHstar"": 1, ""CHCHCstar"": 1}","211","Pd36O3","211",-1.2210406307131052,0.9040012596960878,"Pd+1:3O","Pd36O3"
"CH3CHCH2* + O* - 0* -> CH2CHCH2* + OH*","{""Ostar"": ""hollow"", ""OHstar"": ""bridge"", ""CH2CHCH2star"": ""bridge"", ""CH3CHCH2star"": ""bridge""}","UmVhY3Rpb246NDMzODI5","BEEF-vdW","{""star"": 0, ""Ostar"": 1, ""CH3CHCH2star"": 1}","{""OHstar"": 1, ""CH2CHCH2star"": 1}","211","Pd36O3","211",-0.8678594382217852,0.5877091133006616,"Pd+1:3O","Pd36O3"
"H* + O* - 0* -> OH* + *","{""Hstar"": ""hollow"", ""Ostar"": ""hollow"", ""OHstar"": ""bridge""}","UmVhY3Rpb246NDMzODMw","BEEF-vdW","{""star"": 0, ""Hstar"": 1, ""Ostar"": 1}","{""star"": 1, ""OHstar"": 1}","211","Pd36O3","211",-1.4449034573481185,0.7140501454923651,"Pd+1:3O","Pd36O3"
"CHCHC* + O* - 0* -> CHCC* + OH*","{""Ostar"": ""hollow"", ""OHstar"": ""bridge"", ""CHCCstar"": ""bridge"", ""CHCHCstar"": ""bridge""}","UmVhY3Rpb246NDMzODMy","BEEF-vdW","{""star"": 0, ""Ostar"": 1, ""CHCHCstar"": 1}","{""OHstar"": 1, ""CHCCstar"": 1}","211","Pd36","211",-0.1441342167381663,1.7347625322945532,"Pd","Pd36"
"CHCHCH2* + O* - 0* -> CCHCH2* + OH*","{""Ostar"": ""hollow"", ""OHstar"": ""bridge"", ""CCHCH2star"": ""bridge"", ""CHCHCH2star"": ""bridge""}","UmVhY3Rpb246NDMzODQw","BEEF-vdW","{""star"": 0, ""Ostar"": 1, ""CHCHCH2star"": 1}","{""OHstar"": 1, ""CCHCH2star"": 1}","211","Pd36","211",-1.023322366803768,1.061758720286889,"Pd","Pd36"
"CH2CHCH2* + O* - 0* -> CHCHCH2* + OH*","{""Ostar"": ""hollow"", ""OHstar"": ""bridge"", ""CHCHCH2star"": ""bridge"", ""CH2CHCH2star"": ""bridge""}","UmVhY3Rpb246NDMzODQx","BEEF-vdW","{""star"": 0, ""Ostar"": 1, ""CH2CHCH2star"": 1}","{""OHstar"": 1, ""CHCHCH2star"": 1}","211","Pd36","211",0.1548789042280987,1.765303502426832,"Pd","Pd36"
"CH* + O* - 0* -> OH* + C*","{""Cstar"": ""ff"", ""Ostar"": ""hollow"", ""CHstar"": ""bridge"", ""OHstar"": ""bridge""}","UmVhY3Rpb246NDMzODQ5","BEEF-vdW","{""star"": 0, ""Ostar"": 1, ""CHstar"": 1}","{""Cstar"": 1, ""OHstar"": 1}","211","Pd36","211",-1.127219856789452,0.527488413375977,"Pd","Pd36"
"CCOH* + O* - 0* -> COC* + OH*","{""Ostar"": ""hollow"", ""OHstar"": ""bridge"", ""COCstar"": ""bridge"", ""CCOHstar"": ""bridge""}","UmVhY3Rpb246NDMzODUx","BEEF-vdW","{""star"": 0, ""Ostar"": 1, ""CCOHstar"": 1}","{""OHstar"": 1, ""COCstar"": 1}","211","Pd36","211",-0.9078712628688663,0.6693087780367932,"Pd","Pd36"
"CHCO* + O* - 0* -> COC* + OH*","{""Ostar"": ""hollow"", ""OHstar"": ""bridge"", ""COCstar"": ""bridge"", ""CHCOstar"": ""bridge""}","UmVhY3Rpb246NDMzODU1","BEEF-vdW","{""star"": 0, ""Ostar"": 1, ""CHCOstar"": 1}","{""OHstar"": 1, ""COCstar"": 1}","211","Pd36","211",-0.8655521168402629,1.6122955169776105,"Pd","Pd36"
"CCHCH2* + O* - 0* -> CHCHC* + OH*","{""Ostar"": ""hollow"", ""OHstar"": ""bridge"", ""CHCHCstar"": ""bridge"", ""CCHCH2star"": ""bridge""}","UmVhY3Rpb246NDMzODU5","BEEF-vdW","{""star"": 0, ""Ostar"": 1, ""CCHCH2star"": 1}","{""OHstar"": 1, ""CHCHCstar"": 1}","211","Pd36","211",-0.8445853365119547,0.7244112885164213,"Pd","Pd36"
"CH3CHCH2* + O* - 0* -> CH2CHCH2* + OH*","{""Ostar"": ""hollow"", ""OHstar"": ""bridge"", ""CH2CHCH2star"": ""bridge"", ""CH3CHCH2star"": ""bridge""}","UmVhY3Rpb246NDMzODY2","BEEF-vdW","{""star"": 0, ""Ostar"": 1, ""CH3CHCH2star"": 1}","{""OHstar"": 1, ""CH2CHCH2star"": 1}","211","Pd36","211",-0.7757680158392759,1.0808574390466674,"Pd","Pd36"
"H* + O* - 0* -> OH* + *","{""Hstar"": ""hollow"", ""Ostar"": ""hollow"", ""OHstar"": ""bridge""}","UmVhY3Rpb246NDMzODY3","BEEF-vdW","{""star"": 0, ""Hstar"": 1, ""Ostar"": 1}","{""star"": 1, ""OHstar"": 1}","211","Pd36","211",-0.7678737209062092,1.2538681055011693,"Pd","Pd36"
"H2O(g) + * -> OH* + 0.5H2(g)","{}","UmVhY3Rpb246NDM0NDM1","BEEF-vdW","{""star"": 1, ""H2Ogas"": 1.0}","{""H2gas"": 0.5, ""OHstar"": 1}","100-CuZn","Cu24Zn8","100-CuZn",-0.13399593494978035,,"Cu3Zn-fcc","Cu24Zn8"
"H2O(g) + * -> OH* + 0.5H2(g)","{}","UmVhY3Rpb246NDM0NDQy","BEEF-vdW","{""star"": 1, ""H2Ogas"": 1.0}","{""H2gas"": 0.5, ""OHstar"": 1}","100-CuAg","Ag8Cu24","100-CuAg",0.10246732759696897,,"Cu3Ag-fcc","Ag8Cu24"
"H2O(g) + * -> OH* + 0.5H2(g)","{}","UmVhY3Rpb246NDM0NDQ5","BEEF-vdW","{""star"": 1, ""H2Ogas"": 1.0}","{""H2gas"": 0.5, ""OHstar"": 1}","100","Ag36","100",0.22347247929428704,,"Ag-fcc","Ag36"
"H2O(g) + * -> OH* + 0.5H2(g)","{}","UmVhY3Rpb246NDM0NDU2","BEEF-vdW","{""star"": 1, ""H2Ogas"": 1.0}","{""H2gas"": 0.5, ""OHstar"": 1}","100-nonspin","Ni36","100-nonspin",-0.3288325131870806,,"Ni-fcc","Ni36"
"H2O(g) + * -> OH* + 0.5H2(g)","{}","UmVhY3Rpb246NDM0NDY2","BEEF-vdW","{""star"": 1, ""H2Ogas"": 1.0}","{""H2gas"": 0.5, ""OHstar"": 1}","100","Rh36","100",-0.020714530808618292,,"Rh-fcc","Rh36"
"H2O(g) + * -> OH* + 0.5H2(g)","{}","UmVhY3Rpb246NDM0NDc3","BEEF-vdW","{""star"": 1, ""H2Ogas"": 1.0}","{""H2gas"": 0.5, ""OHstar"": 1}","310","Cu36","310",-0.278973908694752,,"Cu-fcc","Cu36"
"H2O(g) + * -> OH* + 0.5H2(g)","{}","UmVhY3Rpb246NDM0NTA2","BEEF-vdW","{""star"": 1, ""H2Ogas"": 1.0}","{""H2gas"": 0.5, ""OHstar"": 1}","100","Cu36","100",-0.08472162691759877,,"Cu-fcc","Cu36"
"H2O(g) + * -> OH* + 0.5H2(g)","{}","UmVhY3Rpb246NDM0NTEz","BEEF-vdW","{""star"": 1, ""H2Ogas"": 1.0}","{""H2gas"": 0.5, ""OHstar"": 1}","110","Cu36","110",-0.26751267741201445,,"Cu-fcc","Cu36"
"H2O(g) + * -> OH* + 0.5H2(g)","{}","UmVhY3Rpb246NDM0NTE5","BEEF-vdW","{""star"": 1, ""H2Ogas"": 1.0}","{""H2gas"": 0.5, ""OHstar"": 1}","111","Cu36","111",0.27180731425323756,,"Cu-fcc","Cu36"
"H2O(g) + * -> OH* + 0.5H2(g)","{}","UmVhY3Rpb246NDM0NTI1","BEEF-vdW","{""star"": 1, ""H2Ogas"": 1.0}","{""H2gas"": 0.5, ""OHstar"": 1}","211","Cu36","211",-0.34269099948141957,,"Cu-fcc","Cu36"
"H2O(g) + * -> OH* + 0.5H2(g)","{}","UmVhY3Rpb246NDM0NTMx","BEEF-vdW","{""star"": 1, ""H2Ogas"": 1.0}","{""H2gas"": 0.5, ""OHstar"": 1}","511","Cu36","511",-0.25366541579569457,,"Cu-fcc","Cu36"
"H2O(g) + * -> OH* + 0.5H2(g)","{}","UmVhY3Rpb246NDM0NTM3","BEEF-vdW","{""star"": 1, ""H2Ogas"": 1.0}","{""H2gas"": 0.5, ""OHstar"": 1}","100-CuZn","Cu16Zn16","100-CuZn",-0.14858565918257227,,"CuZn-fcc","Cu16Zn16"
"H2O(g) + * -> OH* + 0.5H2(g)","{}","UmVhY3Rpb246NDM0NTQ5","BEEF-vdW","{""star"": 1, ""H2Ogas"": 1.0}","{""H2gas"": 0.5, ""OHstar"": 1}","100-CuAg","Ag16Cu16","100-CuAg",0.035795488583971746,,"CuAg-fcc","Ag16Cu16"
"H2O(g) + * -> OH* + 0.5H2(g)","{}","UmVhY3Rpb246NDM0NTUy","BEEF-vdW","{""star"": 1, ""H2Ogas"": 1.0}","{""H2gas"": 0.5, ""OHstar"": 1}","100","Ir36","100",0.4281318233079219,,"Ir-fcc","Ir36"
"H2O(g) + * -> OH* + 0.5H2(g)","{}","UmVhY3Rpb246NDM0NTU1","BEEF-vdW","{""star"": 1, ""H2Ogas"": 1.0}","{""H2gas"": 0.5, ""OHstar"": 1}","100","Au36","100",1.002615999415866,,"Au-fcc","Au36"
"H2O(g) + * -> OH* + 0.5H2(g)","{}","UmVhY3Rpb246NDM0NTYx","BEEF-vdW","{""star"": 1, ""H2Ogas"": 1.0}","{""H2gas"": 0.5, ""OHstar"": 1}","100","Pd36","100",0.4431260447818204,,"Pd-fcc","Pd36"
"H2O(g) + * -> OH* + 0.5H2(g)","{}","UmVhY3Rpb246NDM0NTY3","BEEF-vdW","{""star"": 1, ""H2Ogas"": 1.0}","{""H2gas"": 0.5, ""OHstar"": 1}","100","Pt36","100",0.9327252576185856,,"Pt-fcc","Pt36"
"H2O(g) + * -> OH* + 0.5H2(g)","{}","UmVhY3Rpb246NDM0NTcy","BEEF-vdW","{""star"": 1, ""H2Ogas"": 1.0}","{""H2gas"": 0.5, ""OHstar"": 1}","111-Ni3Ga","Ga18Ni30","111-Ni3Ga",-0.4499993685167283,,"Ni5Ga3-orth","Ga18Ni30"
"H2O(g) - 0.5H2(g) + * -> OH*","{""OHstar"": ""ontop""}","UmVhY3Rpb246NDM1NDU2","RPBE","{""star"": 1, ""H2gas"": -0.5, ""H2Ogas"": 1.0}","{""OHstar"": 1}","111","Ti36H81","111",-0.44830933499997627,,"TiH2","Ti36H81"
"H2O(g) - 0.5H2(g) + * -> OH*","{""OH"": ""bridge|A_A|A""}","UmVhY3Rpb246MzM5MDY4","BEEF-vdW","{""star"": 1, ""H2gas"": -0.5, ""H2Ogas"": 1.0}","{""OHstar"": 1}","111","Au12","111",1.2733503133794102,,"Au","Au12"
"H2O(g) - 0.5H2(g) + * -> OH*","{""OH"": ""hollow|A_A_A|FCC""}","UmVhY3Rpb246MzM5MDY5","BEEF-vdW","{""star"": 1, ""H2gas"": -0.5, ""H2Ogas"": 1.0}","{""OHstar"": 1}","111","Au12","111",1.3747626511802764,,"Au","Au12"
"H2O(g) - 0.5H2(g) + * -> OH*","{""OH"": ""hollow|A_A_A|HCP""}","UmVhY3Rpb246MzM5MDcw","BEEF-vdW","{""star"": 1, ""H2gas"": -0.5, ""H2Ogas"": 1.0}","{""OHstar"": 1}","111","Au12","111",1.4154380916778564,,"Au","Au12"
"H2O(g) - 0.5H2(g) + * -> OH*","{""OH"": ""top|A""}","UmVhY3Rpb246MzM5MDcz","BEEF-vdW","{""star"": 1, ""H2gas"": -0.5, ""H2Ogas"": 1.0}","{""OHstar"": 1}","111","Au12","111",2.035280490378568,,"Au","Au12"
"H2O(g) - 0.5H2(g) + * -> OH*","{""OHstar"": ""ontop-step""}","UmVhY3Rpb246NDM4NTQ2","BEEF-vdW_-0.26VSHE","{""star"": 1, ""H2gas"": -0.5, ""H2Ogas"": 1}","{""OHstar"": 1}","511","Cu36","511",0.5641043932628236,,"Cu","Cu36"
"H2O(g) - 0.5H2(g) + * -> OH*","{""OHstar"": ""4foldhollow-7-7-8-8""}","UmVhY3Rpb246NDM4NTQ4","BEEF-vdW_-0.26VSHE","{""star"": 1, ""H2gas"": -0.5, ""H2Ogas"": 1}","{""OHstar"": 1}","511","Cu36","511",0.013869438866095152,,"Cu","Cu36"
"H2O(g) - 0.5H2(g) + * -> OH*","{""OHstar"": ""3foldhollow""}","UmVhY3Rpb246NDM4NTUz","BEEF-vdW_-0.26VSHE","{""star"": 1, ""H2gas"": -0.5, ""H2Ogas"": 1}","{""OHstar"": 1}","511","Cu36","511",0.4550708223905531,,"Cu","Cu36"
"H2O(g) - 0.5H2(g) + * -> OH*","{""OHstar"": ""bridge-step""}","UmVhY3Rpb246NDM4NTU2","BEEF-vdW_-0.26VSHE","{""star"": 1, ""H2gas"": -0.5, ""H2Ogas"": 1}","{""OHstar"": 1}","511","Cu36","511",-0.04564927533647278,,"Cu","Cu36"
"H2O(g) - 0.5H2(g) + * -> OH*","{""OHstar"": ""bridge-7-8""}","UmVhY3Rpb246NDM4NTYy","BEEF-vdW_-0.26VSHE","{""star"": 1, ""H2gas"": -0.5, ""H2Ogas"": 1}","{""OHstar"": 1}","511","Cu36","511",0.1943166366982041,,"Cu","Cu36"
"H2O(g) - 0.5H2(g) + * -> OH*","{""OHstar"": ""bridge-6-9""}","UmVhY3Rpb246NDM4NTg2","BEEF-vdW_-0.26VSHE","{""star"": 1, ""H2gas"": -0.5, ""H2Ogas"": 1}","{""OHstar"": 1}","310","Cu28","310",0.03202303822035901,,"Cu","Cu28"
"H2O(g) - 0.5H2(g) + * -> OH*","{""OHstar"": ""3foldhollow""}","UmVhY3Rpb246NDM4NjA1","BEEF-vdW_-0.26VSHE","{""star"": 1, ""H2gas"": -0.5, ""H2Ogas"": 1}","{""OHstar"": 1}","310","Cu28","310",-0.28484415276761865,,"Cu","Cu28"
"H2O(g) - 0.5H2(g) + * -> OH*","{""OHstar"": ""ontop-6""}","UmVhY3Rpb246NDM4NjI1","BEEF-vdW_-0.26VSHE","{""star"": 1, ""H2gas"": -0.5, ""H2Ogas"": 1}","{""OHstar"": 1}","310","Cu28","310",0.6679535150033189,,"Cu","Cu28"
"H2O(g) - 0.5H2(g) + * -> OH*","{""OHstar"": ""bridge""}","UmVhY3Rpb246NDM4NjQz","BEEF-vdW_-0.26VSHE","{""star"": 1, ""H2gas"": -0.5, ""H2Ogas"": 1}","{""OHstar"": 1}","211","Cu33","211",-0.2692412126052659,,"Cu","Cu33"
"H2O(g) - 0.5H2(g) + * -> OH*","{""OHstar"": ""bridge""}","UmVhY3Rpb246NDM4Njcx","BEEF-vdW_-0.54VSHE","{""star"": 1, ""H2gas"": -0.5, ""H2Ogas"": 1}","{""OHstar"": 1}","100","Cu36","100",0.04914791114424588,,"Cu","Cu36"
"H2O(g) - 0.5H2(g) + * -> OH*","{""OHstar"": ""4foldhollow""}","UmVhY3Rpb246NDM4Njc1","BEEF-vdW_-0.54VSHE","{""star"": 1, ""H2gas"": -0.5, ""H2Ogas"": 1}","{""OHstar"": 1}","100","Cu36","100",-0.08346568544948241,,"Cu","Cu36"
"H2O(g) - 0.5H2(g) + * -> OH*","{""OHstar"": ""atop""}","UmVhY3Rpb246NDM4Njg5","BEEF-vdW_-0.54VSHE","{""star"": 1, ""H2gas"": -0.5, ""H2Ogas"": 1}","{""OHstar"": 1}","100","Cu36","100",0.7406250562562491,,"Cu","Cu36"
"H2O(g) - 0.5H2(g) + * -> OH*","{""OHstar"": ""4foldhollow-7-7-8-8""}","UmVhY3Rpb246NDM4NzA0","BEEF-vdW_-1.20VSHE","{""star"": 1, ""H2gas"": -0.5, ""H2Ogas"": 1}","{""OHstar"": 1}","511","Cu36","511",0.1347078528124257,,"Cu","Cu36"
"H2O(g) - 0.5H2(g) + * -> OH*","{""OHstar"": ""3foldhollow""}","UmVhY3Rpb246NDM4NzA5","BEEF-vdW_-1.20VSHE","{""star"": 1, ""H2gas"": -0.5, ""H2Ogas"": 1}","{""OHstar"": 1}","511","Cu36","511",0.5432069339221925,,"Cu","Cu36"
"H2O(g) - 0.5H2(g) + * -> OH*","{""OHstar"": ""bridge-step""}","UmVhY3Rpb246NDM4NzEy","BEEF-vdW_-1.20VSHE","{""star"": 1, ""H2gas"": -0.5, ""H2Ogas"": 1}","{""OHstar"": 1}","511","Cu36","511",0.01552198629360646,,"Cu","Cu36"
"H2O(g) - 0.5H2(g) + * -> OH*","{""OHstar"": ""bridge-8-8""}","UmVhY3Rpb246NDM4NzI2","BEEF-vdW_-1.20VSHE","{""star"": 1, ""H2gas"": -0.5, ""H2Ogas"": 1}","{""OHstar"": 1}","511","Cu36","511",0.1631394643918611,,"Cu","Cu36"
"H2O(g) - 0.5H2(g) + * -> OH*","{""OHstar"": ""bridge-6-9""}","UmVhY3Rpb246NDM4NzQ0","BEEF-vdW_-1.20VSHE","{""star"": 1, ""H2gas"": -0.5, ""H2Ogas"": 1}","{""OHstar"": 1}","310","Cu28","310",0.08070420606236439,,"Cu","Cu28"
"H2O(g) - 0.5H2(g) + * -> OH*","{""OHstar"": ""3foldhollow""}","UmVhY3Rpb246NDM4NzYy","BEEF-vdW_-1.20VSHE","{""star"": 1, ""H2gas"": -0.5, ""H2Ogas"": 1}","{""OHstar"": 1}","310","Cu28","310",-0.19283028281643055,,"Cu","Cu28"
"H2O(g) - 0.5H2(g) + * -> OH*","{""OHstar"": ""ontop-6""}","UmVhY3Rpb246NDM4Nzgw","BEEF-vdW_-1.20VSHE","{""star"": 1, ""H2gas"": -0.5, ""H2Ogas"": 1}","{""OHstar"": 1}","310","Cu28","310",0.5721970591766876,,"Cu","Cu28"
"H2O(g) - 0.5H2(g) + * -> OH*","{""OHstar"": ""bridge""}","UmVhY3Rpb246NDM4Nzk4","BEEF-vdW_-1.20VSHE","{""star"": 1, ""H2gas"": -0.5, ""H2Ogas"": 1}","{""OHstar"": 1}","211","Cu33","211",-0.2656473369570449,,"Cu","Cu33"
"H2O(g) - 0.5H2(g) + * -> OH*","{""OHstar"": ""bridge""}","UmVhY3Rpb246NDM4ODI3","BEEF-vdW_-0.85VSHE","{""star"": 1, ""H2gas"": -0.5, ""H2Ogas"": 1}","{""OHstar"": 1}","100","Cu36","100",0.073232980161265,,"Cu","Cu36"
"H2O(g) - 0.5H2(g) + * -> OH*","{""OHstar"": ""4foldhollow""}","UmVhY3Rpb246NDM4ODMy","BEEF-vdW_-0.85VSHE","{""star"": 1, ""H2gas"": -0.5, ""H2Ogas"": 1}","{""OHstar"": 1}","100","Cu36","100",-0.04353678748884704,,"Cu","Cu36"
"H2O(g) - 0.5H2(g) + * -> OH*","{""OHstar"": ""atop""}","UmVhY3Rpb246NDM4ODQ1","BEEF-vdW_-0.85VSHE","{""star"": 1, ""H2gas"": -0.5, ""H2Ogas"": 1}","{""OHstar"": 1}","100","Cu36","100",0.7251229342800798,,"Cu","Cu36"
"H2O(g) - 0.5H2(g) + * -> OH*","{""OHstar"": ""3foldhollow""}","UmVhY3Rpb246NDM4ODU1","BEEF-vdW_-0.67VSHE","{""star"": 1, ""H2gas"": -0.5, ""H2Ogas"": 1}","{""OHstar"": 1}","111","Cu36","111",0.06726749625522643,,"Cu","Cu36"
"H2O(g) - 0.5H2(g) + * -> OH*","{""OHstar"": ""4foldhollow-7-7-8-8""}","UmVhY3Rpb246NDM4ODg0","BEEF-vdW_-1.04VSHE","{""star"": 1, ""H2gas"": -0.5, ""H2Ogas"": 1}","{""OHstar"": 1}","511","Cu36","511",0.1108368013301515,,"Cu","Cu36"
"H2O(g) - 0.5H2(g) + * -> OH*","{""OHstar"": ""3foldhollow""}","UmVhY3Rpb246NDM4ODg5","BEEF-vdW_-1.04VSHE","{""star"": 1, ""H2gas"": -0.5, ""H2Ogas"": 1}","{""OHstar"": 1}","511","Cu36","511",0.5108310320720193,,"Cu","Cu36"
"H2O(g) - 0.5H2(g) + * -> OH*","{""OHstar"": ""bridge-step""}","UmVhY3Rpb246NDM4ODky","BEEF-vdW_-1.04VSHE","{""star"": 1, ""H2gas"": -0.5, ""H2Ogas"": 1}","{""OHstar"": 1}","511","Cu36","511",0.00683121413749177,,"Cu","Cu36"
"H2O(g) - 0.5H2(g) + * -> OH*","{""OHstar"": ""bridge-8-8""}","UmVhY3Rpb246NDM4OTA4","BEEF-vdW_-1.04VSHE","{""star"": 1, ""H2gas"": -0.5, ""H2Ogas"": 1}","{""OHstar"": 1}","511","Cu36","511",0.1538769130129367,,"Cu","Cu36"
"H2O(g) - 0.5H2(g) + * -> OH*","{""OHstar"": ""bridge-6-9""}","UmVhY3Rpb246NDM4OTI1","BEEF-vdW_-1.04VSHE","{""star"": 1, ""H2gas"": -0.5, ""H2Ogas"": 1}","{""OHstar"": 1}","310","Cu28","310",0.07665018588886596,,"Cu","Cu28"
"H2O(g) - 0.5H2(g) + * -> OH*","{""OHstar"": ""3foldhollow""}","UmVhY3Rpb246NDM4OTQz","BEEF-vdW_-1.04VSHE","{""star"": 1, ""H2gas"": -0.5, ""H2Ogas"": 1}","{""OHstar"": 1}","310","Cu28","310",-0.2032851010444574,,"Cu","Cu28"
"H2O(g) - 0.5H2(g) + * -> OH*","{""OHstar"": ""ontop-6""}","UmVhY3Rpb246NDM4OTYz","BEEF-vdW_-1.04VSHE","{""star"": 1, ""H2gas"": -0.5, ""H2Ogas"": 1}","{""OHstar"": 1}","310","Cu28","310",0.59717853924667,,"Cu","Cu28"
"H2O(g) - 0.5H2(g) + * -> OH*","{""OHstar"": ""bridge""}","UmVhY3Rpb246NDM4OTgx","BEEF-vdW_-1.04VSHE","{""star"": 1, ""H2gas"": -0.5, ""H2Ogas"": 1}","{""OHstar"": 1}","211","Cu33","211",-0.2617446120857494,,"Cu","Cu33"
"H2O(g) - 0.5H2(g) + * -> OH*","{""OHstar"": ""bridge""}","UmVhY3Rpb246NDM5MDEw","BEEF-vdW_-0.07VSHE","{""star"": 1, ""H2gas"": -0.5, ""H2Ogas"": 1}","{""OHstar"": 1}","100","Cu36","100",0.008391651004785672,,"Cu","Cu36"
"H2O(g) - 0.5H2(g) + * -> OH*","{""OHstar"": ""4foldhollow""}","UmVhY3Rpb246NDM5MDE1","BEEF-vdW_-0.07VSHE","{""star"": 1, ""H2gas"": -0.5, ""H2Ogas"": 1}","{""OHstar"": 1}","100","Cu36","100",-0.1477134662491153,,"Cu","Cu36"
"H2O(g) - 0.5H2(g) + * -> OH*","{""OHstar"": ""atop""}","UmVhY3Rpb246NDM5MDI5","BEEF-vdW_-0.07VSHE","{""star"": 1, ""H2gas"": -0.5, ""H2Ogas"": 1}","{""OHstar"": 1}","100","Cu36","100",0.751642197748879,,"Cu","Cu36"
"H2O(g) - 0.5H2(g) + * -> OH*","{""OHstar"": ""3foldhollow""}","UmVhY3Rpb246NDM5MDM5","BEEF-vdW_-0.20VSHE","{""star"": 1, ""H2gas"": -0.5, ""H2Ogas"": 1}","{""OHstar"": 1}","111","Cu36","111",0.005773167453298811,,"Cu","Cu36"
"H2O(g) - 0.5H2(g) + * -> OH*","{""OHstar"": ""3foldhollow""}","UmVhY3Rpb246NDM5MDY0","BEEF-vdW_-0.36VSHE","{""star"": 1, ""H2gas"": -0.5, ""H2Ogas"": 1}","{""OHstar"": 1}","111","Cu36","111",0.029459793760906905,,"Cu","Cu36"
"H2O(g) - 0.5H2(g) + * -> OH*","{""OHstar"": ""3foldhollow""}","UmVhY3Rpb246NDM5MDg5","BEEF-vdW_-0.04VSHE","{""star"": 1, ""H2gas"": -0.5, ""H2Ogas"": 1}","{""OHstar"": 1}","111","Cu36","111",-0.02358390334120486,,"Cu","Cu36"
"H2O(g) - 0.5H2(g) + * -> OH*","{""OHstar"": ""bridge""}","UmVhY3Rpb246NDM5MTE3","BEEF-vdW_-0.38VSHE","{""star"": 1, ""H2gas"": -0.5, ""H2Ogas"": 1}","{""OHstar"": 1}","100","Cu36","100",0.036638837431382854,,"Cu","Cu36"
"H2O(g) - 0.5H2(g) + * -> OH*","{""OHstar"": ""4foldhollow""}","UmVhY3Rpb246NDM5MTIy","BEEF-vdW_-0.38VSHE","{""star"": 1, ""H2gas"": -0.5, ""H2Ogas"": 1}","{""OHstar"": 1}","100","Cu36","100",-0.10397395395557396,,"Cu","Cu36"
"H2O(g) - 0.5H2(g) + * -> OH*","{""OHstar"": ""atop""}","UmVhY3Rpb246NDM5MTM2","BEEF-vdW_-0.38VSHE","{""star"": 1, ""H2gas"": -0.5, ""H2Ogas"": 1}","{""OHstar"": 1}","100","Cu36","100",0.7457319529494271,,"Cu","Cu36"
"H2O(g) - 0.5H2(g) + * -> OH*","{""OHstar"": ""4foldhollow-7-7-8-8""}","UmVhY3Rpb246NDM5MTUy","BEEF-vdW_-0.89VSHE","{""star"": 1, ""H2gas"": -0.5, ""H2Ogas"": 1}","{""OHstar"": 1}","511","Cu36","511",0.09335593545984011,,"Cu","Cu36"
"H2O(g) - 0.5H2(g) + * -> OH*","{""OHstar"": ""3foldhollow""}","UmVhY3Rpb246NDM5MTU3","BEEF-vdW_-0.89VSHE","{""star"": 1, ""H2gas"": -0.5, ""H2Ogas"": 1}","{""OHstar"": 1}","511","Cu36","511",0.5011473164777271,,"Cu","Cu36"
"H2O(g) - 0.5H2(g) + * -> OH*","{""OHstar"": ""bridge-step""}","UmVhY3Rpb246NDM5MTYw","BEEF-vdW_-0.89VSHE","{""star"": 1, ""H2gas"": -0.5, ""H2Ogas"": 1}","{""OHstar"": 1}","511","Cu36","511",0.003046926809474826,,"Cu","Cu36"
"H2O(g) - 0.5H2(g) + * -> OH*","{""OHstar"": ""bridge-7-8""}","UmVhY3Rpb246NDM5MTY4","BEEF-vdW_-0.89VSHE","{""star"": 1, ""H2gas"": -0.5, ""H2Ogas"": 1}","{""OHstar"": 1}","511","Cu36","511",0.2468162421573652,,"Cu","Cu36"
"H2O(g) - 0.5H2(g) + * -> OH*","{""OHstar"": ""bridge-8-8""}","UmVhY3Rpb246NDM5MTc3","BEEF-vdW_-0.89VSHE","{""star"": 1, ""H2gas"": -0.5, ""H2Ogas"": 1}","{""OHstar"": 1}","511","Cu36","511",0.14760346424009185,,"Cu","Cu36"
"H2O(g) - 0.5H2(g) + * -> OH*","{""OHstar"": ""bridge-6-9""}","UmVhY3Rpb246NDM5MTkz","BEEF-vdW_-0.89VSHE","{""star"": 1, ""H2gas"": -0.5, ""H2Ogas"": 1}","{""OHstar"": 1}","310","Cu28","310",0.07000938343117014,,"Cu","Cu28"
"H2O(g) - 0.5H2(g) + * -> OH*","{""OHstar"": ""3foldhollow""}","UmVhY3Rpb246NDM5MjEw","BEEF-vdW_-0.89VSHE","{""star"": 1, ""H2gas"": -0.5, ""H2Ogas"": 1}","{""OHstar"": 1}","310","Cu28","310",-0.2179921063434449,,"Cu","Cu28"
"H2O(g) - 0.5H2(g) + * -> OH*","{""OHstar"": ""ontop-6""}","UmVhY3Rpb246NDM5MjMx","BEEF-vdW_-0.89VSHE","{""star"": 1, ""H2gas"": -0.5, ""H2Ogas"": 1}","{""OHstar"": 1}","310","Cu28","310",0.6146419218057417,,"Cu","Cu28"
"H2O(g) - 0.5H2(g) + * -> OH*","{""OHstar"": ""bridge""}","UmVhY3Rpb246NDM5MjQ5","BEEF-vdW_-0.89VSHE","{""star"": 1, ""H2gas"": -0.5, ""H2Ogas"": 1}","{""OHstar"": 1}","211","Cu33","211",-0.25866673233394977,,"Cu","Cu33"
"H2O(g) - 0.5H2(g) + * -> OH*","{""OHstar"": ""3foldhollow""}","UmVhY3Rpb246NDM5Mjc1","BEEF-vdW_0.27VSHE","{""star"": 1, ""H2gas"": -0.5, ""H2Ogas"": 1}","{""OHstar"": 1}","111","Cu36","111",-0.06853241747739958,,"Cu","Cu36"
"H2O(g) - 0.5H2(g) + * -> OH*","{""OHstar"": ""ontop-step""}","UmVhY3Rpb246NDM5MzA3","BEEF-vdW_-0.73VSHE","{""star"": 1, ""H2gas"": -0.5, ""H2Ogas"": 1}","{""OHstar"": 1}","511","Cu36","511",0.49759364563942654,,"Cu","Cu36"
"H2O(g) - 0.5H2(g) + * -> OH*","{""OHstar"": ""4foldhollow-7-7-8-8""}","UmVhY3Rpb246NDM5MzEx","BEEF-vdW_-0.73VSHE","{""star"": 1, ""H2gas"": -0.5, ""H2Ogas"": 1}","{""OHstar"": 1}","511","Cu36","511",0.07484675134037388,,"Cu","Cu36"
"H2O(g) - 0.5H2(g) + * -> OH*","{""OHstar"": ""3foldhollow""}","UmVhY3Rpb246NDM5MzE3","BEEF-vdW_-0.73VSHE","{""star"": 1, ""H2gas"": -0.5, ""H2Ogas"": 1}","{""OHstar"": 1}","511","Cu36","511",0.4937016692565521,,"Cu","Cu36"
"H2O(g) - 0.5H2(g) + * -> OH*","{""OHstar"": ""bridge-step""}","UmVhY3Rpb246NDM5MzIx","BEEF-vdW_-0.73VSHE","{""star"": 1, ""H2gas"": -0.5, ""H2Ogas"": 1}","{""OHstar"": 1}","511","Cu36","511",-0.009921679171384312,,"Cu","Cu36"
"H2O(g) - 0.5H2(g) + * -> OH*","{""OHstar"": ""bridge-7-8""}","UmVhY3Rpb246NDM5MzMw","BEEF-vdW_-0.73VSHE","{""star"": 1, ""H2gas"": -0.5, ""H2Ogas"": 1}","{""OHstar"": 1}","511","Cu36","511",0.2367995272288681,,"Cu","Cu36"
"H2O(g) - 0.5H2(g) + * -> OH*","{""OHstar"": ""bridge-8-8""}","UmVhY3Rpb246NDM5MzM5","BEEF-vdW_-0.73VSHE","{""star"": 1, ""H2gas"": -0.5, ""H2Ogas"": 1}","{""OHstar"": 1}","511","Cu36","511",0.1383731583264307,,"Cu","Cu36"
"H2O(g) - 0.5H2(g) + * -> OH*","{""OHstar"": ""bridge-6-9""}","UmVhY3Rpb246NDM5MzU4","BEEF-vdW_-0.73VSHE","{""star"": 1, ""H2gas"": -0.5, ""H2Ogas"": 1}","{""OHstar"": 1}","310","Cu28","310",0.06028097312810132,,"Cu","Cu28"
"H2O(g) - 0.5H2(g) + * -> OH*","{""OHstar"": ""3foldhollow""}","UmVhY3Rpb246NDM5Mzc3","BEEF-vdW_-0.73VSHE","{""star"": 1, ""H2gas"": -0.5, ""H2Ogas"": 1}","{""OHstar"": 1}","310","Cu28","310",-0.233162181400985,,"Cu","Cu28"
"H2O(g) - 0.5H2(g) + * -> OH*","{""OHstar"": ""ontop-6""}","UmVhY3Rpb246NDM5Mzk3","BEEF-vdW_-0.73VSHE","{""star"": 1, ""H2gas"": -0.5, ""H2Ogas"": 1}","{""OHstar"": 1}","310","Cu28","310",0.6309994336697855,,"Cu","Cu28"
"H2O(g) - 0.5H2(g) + * -> OH*","{""OHstar"": ""bridge""}","UmVhY3Rpb246NDM5NDE0","BEEF-vdW_-0.73VSHE","{""star"": 1, ""H2gas"": -0.5, ""H2Ogas"": 1}","{""OHstar"": 1}","211","Cu33","211",-0.25856611822382547,,"Cu","Cu33"
"H2O(g) - 0.5H2(g) + * -> OH*","{""OHstar"": ""3foldhollow""}","UmVhY3Rpb246NDM5NDM5","BEEF-vdW_-0.51VSHE","{""star"": 1, ""H2gas"": -0.5, ""H2Ogas"": 1}","{""OHstar"": 1}","111","Cu36","111",0.05260715845361119,,"Cu","Cu36"
"H2O(g) - 0.5H2(g) + * -> OH*","{""OHstar"": ""bridge""}","UmVhY3Rpb246NDM5NDY2","BEEF-vdW_-0.23VSHE","{""star"": 1, ""H2gas"": -0.5, ""H2Ogas"": 1}","{""OHstar"": 1}","100","Cu36","100",0.02302770263486309,,"Cu","Cu36"
"H2O(g) - 0.5H2(g) + * -> OH*","{""OHstar"": ""4foldhollow""}","UmVhY3Rpb246NDM5NDcx","BEEF-vdW_-0.23VSHE","{""star"": 1, ""H2gas"": -0.5, ""H2Ogas"": 1}","{""OHstar"": 1}","100","Cu36","100",-0.12529856402397854,,"Cu","Cu36"
"H2O(g) - 0.5H2(g) + * -> OH*","{""OHstar"": ""atop""}","UmVhY3Rpb246NDM5NDg1","BEEF-vdW_-0.23VSHE","{""star"": 1, ""H2gas"": -0.5, ""H2Ogas"": 1}","{""OHstar"": 1}","100","Cu36","100",0.750110604953079,,"Cu","Cu36"
"H2O(g) - 0.5H2(g) + * -> OH*","{""OHstar"": ""bridge""}","UmVhY3Rpb246NDM5NDk4","BEEF-vdW_-0.70VSHE","{""star"": 1, ""H2gas"": -0.5, ""H2Ogas"": 1}","{""OHstar"": 1}","100","Cu36","100",0.061619093001354486,,"Cu","Cu36"
"H2O(g) - 0.5H2(g) + * -> OH*","{""OHstar"": ""4foldhollow""}","UmVhY3Rpb246NDM5NTAz","BEEF-vdW_-0.70VSHE","{""star"": 1, ""H2gas"": -0.5, ""H2Ogas"": 1}","{""OHstar"": 1}","100","Cu36","100",-0.06317789718013955,,"Cu","Cu36"
"H2O(g) - 0.5H2(g) + * -> OH*","{""OHstar"": ""atop""}","UmVhY3Rpb246NDM5NTE2","BEEF-vdW_-0.70VSHE","{""star"": 1, ""H2gas"": -0.5, ""H2Ogas"": 1}","{""OHstar"": 1}","100","Cu36","100",0.7337596918368945,,"Cu","Cu36"
"H2O(g) - 0.5H2(g) + * -> OH*","{""OHstar"": ""3foldhollow""}","UmVhY3Rpb246NDM5NTI2","BEEF-vdW_0.11VSHE","{""star"": 1, ""H2gas"": -0.5, ""H2Ogas"": 1}","{""OHstar"": 1}","111","Cu36","111",-0.04439748358709039,,"Cu","Cu36"
"H2O(g) - 0.5H2(g) + * -> OH*","{""OHstar"": ""4foldhollow-7-7-8-8""}","UmVhY3Rpb246NDM5NTU3","BEEF-vdW_-0.42VSHE","{""star"": 1, ""H2gas"": -0.5, ""H2Ogas"": 1}","{""OHstar"": 1}","511","Cu36","511",0.03245882853661897,,"Cu","Cu36"
"H2O(g) - 0.5H2(g) + * -> OH*","{""OHstar"": ""3foldhollow""}","UmVhY3Rpb246NDM5NTYy","BEEF-vdW_-0.42VSHE","{""star"": 1, ""H2gas"": -0.5, ""H2Ogas"": 1}","{""OHstar"": 1}","511","Cu36","511",0.46211197236698354,,"Cu","Cu36"
"H2O(g) - 0.5H2(g) + * -> OH*","{""OHstar"": ""bridge-step""}","UmVhY3Rpb246NDM5NTY1","BEEF-vdW_-0.42VSHE","{""star"": 1, ""H2gas"": -0.5, ""H2Ogas"": 1}","{""OHstar"": 1}","511","Cu36","511",-0.03239127628330607,,"Cu","Cu36"
"H2O(g) - 0.5H2(g) + * -> OH*","{""OHstar"": ""bridge-7-8""}","UmVhY3Rpb246NDM5NTcx","BEEF-vdW_-0.42VSHE","{""star"": 1, ""H2gas"": -0.5, ""H2Ogas"": 1}","{""OHstar"": 1}","511","Cu36","511",0.21020216708711814,,"Cu","Cu36"
"H2O(g) - 0.5H2(g) + * -> OH*","{""OHstar"": ""bridge-8-8""}","UmVhY3Rpb246NDM5NTgw","BEEF-vdW_-0.42VSHE","{""star"": 1, ""H2gas"": -0.5, ""H2Ogas"": 1}","{""OHstar"": 1}","511","Cu36","511",0.11561273955157958,,"Cu","Cu36"
"H2O(g) - 0.5H2(g) + * -> OH*","{""OHstar"": ""bridge-6-9""}","UmVhY3Rpb246NDM5NTk3","BEEF-vdW_-0.42VSHE","{""star"": 1, ""H2gas"": -0.5, ""H2Ogas"": 1}","{""OHstar"": 1}","310","Cu28","310",0.045203280737041496,,"Cu","Cu28"
"H2O(g) - 0.5H2(g) + * -> OH*","{""OHstar"": ""3foldhollow""}","UmVhY3Rpb246NDM5NjE1","BEEF-vdW_-0.42VSHE","{""star"": 1, ""H2gas"": -0.5, ""H2Ogas"": 1}","{""OHstar"": 1}","310","Cu28","310",-0.26519834909413476,,"Cu","Cu28"
"H2O(g) - 0.5H2(g) + * -> OH*","{""OHstar"": ""ontop-6""}","UmVhY3Rpb246NDM5NjM1","BEEF-vdW_-0.42VSHE","{""star"": 1, ""H2gas"": -0.5, ""H2Ogas"": 1}","{""OHstar"": 1}","310","Cu28","310",0.6596113206906011,,"Cu","Cu28"
"H2O(g) - 0.5H2(g) + * -> OH*","{""OHstar"": ""bridge""}","UmVhY3Rpb246NDM5NjUz","BEEF-vdW_-0.42VSHE","{""star"": 1, ""H2gas"": -0.5, ""H2Ogas"": 1}","{""OHstar"": 1}","211","Cu33","211",-0.26260156662465306,,"Cu","Cu33"
"H2O(g) - 0.5H2(g) + * -> OH*","{""OHstar"": ""ontop-step""}","UmVhY3Rpb246NDM5Njgy","BEEF-vdW_-0.57VSHE","{""star"": 1, ""H2gas"": -0.5, ""H2Ogas"": 1}","{""OHstar"": 1}","511","Cu36","511",0.5277490304433741,,"Cu","Cu36"
"H2O(g) - 0.5H2(g) + * -> OH*","{""OHstar"": ""4foldhollow-7-7-8-8""}","UmVhY3Rpb246NDM5Njg0","BEEF-vdW_-0.57VSHE","{""star"": 1, ""H2gas"": -0.5, ""H2Ogas"": 1}","{""OHstar"": 1}","511","Cu36","511",0.05269185388897313,,"Cu","Cu36"
"H2O(g) - 0.5H2(g) + * -> OH*","{""OHstar"": ""3foldhollow""}","UmVhY3Rpb246NDM5Njg5","BEEF-vdW_-0.57VSHE","{""star"": 1, ""H2gas"": -0.5, ""H2Ogas"": 1}","{""OHstar"": 1}","511","Cu36","511",0.4831792987897643,,"Cu","Cu36"
"H2O(g) - 0.5H2(g) + * -> OH*","{""OHstar"": ""bridge-step""}","UmVhY3Rpb246NDM5Njky","BEEF-vdW_-0.57VSHE","{""star"": 1, ""H2gas"": -0.5, ""H2Ogas"": 1}","{""OHstar"": 1}","511","Cu36","511",-0.023272060869203415,,"Cu","Cu36"
"H2O(g) - 0.5H2(g) + * -> OH*","{""OHstar"": ""bridge-7-8""}","UmVhY3Rpb246NDM5Njk5","BEEF-vdW_-0.57VSHE","{""star"": 1, ""H2gas"": -0.5, ""H2Ogas"": 1}","{""OHstar"": 1}","511","Cu36","511",0.22089882649015635,,"Cu","Cu36"
"H2O(g) - 0.5H2(g) + * -> OH*","{""OHstar"": ""bridge-8-8""}","UmVhY3Rpb246NDM5NzA4","BEEF-vdW_-0.57VSHE","{""star"": 1, ""H2gas"": -0.5, ""H2Ogas"": 1}","{""OHstar"": 1}","511","Cu36","511",0.1269399547818466,,"Cu","Cu36"
"H2O(g) - 0.5H2(g) + * -> OH*","{""OHstar"": ""bridge-6-9""}","UmVhY3Rpb246NDM5NzI2","BEEF-vdW_-0.57VSHE","{""star"": 1, ""H2gas"": -0.5, ""H2Ogas"": 1}","{""OHstar"": 1}","310","Cu28","310",0.054761755927756894,,"Cu","Cu28"
"H2O(g) - 0.5H2(g) + * -> OH*","{""OHstar"": ""3foldhollow""}","UmVhY3Rpb246NDM5NzQ1","BEEF-vdW_-0.57VSHE","{""star"": 1, ""H2gas"": -0.5, ""H2Ogas"": 1}","{""OHstar"": 1}","310","Cu28","310",-0.24866171829489758,,"Cu","Cu28"
"H2O(g) - 0.5H2(g) + * -> OH*","{""OHstar"": ""ontop-6""}","UmVhY3Rpb246NDM5NzY1","BEEF-vdW_-0.57VSHE","{""star"": 1, ""H2gas"": -0.5, ""H2Ogas"": 1}","{""OHstar"": 1}","310","Cu28","310",0.647487900336273,,"Cu","Cu28"
"H2O(g) - 0.5H2(g) + * -> OH*","{""OHstar"": ""bridge""}","UmVhY3Rpb246NDM5Nzgy","BEEF-vdW_-0.57VSHE","{""star"": 1, ""H2gas"": -0.5, ""H2Ogas"": 1}","{""OHstar"": 1}","211","Cu33","211",-0.26071574960951693,,"Cu","Cu33"
"H2O(g) - 0.5H2(g) + * -> OH*","{""OHstar"": ""bridge""}","UmVhY3Rpb246NDM5ODEw","BEEF-vdW_-1.01VSHE","{""star"": 1, ""H2gas"": -0.5, ""H2Ogas"": 1}","{""OHstar"": 1}","100","Cu36","100",0.08268240573670482,,"Cu","Cu36"
"H2O(g) - 0.5H2(g) + * -> OH*","{""OHstar"": ""4foldhollow""}","UmVhY3Rpb246NDM5ODE1","BEEF-vdW_-1.01VSHE","{""star"": 1, ""H2gas"": -0.5, ""H2Ogas"": 1}","{""OHstar"": 1}","100","Cu36","100",-0.026316402581869625,,"Cu","Cu36"
"H2O(g) - 0.5H2(g) + * -> OH*","{""OHstar"": ""atop""}","UmVhY3Rpb246NDM5ODI4","BEEF-vdW_-1.01VSHE","{""star"": 1, ""H2gas"": -0.5, ""H2Ogas"": 1}","{""OHstar"": 1}","100","Cu36","100",0.7144571598037146,,"Cu","Cu36"
"H2O(g) - 0.5H2(g) + * -> OH*","{""OH"": ""hollow|A_A_A|FCC""}","UmVhY3Rpb246MzM5MDk5","BEEF-vdW","{""star"": 1, ""H2gas"": -0.5, ""H2Ogas"": 1.0}","{""OHstar"": 1}","111","Ga12","111",0.2459182557767008,,"Ga","Ga12"
"H2O(g) - 0.5H2(g) + * -> OH*","{""OH"": ""hollow|A_A_A|HCP""}","UmVhY3Rpb246MzM5MTAw","BEEF-vdW","{""star"": 1, ""H2gas"": -0.5, ""H2Ogas"": 1.0}","{""OHstar"": 1}","111","Ga12","111",0.36038811217883904,,"Ga","Ga12"
"H2O(g) - 0.5H2(g) + * -> OH*","{""OH"": ""hollow|A_A_B|FCC""}","UmVhY3Rpb246NDI2MDAw","BEEF-vdW","{""star"": 1, ""H2gas"": -0.5, ""H2Ogas"": 1.0}","{""OHstar"": 1}","111","Ag9Bi3","111",0.6129463536825597,,"Ag3Bi","Ag9Bi3"
"H2O(g) - 0.5H2(g) + * -> OH*","{""OH"": ""top-tilt|A""}","UmVhY3Rpb246NDI2MTMz","BEEF-vdW","{""star"": 1, ""H2gas"": -0.5, ""H2Ogas"": 1.0}","{""OHstar"": 1}","101","Ag6Rh6","101",1.3237210338819523,,"AgRh","Ag6Rh6"
"H2O(g) - 0.5H2(g) + * -> OH*","{""OH"": ""bridge|A_A|A""}","UmVhY3Rpb246NDI2MTM5","BEEF-vdW","{""star"": 1, ""H2gas"": -0.5, ""H2Ogas"": 1.0}","{""OHstar"": 1}","101","Ag6Ru6","101",1.0407324377855502,,"AgRu","Ag6Ru6"
"H2O(g) - 0.5H2(g) + * -> OH*","{""OH"": ""bridge|B_B|A""}","UmVhY3Rpb246NDI2MTQw","BEEF-vdW","{""star"": 1, ""H2gas"": -0.5, ""H2Ogas"": 1.0}","{""OHstar"": 1}","101","Ag6Ru6","101",-0.021354541614641676,,"AgRu","Ag6Ru6"
"H2O(g) - 0.5H2(g) + * -> OH*","{""OH"": ""bridge|B_B|B""}","UmVhY3Rpb246NDI2MTQx","BEEF-vdW","{""star"": 1, ""H2gas"": -0.5, ""H2Ogas"": 1.0}","{""OHstar"": 1}","101","Ag6Ru6","101",0.017100586080118774,,"AgRu","Ag6Ru6"
"H2O(g) - 0.5H2(g) + * -> OH*","{""OH"": ""hollow-tilt|A_A_B|HCP""}","UmVhY3Rpb246NDI2MTQy","BEEF-vdW","{""star"": 1, ""H2gas"": -0.5, ""H2Ogas"": 1.0}","{""OHstar"": 1}","101","Ag6Ru6","101",0.49462363747886684,,"AgRu","Ag6Ru6"
"H2O(g) - 0.5H2(g) + * -> OH*","{""OH"": ""hollow|A_A_B|HCP""}","UmVhY3Rpb246NDI2MDAx","BEEF-vdW","{""star"": 1, ""H2gas"": -0.5, ""H2Ogas"": 1.0}","{""OHstar"": 1}","111","Ag9Bi3","111",0.6645350557854499,,"Ag3Bi","Ag9Bi3"
"H2O(g) - 0.5H2(g) + * -> OH*","{""OH"": ""top|B""}","UmVhY3Rpb246NDI2MTQz","BEEF-vdW","{""star"": 1, ""H2gas"": -0.5, ""H2Ogas"": 1.0}","{""OHstar"": 1}","101","Ag6Ru6","101",-0.033963480516035816,,"AgRu","Ag6Ru6"
"H2O(g) - 0.5H2(g) + * -> OH*","{""OH"": ""top|B""}","UmVhY3Rpb246NDI2MDAy","BEEF-vdW","{""star"": 1, ""H2gas"": -0.5, ""H2Ogas"": 1.0}","{""OHstar"": 1}","111","Ag9Bi3","111",1.0560895903807932,,"Ag3Bi","Ag9Bi3"
"H2O(g) - 0.5H2(g) + * -> OH*","{""OH"": ""hollow|A_A_A|FCC""}","UmVhY3Rpb246NDI2MDE0","BEEF-vdW","{""star"": 1, ""H2gas"": -0.5, ""H2Ogas"": 1.0}","{""OHstar"": 1}","111","Ag9Cu3","111",0.6571138311745699,,"Ag3Cu","Ag9Cu3"
"H2O(g) - 0.5H2(g) + * -> OH*","{""OH"": ""hollow|A_A_A|HCP""}","UmVhY3Rpb246NDI2MDE1","BEEF-vdW","{""star"": 1, ""H2gas"": -0.5, ""H2Ogas"": 1.0}","{""OHstar"": 1}","111","Ag9Cu3","111",0.7084841619770259,,"Ag3Cu","Ag9Cu3"
"H2O(g) - 0.5H2(g) + * -> OH*","{""OH"": ""hollow|A_A_B|FCC""}","UmVhY3Rpb246NDI2MDE2","BEEF-vdW","{""star"": 1, ""H2gas"": -0.5, ""H2Ogas"": 1.0}","{""OHstar"": 1}","111","Ag9Cu3","111",0.2957799873810245,,"Ag3Cu","Ag9Cu3"
"H2O(g) - 0.5H2(g) + * -> OH*","{""OH"": ""hollow|A_A_B|HCP""}","UmVhY3Rpb246NDI2MDE3","BEEF-vdW","{""star"": 1, ""H2gas"": -0.5, ""H2Ogas"": 1.0}","{""OHstar"": 1}","111","Ag9Cu3","111",0.31851332988014747,,"Ag3Cu","Ag9Cu3"
"H2O(g) - 0.5H2(g) + * -> OH*","{""OH"": ""top|B""}","UmVhY3Rpb246NDI2MDE4","BEEF-vdW","{""star"": 1, ""H2gas"": -0.5, ""H2Ogas"": 1.0}","{""OHstar"": 1}","111","Ag9Cu3","111",0.7860828652745795,,"Ag3Cu","Ag9Cu3"
"H2O(g) - 0.5H2(g) + * -> OH*","{""OH"": ""hollow|A_A_A|FCC""}","UmVhY3Rpb246MzM5MTM1","BEEF-vdW","{""star"": 1, ""H2gas"": -0.5, ""H2Ogas"": 1.0}","{""OHstar"": 1}","111","Hf12","111",-2.579290068420164,,"Hf","Hf12"
"H2O(g) - 0.5H2(g) + * -> OH*","{""OH"": ""hollow|A_A_A|HCP""}","UmVhY3Rpb246MzM5MTM2","BEEF-vdW","{""star"": 1, ""H2gas"": -0.5, ""H2Ogas"": 1.0}","{""OHstar"": 1}","111","Hf12","111",-2.2831012300185876,,"Hf","Hf12"
"H2O(g) - 0.5H2(g) + * -> OH*","{""OH"": ""bridge|A_A|B""}","UmVhY3Rpb246NDI2MDIy","BEEF-vdW","{""star"": 1, ""H2gas"": -0.5, ""H2Ogas"": 1.0}","{""OHstar"": 1}","111","Ag9Pd3","111",0.9011399433774159,,"Ag3Pd","Ag9Pd3"
"H2O(g) - 0.5H2(g) + * -> OH*","{""OH"": ""hollow|A_A_A|FCC""}","UmVhY3Rpb246NDI2MDIz","BEEF-vdW","{""star"": 1, ""H2gas"": -0.5, ""H2Ogas"": 1.0}","{""OHstar"": 1}","111","Ag9Pd3","111",0.6618731021779922,,"Ag3Pd","Ag9Pd3"
"H2O(g) - 0.5H2(g) + * -> OH*","{""OH"": ""hollow|A_A_A|HCP""}","UmVhY3Rpb246NDI2MDI0","BEEF-vdW","{""star"": 1, ""H2gas"": -0.5, ""H2Ogas"": 1.0}","{""OHstar"": 1}","111","Ag9Pd3","111",0.8663557673834248,,"Ag3Pd","Ag9Pd3"
"H2O(g) - 0.5H2(g) + * -> OH*","{""OH"": ""top|A""}","UmVhY3Rpb246MzM5MTM5","BEEF-vdW","{""star"": 1, ""H2gas"": -0.5, ""H2Ogas"": 1.0}","{""OHstar"": 1}","111","Hf12","111",-1.424037025018265,,"Hf","Hf12"
"H2O(g) - 0.5H2(g) + * -> OH*","{""OH"": ""hollow|A_A_B|FCC""}","UmVhY3Rpb246NDI2MDI1","BEEF-vdW","{""star"": 1, ""H2gas"": -0.5, ""H2Ogas"": 1.0}","{""OHstar"": 1}","111","Ag9Pd3","111",0.7241181903781353,,"Ag3Pd","Ag9Pd3"
"H2O(g) - 0.5H2(g) + * -> OH*","{""OH"": ""hollow|A_A_B|HCP""}","UmVhY3Rpb246NDI2MDI2","BEEF-vdW","{""star"": 1, ""H2gas"": -0.5, ""H2Ogas"": 1.0}","{""OHstar"": 1}","111","Ag9Pd3","111",0.7383972279830004,,"Ag3Pd","Ag9Pd3"
"H2O(g) - 0.5H2(g) + * -> OH*","{""OH"": ""top|B""}","UmVhY3Rpb246NDI2MDI3","BEEF-vdW","{""star"": 1, ""H2gas"": -0.5, ""H2Ogas"": 1.0}","{""OHstar"": 1}","111","Ag9Pd3","111",1.2875079881822558,,"Ag3Pd","Ag9Pd3"
"H2O(g) - 0.5H2(g) + * -> OH*","{""OH"": ""top-tilt|A""}","UmVhY3Rpb246NDI2MDI4","BEEF-vdW","{""star"": 1, ""H2gas"": -0.5, ""H2Ogas"": 1.0}","{""OHstar"": 1}","111","Ag9Pd3","111",1.2480450868796424,,"Ag3Pd","Ag9Pd3"
"H2O(g) - 0.5H2(g) + * -> OH*","{""OH"": ""hollow|A_A_A|FCC""}","UmVhY3Rpb246NDI2MDI5","BEEF-vdW","{""star"": 1, ""H2gas"": -0.5, ""H2Ogas"": 1.0}","{""OHstar"": 1}","111","Ag9Pt3","111",0.7573574399838208,,"Ag3Pt","Ag9Pt3"
"H2O(g) - 0.5H2(g) + * -> OH*","{""OH"": ""hollow|A_A_A|HCP""}","UmVhY3Rpb246NDI2MDMw","BEEF-vdW","{""star"": 1, ""H2gas"": -0.5, ""H2Ogas"": 1.0}","{""OHstar"": 1}","111","Ag9Pt3","111",1.0031484824838799,,"Ag3Pt","Ag9Pt3"
"H2O(g) - 0.5H2(g) + * -> OH*","{""OH"": ""top|B""}","UmVhY3Rpb246NDI2MDMx","BEEF-vdW","{""star"": 1, ""H2gas"": -0.5, ""H2Ogas"": 1.0}","{""OHstar"": 1}","111","Ag9Pt3","111",0.6598892562805077,,"Ag3Pt","Ag9Pt3"
"H2O(g) - 0.5H2(g) + * -> OH*","{""OH"": ""top-tilt|A""}","UmVhY3Rpb246NDI2MDMy","BEEF-vdW","{""star"": 1, ""H2gas"": -0.5, ""H2Ogas"": 1.0}","{""OHstar"": 1}","111","Ag9Pt3","111",1.3035667863849767,,"Ag3Pt","Ag9Pt3"
"H2O(g) - 0.5H2(g) + * -> OH*","{""OH"": ""hollow|A_A_A|FCC""}","UmVhY3Rpb246NDI2MDMz","BEEF-vdW","{""star"": 1, ""H2gas"": -0.5, ""H2Ogas"": 1.0}","{""OHstar"": 1}","111","Ag9Re3","111",0.6052921995841416,,"Ag3Re","Ag9Re3"
"H2O(g) - 0.5H2(g) + * -> OH*","{""OH"": ""hollow|A_A_A|HCP""}","UmVhY3Rpb246NDI2MDM0","BEEF-vdW","{""star"": 1, ""H2gas"": -0.5, ""H2Ogas"": 1.0}","{""OHstar"": 1}","111","Ag9Re3","111",1.2364143971834665,,"Ag3Re","Ag9Re3"
"H2O(g) - 0.5H2(g) + * -> OH*","{""OH"": ""bridge-tilt|A_B|A""}","UmVhY3Rpb246NDI2MDM2","BEEF-vdW","{""star"": 1, ""H2gas"": -0.5, ""H2Ogas"": 1.0}","{""OHstar"": 1}","111","Ag9Rh3","111",0.28351595278661534,,"Ag3Rh","Ag9Rh3"
"H2O(g) - 0.5H2(g) + * -> OH*","{""OH"": ""hollow|A_A_A|FCC""}","UmVhY3Rpb246NDI2MDM3","BEEF-vdW","{""star"": 1, ""H2gas"": -0.5, ""H2Ogas"": 1.0}","{""OHstar"": 1}","111","Ag9Rh3","111",0.6994604588807078,,"Ag3Rh","Ag9Rh3"
"H2O(g) - 0.5H2(g) + * -> OH*","{""OH"": ""hollow|A_A_A|HCP""}","UmVhY3Rpb246NDI2MDM4","BEEF-vdW","{""star"": 1, ""H2gas"": -0.5, ""H2Ogas"": 1.0}","{""OHstar"": 1}","111","Ag9Rh3","111",1.0801758829810524,,"Ag3Rh","Ag9Rh3"
"H2O(g) - 0.5H2(g) + * -> OH*","{""OH"": ""top|A""}","UmVhY3Rpb246NDI2MDM5","BEEF-vdW","{""star"": 1, ""H2gas"": -0.5, ""H2Ogas"": 1.0}","{""OHstar"": 1}","111","Ag9Rh3","111",1.2530567435795774,,"Ag3Rh","Ag9Rh3"
"H2O(g) - 0.5H2(g) + * -> OH*","{""OH"": ""top|B""}","UmVhY3Rpb246NDI2MDQw","BEEF-vdW","{""star"": 1, ""H2gas"": -0.5, ""H2Ogas"": 1.0}","{""OHstar"": 1}","111","Ag9Rh3","111",0.26399736318569467,,"Ag3Rh","Ag9Rh3"
"H2O(g) - 0.5H2(g) + * -> OH*","{""OH"": ""hollow|A_A_A|FCC""}","UmVhY3Rpb246NDI2MDQy","BEEF-vdW","{""star"": 1, ""H2gas"": -0.5, ""H2Ogas"": 1.0}","{""OHstar"": 1}","111","Ag9Ru3","111",0.6498040370832996,,"Ag3Ru","Ag9Ru3"
"H2O(g) - 0.5H2(g) + * -> OH*","{""OH"": ""hollow|A_A_A|HCP""}","UmVhY3Rpb246NDI2MDQz","BEEF-vdW","{""star"": 1, ""H2gas"": -0.5, ""H2Ogas"": 1.0}","{""OHstar"": 1}","111","Ag9Ru3","111",1.141720822179991,,"Ag3Ru","Ag9Ru3"
"H2O(g) - 0.5H2(g) + * -> OH*","{""OH"": ""top|A""}","UmVhY3Rpb246NDI2MDQ0","BEEF-vdW","{""star"": 1, ""H2gas"": -0.5, ""H2Ogas"": 1.0}","{""OHstar"": 1}","111","Ag9Ru3","111",1.2264089073840978,,"Ag3Ru","Ag9Ru3"
"H2O(g) - 0.5H2(g) + * -> OH*","{""OH"": ""top|B""}","UmVhY3Rpb246NDI2MDQ1","BEEF-vdW","{""star"": 1, ""H2gas"": -0.5, ""H2Ogas"": 1.0}","{""OHstar"": 1}","111","Ag9Ru3","111",-0.2817163279206625,,"Ag3Ru","Ag9Ru3"
"H2O(g) - 0.5H2(g) + * -> OH*","{""OH"": ""bridge|A_A|B""}","UmVhY3Rpb246NDI2MDQ2","BEEF-vdW","{""star"": 1, ""H2gas"": -0.5, ""H2Ogas"": 1.0}","{""OHstar"": 1}","101","Ag6Au6","101",0.9892714930800821,,"AgAu","Ag6Au6"
"H2O(g) - 0.5H2(g) + * -> OH*","{""OH"": ""hollow|A_A_B|FCC""}","UmVhY3Rpb246NDI2MDQ3","BEEF-vdW","{""star"": 1, ""H2gas"": -0.5, ""H2Ogas"": 1.0}","{""OHstar"": 1}","101","Ag6Au6","101",0.8994113401757886,,"AgAu","Ag6Au6"
"H2O(g) - 0.5H2(g) + * -> OH*","{""OH"": ""hollow|A_A_B|HCP""}","UmVhY3Rpb246NDI2MDQ4","BEEF-vdW","{""star"": 1, ""H2gas"": -0.5, ""H2Ogas"": 1.0}","{""OHstar"": 1}","101","Ag6Au6","101",0.9083320481776127,,"AgAu","Ag6Au6"
"H2O(g) - 0.5H2(g) + * -> OH*","{""OH"": ""hollow|A_B_B|FCC""}","UmVhY3Rpb246NDI2MDQ5","BEEF-vdW","{""star"": 1, ""H2gas"": -0.5, ""H2Ogas"": 1.0}","{""OHstar"": 1}","101","Ag6Au6","101",1.1019678475757928,,"AgAu","Ag6Au6"
"H2O(g) - 0.5H2(g) + * -> OH*","{""OH"": ""hollow|A_B_B|HCP""}","UmVhY3Rpb246NDI2MDUw","BEEF-vdW","{""star"": 1, ""H2gas"": -0.5, ""H2Ogas"": 1.0}","{""OHstar"": 1}","101","Ag6Au6","101",1.169690043073274,,"AgAu","Ag6Au6"
"H2O(g) - 0.5H2(g) + * -> OH*","{""OH"": ""hollow-tilt|A_A_B|FCC""}","UmVhY3Rpb246NDI2MDUx","BEEF-vdW","{""star"": 1, ""H2gas"": -0.5, ""H2Ogas"": 1.0}","{""OHstar"": 1}","101","Ag6Au6","101",1.263809866079896,,"AgAu","Ag6Au6"
"H2O(g) - 0.5H2(g) + * -> OH*","{""OH"": ""top-tilt|A""}","UmVhY3Rpb246NDI2MDUy","BEEF-vdW","{""star"": 1, ""H2gas"": -0.5, ""H2Ogas"": 1.0}","{""OHstar"": 1}","101","Ag6Au6","101",1.2580724818734552,,"AgAu","Ag6Au6"
"H2O(g) - 0.5H2(g) + * -> OH*","{""OH"": ""bridge|A_A|B""}","UmVhY3Rpb246NDI2MDcy","BEEF-vdW","{""star"": 1, ""H2gas"": -0.5, ""H2Ogas"": 1.0}","{""OHstar"": 1}","101","Ag6Bi6","101",0.3511196426815104,,"AgBi","Ag6Bi6"
"H2O(g) - 0.5H2(g) + * -> OH*","{""OH"": ""bridge|A_B|A""}","UmVhY3Rpb246NDI2MzM0","BEEF-vdW","{""star"": 1, ""H2gas"": -0.5, ""H2Ogas"": 1.0}","{""OHstar"": 1}","111","Ag3Au9","111",1.1040401305807563,,"Au3Ag","Ag3Au9"
"H2O(g) - 0.5H2(g) + * -> OH*","{""OH"": ""hollow|A_A_A|FCC""}","UmVhY3Rpb246NDI2MzM1","BEEF-vdW","{""star"": 1, ""H2gas"": -0.5, ""H2Ogas"": 1.0}","{""OHstar"": 1}","111","Ag3Au9","111",1.3640065352818738,,"Au3Ag","Ag3Au9"
"H2O(g) - 0.5H2(g) + * -> OH*","{""OH"": ""hollow|A_A_A|HCP""}","UmVhY3Rpb246NDI2MzM2","BEEF-vdW","{""star"": 1, ""H2gas"": -0.5, ""H2Ogas"": 1.0}","{""OHstar"": 1}","111","Ag3Au9","111",1.4356949260808278,,"Au3Ag","Ag3Au9"
"H2O(g) - 0.5H2(g) + * -> OH*","{""OH"": ""hollow|A_A_B|FCC""}","UmVhY3Rpb246NDI2MzM3","BEEF-vdW","{""star"": 1, ""H2gas"": -0.5, ""H2Ogas"": 1.0}","{""OHstar"": 1}","111","Ag3Au9","111",1.1576560807815213,,"Au3Ag","Ag3Au9"
"H2O(g) - 0.5H2(g) + * -> OH*","{""OH"": ""bridge|A_B|A""}","UmVhY3Rpb246NDI2MDc3","BEEF-vdW","{""star"": 1, ""H2gas"": -0.5, ""H2Ogas"": 1.0}","{""OHstar"": 1}","101","Ag6Bi6","101",0.35568612108625075,,"AgBi","Ag6Bi6"
"H2O(g) - 0.5H2(g) + * -> OH*","{""OH"": ""hollow|A_A_B|HCP""}","UmVhY3Rpb246NDI2MzM4","BEEF-vdW","{""star"": 1, ""H2gas"": -0.5, ""H2Ogas"": 1.0}","{""OHstar"": 1}","111","Ag3Au9","111",1.192428555780566,,"Au3Ag","Ag3Au9"
"H2O(g) - 0.5H2(g) + * -> OH*","{""OH"": ""top|A""}","UmVhY3Rpb246NDI2MzM5","BEEF-vdW","{""star"": 1, ""H2gas"": -0.5, ""H2Ogas"": 1.0}","{""OHstar"": 1}","111","Ag3Au9","111",1.3229593872828218,,"Au3Ag","Ag3Au9"
"H2O(g) - 0.5H2(g) + * -> OH*","{""OH"": ""top|B""}","UmVhY3Rpb246NDI2MzQw","BEEF-vdW","{""star"": 1, ""H2gas"": -0.5, ""H2Ogas"": 1.0}","{""OHstar"": 1}","111","Ag3Au9","111",1.796723458181873,,"Au3Ag","Ag3Au9"
"H2O(g) - 0.5H2(g) + * -> OH*","{""OH"": ""bridge|A_B|B""}","UmVhY3Rpb246NDI2MDgx","BEEF-vdW","{""star"": 1, ""H2gas"": -0.5, ""H2Ogas"": 1.0}","{""OHstar"": 1}","101","Ag6Bi6","101",0.33610290447984426,,"AgBi","Ag6Bi6"
"H2O(g) - 0.5H2(g) + * -> OH*","{""OH"": ""bridge|B_B|A""}","UmVhY3Rpb246NDI2MDgy","BEEF-vdW","{""star"": 1, ""H2gas"": -0.5, ""H2Ogas"": 1.0}","{""OHstar"": 1}","101","Ag6Bi6","101",0.5792826064833889,,"AgBi","Ag6Bi6"
"H2O(g) - 0.5H2(g) + * -> OH*","{""OH"": ""hollow|A_A_B|FCC""}","UmVhY3Rpb246NDI2MDgz","BEEF-vdW","{""star"": 1, ""H2gas"": -0.5, ""H2Ogas"": 1.0}","{""OHstar"": 1}","101","Ag6Bi6","101",0.31259281298559927,,"AgBi","Ag6Bi6"
"H2O(g) - 0.5H2(g) + * -> OH*","{""OH"": ""hollow|A_A_B|HCP""}","UmVhY3Rpb246NDI2MDg0","BEEF-vdW","{""star"": 1, ""H2gas"": -0.5, ""H2Ogas"": 1.0}","{""OHstar"": 1}","101","Ag6Bi6","101",0.3676101494828572,,"AgBi","Ag6Bi6"
"H2O(g) - 0.5H2(g) + * -> OH*","{""OH"": ""hollow|A_B_B|FCC""}","UmVhY3Rpb246NDI2MDg1","BEEF-vdW","{""star"": 1, ""H2gas"": -0.5, ""H2Ogas"": 1.0}","{""OHstar"": 1}","101","Ag6Bi6","101",0.36011395748653285,,"AgBi","Ag6Bi6"
"H2O(g) - 0.5H2(g) + * -> OH*","{""OH"": ""hollow|A_B_B|HCP""}","UmVhY3Rpb246NDI2MDg2","BEEF-vdW","{""star"": 1, ""H2gas"": -0.5, ""H2Ogas"": 1.0}","{""OHstar"": 1}","101","Ag6Bi6","101",0.4717709730801971,,"AgBi","Ag6Bi6"
"H2O(g) - 0.5H2(g) + * -> OH*","{""OH"": ""hollow-tilt|A_B_B|HCP""}","UmVhY3Rpb246NDI2MDg3","BEEF-vdW","{""star"": 1, ""H2gas"": -0.5, ""H2Ogas"": 1.0}","{""OHstar"": 1}","101","Ag6Bi6","101",0.799988290583201,,"AgBi","Ag6Bi6"
"H2O(g) - 0.5H2(g) + * -> OH*","{""OH"": ""top-tilt|B""}","UmVhY3Rpb246NDI2MDg5","BEEF-vdW","{""star"": 1, ""H2gas"": -0.5, ""H2Ogas"": 1.0}","{""OHstar"": 1}","101","Ag6Bi6","101",0.4308287248830993,,"AgBi","Ag6Bi6"
"H2O(g) - 0.5H2(g) + * -> OH*","{""OH"": ""bridge|B_B|A""}","UmVhY3Rpb246NDI2MDkz","BEEF-vdW","{""star"": 1, ""H2gas"": -0.5, ""H2Ogas"": 1.0}","{""OHstar"": 1}","101","Ag6Cu6","101",0.09655537788501078,,"AgCu","Ag6Cu6"
"H2O(g) - 0.5H2(g) + * -> OH*","{""OH"": ""hollow|A_A_B|FCC""}","UmVhY3Rpb246NDI2MDk0","BEEF-vdW","{""star"": 1, ""H2gas"": -0.5, ""H2Ogas"": 1.0}","{""OHstar"": 1}","101","Ag6Cu6","101",0.34643152938667754,,"AgCu","Ag6Cu6"
"H2O(g) - 0.5H2(g) + * -> OH*","{""OH"": ""hollow|A_A_B|HCP""}","UmVhY3Rpb246NDI2MDk1","BEEF-vdW","{""star"": 1, ""H2gas"": -0.5, ""H2Ogas"": 1.0}","{""OHstar"": 1}","101","Ag6Cu6","101",0.41505986398703953,,"AgCu","Ag6Cu6"
"H2O(g) - 0.5H2(g) + * -> OH*","{""OH"": ""hollow|A_B_B|HCP""}","UmVhY3Rpb246NDI2MDk2","BEEF-vdW","{""star"": 1, ""H2gas"": -0.5, ""H2Ogas"": 1.0}","{""OHstar"": 1}","101","Ag6Cu6","101",0.39892079228309285,,"AgCu","Ag6Cu6"
"H2O(g) - 0.5H2(g) + * -> OH*","{""OH"": ""hollow-tilt|A_A_B|FCC""}","UmVhY3Rpb246NDI2MDk3","BEEF-vdW","{""star"": 1, ""H2gas"": -0.5, ""H2Ogas"": 1.0}","{""OHstar"": 1}","101","Ag6Cu6","101",0.5228350396836277,,"AgCu","Ag6Cu6"
"H2O(g) - 0.5H2(g) + * -> OH*","{""OH"": ""bridge|B_B|A""}","UmVhY3Rpb246NDI2MTA2","BEEF-vdW","{""star"": 1, ""H2gas"": -0.5, ""H2Ogas"": 1.0}","{""OHstar"": 1}","101","Ag6Pd6","101",0.5666449594763208,,"AgPd","Ag6Pd6"
"H2O(g) - 0.5H2(g) + * -> OH*","{""OH"": ""hollow|A_A_B|FCC""}","UmVhY3Rpb246NDI2MTA3","BEEF-vdW","{""star"": 1, ""H2gas"": -0.5, ""H2Ogas"": 1.0}","{""OHstar"": 1}","101","Ag6Pd6","101",0.6663779467825179,,"AgPd","Ag6Pd6"
"H2O(g) - 0.5H2(g) + * -> OH*","{""OH"": ""hollow|A_A_B|HCP""}","UmVhY3Rpb246NDI2MTA4","BEEF-vdW","{""star"": 1, ""H2gas"": -0.5, ""H2Ogas"": 1.0}","{""OHstar"": 1}","101","Ag6Pd6","101",0.8786584421803809,,"AgPd","Ag6Pd6"
"H2O(g) - 0.5H2(g) + * -> OH*","{""OH"": ""hollow|A_B_B|FCC""}","UmVhY3Rpb246NDI2MTA5","BEEF-vdW","{""star"": 1, ""H2gas"": -0.5, ""H2Ogas"": 1.0}","{""OHstar"": 1}","101","Ag6Pd6","101",0.9003042816810876,,"AgPd","Ag6Pd6"
"H2O(g) - 0.5H2(g) + * -> OH*","{""OH"": ""hollow|A_B_B|HCP""}","UmVhY3Rpb246NDI2MTEw","BEEF-vdW","{""star"": 1, ""H2gas"": -0.5, ""H2Ogas"": 1.0}","{""OHstar"": 1}","101","Ag6Pd6","101",0.5725528230804002,,"AgPd","Ag6Pd6"
"H2O(g) - 0.5H2(g) + * -> OH*","{""OH"": ""top|A""}","UmVhY3Rpb246NDI2MTEx","BEEF-vdW","{""star"": 1, ""H2gas"": -0.5, ""H2Ogas"": 1.0}","{""OHstar"": 1}","101","Ag6Pd6","101",1.301957368978833,,"AgPd","Ag6Pd6"
"H2O(g) - 0.5H2(g) + * -> OH*","{""OH"": ""top|B""}","UmVhY3Rpb246NDI2MTEy","BEEF-vdW","{""star"": 1, ""H2gas"": -0.5, ""H2Ogas"": 1.0}","{""OHstar"": 1}","101","Ag6Pd6","101",0.8869045799773403,,"AgPd","Ag6Pd6"
"H2O(g) - 0.5H2(g) + * -> OH*","{""OH"": ""hollow|A_A_A|FCC""}","UmVhY3Rpb246NDI2Mzc0","BEEF-vdW","{""star"": 1, ""H2gas"": -0.5, ""H2Ogas"": 1.0}","{""OHstar"": 1}","111","Au9Bi3","111",0.955087328177683,,"Au3Bi","Au9Bi3"
"H2O(g) - 0.5H2(g) + * -> OH*","{""OH"": ""hollow|A_A_A|HCP""}","UmVhY3Rpb246NDI2Mzc1","BEEF-vdW","{""star"": 1, ""H2gas"": -0.5, ""H2Ogas"": 1.0}","{""OHstar"": 1}","111","Au9Bi3","111",1.1357808491783317,,"Au3Bi","Au9Bi3"
"H2O(g) - 0.5H2(g) + * -> OH*","{""OH"": ""bridge|A_B|A""}","UmVhY3Rpb246NDI2MTE1","BEEF-vdW","{""star"": 1, ""H2gas"": -0.5, ""H2Ogas"": 1.0}","{""OHstar"": 1}","101","Ag6Pt6","101",0.74018896158384,,"AgPt","Ag6Pt6"
"H2O(g) - 0.5H2(g) + * -> OH*","{""OH"": ""hollow|A_A_B|FCC""}","UmVhY3Rpb246NDI2Mzc2","BEEF-vdW","{""star"": 1, ""H2gas"": -0.5, ""H2Ogas"": 1.0}","{""OHstar"": 1}","111","Au9Bi3","111",0.9496118535797677,,"Au3Bi","Au9Bi3"
"H2O(g) - 0.5H2(g) + * -> OH*","{""OH"": ""bridge|B_B|A""}","UmVhY3Rpb246NDI2MTE2","BEEF-vdW","{""star"": 1, ""H2gas"": -0.5, ""H2Ogas"": 1.0}","{""OHstar"": 1}","101","Ag6Pt6","101",0.648395439781666,,"AgPt","Ag6Pt6"
"H2O(g) - 0.5H2(g) + * -> OH*","{""OH"": ""hollow|A_A_B|HCP""}","UmVhY3Rpb246NDI2Mzc3","BEEF-vdW","{""star"": 1, ""H2gas"": -0.5, ""H2Ogas"": 1.0}","{""OHstar"": 1}","111","Au9Bi3","111",0.8797825444788714,,"Au3Bi","Au9Bi3"
"H2O(g) - 0.5H2(g) + * -> OH*","{""OH"": ""bridge-tilt|A_B|A""}","UmVhY3Rpb246NDI2MTE3","BEEF-vdW","{""star"": 1, ""H2gas"": -0.5, ""H2Ogas"": 1.0}","{""OHstar"": 1}","101","Ag6Pt6","101",0.6365685560857628,,"AgPt","Ag6Pt6"
"H2O(g) - 0.5H2(g) + * -> OH*","{""OH"": ""top|B""}","UmVhY3Rpb246NDI2Mzc4","BEEF-vdW","{""star"": 1, ""H2gas"": -0.5, ""H2Ogas"": 1.0}","{""OHstar"": 1}","111","Au9Bi3","111",0.9005717696790043,,"Au3Bi","Au9Bi3"
"H2O(g) - 0.5H2(g) + * -> OH*","{""OH"": ""hollow|A_A_B|FCC""}","UmVhY3Rpb246NDI2MTE4","BEEF-vdW","{""star"": 1, ""H2gas"": -0.5, ""H2Ogas"": 1.0}","{""OHstar"": 1}","101","Ag6Pt6","101",0.6630440080815561,,"AgPt","Ag6Pt6"
"H2O(g) - 0.5H2(g) + * -> OH*","{""OH"": ""top-tilt|A""}","UmVhY3Rpb246NDI2Mzc5","BEEF-vdW","{""star"": 1, ""H2gas"": -0.5, ""H2Ogas"": 1.0}","{""OHstar"": 1}","111","Au9Bi3","111",1.131174506180173,,"Au3Bi","Au9Bi3"
"H2O(g) - 0.5H2(g) + * -> OH*","{""OH"": ""hollow-tilt|A_A_B|FCC""}","UmVhY3Rpb246NDI2MTE5","BEEF-vdW","{""star"": 1, ""H2gas"": -0.5, ""H2Ogas"": 1.0}","{""OHstar"": 1}","101","Ag6Pt6","101",0.6401597784832802,,"AgPt","Ag6Pt6"
"H2O(g) - 0.5H2(g) + * -> OH*","{""OH"": ""top|A""}","UmVhY3Rpb246NDI2MTIw","BEEF-vdW","{""star"": 1, ""H2gas"": -0.5, ""H2Ogas"": 1.0}","{""OHstar"": 1}","101","Ag6Pt6","101",1.647118398982343,,"AgPt","Ag6Pt6"
"H2O(g) - 0.5H2(g) + * -> OH*","{""OH"": ""top|B""}","UmVhY3Rpb246NDI2MTIx","BEEF-vdW","{""star"": 1, ""H2gas"": -0.5, ""H2Ogas"": 1.0}","{""OHstar"": 1}","101","Ag6Pt6","101",0.7892557126805286,,"AgPt","Ag6Pt6"
"H2O(g) - 0.5H2(g) + * -> OH*","{""OH"": ""top-tilt|A""}","UmVhY3Rpb246NDI2MTIy","BEEF-vdW","{""star"": 1, ""H2gas"": -0.5, ""H2Ogas"": 1.0}","{""OHstar"": 1}","101","Ag6Pt6","101",1.5577099549817603,,"AgPt","Ag6Pt6"
"H2O(g) - 0.5H2(g) + * -> OH*","{""OH"": ""top-tilt|B""}","UmVhY3Rpb246NDI2MTIz","BEEF-vdW","{""star"": 1, ""H2gas"": -0.5, ""H2Ogas"": 1.0}","{""OHstar"": 1}","101","Ag6Pt6","101",0.9177048732861977,,"AgPt","Ag6Pt6"
"H2O(g) - 0.5H2(g) + * -> OH*","{""OH"": ""bridge|A_B|A""}","UmVhY3Rpb246NDI2NDEw","BEEF-vdW","{""star"": 1, ""H2gas"": -0.5, ""H2Ogas"": 1.0}","{""OHstar"": 1}","111","Au9Cu3","111",0.7784546979827383,,"Au3Cu","Au9Cu3"
"H2O(g) - 0.5H2(g) + * -> OH*","{""OH"": ""bridge-tilt|A_B|A""}","UmVhY3Rpb246NDI2NDEx","BEEF-vdW","{""star"": 1, ""H2gas"": -0.5, ""H2Ogas"": 1.0}","{""OHstar"": 1}","111","Au9Cu3","111",0.7720457367803419,,"Au3Cu","Au9Cu3"
"H2O(g) - 0.5H2(g) + * -> OH*","{""OH"": ""hollow|A_A_A|FCC""}","UmVhY3Rpb246NDI2NDEy","BEEF-vdW","{""star"": 1, ""H2gas"": -0.5, ""H2Ogas"": 1.0}","{""OHstar"": 1}","111","Au9Cu3","111",1.4355247188804015,,"Au3Cu","Au9Cu3"
"H2O(g) - 0.5H2(g) + * -> OH*","{""OH"": ""hollow|A_A_A|HCP""}","UmVhY3Rpb246NDI2NDEz","BEEF-vdW","{""star"": 1, ""H2gas"": -0.5, ""H2Ogas"": 1.0}","{""OHstar"": 1}","111","Au9Cu3","111",1.5551919495818538,,"Au3Cu","Au9Cu3"
"H2O(g) - 0.5H2(g) + * -> OH*","{""OH"": ""hollow|A_A_B|FCC""}","UmVhY3Rpb246NDI2NDE0","BEEF-vdW","{""star"": 1, ""H2gas"": -0.5, ""H2Ogas"": 1.0}","{""OHstar"": 1}","111","Au9Cu3","111",0.983006888281011,,"Au3Cu","Au9Cu3"
"H2O(g) - 0.5H2(g) + * -> OH*","{""OH"": ""hollow-tilt|A_A_B|FCC""}","UmVhY3Rpb246NDI2NDE2","BEEF-vdW","{""star"": 1, ""H2gas"": -0.5, ""H2Ogas"": 1.0}","{""OHstar"": 1}","111","Au9Cu3","111",0.8197411701811461,,"Au3Cu","Au9Cu3"
"H2O(g) - 0.5H2(g) + * -> OH*","{""OH"": ""hollow-tilt|A_A_B|HCP""}","UmVhY3Rpb246NDI2NDE3","BEEF-vdW","{""star"": 1, ""H2gas"": -0.5, ""H2Ogas"": 1.0}","{""OHstar"": 1}","111","Au9Cu3","111",0.8383011026825216,,"Au3Cu","Au9Cu3"
"H2O(g) - 0.5H2(g) + * -> OH*","{""OH"": ""top|A""}","UmVhY3Rpb246NDI2NDE4","BEEF-vdW","{""star"": 1, ""H2gas"": -0.5, ""H2Ogas"": 1.0}","{""OHstar"": 1}","111","Au9Cu3","111",1.3765255405822927,,"Au3Cu","Au9Cu3"
"H2O(g) - 0.5H2(g) + * -> OH*","{""OH"": ""top-tilt|A""}","UmVhY3Rpb246NDI2NDIw","BEEF-vdW","{""star"": 1, ""H2gas"": -0.5, ""H2Ogas"": 1.0}","{""OHstar"": 1}","111","Au9Cu3","111",1.4119657829804737,,"Au3Cu","Au9Cu3"
"H2O(g) - 0.5H2(g) + * -> OH*","{""OH"": ""bridge|B_B|A""}","UmVhY3Rpb246NDI2MTI1","BEEF-vdW","{""star"": 1, ""H2gas"": -0.5, ""H2Ogas"": 1.0}","{""OHstar"": 1}","101","Ag6Re6","101",-0.751000996820153,,"AgRe","Ag6Re6"
"H2O(g) - 0.5H2(g) + * -> OH*","{""OH"": ""hollow|A_A_B|HCP""}","UmVhY3Rpb246NDI2NDE1","BEEF-vdW","{""star"": 1, ""H2gas"": -0.5, ""H2Ogas"": 1.0}","{""OHstar"": 1}","111","Au9Cu3","111",1.0634346231826157,,"Au3Cu","Au9Cu3"
"H2O(g) - 0.5H2(g) + * -> OH*","{""OH"": ""top|B""}","UmVhY3Rpb246NDI2NDE5","BEEF-vdW","{""star"": 1, ""H2gas"": -0.5, ""H2Ogas"": 1.0}","{""OHstar"": 1}","111","Au9Cu3","111",1.1945347167828686,,"Au3Cu","Au9Cu3"
"H2O(g) - 0.5H2(g) + * -> OH*","{""OH"": ""bridge|B_B|B""}","UmVhY3Rpb246NDI2MTI2","BEEF-vdW","{""star"": 1, ""H2gas"": -0.5, ""H2Ogas"": 1.0}","{""OHstar"": 1}","101","Ag6Re6","101",-0.7449637431228666,,"AgRe","Ag6Re6"
"H2O(g) - 0.5H2(g) + * -> OH*","{""OH"": ""bridge|A_A|A""}","UmVhY3Rpb246NDI2NTg2","BEEF-vdW","{""star"": 1, ""H2gas"": -0.5, ""H2Ogas"": 1.0}","{""OHstar"": 1}","111","Au9Pd3","111",1.2697276617808484,,"Au3Pd","Au9Pd3"
"H2O(g) - 0.5H2(g) + * -> OH*","{""OH"": ""bridge|A_B|A""}","UmVhY3Rpb246NDI2NTg3","BEEF-vdW","{""star"": 1, ""H2gas"": -0.5, ""H2Ogas"": 1.0}","{""OHstar"": 1}","111","Au9Pd3","111",1.1164161399800605,,"Au3Pd","Au9Pd3"
"H2O(g) - 0.5H2(g) + * -> OH*","{""OH"": ""hollow|A_A_A|FCC""}","UmVhY3Rpb246NDI2NTg4","BEEF-vdW","{""star"": 1, ""H2gas"": -0.5, ""H2Ogas"": 1.0}","{""OHstar"": 1}","111","Au9Pd3","111",1.3773692295807223,,"Au3Pd","Au9Pd3"
"H2O(g) - 0.5H2(g) + * -> OH*","{""OH"": ""hollow|A_A_A|HCP""}","UmVhY3Rpb246NDI2NTg5","BEEF-vdW","{""star"": 1, ""H2gas"": -0.5, ""H2Ogas"": 1.0}","{""OHstar"": 1}","111","Au9Pd3","111",1.6062338389791648,,"Au3Pd","Au9Pd3"
"H2O(g) - 0.5H2(g) + * -> OH*","{""OH"": ""hollow|A_A_B|FCC""}","UmVhY3Rpb246NDI2NTkw","BEEF-vdW","{""star"": 1, ""H2gas"": -0.5, ""H2Ogas"": 1.0}","{""OHstar"": 1}","111","Au9Pd3","111",1.359169983978859,,"Au3Pd","Au9Pd3"
"H2O(g) - 0.5H2(g) + * -> OH*","{""OH"": ""hollow|A_A_B|HCP""}","UmVhY3Rpb246NDI2NTkx","BEEF-vdW","{""star"": 1, ""H2gas"": -0.5, ""H2Ogas"": 1.0}","{""OHstar"": 1}","111","Au9Pd3","111",1.3349311716782495,,"Au3Pd","Au9Pd3"
"H2O(g) - 0.5H2(g) + * -> OH*","{""OH"": ""hollow|A_A_B|FCC""}","UmVhY3Rpb246NDI2NjI2","BEEF-vdW","{""star"": 1, ""H2gas"": -0.5, ""H2Ogas"": 1.0}","{""OHstar"": 1}","111","Au9Pt3","111",1.5161456545801002,,"Au3Pt","Au9Pt3"
"H2O(g) - 0.5H2(g) + * -> OH*","{""OH"": ""top|B""}","UmVhY3Rpb246NDI2NjI4","BEEF-vdW","{""star"": 1, ""H2gas"": -0.5, ""H2Ogas"": 1.0}","{""OHstar"": 1}","111","Au9Pt3","111",0.7720943091779873,,"Au3Pt","Au9Pt3"
"H2O(g) - 0.5H2(g) + * -> OH*","{""OH"": ""hollow|A_A_A|FCC""}","UmVhY3Rpb246NDI2NjI5","BEEF-vdW","{""star"": 1, ""H2gas"": -0.5, ""H2Ogas"": 1.0}","{""OHstar"": 1}","111","Au9Re3","111",1.1512505208819448,,"Au3Re","Au9Re3"
"H2O(g) - 0.5H2(g) + * -> OH*","{""OH"": ""hollow|A_A_A|HCP""}","UmVhY3Rpb246NDI2NjMw","BEEF-vdW","{""star"": 1, ""H2gas"": -0.5, ""H2Ogas"": 1.0}","{""OHstar"": 1}","111","Au9Re3","111",1.8695974488808815,,"Au3Re","Au9Re3"
"H2O(g) - 0.5H2(g) + * -> OH*","{""OH"": ""top|A""}","UmVhY3Rpb246NDI2NjMx","BEEF-vdW","{""star"": 1, ""H2gas"": -0.5, ""H2Ogas"": 1.0}","{""OHstar"": 1}","111","Au9Re3","111",1.3493564703829861,,"Au3Re","Au9Re3"
"H2O(g) - 0.5H2(g) + * -> OH*","{""OH"": ""top|B""}","UmVhY3Rpb246NDI2NjMy","BEEF-vdW","{""star"": 1, ""H2gas"": -0.5, ""H2Ogas"": 1.0}","{""OHstar"": 1}","111","Au9Re3","111",-0.9614596901184314,,"Au3Re","Au9Re3"
"H2O(g) - 0.5H2(g) + * -> OH*","{""OH"": ""hollow|A_A_A|FCC""}","UmVhY3Rpb246NDI2NjMz","BEEF-vdW","{""star"": 1, ""H2gas"": -0.5, ""H2Ogas"": 1.0}","{""OHstar"": 1}","111","Au9Rh3","111",1.35220604648282,,"Au3Rh","Au9Rh3"
"H2O(g) - 0.5H2(g) + * -> OH*","{""OH"": ""hollow|A_A_A|HCP""}","UmVhY3Rpb246NDI2NjM0","BEEF-vdW","{""star"": 1, ""H2gas"": -0.5, ""H2Ogas"": 1.0}","{""OHstar"": 1}","111","Au9Rh3","111",1.7846084057827056,,"Au3Rh","Au9Rh3"
"H2O(g) - 0.5H2(g) + * -> OH*","{""OH"": ""bridge-tilt|B_B|B""}","UmVhY3Rpb246NDI2MTI3","BEEF-vdW","{""star"": 1, ""H2gas"": -0.5, ""H2Ogas"": 1.0}","{""OHstar"": 1}","101","Ag6Re6","101",-0.22231741442658404,,"AgRe","Ag6Re6"
"H2O(g) - 0.5H2(g) + * -> OH*","{""OH"": ""top|A""}","UmVhY3Rpb246NDI2NjI3","BEEF-vdW","{""star"": 1, ""H2gas"": -0.5, ""H2Ogas"": 1.0}","{""OHstar"": 1}","111","Au9Pt3","111",1.4439089543783439,,"Au3Pt","Au9Pt3"
"H2O(g) - 0.5H2(g) + * -> OH*","{""OH"": ""hollow|A_A_B|HCP""}","UmVhY3Rpb246NDI2NjM1","BEEF-vdW","{""star"": 1, ""H2gas"": -0.5, ""H2Ogas"": 1.0}","{""OHstar"": 1}","111","Au9Rh3","111",1.2571547778833292,,"Au3Rh","Au9Rh3"
"H2O(g) - 0.5H2(g) + * -> OH*","{""OH"": ""top-tilt|B""}","UmVhY3Rpb246NDI2MTI4","BEEF-vdW","{""star"": 1, ""H2gas"": -0.5, ""H2Ogas"": 1.0}","{""OHstar"": 1}","101","Ag6Re6","101",0.5622107284769982,,"AgRe","Ag6Re6"
"H2O(g) - 0.5H2(g) + * -> OH*","{""OH"": ""top|A""}","UmVhY3Rpb246NDI2NjM2","BEEF-vdW","{""star"": 1, ""H2gas"": -0.5, ""H2Ogas"": 1.0}","{""OHstar"": 1}","111","Au9Rh3","111",1.4034970560832107,,"Au3Rh","Au9Rh3"
"H2O(g) - 0.5H2(g) + * -> OH*","{""OH"": ""top|B""}","UmVhY3Rpb246NDI2NjM3","BEEF-vdW","{""star"": 1, ""H2gas"": -0.5, ""H2Ogas"": 1.0}","{""OHstar"": 1}","111","Au9Rh3","111",0.4782090503803147,,"Au3Rh","Au9Rh3"
"H2O(g) - 0.5H2(g) + * -> OH*","{""OH"": ""hollow|A_A_A|FCC""}","UmVhY3Rpb246NDI2NjM4","BEEF-vdW","{""star"": 1, ""H2gas"": -0.5, ""H2Ogas"": 1.0}","{""OHstar"": 1}","111","Au9Ru3","111",1.2602586444780854,,"Au3Ru","Au9Ru3"
"H2O(g) - 0.5H2(g) + * -> OH*","{""OH"": ""hollow|A_A_A|HCP""}","UmVhY3Rpb246NDI2NjM5","BEEF-vdW","{""star"": 1, ""H2gas"": -0.5, ""H2Ogas"": 1.0}","{""OHstar"": 1}","111","Au9Ru3","111",1.8226276071771963,,"Au3Ru","Au9Ru3"
"H2O(g) - 0.5H2(g) + * -> OH*","{""OH"": ""hollow|A_A_B|HCP""}","UmVhY3Rpb246NDI2NjQw","BEEF-vdW","{""star"": 1, ""H2gas"": -0.5, ""H2Ogas"": 1.0}","{""OHstar"": 1}","111","Au9Ru3","111",1.2487563924777305,,"Au3Ru","Au9Ru3"
"H2O(g) - 0.5H2(g) + * -> OH*","{""OH"": ""top|A""}","UmVhY3Rpb246NDI2NjQx","BEEF-vdW","{""star"": 1, ""H2gas"": -0.5, ""H2Ogas"": 1.0}","{""OHstar"": 1}","111","Au9Ru3","111",1.3704458371802275,,"Au3Ru","Au9Ru3"
"H2O(g) - 0.5H2(g) + * -> OH*","{""OH"": ""bridge|B_B|A""}","UmVhY3Rpb246NDI2MTI5","BEEF-vdW","{""star"": 1, ""H2gas"": -0.5, ""H2Ogas"": 1.0}","{""OHstar"": 1}","101","Ag6Rh6","101",0.08143931808160687,,"AgRh","Ag6Rh6"
"H2O(g) - 0.5H2(g) + * -> OH*","{""OH"": ""top|B""}","UmVhY3Rpb246NDI2NjQy","BEEF-vdW","{""star"": 1, ""H2gas"": -0.5, ""H2Ogas"": 1.0}","{""OHstar"": 1}","111","Au9Ru3","111",-0.03456444402320358,,"Au3Ru","Au9Ru3"
"H2O(g) - 0.5H2(g) + * -> OH*","{""OH"": ""hollow|A_A_A|FCC""}","UmVhY3Rpb246NDI1OTEx","BEEF-vdW","{""star"": 1, ""H2gas"": -0.5, ""H2Ogas"": 1.0}","{""OHstar"": 1}","111","Ag9Au3","111",0.6606996112794832,,"Ag3Au","Ag9Au3"
"H2O(g) - 0.5H2(g) + * -> OH*","{""OH"": ""hollow|A_A_B|FCC""}","UmVhY3Rpb246NDI2MTMw","BEEF-vdW","{""star"": 1, ""H2gas"": -0.5, ""H2Ogas"": 1.0}","{""OHstar"": 1}","101","Ag6Rh6","101",1.1673755788768858,,"AgRh","Ag6Rh6"
"H2O(g) - 0.5H2(g) + * -> OH*","{""OH"": ""hollow-tilt|A_A_B|FCC""}","UmVhY3Rpb246NDI2MTMx","BEEF-vdW","{""star"": 1, ""H2gas"": -0.5, ""H2Ogas"": 1.0}","{""OHstar"": 1}","101","Ag6Rh6","101",0.6150183645776224,,"AgRh","Ag6Rh6"
"H2O(g) - 0.5H2(g) + * -> OH*","{""OH"": ""top|B""}","UmVhY3Rpb246NDI2MTMy","BEEF-vdW","{""star"": 1, ""H2gas"": -0.5, ""H2Ogas"": 1.0}","{""OHstar"": 1}","101","Ag6Rh6","101",0.5169848642807437,,"AgRh","Ag6Rh6"
"H2O(g) - 0.5H2(g) + * -> OH*","{""OH"": ""bridge|A_B|A""}","UmVhY3Rpb246NDI2Njc1","BEEF-vdW","{""star"": 1, ""H2gas"": -0.5, ""H2Ogas"": 1.0}","{""OHstar"": 1}","101","Au6Bi6","101",0.22102473758138785,,"AuBi","Au6Bi6"
"H2O(g) - 0.5H2(g) + * -> OH*","{""OH"": ""bridge|B_B|A""}","UmVhY3Rpb246NDI2Njc2","BEEF-vdW","{""star"": 1, ""H2gas"": -0.5, ""H2Ogas"": 1.0}","{""OHstar"": 1}","101","Au6Bi6","101",0.4169061564797403,,"AuBi","Au6Bi6"
"H2O(g) - 0.5H2(g) + * -> OH*","{""OH"": ""hollow|A_B_B|FCC""}","UmVhY3Rpb246NDI2Njc3","BEEF-vdW","{""star"": 1, ""H2gas"": -0.5, ""H2Ogas"": 1.0}","{""OHstar"": 1}","101","Au6Bi6","101",0.4554755719808554,,"AuBi","Au6Bi6"
"H2O(g) - 0.5H2(g) + * -> OH*","{""OH"": ""hollow|A_B_B|HCP""}","UmVhY3Rpb246NDI2Njc4","BEEF-vdW","{""star"": 1, ""H2gas"": -0.5, ""H2Ogas"": 1.0}","{""OHstar"": 1}","101","Au6Bi6","101",0.5003455112790789,,"AuBi","Au6Bi6"
"H2O(g) - 0.5H2(g) + * -> OH*","{""OH"": ""top|B""}","UmVhY3Rpb246NDI2Njc5","BEEF-vdW","{""star"": 1, ""H2gas"": -0.5, ""H2Ogas"": 1.0}","{""OHstar"": 1}","101","Au6Bi6","101",0.3094524832785055,,"AuBi","Au6Bi6"
"H2O(g) - 0.5H2(g) + * -> OH*","{""OH"": ""top|A""}","UmVhY3Rpb246NDI2NjAy","BEEF-vdW","{""star"": 1, ""H2gas"": -0.5, ""H2Ogas"": 1.0}","{""OHstar"": 1}","111","Au9Pd3","111",1.3966053649791093,,"Au3Pd","Au9Pd3"
"H2O(g) - 0.5H2(g) + * -> OH*","{""OH"": ""bridge|B_B|A""}","UmVhY3Rpb246NDI2Njkx","BEEF-vdW","{""star"": 1, ""H2gas"": -0.5, ""H2Ogas"": 1.0}","{""OHstar"": 1}","101","Au6Cu6","101",0.34620689938026317,,"AuCu","Au6Cu6"
"H2O(g) - 0.5H2(g) + * -> OH*","{""OH"": ""top|B""}","UmVhY3Rpb246NDI2Njky","BEEF-vdW","{""star"": 1, ""H2gas"": -0.5, ""H2Ogas"": 1.0}","{""OHstar"": 1}","101","Au6Cu6","101",0.7838787431800256,,"AuCu","Au6Cu6"
"H2O(g) - 0.5H2(g) + * -> OH*","{""OH"": ""top-tilt|A""}","UmVhY3Rpb246NDI2Njkz","BEEF-vdW","{""star"": 1, ""H2gas"": -0.5, ""H2Ogas"": 1.0}","{""OHstar"": 1}","101","Au6Cu6","101",1.3008202052777733,,"AuCu","Au6Cu6"
"H2O(g) - 0.5H2(g) + * -> OH*","{""OH"": ""top-tilt|B""}","UmVhY3Rpb246NDI2Njk0","BEEF-vdW","{""star"": 1, ""H2gas"": -0.5, ""H2Ogas"": 1.0}","{""OHstar"": 1}","101","Au6Cu6","101",0.7824681049795572,,"AuCu","Au6Cu6"
"H2O(g) - 0.5H2(g) + * -> OH*","{""OH"": ""bridge|B_B|A""}","UmVhY3Rpb246NDI2NzEw","BEEF-vdW","{""star"": 1, ""H2gas"": -0.5, ""H2Ogas"": 1.0}","{""OHstar"": 1}","101","Au6Pd6","101",0.7982512518800604,,"AuPd","Au6Pd6"
"H2O(g) - 0.5H2(g) + * -> OH*","{""OH"": ""hollow|A_A_B|FCC""}","UmVhY3Rpb246NDI2NzEx","BEEF-vdW","{""star"": 1, ""H2gas"": -0.5, ""H2Ogas"": 1.0}","{""OHstar"": 1}","101","Au6Pd6","101",1.2806859581804702,,"AuPd","Au6Pd6"
"H2O(g) - 0.5H2(g) + * -> OH*","{""OH"": ""hollow|A_B_B|FCC""}","UmVhY3Rpb246NDI2NzEy","BEEF-vdW","{""star"": 1, ""H2gas"": -0.5, ""H2Ogas"": 1.0}","{""OHstar"": 1}","101","Au6Pd6","101",1.0876998305801635,,"AuPd","Au6Pd6"
"H2O(g) - 0.5H2(g) + * -> OH*","{""OH"": ""top|A""}","UmVhY3Rpb246NDI2NzEz","BEEF-vdW","{""star"": 1, ""H2gas"": -0.5, ""H2Ogas"": 1.0}","{""OHstar"": 1}","101","Au6Pd6","101",1.4028935075810978,,"AuPd","Au6Pd6"
"H2O(g) - 0.5H2(g) + * -> OH*","{""OH"": ""top|B""}","UmVhY3Rpb246NDI2NzE0","BEEF-vdW","{""star"": 1, ""H2gas"": -0.5, ""H2Ogas"": 1.0}","{""OHstar"": 1}","101","Au6Pd6","101",1.002879497977915,,"AuPd","Au6Pd6"
"H2O(g) - 0.5H2(g) + * -> OH*","{""OH"": ""top-tilt|B""}","UmVhY3Rpb246NDI2NzE1","BEEF-vdW","{""star"": 1, ""H2gas"": -0.5, ""H2Ogas"": 1.0}","{""OHstar"": 1}","101","Au6Pd6","101",1.2469388080797899,,"AuPd","Au6Pd6"
"H2O(g) - 0.5H2(g) + * -> OH*","{""OH"": ""bridge|B_B|A""}","UmVhY3Rpb246NDI2Nzk5","BEEF-vdW","{""star"": 1, ""H2gas"": -0.5, ""H2Ogas"": 1.0}","{""OHstar"": 1}","101","Au6Pt6","101",0.8758185261802964,,"AuPt","Au6Pt6"
"H2O(g) - 0.5H2(g) + * -> OH*","{""OH"": ""top|B""}","UmVhY3Rpb246NDI2ODM4","BEEF-vdW","{""star"": 1, ""H2gas"": -0.5, ""H2Ogas"": 1.0}","{""OHstar"": 1}","101","Au6Rh6","101",0.5231117794800184,,"AuRh","Au6Rh6"
"H2O(g) - 0.5H2(g) + * -> OH*","{""OH"": ""bridge|A_A|A""}","UmVhY3Rpb246NDI2ODQw","BEEF-vdW","{""star"": 1, ""H2gas"": -0.5, ""H2Ogas"": 1.0}","{""OHstar"": 1}","101","Au6Ru6","101",1.543373501380188,,"AuRu","Au6Ru6"
"H2O(g) - 0.5H2(g) + * -> OH*","{""OH"": ""bridge|B_B|A""}","UmVhY3Rpb246NDI2ODQx","BEEF-vdW","{""star"": 1, ""H2gas"": -0.5, ""H2Ogas"": 1.0}","{""OHstar"": 1}","101","Au6Ru6","101",0.6603983812791512,,"AuRu","Au6Ru6"
"H2O(g) - 0.5H2(g) + * -> OH*","{""OH"": ""top-tilt|A""}","UmVhY3Rpb246NDI2ODM5","BEEF-vdW","{""star"": 1, ""H2gas"": -0.5, ""H2Ogas"": 1.0}","{""OHstar"": 1}","101","Au6Rh6","101",1.4217112679806405,,"AuRh","Au6Rh6"
"H2O(g) - 0.5H2(g) + * -> OH*","{""OH"": ""top|B""}","UmVhY3Rpb246NDI2NjA5","BEEF-vdW","{""star"": 1, ""H2gas"": -0.5, ""H2Ogas"": 1.0}","{""OHstar"": 1}","111","Au9Pd3","111",1.1034356295793941,,"Au3Pd","Au9Pd3"
"H2O(g) - 0.5H2(g) + * -> OH*","{""OH"": ""hollow|A_A_B|FCC""}","UmVhY3Rpb246NDI2ODAy","BEEF-vdW","{""star"": 1, ""H2gas"": -0.5, ""H2Ogas"": 1.0}","{""OHstar"": 1}","101","Au6Pt6","101",1.4911703661790625,,"AuPt","Au6Pt6"
"H2O(g) - 0.5H2(g) + * -> OH*","{""OH"": ""hollow|A_A_A|HCP""}","UmVhY3Rpb246NDI1OTI5","BEEF-vdW","{""star"": 1, ""H2gas"": -0.5, ""H2Ogas"": 1.0}","{""OHstar"": 1}","111","Ag9Au3","111",0.7265883037806589,,"Ag3Au","Ag9Au3"
"H2O(g) - 0.5H2(g) + * -> OH*","{""OH"": ""top|A""}","UmVhY3Rpb246NDI2ODEx","BEEF-vdW","{""star"": 1, ""H2gas"": -0.5, ""H2Ogas"": 1.0}","{""OHstar"": 1}","101","Au6Pt6","101",1.5186212102788659,,"AuPt","Au6Pt6"
"H2O(g) - 0.5H2(g) + * -> OH*","{""OH"": ""bridge|A_A|A""}","UmVhY3Rpb246NDI2NjIx","BEEF-vdW","{""star"": 1, ""H2gas"": -0.5, ""H2Ogas"": 1.0}","{""OHstar"": 1}","111","Au9Pt3","111",1.2796739667800239,,"Au3Pt","Au9Pt3"
"H2O(g) - 0.5H2(g) + * -> OH*","{""OH"": ""bridge|B_B|B""}","UmVhY3Rpb246NDI2ODU3","BEEF-vdW","{""star"": 1, ""H2gas"": -0.5, ""H2Ogas"": 1.0}","{""OHstar"": 1}","101","Au6Ru6","101",0.7230637492801861,,"AuRu","Au6Ru6"
"H2O(g) - 0.5H2(g) + * -> OH*","{""OH"": ""hollow|A_A_A|FCC""}","UmVhY3Rpb246NDI2NjI0","BEEF-vdW","{""star"": 1, ""H2gas"": -0.5, ""H2Ogas"": 1.0}","{""OHstar"": 1}","111","Au9Pt3","111",1.3676334045784415,,"Au3Pt","Au9Pt3"
"H2O(g) - 0.5H2(g) + * -> OH*","{""OH"": ""top|B""}","UmVhY3Rpb246NDI2ODE3","BEEF-vdW","{""star"": 1, ""H2gas"": -0.5, ""H2Ogas"": 1.0}","{""OHstar"": 1}","101","Au6Pt6","101",0.8547920176796424,,"AuPt","Au6Pt6"
"H2O(g) - 0.5H2(g) + * -> OH*","{""OH"": ""hollow|A_A_A|HCP""}","UmVhY3Rpb246NDI2NjI1","BEEF-vdW","{""star"": 1, ""H2gas"": -0.5, ""H2Ogas"": 1.0}","{""OHstar"": 1}","111","Au9Pt3","111",1.6919234390778684,,"Au3Pt","Au9Pt3"
"H2O(g) - 0.5H2(g) + * -> OH*","{""OH"": ""hollow|A_A_B|FCC""}","UmVhY3Rpb246NDI1OTQy","BEEF-vdW","{""star"": 1, ""H2gas"": -0.5, ""H2Ogas"": 1.0}","{""OHstar"": 1}","111","Ag9Au3","111",0.8570795427848452,,"Ag3Au","Ag9Au3"
"H2O(g) - 0.5H2(g) + * -> OH*","{""OH"": ""hollow|A_A_B|HCP""}","UmVhY3Rpb246NDI1OTQz","BEEF-vdW","{""star"": 1, ""H2gas"": -0.5, ""H2Ogas"": 1.0}","{""OHstar"": 1}","111","Ag9Au3","111",1.001232392981251,,"Ag3Au","Ag9Au3"
"H2O(g) - 0.5H2(g) + * -> OH*","{""OH"": ""bridge|B_B|A""}","UmVhY3Rpb246NDI2ODIz","BEEF-vdW","{""star"": 1, ""H2gas"": -0.5, ""H2Ogas"": 1.0}","{""OHstar"": 1}","101","Au6Re6","101",0.42515392688153497,,"AuRe","Au6Re6"
"H2O(g) - 0.5H2(g) + * -> OH*","{""OH"": ""top|B""}","UmVhY3Rpb246NDI2ODY2","BEEF-vdW","{""star"": 1, ""H2gas"": -0.5, ""H2Ogas"": 1.0}","{""OHstar"": 1}","101","Au6Ru6","101",0.5651348638792797,,"AuRu","Au6Ru6"
"H2O(g) - 0.5H2(g) + * -> OH*","{""OH"": ""top|B""}","UmVhY3Rpb246NDI1OTQ4","BEEF-vdW","{""star"": 1, ""H2gas"": -0.5, ""H2Ogas"": 1.0}","{""OHstar"": 1}","111","Ag9Au3","111",1.7235165360806377,,"Ag3Au","Ag9Au3"
"H2O(g) - 0.5H2(g) + * -> OH*","{""OH"": ""top|B""}","UmVhY3Rpb246NDI2ODI4","BEEF-vdW","{""star"": 1, ""H2gas"": -0.5, ""H2Ogas"": 1.0}","{""OHstar"": 1}","101","Au6Re6","101",0.5934319818815084,,"AuRe","Au6Re6"
"H2O(g) - 0.5H2(g) + * -> OH*","{""OH"": ""bridge|A_B|A""}","UmVhY3Rpb246NDI1OTU1","BEEF-vdW","{""star"": 1, ""H2gas"": -0.5, ""H2Ogas"": 1.0}","{""OHstar"": 1}","111","Ag9Bi3","111",0.7736131125828933,,"Ag3Bi","Ag9Bi3"
"H2O(g) - 0.5H2(g) + * -> OH*","{""OH"": ""bridge|B_B|A""}","UmVhY3Rpb246NDI2ODM0","BEEF-vdW","{""star"": 1, ""H2gas"": -0.5, ""H2Ogas"": 1.0}","{""OHstar"": 1}","101","Au6Rh6","101",0.2709155853780203,,"AuRh","Au6Rh6"
"H2O(g) - 0.5H2(g) + * -> OH*","{""OH"": ""hollow|A_A_A|FCC""}","UmVhY3Rpb246NDI2OTI2","BEEF-vdW","{""star"": 1, ""H2gas"": -0.5, ""H2Ogas"": 1.0}","{""OHstar"": 1}","111","Ag3Bi9","111",0.2734210734751059,,"Bi3Ag","Ag3Bi9"
"H2O(g) - 0.5H2(g) + * -> OH*","{""OH"": ""hollow|A_A_A|HCP""}","UmVhY3Rpb246NDI2OTI3","BEEF-vdW","{""star"": 1, ""H2gas"": -0.5, ""H2Ogas"": 1.0}","{""OHstar"": 1}","111","Ag3Bi9","111",0.7102768478770258,,"Bi3Ag","Ag3Bi9"
"H2O(g) - 0.5H2(g) + * -> OH*","{""OH"": ""hollow|A_A_B|FCC""}","UmVhY3Rpb246NDI2OTI4","BEEF-vdW","{""star"": 1, ""H2gas"": -0.5, ""H2Ogas"": 1.0}","{""OHstar"": 1}","111","Ag3Bi9","111",0.13010293247941718,,"Bi3Ag","Ag3Bi9"
"H2O(g) - 0.5H2(g) + * -> OH*","{""OH"": ""top|B""}","UmVhY3Rpb246NDI2OTMx","BEEF-vdW","{""star"": 1, ""H2gas"": -0.5, ""H2Ogas"": 1.0}","{""OHstar"": 1}","111","Ag3Bi9","111",1.070074881074902,,"Bi3Ag","Ag3Bi9"
"H2O(g) - 0.5H2(g) + * -> OH*","{""OH"": ""bridge|A_A|A""}","UmVhY3Rpb246NDI2OTMy","BEEF-vdW","{""star"": 1, ""H2gas"": -0.5, ""H2Ogas"": 1.0}","{""OHstar"": 1}","111","Au3Bi9","111",0.17962710688232164,,"Bi3Au","Au3Bi9"
"H2O(g) - 0.5H2(g) + * -> OH*","{""OH"": ""hollow|A_A_A|FCC""}","UmVhY3Rpb246NDI2OTMz","BEEF-vdW","{""star"": 1, ""H2gas"": -0.5, ""H2Ogas"": 1.0}","{""OHstar"": 1}","111","Au3Bi9","111",0.2224598658802961,,"Bi3Au","Au3Bi9"
"H2O(g) - 0.5H2(g) + * -> OH*","{""OH"": ""hollow|A_A_A|HCP""}","UmVhY3Rpb246NDI2OTM0","BEEF-vdW","{""star"": 1, ""H2gas"": -0.5, ""H2Ogas"": 1.0}","{""OHstar"": 1}","111","Au3Bi9","111",0.7128592081797933,,"Bi3Au","Au3Bi9"
"H2O(g) - 0.5H2(g) + * -> OH*","{""OH"": ""hollow|A_A_B|HCP""}","UmVhY3Rpb246NDI2OTM1","BEEF-vdW","{""star"": 1, ""H2gas"": -0.5, ""H2Ogas"": 1.0}","{""OHstar"": 1}","111","Au3Bi9","111",0.4779997948797927,,"Bi3Au","Au3Bi9"
"H2O(g) - 0.5H2(g) + * -> OH*","{""OH"": ""top|A""}","UmVhY3Rpb246NDI2OTM2","BEEF-vdW","{""star"": 1, ""H2gas"": -0.5, ""H2Ogas"": 1.0}","{""OHstar"": 1}","111","Au3Bi9","111",0.17331937198184733,,"Bi3Au","Au3Bi9"
"H2O(g) - 0.5H2(g) + * -> OH*","{""OH"": ""top|B""}","UmVhY3Rpb246NDI2OTM3","BEEF-vdW","{""star"": 1, ""H2gas"": -0.5, ""H2Ogas"": 1.0}","{""OHstar"": 1}","111","Au3Bi9","111",1.493628506480377,,"Bi3Au","Au3Bi9"
"H2O(g) - 0.5H2(g) + * -> OH*","{""OH"": ""hollow|A_A_B|FCC""}","UmVhY3Rpb246NDI2ODM2","BEEF-vdW","{""star"": 1, ""H2gas"": -0.5, ""H2Ogas"": 1.0}","{""OHstar"": 1}","101","Au6Rh6","101",1.5874480518804148,,"AuRh","Au6Rh6"
"H2O(g) - 0.5H2(g) + * -> OH*","{""OH"": ""hollow-tilt|A_A_B|FCC""}","UmVhY3Rpb246NDI2OTI5","BEEF-vdW","{""star"": 1, ""H2gas"": -0.5, ""H2Ogas"": 1.0}","{""OHstar"": 1}","111","Ag3Bi9","111",0.14070802507637836,,"Bi3Ag","Ag3Bi9"
"H2O(g) - 0.5H2(g) + * -> OH*","{""OH"": ""bridge|A_A|A""}","UmVhY3Rpb246NDI2OTM4","BEEF-vdW","{""star"": 1, ""H2gas"": -0.5, ""H2Ogas"": 1.0}","{""OHstar"": 1}","111","Bi9Cu3","111",0.08713887848432478,,"Bi3Cu","Bi9Cu3"
"H2O(g) - 0.5H2(g) + * -> OH*","{""OH"": ""hollow-tilt|A_A_B|FCC""}","UmVhY3Rpb246NDI2ODM3","BEEF-vdW","{""star"": 1, ""H2gas"": -0.5, ""H2Ogas"": 1.0}","{""OHstar"": 1}","101","Au6Rh6","101",1.5768064959783032,,"AuRh","Au6Rh6"
"H2O(g) - 0.5H2(g) + * -> OH*","{""OH"": ""bridge|A_A|A""}","UmVhY3Rpb246NDI2OTI1","BEEF-vdW","{""star"": 1, ""H2gas"": -0.5, ""H2Ogas"": 1.0}","{""OHstar"": 1}","111","Ag3Bi9","111",0.31259009187931497,,"Bi3Ag","Ag3Bi9"
"H2O(g) - 0.5H2(g) + * -> OH*","{""OH"": ""top|A""}","UmVhY3Rpb246NDI2OTMw","BEEF-vdW","{""star"": 1, ""H2gas"": -0.5, ""H2Ogas"": 1.0}","{""OHstar"": 1}","111","Ag3Bi9","111",0.3320813339786355,,"Bi3Ag","Ag3Bi9"
"H2O(g) - 0.5H2(g) + * -> OH*","{""OH"": ""hollow|A_A_A|FCC""}","UmVhY3Rpb246NDI2OTQx","BEEF-vdW","{""star"": 1, ""H2gas"": -0.5, ""H2Ogas"": 1.0}","{""OHstar"": 1}","111","Bi9Cu3","111",0.2992035876858381,,"Bi3Cu","Bi9Cu3"
"H2O(g) - 0.5H2(g) + * -> OH*","{""OH"": ""hollow|A_A_A|HCP""}","UmVhY3Rpb246NDI2OTQy","BEEF-vdW","{""star"": 1, ""H2gas"": -0.5, ""H2Ogas"": 1.0}","{""OHstar"": 1}","111","Bi9Cu3","111",0.6776446842821997,,"Bi3Cu","Bi9Cu3"
"H2O(g) - 0.5H2(g) + * -> OH*","{""OH"": ""hollow|A_A_B|FCC""}","UmVhY3Rpb246NDI2OTQz","BEEF-vdW","{""star"": 1, ""H2gas"": -0.5, ""H2Ogas"": 1.0}","{""OHstar"": 1}","111","Bi9Cu3","111",-1.2516933171165192,,"Bi3Cu","Bi9Cu3"
"H2O(g) - 0.5H2(g) + * -> OH*","{""OH"": ""hollow|A_A_A|FCC""}","UmVhY3Rpb246NDI1OTY1","BEEF-vdW","{""star"": 1, ""H2gas"": -0.5, ""H2Ogas"": 1.0}","{""OHstar"": 1}","111","Ag9Bi3","111",0.489941646778675,,"Ag3Bi","Ag9Bi3"
"H2O(g) - 0.5H2(g) + * -> OH*","{""OH"": ""hollow-tilt|A_A_B|FCC""}","UmVhY3Rpb246NDI2OTQ0","BEEF-vdW","{""star"": 1, ""H2gas"": -0.5, ""H2Ogas"": 1.0}","{""OHstar"": 1}","111","Bi9Cu3","111",-0.39318408831888974,,"Bi3Cu","Bi9Cu3"
"H2O(g) - 0.5H2(g) + * -> OH*","{""OH"": ""top-tilt|B""}","UmVhY3Rpb246NDI2OTQ3","BEEF-vdW","{""star"": 1, ""H2gas"": -0.5, ""H2Ogas"": 1.0}","{""OHstar"": 1}","111","Bi9Cu3","111",-0.04690058881817549,,"Bi3Cu","Bi9Cu3"
"H2O(g) - 0.5H2(g) + * -> OH*","{""OH"": ""bridge|A_A|A""}","UmVhY3Rpb246NDI2OTQ4","BEEF-vdW","{""star"": 1, ""H2gas"": -0.5, ""H2Ogas"": 1.0}","{""OHstar"": 1}","111","Bi9Pd3","111",0.3026282763829613,,"Bi3Pd","Bi9Pd3"
"H2O(g) - 0.5H2(g) + * -> OH*","{""OH"": ""bridge|A_A|B""}","UmVhY3Rpb246NDI2OTU3","BEEF-vdW","{""star"": 1, ""H2gas"": -0.5, ""H2Ogas"": 1.0}","{""OHstar"": 1}","111","Bi9Pt3","111",0.5504343218789245,,"Bi3Pt","Bi9Pt3"
"H2O(g) - 0.5H2(g) + * -> OH*","{""OH"": ""bridge|A_B|A""}","UmVhY3Rpb246NDI2OTU4","BEEF-vdW","{""star"": 1, ""H2gas"": -0.5, ""H2Ogas"": 1.0}","{""OHstar"": 1}","111","Bi9Pt3","111",-0.07428435681788415,,"Bi3Pt","Bi9Pt3"
"H2O(g) - 0.5H2(g) + * -> OH*","{""OH"": ""hollow|A_A_A|FCC""}","UmVhY3Rpb246NDI2OTU5","BEEF-vdW","{""star"": 1, ""H2gas"": -0.5, ""H2Ogas"": 1.0}","{""OHstar"": 1}","111","Bi9Pt3","111",-0.016804254118255813,,"Bi3Pt","Bi9Pt3"
"H2O(g) - 0.5H2(g) + * -> OH*","{""OH"": ""hollow|A_A_A|HCP""}","UmVhY3Rpb246NDI2OTYw","BEEF-vdW","{""star"": 1, ""H2gas"": -0.5, ""H2Ogas"": 1.0}","{""OHstar"": 1}","111","Bi9Pt3","111",0.39846309677966474,,"Bi3Pt","Bi9Pt3"
"H2O(g) - 0.5H2(g) + * -> OH*","{""OH"": ""hollow-tilt|A_A_B|FCC""}","UmVhY3Rpb246NDI2OTYx","BEEF-vdW","{""star"": 1, ""H2gas"": -0.5, ""H2Ogas"": 1.0}","{""OHstar"": 1}","111","Bi9Pt3","111",0.352511777081304,,"Bi3Pt","Bi9Pt3"
"H2O(g) - 0.5H2(g) + * -> OH*","{""OH"": ""hollow-tilt|A_A_B|HCP""}","UmVhY3Rpb246NDI2OTYy","BEEF-vdW","{""star"": 1, ""H2gas"": -0.5, ""H2Ogas"": 1.0}","{""OHstar"": 1}","111","Bi9Pt3","111",0.30839926657870365,,"Bi3Pt","Bi9Pt3"
"H2O(g) - 0.5H2(g) + * -> OH*","{""OH"": ""top|A""}","UmVhY3Rpb246NDI2OTYz","BEEF-vdW","{""star"": 1, ""H2gas"": -0.5, ""H2Ogas"": 1.0}","{""OHstar"": 1}","111","Bi9Pt3","111",0.08824474908112734,,"Bi3Pt","Bi9Pt3"
"H2O(g) - 0.5H2(g) + * -> OH*","{""OH"": ""top|B""}","UmVhY3Rpb246NDI2OTY0","BEEF-vdW","{""star"": 1, ""H2gas"": -0.5, ""H2Ogas"": 1.0}","{""OHstar"": 1}","111","Bi9Pt3","111",0.9171060867819278,,"Bi3Pt","Bi9Pt3"
"H2O(g) - 0.5H2(g) + * -> OH*","{""OH"": ""hollow|A_A_A|HCP""}","UmVhY3Rpb246NDI2OTY3","BEEF-vdW","{""star"": 1, ""H2gas"": -0.5, ""H2Ogas"": 1.0}","{""OHstar"": 1}","111","Bi9Re3","111",0.7740167934797455,,"Bi3Re","Bi9Re3"
"H2O(g) - 0.5H2(g) + * -> OH*","{""OH"": ""top|B""}","UmVhY3Rpb246NDI2OTY4","BEEF-vdW","{""star"": 1, ""H2gas"": -0.5, ""H2Ogas"": 1.0}","{""OHstar"": 1}","111","Bi9Re3","111",-0.5677818511204578,,"Bi3Re","Bi9Re3"
"H2O(g) - 0.5H2(g) + * -> OH*","{""OH"": ""top-tilt|B""}","UmVhY3Rpb246NDI2OTY5","BEEF-vdW","{""star"": 1, ""H2gas"": -0.5, ""H2Ogas"": 1.0}","{""OHstar"": 1}","111","Bi9Re3","111",-1.150253495819129,,"Bi3Re","Bi9Re3"
"H2O(g) - 0.5H2(g) + * -> OH*","{""OH"": ""bridge|A_A|A""}","UmVhY3Rpb246NDI2OTcw","BEEF-vdW","{""star"": 1, ""H2gas"": -0.5, ""H2Ogas"": 1.0}","{""OHstar"": 1}","111","Bi9Rh3","111",0.3221597913769756,,"Bi3Rh","Bi9Rh3"
"H2O(g) - 0.5H2(g) + * -> OH*","{""OH"": ""bridge-tilt|A_A|B""}","UmVhY3Rpb246NDI2OTcx","BEEF-vdW","{""star"": 1, ""H2gas"": -0.5, ""H2Ogas"": 1.0}","{""OHstar"": 1}","111","Bi9Rh3","111",0.5962227814787866,,"Bi3Rh","Bi9Rh3"
"H2O(g) - 0.5H2(g) + * -> OH*","{""OH"": ""hollow|A_A_A|FCC""}","UmVhY3Rpb246NDI2OTcy","BEEF-vdW","{""star"": 1, ""H2gas"": -0.5, ""H2Ogas"": 1.0}","{""OHstar"": 1}","111","Bi9Rh3","111",0.5511597773773929,,"Bi3Rh","Bi9Rh3"
"H2O(g) - 0.5H2(g) + * -> OH*","{""OH"": ""hollow|A_A_A|HCP""}","UmVhY3Rpb246NDI2OTcz","BEEF-vdW","{""star"": 1, ""H2gas"": -0.5, ""H2Ogas"": 1.0}","{""OHstar"": 1}","111","Bi9Rh3","111",0.7811094406796428,,"Bi3Rh","Bi9Rh3"
"H2O(g) - 0.5H2(g) + * -> OH*","{""OH"": ""hollow-tilt|A_A_B|FCC""}","UmVhY3Rpb246NDI2OTc0","BEEF-vdW","{""star"": 1, ""H2gas"": -0.5, ""H2Ogas"": 1.0}","{""OHstar"": 1}","111","Bi9Rh3","111",0.26434784577656956,,"Bi3Rh","Bi9Rh3"
"H2O(g) - 0.5H2(g) + * -> OH*","{""OH"": ""top|A""}","UmVhY3Rpb246NDI2OTc1","BEEF-vdW","{""star"": 1, ""H2gas"": -0.5, ""H2Ogas"": 1.0}","{""OHstar"": 1}","111","Bi9Rh3","111",0.23857199847850552,,"Bi3Rh","Bi9Rh3"
"H2O(g) - 0.5H2(g) + * -> OH*","{""OH"": ""top|B""}","UmVhY3Rpb246NDI2OTc2","BEEF-vdW","{""star"": 1, ""H2gas"": -0.5, ""H2Ogas"": 1.0}","{""OHstar"": 1}","111","Bi9Rh3","111",0.8545233053781658,,"Bi3Rh","Bi9Rh3"
"H2O(g) - 0.5H2(g) + * -> OH*","{""OH"": ""bridge|A_A|A""}","UmVhY3Rpb246NDI2OTc3","BEEF-vdW","{""star"": 1, ""H2gas"": -0.5, ""H2Ogas"": 1.0}","{""OHstar"": 1}","111","Bi9Ru3","111",0.289312929879884,,"Bi3Ru","Bi9Ru3"
"H2O(g) - 0.5H2(g) + * -> OH*","{""OH"": ""bridge|A_B|A""}","UmVhY3Rpb246NDI2OTQ5","BEEF-vdW","{""star"": 1, ""H2gas"": -0.5, ""H2Ogas"": 1.0}","{""OHstar"": 1}","111","Bi9Pd3","111",0.31363745798159925,,"Bi3Pd","Bi9Pd3"
"H2O(g) - 0.5H2(g) + * -> OH*","{""OH"": ""bridge-tilt|A_A|B""}","UmVhY3Rpb246NDI2OTc4","BEEF-vdW","{""star"": 1, ""H2gas"": -0.5, ""H2Ogas"": 1.0}","{""OHstar"": 1}","111","Bi9Ru3","111",0.5810785578768218,,"Bi3Ru","Bi9Ru3"
"H2O(g) - 0.5H2(g) + * -> OH*","{""OH"": ""hollow|A_A_A|FCC""}","UmVhY3Rpb246NDI2OTUw","BEEF-vdW","{""star"": 1, ""H2gas"": -0.5, ""H2Ogas"": 1.0}","{""OHstar"": 1}","111","Bi9Pd3","111",0.3509169178804541,,"Bi3Pd","Bi9Pd3"
"H2O(g) - 0.5H2(g) + * -> OH*","{""OH"": ""hollow|A_A_A|FCC""}","UmVhY3Rpb246NDI2OTc5","BEEF-vdW","{""star"": 1, ""H2gas"": -0.5, ""H2Ogas"": 1.0}","{""OHstar"": 1}","111","Bi9Ru3","111",0.2865614507799137,,"Bi3Ru","Bi9Ru3"
"H2O(g) - 0.5H2(g) + * -> OH*","{""OH"": ""hollow|A_A_A|HCP""}","UmVhY3Rpb246NDI2OTgw","BEEF-vdW","{""star"": 1, ""H2gas"": -0.5, ""H2Ogas"": 1.0}","{""OHstar"": 1}","111","Bi9Ru3","111",0.33869587717788363,,"Bi3Ru","Bi9Ru3"
"H2O(g) - 0.5H2(g) + * -> OH*","{""OH"": ""top|A""}","UmVhY3Rpb246NDI2OTgx","BEEF-vdW","{""star"": 1, ""H2gas"": -0.5, ""H2Ogas"": 1.0}","{""OHstar"": 1}","111","Bi9Ru3","111",0.1925077514796385,,"Bi3Ru","Bi9Ru3"
"H2O(g) - 0.5H2(g) + * -> OH*","{""OH"": ""top-tilt|B""}","UmVhY3Rpb246NDI2OTgz","BEEF-vdW","{""star"": 1, ""H2gas"": -0.5, ""H2Ogas"": 1.0}","{""OHstar"": 1}","111","Bi9Ru3","111",-0.20015891232026206,,"Bi3Ru","Bi9Ru3"
"H2O(g) - 0.5H2(g) + * -> OH*","{""OH"": ""hollow|A_A_A|HCP""}","UmVhY3Rpb246NDI2OTUx","BEEF-vdW","{""star"": 1, ""H2gas"": -0.5, ""H2Ogas"": 1.0}","{""OHstar"": 1}","111","Bi9Pd3","111",0.7794729479800253,,"Bi3Pd","Bi9Pd3"
"H2O(g) - 0.5H2(g) + * -> OH*","{""OH"": ""top|B""}","UmVhY3Rpb246NDI2OTgy","BEEF-vdW","{""star"": 1, ""H2gas"": -0.5, ""H2Ogas"": 1.0}","{""OHstar"": 1}","111","Bi9Ru3","111",0.3260658494772315,,"Bi3Ru","Bi9Ru3"
"H2O(g) - 0.5H2(g) + * -> OH*","{""OH"": ""hollow-tilt|A_A_B|FCC""}","UmVhY3Rpb246NDI2OTUy","BEEF-vdW","{""star"": 1, ""H2gas"": -0.5, ""H2Ogas"": 1.0}","{""OHstar"": 1}","111","Bi9Pd3","111",0.3133759565833998,,"Bi3Pd","Bi9Pd3"
"H2O(g) - 0.5H2(g) + * -> OH*","{""OH"": ""hollow-tilt|A_A_B|HCP""}","UmVhY3Rpb246NDI2OTUz","BEEF-vdW","{""star"": 1, ""H2gas"": -0.5, ""H2Ogas"": 1.0}","{""OHstar"": 1}","111","Bi9Pd3","111",0.3530674334805326,,"Bi3Pd","Bi9Pd3"
"H2O(g) - 0.5H2(g) + * -> OH*","{""OH"": ""top|A""}","UmVhY3Rpb246NDI2OTU0","BEEF-vdW","{""star"": 1, ""H2gas"": -0.5, ""H2Ogas"": 1.0}","{""OHstar"": 1}","111","Bi9Pd3","111",0.27407836448116996,,"Bi3Pd","Bi9Pd3"
"H2O(g) - 0.5H2(g) + * -> OH*","{""OH"": ""top|B""}","UmVhY3Rpb246NDI2OTU1","BEEF-vdW","{""star"": 1, ""H2gas"": -0.5, ""H2Ogas"": 1.0}","{""OHstar"": 1}","111","Bi9Pd3","111",1.0776298497811467,,"Bi3Pd","Bi9Pd3"
"H2O(g) - 0.5H2(g) + * -> OH*","{""OH"": ""hollow|A_A_A|FCC""}","UmVhY3Rpb246MzM5MTcz","BEEF-vdW","{""star"": 1, ""H2gas"": -0.5, ""H2Ogas"": 1.0}","{""OHstar"": 1}","111","La12","111",-2.164155645222422,,"La","La12"
"H2O(g) - 0.5H2(g) + * -> OH*","{""OH"": ""bridge|A_A|A""}","UmVhY3Rpb246NDI2OTU2","BEEF-vdW","{""star"": 1, ""H2gas"": -0.5, ""H2Ogas"": 1.0}","{""OHstar"": 1}","111","Bi9Pt3","111",0.10435688158111134,,"Bi3Pt","Bi9Pt3"
"H2O(g) - 0.5H2(g) + * -> OH*","{""OH"": ""bridge|A_A|B""}","UmVhY3Rpb246NDI3MTA4","BEEF-vdW","{""star"": 1, ""H2gas"": -0.5, ""H2Ogas"": 1.0}","{""OHstar"": 1}","101","Bi6Cu6","101",0.5553900590865624,,"BiCu","Bi6Cu6"
"H2O(g) - 0.5H2(g) + * -> OH*","{""OH"": ""hollow|A_A_A|HCP""}","UmVhY3Rpb246MzM5MTc0","BEEF-vdW","{""star"": 1, ""H2gas"": -0.5, ""H2Ogas"": 1.0}","{""OHstar"": 1}","111","La12","111",-2.104819317820443,,"La","La12"
"H2O(g) - 0.5H2(g) + * -> OH*","{""OH"": ""bridge|B_B|A""}","UmVhY3Rpb246NDI3MTEw","BEEF-vdW","{""star"": 1, ""H2gas"": -0.5, ""H2Ogas"": 1.0}","{""OHstar"": 1}","101","Bi6Cu6","101",0.08455515758112142,,"BiCu","Bi6Cu6"
"H2O(g) - 0.5H2(g) + * -> OH*","{""OH"": ""hollow|A_A_B|FCC""}","UmVhY3Rpb246NDI3MTEx","BEEF-vdW","{""star"": 1, ""H2gas"": -0.5, ""H2Ogas"": 1.0}","{""OHstar"": 1}","101","Bi6Cu6","101",0.09881065738306916,,"BiCu","Bi6Cu6"
"H2O(g) - 0.5H2(g) + * -> OH*","{""OH"": ""hollow-tilt|A_A_B|FCC""}","UmVhY3Rpb246NDI3MTEy","BEEF-vdW","{""star"": 1, ""H2gas"": -0.5, ""H2Ogas"": 1.0}","{""OHstar"": 1}","101","Bi6Cu6","101",0.06033947498224279,,"BiCu","Bi6Cu6"
"H2O(g) - 0.5H2(g) + * -> OH*","{""OH"": ""top|A""}","UmVhY3Rpb246NDI3MTEz","BEEF-vdW","{""star"": 1, ""H2gas"": -0.5, ""H2Ogas"": 1.0}","{""OHstar"": 1}","101","Bi6Cu6","101",0.48585857868317817,,"BiCu","Bi6Cu6"
"H2O(g) - 0.5H2(g) + * -> OH*","{""OH"": ""hollow|A_A_A|HCP""}","UmVhY3Rpb246NDI1OTg1","BEEF-vdW","{""star"": 1, ""H2gas"": -0.5, ""H2Ogas"": 1.0}","{""OHstar"": 1}","111","Ag9Bi3","111",0.4048664795817558,,"Ag3Bi","Ag9Bi3"
"H2O(g) - 0.5H2(g) + * -> OH*","{""OH"": ""top-tilt|B""}","UmVhY3Rpb246NDI3MTE0","BEEF-vdW","{""star"": 1, ""H2gas"": -0.5, ""H2Ogas"": 1.0}","{""OHstar"": 1}","101","Bi6Cu6","101",0.3145570667810489,,"BiCu","Bi6Cu6"
"H2O(g) - 0.5H2(g) + * -> OH*","{""OH"": ""top|A""}","UmVhY3Rpb246MzM5MTc3","BEEF-vdW","{""star"": 1, ""H2gas"": -0.5, ""H2Ogas"": 1.0}","{""OHstar"": 1}","111","La12","111",-1.2737670556226703,,"La","La12"
"H2O(g) - 0.5H2(g) + * -> OH*","{""OH"": ""bridge|A_A|B""}","UmVhY3Rpb246NDI3NzMz","BEEF-vdW","{""star"": 1, ""H2gas"": -0.5, ""H2Ogas"": 1.0}","{""OHstar"": 1}","101","Bi6Pd6","101",0.8086453201802897,,"BiPd","Bi6Pd6"
"H2O(g) - 0.5H2(g) + * -> OH*","{""OH"": ""bridge|A_B|A""}","UmVhY3Rpb246NDI3NzM0","BEEF-vdW","{""star"": 1, ""H2gas"": -0.5, ""H2Ogas"": 1.0}","{""OHstar"": 1}","101","Bi6Pd6","101",0.7087207648809226,,"BiPd","Bi6Pd6"
"H2O(g) - 0.5H2(g) + * -> OH*","{""OH"": ""bridge|B_B|A""}","UmVhY3Rpb246NDI3NzM1","BEEF-vdW","{""star"": 1, ""H2gas"": -0.5, ""H2Ogas"": 1.0}","{""OHstar"": 1}","101","Bi6Pd6","101",0.6939217176812917,,"BiPd","Bi6Pd6"
"H2O(g) - 0.5H2(g) + * -> OH*","{""OH"": ""hollow|A_A_B|FCC""}","UmVhY3Rpb246NDI3NzM2","BEEF-vdW","{""star"": 1, ""H2gas"": -0.5, ""H2Ogas"": 1.0}","{""OHstar"": 1}","101","Bi6Pd6","101",0.7627725053797576,,"BiPd","Bi6Pd6"
"H2O(g) - 0.5H2(g) + * -> OH*","{""OH"": ""hollow|A_B_B|HCP""}","UmVhY3Rpb246NDI3NzM3","BEEF-vdW","{""star"": 1, ""H2gas"": -0.5, ""H2Ogas"": 1.0}","{""OHstar"": 1}","101","Bi6Pd6","101",0.7007520471823909,,"BiPd","Bi6Pd6"
"H2O(g) - 0.5H2(g) + * -> OH*","{""OH"": ""top|A""}","UmVhY3Rpb246NDI3NzM4","BEEF-vdW","{""star"": 1, ""H2gas"": -0.5, ""H2Ogas"": 1.0}","{""OHstar"": 1}","101","Bi6Pd6","101",0.7257103284799769,,"BiPd","Bi6Pd6"
"H2O(g) - 0.5H2(g) + * -> OH*","{""OH"": ""top|B""}","UmVhY3Rpb246NDI3NzM5","BEEF-vdW","{""star"": 1, ""H2gas"": -0.5, ""H2Ogas"": 1.0}","{""OHstar"": 1}","101","Bi6Pd6","101",1.3148293059829257,,"BiPd","Bi6Pd6"
"H2O(g) - 0.5H2(g) + * -> OH*","{""OH"": ""bridge|A_A|B""}","UmVhY3Rpb246NDI3NzQ4","BEEF-vdW","{""star"": 1, ""H2gas"": -0.5, ""H2Ogas"": 1.0}","{""OHstar"": 1}","101","Bi6Pt6","101",0.7786859947817675,,"BiPt","Bi6Pt6"
"H2O(g) - 0.5H2(g) + * -> OH*","{""OH"": ""bridge|B_B|A""}","UmVhY3Rpb246NDI3NzQ5","BEEF-vdW","{""star"": 1, ""H2gas"": -0.5, ""H2Ogas"": 1.0}","{""OHstar"": 1}","101","Bi6Pt6","101",0.8213617441805354,,"BiPt","Bi6Pt6"
"H2O(g) - 0.5H2(g) + * -> OH*","{""OH"": ""hollow-tilt|A_A_B|FCC""}","UmVhY3Rpb246NDI3NzUw","BEEF-vdW","{""star"": 1, ""H2gas"": -0.5, ""H2Ogas"": 1.0}","{""OHstar"": 1}","101","Bi6Pt6","101",0.5475172614759458,,"BiPt","Bi6Pt6"
"H2O(g) - 0.5H2(g) + * -> OH*","{""OH"": ""top|A""}","UmVhY3Rpb246NDI3NzUx","BEEF-vdW","{""star"": 1, ""H2gas"": -0.5, ""H2Ogas"": 1.0}","{""OHstar"": 1}","101","Bi6Pt6","101",0.7036987678810647,,"BiPt","Bi6Pt6"
"H2O(g) - 0.5H2(g) + * -> OH*","{""OH"": ""bridge|B_B|A""}","UmVhY3Rpb246NDI3NzUy","BEEF-vdW","{""star"": 1, ""H2gas"": -0.5, ""H2Ogas"": 1.0}","{""OHstar"": 1}","101","Bi6Re6","101",-0.5100096342204097,,"BiRe","Bi6Re6"
"H2O(g) - 0.5H2(g) + * -> OH*","{""OH"": ""top-tilt|B""}","UmVhY3Rpb246NDI3NzUz","BEEF-vdW","{""star"": 1, ""H2gas"": -0.5, ""H2Ogas"": 1.0}","{""OHstar"": 1}","101","Bi6Re6","101",-1.2377179585192835,,"BiRe","Bi6Re6"
"H2O(g) - 0.5H2(g) + * -> OH*","{""OH"": ""top|B""}","UmVhY3Rpb246NDI3NzU0","BEEF-vdW","{""star"": 1, ""H2gas"": -0.5, ""H2Ogas"": 1.0}","{""OHstar"": 1}","101","Bi6Re6","101",-0.5932795981199206,,"BiRe","Bi6Re6"
"H2O(g) - 0.5H2(g) + * -> OH*","{""OH"": ""bridge-tilt|A_B|B""}","UmVhY3Rpb246NDI3NzU1","BEEF-vdW","{""star"": 1, ""H2gas"": -0.5, ""H2Ogas"": 1.0}","{""OHstar"": 1}","101","Bi6Rh6","101",0.4276779188811588,,"BiRh","Bi6Rh6"
"H2O(g) - 0.5H2(g) + * -> OH*","{""OH"": ""bridge|B_B|A""}","UmVhY3Rpb246NDI3NzU2","BEEF-vdW","{""star"": 1, ""H2gas"": -0.5, ""H2Ogas"": 1.0}","{""OHstar"": 1}","101","Bi6Rh6","101",0.7089429458800396,,"BiRh","Bi6Rh6"
"H2O(g) - 0.5H2(g) + * -> OH*","{""OH"": ""hollow-tilt|A_A_B|FCC""}","UmVhY3Rpb246NDI3NzU3","BEEF-vdW","{""star"": 1, ""H2gas"": -0.5, ""H2Ogas"": 1.0}","{""OHstar"": 1}","101","Bi6Rh6","101",0.42303021447958145,,"BiRh","Bi6Rh6"
"H2O(g) - 0.5H2(g) + * -> OH*","{""OH"": ""hollow|A_A_B|HCP""}","UmVhY3Rpb246NDI3NzU4","BEEF-vdW","{""star"": 1, ""H2gas"": -0.5, ""H2Ogas"": 1.0}","{""OHstar"": 1}","101","Bi6Rh6","101",0.8311205627804839,,"BiRh","Bi6Rh6"
"H2O(g) - 0.5H2(g) + * -> OH*","{""OH"": ""top-tilt|B""}","UmVhY3Rpb246NDI3NzU5","BEEF-vdW","{""star"": 1, ""H2gas"": -0.5, ""H2Ogas"": 1.0}","{""OHstar"": 1}","101","Bi6Rh6","101",0.4356056833793218,,"BiRh","Bi6Rh6"
"H2O(g) - 0.5H2(g) + * -> OH*","{""OH"": ""top|A""}","UmVhY3Rpb246NDI3NzYw","BEEF-vdW","{""star"": 1, ""H2gas"": -0.5, ""H2Ogas"": 1.0}","{""OHstar"": 1}","101","Bi6Rh6","101",0.7859121138798173,,"BiRh","Bi6Rh6"
"H2O(g) - 0.5H2(g) + * -> OH*","{""OH"": ""bridge|A_A|B""}","UmVhY3Rpb246NDI3NzYx","BEEF-vdW","{""star"": 1, ""H2gas"": -0.5, ""H2Ogas"": 1.0}","{""OHstar"": 1}","101","Bi6Ru6","101",0.9283396262807173,,"BiRu","Bi6Ru6"
"H2O(g) - 0.5H2(g) + * -> OH*","{""OH"": ""bridge|B_B|A""}","UmVhY3Rpb246NDI3NzYy","BEEF-vdW","{""star"": 1, ""H2gas"": -0.5, ""H2Ogas"": 1.0}","{""OHstar"": 1}","101","Bi6Ru6","101",0.4033874048808457,,"BiRu","Bi6Ru6"
"H2O(g) - 0.5H2(g) + * -> OH*","{""OH"": ""top-tilt|B""}","UmVhY3Rpb246NDI3NzYz","BEEF-vdW","{""star"": 1, ""H2gas"": -0.5, ""H2Ogas"": 1.0}","{""OHstar"": 1}","101","Bi6Ru6","101",0.24548981248233304,,"BiRu","Bi6Ru6"
"H2O(g) - 0.5H2(g) + * -> OH*","{""OH"": ""top|A""}","UmVhY3Rpb246NDI3NzY0","BEEF-vdW","{""star"": 1, ""H2gas"": -0.5, ""H2Ogas"": 1.0}","{""OHstar"": 1}","101","Bi6Ru6","101",0.8535407021817036,,"BiRu","Bi6Ru6"
"H2O(g) - 0.5H2(g) + * -> OH*","{""OH"": ""bridge-tilt|A_B|A""}","UmVhY3Rpb246NDI3ODg2","BEEF-vdW","{""star"": 1, ""H2gas"": -0.5, ""H2Ogas"": 1.0}","{""OHstar"": 1}","111","Ag3Cu9","111",1.2017049164759328,,"Cu3Ag","Ag3Cu9"
"H2O(g) - 0.5H2(g) + * -> OH*","{""OH"": ""bridge|A_A|B""}","UmVhY3Rpb246NDI3ODg3","BEEF-vdW","{""star"": 1, ""H2gas"": -0.5, ""H2Ogas"": 1.0}","{""OHstar"": 1}","111","Ag3Cu9","111",0.19595924337488668,,"Cu3Ag","Ag3Cu9"
"H2O(g) - 0.5H2(g) + * -> OH*","{""OH"": ""hollow|A_A_A|FCC""}","UmVhY3Rpb246NDI3ODg4","BEEF-vdW","{""star"": 1, ""H2gas"": -0.5, ""H2Ogas"": 1.0}","{""OHstar"": 1}","111","Ag3Cu9","111",0.122962121179512,,"Cu3Ag","Ag3Cu9"
"H2O(g) - 0.5H2(g) + * -> OH*","{""OH"": ""hollow|A_A_A|HCP""}","UmVhY3Rpb246NDI3ODg5","BEEF-vdW","{""star"": 1, ""H2gas"": -0.5, ""H2Ogas"": 1.0}","{""OHstar"": 1}","111","Ag3Cu9","111",0.061827393478665726,,"Cu3Ag","Ag3Cu9"
"H2O(g) - 0.5H2(g) + * -> OH*","{""OH"": ""top|B""}","UmVhY3Rpb246NDI3ODkw","BEEF-vdW","{""star"": 1, ""H2gas"": -0.5, ""H2Ogas"": 1.0}","{""OHstar"": 1}","111","Ag3Cu9","111",1.5527089107753227,,"Cu3Ag","Ag3Cu9"
"H2O(g) - 0.5H2(g) + * -> OH*","{""OH"": ""hollow-tilt|A_A_A|HCP""}","UmVhY3Rpb246NDI3OTE1","BEEF-vdW","{""star"": 1, ""H2gas"": -0.5, ""H2Ogas"": 1.0}","{""OHstar"": 1}","111","Au3Cu9","111",0.6353553365814832,,"Cu3Au","Au3Cu9"
"H2O(g) - 0.5H2(g) + * -> OH*","{""OH"": ""hollow|A_A_A|FCC""}","UmVhY3Rpb246NDI3OTE2","BEEF-vdW","{""star"": 1, ""H2gas"": -0.5, ""H2Ogas"": 1.0}","{""OHstar"": 1}","111","Au3Cu9","111",0.16345619788341992,,"Cu3Au","Au3Cu9"
"H2O(g) - 0.5H2(g) + * -> OH*","{""OH"": ""top|B""}","UmVhY3Rpb246NDI3OTE4","BEEF-vdW","{""star"": 1, ""H2gas"": -0.5, ""H2Ogas"": 1.0}","{""OHstar"": 1}","111","Au3Cu9","111",1.8310132032828506,,"Cu3Au","Au3Cu9"
"H2O(g) - 0.5H2(g) + * -> OH*","{""OH"": ""bridge|A_A|B""}","UmVhY3Rpb246NDI3OTE0","BEEF-vdW","{""star"": 1, ""H2gas"": -0.5, ""H2Ogas"": 1.0}","{""OHstar"": 1}","111","Au3Cu9","111",0.4253957000809123,,"Cu3Au","Au3Cu9"
"H2O(g) - 0.5H2(g) + * -> OH*","{""OH"": ""hollow|A_A_A|HCP""}","UmVhY3Rpb246NDI3OTE3","BEEF-vdW","{""star"": 1, ""H2gas"": -0.5, ""H2Ogas"": 1.0}","{""OHstar"": 1}","111","Au3Cu9","111",0.14742311438465094,,"Cu3Au","Au3Cu9"
"H2O(g) - 0.5H2(g) + * -> OH*","{""OH"": ""hollow|A_A_A|FCC""}","UmVhY3Rpb246NDI3OTQw","BEEF-vdW","{""star"": 1, ""H2gas"": -0.5, ""H2Ogas"": 1.0}","{""OHstar"": 1}","111","Bi3Cu9","111",0.21030440467882272,,"Cu3Bi","Bi3Cu9"
"H2O(g) - 0.5H2(g) + * -> OH*","{""OH"": ""top|B""}","UmVhY3Rpb246NDI3OTQy","BEEF-vdW","{""star"": 1, ""H2gas"": -0.5, ""H2Ogas"": 1.0}","{""OHstar"": 1}","111","Bi3Cu9","111",0.6537800284758077,,"Cu3Bi","Bi3Cu9"
"H2O(g) - 0.5H2(g) + * -> OH*","{""OH"": ""hollow|A_A_A|HCP""}","UmVhY3Rpb246NDI3OTQx","BEEF-vdW","{""star"": 1, ""H2gas"": -0.5, ""H2Ogas"": 1.0}","{""OHstar"": 1}","111","Bi3Cu9","111",-0.12847637202060014,,"Cu3Bi","Bi3Cu9"
"H2O(g) - 0.5H2(g) + * -> OH*","{""OH"": ""bridge|A_A|B""}","UmVhY3Rpb246NDI3OTc4","BEEF-vdW","{""star"": 1, ""H2gas"": -0.5, ""H2Ogas"": 1.0}","{""OHstar"": 1}","111","Cu9Pd3","111",0.4000039413848526,,"Cu3Pd","Cu9Pd3"
"H2O(g) - 0.5H2(g) + * -> OH*","{""OH"": ""hollow|A_A_A|HCP""}","UmVhY3Rpb246NDI3OTgw","BEEF-vdW","{""star"": 1, ""H2gas"": -0.5, ""H2Ogas"": 1.0}","{""OHstar"": 1}","111","Cu9Pd3","111",0.3459953309837829,,"Cu3Pd","Cu9Pd3"
"H2O(g) - 0.5H2(g) + * -> OH*","{""OH"": ""top-tilt|A""}","UmVhY3Rpb246NDI3OTgy","BEEF-vdW","{""star"": 1, ""H2gas"": -0.5, ""H2Ogas"": 1.0}","{""OHstar"": 1}","111","Cu9Pd3","111",0.6906109086820607,,"Cu3Pd","Cu9Pd3"
"H2O(g) - 0.5H2(g) + * -> OH*","{""OH"": ""bridge|A_B|A""}","UmVhY3Rpb246NDI3OTg1","BEEF-vdW","{""star"": 1, ""H2gas"": -0.5, ""H2Ogas"": 1.0}","{""OHstar"": 1}","111","Cu9Pt3","111",0.6014669592740347,,"Cu3Pt","Cu9Pt3"
"H2O(g) - 0.5H2(g) + * -> OH*","{""OH"": ""hollow|A_A_A|HCP""}","UmVhY3Rpb246NDI3OTg3","BEEF-vdW","{""star"": 1, ""H2gas"": -0.5, ""H2Ogas"": 1.0}","{""OHstar"": 1}","111","Cu9Pt3","111",0.5119553841767583,,"Cu3Pt","Cu9Pt3"
"H2O(g) - 0.5H2(g) + * -> OH*","{""OH"": ""hollow|A_A_B|FCC""}","UmVhY3Rpb246NDI3OTg4","BEEF-vdW","{""star"": 1, ""H2gas"": -0.5, ""H2Ogas"": 1.0}","{""OHstar"": 1}","111","Cu9Pt3","111",0.605624858774604,,"Cu3Pt","Cu9Pt3"
"H2O(g) - 0.5H2(g) + * -> OH*","{""OH"": ""top|A""}","UmVhY3Rpb246NDI3OTg5","BEEF-vdW","{""star"": 1, ""H2gas"": -0.5, ""H2Ogas"": 1.0}","{""OHstar"": 1}","111","Cu9Pt3","111",0.8294906008785574,,"Cu3Pt","Cu9Pt3"
"H2O(g) - 0.5H2(g) + * -> OH*","{""OH"": ""top|B""}","UmVhY3Rpb246NDI3OTkw","BEEF-vdW","{""star"": 1, ""H2gas"": -0.5, ""H2Ogas"": 1.0}","{""OHstar"": 1}","111","Cu9Pt3","111",1.402606835680558,,"Cu3Pt","Cu9Pt3"
"H2O(g) - 0.5H2(g) + * -> OH*","{""OH"": ""hollow|A_A_A|FCC""}","UmVhY3Rpb246NDI3OTky","BEEF-vdW","{""star"": 1, ""H2gas"": -0.5, ""H2Ogas"": 1.0}","{""OHstar"": 1}","111","Cu9Re3","111",0.12043976187567296,,"Cu3Re","Cu9Re3"
"H2O(g) - 0.5H2(g) + * -> OH*","{""OH"": ""hollow|A_A_A|HCP""}","UmVhY3Rpb246NDI3OTkz","BEEF-vdW","{""star"": 1, ""H2gas"": -0.5, ""H2Ogas"": 1.0}","{""OHstar"": 1}","111","Cu9Re3","111",0.9191268040784735,,"Cu3Re","Cu9Re3"
"H2O(g) - 0.5H2(g) + * -> OH*","{""OH"": ""top|A""}","UmVhY3Rpb246NDI3OTk1","BEEF-vdW","{""star"": 1, ""H2gas"": -0.5, ""H2Ogas"": 1.0}","{""OHstar"": 1}","111","Cu9Re3","111",0.9982458074781562,,"Cu3Re","Cu9Re3"
"H2O(g) - 0.5H2(g) + * -> OH*","{""OH"": ""top|B""}","UmVhY3Rpb246NDI3OTk2","BEEF-vdW","{""star"": 1, ""H2gas"": -0.5, ""H2Ogas"": 1.0}","{""OHstar"": 1}","111","Cu9Re3","111",-1.0278568273234896,,"Cu3Re","Cu9Re3"
"H2O(g) - 0.5H2(g) + * -> OH*","{""OH"": ""hollow|A_A_A|HCP""}","UmVhY3Rpb246NDI3OTk4","BEEF-vdW","{""star"": 1, ""H2gas"": -0.5, ""H2Ogas"": 1.0}","{""OHstar"": 1}","111","Cu9Rh3","111",0.6197560025801749,,"Cu3Rh","Cu9Rh3"
"H2O(g) - 0.5H2(g) + * -> OH*","{""OH"": ""hollow|A_A_B|HCP""}","UmVhY3Rpb246NDI4MDAw","BEEF-vdW","{""star"": 1, ""H2gas"": -0.5, ""H2Ogas"": 1.0}","{""OHstar"": 1}","111","Cu9Rh3","111",0.2754333553792776,,"Cu3Rh","Cu9Rh3"
"H2O(g) - 0.5H2(g) + * -> OH*","{""OH"": ""hollow|A_A_A|FCC""}","UmVhY3Rpb246NDI4MDAz","BEEF-vdW","{""star"": 1, ""H2gas"": -0.5, ""H2Ogas"": 1.0}","{""OHstar"": 1}","111","Cu9Ru3","111",0.1595052408782749,,"Cu3Ru","Cu9Ru3"
"H2O(g) - 0.5H2(g) + * -> OH*","{""OH"": ""hollow|A_A_A|FCC""}","UmVhY3Rpb246NDI3OTc5","BEEF-vdW","{""star"": 1, ""H2gas"": -0.5, ""H2Ogas"": 1.0}","{""OHstar"": 1}","111","Cu9Pd3","111",0.11717072227918379,,"Cu3Pd","Cu9Pd3"
"H2O(g) - 0.5H2(g) + * -> OH*","{""OH"": ""hollow|A_A_B|FCC""}","UmVhY3Rpb246NDI3OTgx","BEEF-vdW","{""star"": 1, ""H2gas"": -0.5, ""H2Ogas"": 1.0}","{""OHstar"": 1}","111","Cu9Pd3","111",0.504621644181384,,"Cu3Pd","Cu9Pd3"
"H2O(g) - 0.5H2(g) + * -> OH*","{""OH"": ""top|B""}","UmVhY3Rpb246NDI3OTgz","BEEF-vdW","{""star"": 1, ""H2gas"": -0.5, ""H2Ogas"": 1.0}","{""OHstar"": 1}","111","Cu9Pd3","111",1.4177743249791774,,"Cu3Pd","Cu9Pd3"
"H2O(g) - 0.5H2(g) + * -> OH*","{""OH"": ""hollow|A_A_A|FCC""}","UmVhY3Rpb246NDI3OTg2","BEEF-vdW","{""star"": 1, ""H2gas"": -0.5, ""H2Ogas"": 1.0}","{""OHstar"": 1}","111","Cu9Pt3","111",0.1964544905757748,,"Cu3Pt","Cu9Pt3"
"H2O(g) - 0.5H2(g) + * -> OH*","{""OH"": ""hollow|A_A_A|FCC""}","UmVhY3Rpb246NDI3OTk3","BEEF-vdW","{""star"": 1, ""H2gas"": -0.5, ""H2Ogas"": 1.0}","{""OHstar"": 1}","111","Cu9Rh3","111",0.1429007183731983,,"Cu3Rh","Cu9Rh3"
"H2O(g) - 0.5H2(g) + * -> OH*","{""OH"": ""hollow|A_A_B|FCC""}","UmVhY3Rpb246NDI3OTk5","BEEF-vdW","{""star"": 1, ""H2gas"": -0.5, ""H2Ogas"": 1.0}","{""OHstar"": 1}","111","Cu9Rh3","111",0.34432087837637937,,"Cu3Rh","Cu9Rh3"
"H2O(g) - 0.5H2(g) + * -> OH*","{""OH"": ""top|A""}","UmVhY3Rpb246NDI4MDAx","BEEF-vdW","{""star"": 1, ""H2gas"": -0.5, ""H2Ogas"": 1.0}","{""OHstar"": 1}","111","Cu9Rh3","111",0.7093590078774241,,"Cu3Rh","Cu9Rh3"
"H2O(g) - 0.5H2(g) + * -> OH*","{""OH"": ""hollow|A_A_A|HCP""}","UmVhY3Rpb246NDI4MDA0","BEEF-vdW","{""star"": 1, ""H2gas"": -0.5, ""H2Ogas"": 1.0}","{""OHstar"": 1}","111","Cu9Ru3","111",0.7419937565763348,,"Cu3Ru","Cu9Ru3"
"H2O(g) - 0.5H2(g) + * -> OH*","{""OH"": ""hollow|A_A_B|FCC""}","UmVhY3Rpb246NDI4MDA1","BEEF-vdW","{""star"": 1, ""H2gas"": -0.5, ""H2Ogas"": 1.0}","{""OHstar"": 1}","111","Cu9Ru3","111",0.1026701839772386,,"Cu3Ru","Cu9Ru3"
"H2O(g) - 0.5H2(g) + * -> OH*","{""OH"": ""top|B""}","UmVhY3Rpb246NDI4MDAy","BEEF-vdW","{""star"": 1, ""H2gas"": -0.5, ""H2Ogas"": 1.0}","{""OHstar"": 1}","111","Cu9Rh3","111",0.8784751735773852,,"Cu3Rh","Cu9Rh3"
"H2O(g) - 0.5H2(g) + * -> OH*","{""OH"": ""hollow|A_A_B|HCP""}","UmVhY3Rpb246NDI4MDA2","BEEF-vdW","{""star"": 1, ""H2gas"": -0.5, ""H2Ogas"": 1.0}","{""OHstar"": 1}","111","Cu9Ru3","111",-0.05102447411911726,,"Cu3Ru","Cu9Ru3"
"H2O(g) - 0.5H2(g) + * -> OH*","{""OH"": ""top|A""}","UmVhY3Rpb246NDI4MDA3","BEEF-vdW","{""star"": 1, ""H2gas"": -0.5, ""H2Ogas"": 1.0}","{""OHstar"": 1}","111","Cu9Ru3","111",0.689222991980273,,"Cu3Ru","Cu9Ru3"
"H2O(g) - 0.5H2(g) + * -> OH*","{""OH"": ""top|B""}","UmVhY3Rpb246NDI4MDA4","BEEF-vdW","{""star"": 1, ""H2gas"": -0.5, ""H2Ogas"": 1.0}","{""OHstar"": 1}","111","Cu9Ru3","111",0.28380670628109783,,"Cu3Ru","Cu9Ru3"
"H2O(g) - 0.5H2(g) + * -> OH*","{""OH"": ""bridge|B_B|A""}","UmVhY3Rpb246NDI4MDcz","BEEF-vdW","{""star"": 1, ""H2gas"": -0.5, ""H2Ogas"": 1.0}","{""OHstar"": 1}","101","Cu6Pd6","101",0.7812343408849074,,"CuPd","Cu6Pd6"
"H2O(g) - 0.5H2(g) + * -> OH*","{""OH"": ""hollow|A_A_B|FCC""}","UmVhY3Rpb246NDI4MDc1","BEEF-vdW","{""star"": 1, ""H2gas"": -0.5, ""H2Ogas"": 1.0}","{""OHstar"": 1}","101","Cu6Pd6","101",0.45383268458397197,,"CuPd","Cu6Pd6"
"H2O(g) - 0.5H2(g) + * -> OH*","{""OH"": ""bridge|A_A|B""}","UmVhY3Rpb246NDI4MDcy","BEEF-vdW","{""star"": 1, ""H2gas"": -0.5, ""H2Ogas"": 1.0}","{""OHstar"": 1}","101","Cu6Pd6","101",0.36640631788475275,,"CuPd","Cu6Pd6"
"H2O(g) - 0.5H2(g) + * -> OH*","{""OH"": ""hollow-tilt|A_A_B|FCC""}","UmVhY3Rpb246NDI4MDc0","BEEF-vdW","{""star"": 1, ""H2gas"": -0.5, ""H2Ogas"": 1.0}","{""OHstar"": 1}","101","Cu6Pd6","101",0.4536720013828699,,"CuPd","Cu6Pd6"
"H2O(g) - 0.5H2(g) + * -> OH*","{""OH"": ""hollow|A_B_B|FCC""}","UmVhY3Rpb246NDI4MDc2","BEEF-vdW","{""star"": 1, ""H2gas"": -0.5, ""H2Ogas"": 1.0}","{""OHstar"": 1}","101","Cu6Pd6","101",0.5780223112786871,,"CuPd","Cu6Pd6"
"H2O(g) - 0.5H2(g) + * -> OH*","{""OH"": ""bridge|A_B|B""}","UmVhY3Rpb246NDI4MDk1","BEEF-vdW","{""star"": 1, ""H2gas"": -0.5, ""H2Ogas"": 1.0}","{""OHstar"": 1}","101","Cu6Pt6","101",0.8441222980808334,,"CuPt","Cu6Pt6"
"H2O(g) - 0.5H2(g) + * -> OH*","{""OH"": ""bridge|B_B|A""}","UmVhY3Rpb246NDI4MDk2","BEEF-vdW","{""star"": 1, ""H2gas"": -0.5, ""H2Ogas"": 1.0}","{""OHstar"": 1}","101","Cu6Pt6","101",0.7689984700745072,,"CuPt","Cu6Pt6"
"H2O(g) - 0.5H2(g) + * -> OH*","{""OH"": ""hollow|A_A_B|FCC""}","UmVhY3Rpb246NDI4MDk3","BEEF-vdW","{""star"": 1, ""H2gas"": -0.5, ""H2Ogas"": 1.0}","{""OHstar"": 1}","101","Cu6Pt6","101",0.4517384965773772,,"CuPt","Cu6Pt6"
"H2O(g) - 0.5H2(g) + * -> OH*","{""OH"": ""hollow|A_B_B|HCP""}","UmVhY3Rpb246NDI4MDk4","BEEF-vdW","{""star"": 1, ""H2gas"": -0.5, ""H2Ogas"": 1.0}","{""OHstar"": 1}","101","Cu6Pt6","101",0.7416273553798192,,"CuPt","Cu6Pt6"
"H2O(g) - 0.5H2(g) + * -> OH*","{""OH"": ""top|B""}","UmVhY3Rpb246NDI4MDk5","BEEF-vdW","{""star"": 1, ""H2gas"": -0.5, ""H2Ogas"": 1.0}","{""OHstar"": 1}","101","Cu6Pt6","101",0.772294857078009,,"CuPt","Cu6Pt6"
"H2O(g) - 0.5H2(g) + * -> OH*","{""OH"": ""bridge|B_B|A""}","UmVhY3Rpb246NDI4MTAw","BEEF-vdW","{""star"": 1, ""H2gas"": -0.5, ""H2Ogas"": 1.0}","{""OHstar"": 1}","101","Cu6Re6","101",-0.9111189020214852,,"CuRe","Cu6Re6"
"H2O(g) - 0.5H2(g) + * -> OH*","{""OH"": ""top-tilt|B""}","UmVhY3Rpb246NDI4MTAx","BEEF-vdW","{""star"": 1, ""H2gas"": -0.5, ""H2Ogas"": 1.0}","{""OHstar"": 1}","101","Cu6Re6","101",-0.5043098017223429,,"CuRe","Cu6Re6"
"H2O(g) - 0.5H2(g) + * -> OH*","{""OH"": ""top|B""}","UmVhY3Rpb246NDI4MTAy","BEEF-vdW","{""star"": 1, ""H2gas"": -0.5, ""H2Ogas"": 1.0}","{""OHstar"": 1}","101","Cu6Re6","101",-0.516833977223655,,"CuRe","Cu6Re6"
"H2O(g) - 0.5H2(g) + * -> OH*","{""OH"": ""bridge|B_B|A""}","UmVhY3Rpb246NDI4MTAz","BEEF-vdW","{""star"": 1, ""H2gas"": -0.5, ""H2Ogas"": 1.0}","{""OHstar"": 1}","101","Cu6Rh6","101",0.06215202527971542,,"CuRh","Cu6Rh6"
"H2O(g) - 0.5H2(g) + * -> OH*","{""OH"": ""hollow|A_A_B|FCC""}","UmVhY3Rpb246NDI4MTA0","BEEF-vdW","{""star"": 1, ""H2gas"": -0.5, ""H2Ogas"": 1.0}","{""OHstar"": 1}","101","Cu6Rh6","101",0.35884386617988184,,"CuRh","Cu6Rh6"
"H2O(g) - 0.5H2(g) + * -> OH*","{""OH"": ""hollow|A_A_B|HCP""}","UmVhY3Rpb246NDI4MTA1","BEEF-vdW","{""star"": 1, ""H2gas"": -0.5, ""H2Ogas"": 1.0}","{""OHstar"": 1}","101","Cu6Rh6","101",0.49174263227621395,,"CuRh","Cu6Rh6"
"H2O(g) - 0.5H2(g) + * -> OH*","{""OH"": ""hollow|A_B_B|FCC""}","UmVhY3Rpb246NDI4MTA2","BEEF-vdW","{""star"": 1, ""H2gas"": -0.5, ""H2Ogas"": 1.0}","{""OHstar"": 1}","101","Cu6Rh6","101",0.6871445865807573,,"CuRh","Cu6Rh6"
"H2O(g) - 0.5H2(g) + * -> OH*","{""OH"": ""hollow|A_B_B|HCP""}","UmVhY3Rpb246NDI4MTA3","BEEF-vdW","{""star"": 1, ""H2gas"": -0.5, ""H2Ogas"": 1.0}","{""OHstar"": 1}","101","Cu6Rh6","101",0.6214059647799104,,"CuRh","Cu6Rh6"
"H2O(g) - 0.5H2(g) + * -> OH*","{""OH"": ""top|B""}","UmVhY3Rpb246NDI4MTA4","BEEF-vdW","{""star"": 1, ""H2gas"": -0.5, ""H2Ogas"": 1.0}","{""OHstar"": 1}","101","Cu6Rh6","101",0.4738780865781109,,"CuRh","Cu6Rh6"
"H2O(g) - 0.5H2(g) + * -> OH*","{""OH"": ""bridge|B_B|A""}","UmVhY3Rpb246NDI4MTA5","BEEF-vdW","{""star"": 1, ""H2gas"": -0.5, ""H2Ogas"": 1.0}","{""OHstar"": 1}","101","Cu6Ru6","101",-0.2540254794176917,,"CuRu","Cu6Ru6"
"H2O(g) - 0.5H2(g) + * -> OH*","{""OH"": ""hollow|A_A_B|FCC""}","UmVhY3Rpb246NDI4MTEw","BEEF-vdW","{""star"": 1, ""H2gas"": -0.5, ""H2Ogas"": 1.0}","{""OHstar"": 1}","101","Cu6Ru6","101",0.5100628324843228,,"CuRu","Cu6Ru6"
"H2O(g) - 0.5H2(g) + * -> OH*","{""OH"": ""hollow|A_A_B|HCP""}","UmVhY3Rpb246NDI4MTEx","BEEF-vdW","{""star"": 1, ""H2gas"": -0.5, ""H2Ogas"": 1.0}","{""OHstar"": 1}","101","Cu6Ru6","101",0.32321627338103553,,"CuRu","Cu6Ru6"
"H2O(g) - 0.5H2(g) + * -> OH*","{""OH"": ""top|B""}","UmVhY3Rpb246NDI4MTEy","BEEF-vdW","{""star"": 1, ""H2gas"": -0.5, ""H2Ogas"": 1.0}","{""OHstar"": 1}","101","Cu6Ru6","101",0.19740117468325025,,"CuRu","Cu6Ru6"
"H2O(g) - 0.5H2(g) + * -> OH*","{""OH"": ""hollow|A_A_A|FCC""}","UmVhY3Rpb246MzM5MjAx","BEEF-vdW","{""star"": 1, ""H2gas"": -0.5, ""H2Ogas"": 1.0}","{""OHstar"": 1}","111","Nb12","111",-2.130750270017529,,"Nb","Nb12"
"H2O(g) - 0.5H2(g) + * -> OH*","{""OH"": ""hollow|A_A_A|HCP""}","UmVhY3Rpb246MzM5MjAy","BEEF-vdW","{""star"": 1, ""H2gas"": -0.5, ""H2Ogas"": 1.0}","{""OHstar"": 1}","111","Nb12","111",-2.1911787262207554,,"Nb","Nb12"
"H2O(g) - 0.5H2(g) + * -> OH*","{""OH"": ""top|A""}","UmVhY3Rpb246MzM5MjA1","BEEF-vdW","{""star"": 1, ""H2gas"": -0.5, ""H2Ogas"": 1.0}","{""OHstar"": 1}","111","Nb12","111",-1.273559296717508,,"Nb","Nb12"
"H2O(g) - 0.5H2(g) + * -> OH*","{""OH"": ""top|A""}","UmVhY3Rpb246NDI5MDQ3","BEEF-vdW","{""star"": 1, ""H2gas"": -0.5, ""H2Ogas"": 1.0}","{""OHstar"": 1}","111","Ir12","111",1.1121982393823373,,"Ir","Ir12"
"H2O(g) - 0.5H2(g) + * -> OH*","{""OH"": ""top|B""}","UmVhY3Rpb246NDI5MTU3","BEEF-vdW","{""star"": 1, ""H2gas"": -0.5, ""H2Ogas"": 1.0}","{""OHstar"": 1}","111","Pd3Pt9","111",1.7874934927793902,,"Pt3Pd","Pd3Pt9"
"H2O(g) - 0.5H2(g) + * -> OH*","{""OH"": ""hollow|A_A_A|FCC""}","UmVhY3Rpb246NDI5MTU4","BEEF-vdW","{""star"": 1, ""H2gas"": -0.5, ""H2Ogas"": 1.0}","{""OHstar"": 1}","111","Pt9Re3","111",1.152596259886991,,"Pt3Re","Pt9Re3"
"H2O(g) - 0.5H2(g) + * -> OH*","{""OH"": ""hollow|A_A_B|HCP""}","UmVhY3Rpb246NDI5MTYw","BEEF-vdW","{""star"": 1, ""H2gas"": -0.5, ""H2Ogas"": 1.0}","{""OHstar"": 1}","111","Pt9Re3","111",1.3309636157836167,,"Pt3Re","Pt9Re3"
"H2O(g) - 0.5H2(g) + * -> OH*","{""OH"": ""top|B""}","UmVhY3Rpb246NDI5MTYy","BEEF-vdW","{""star"": 1, ""H2gas"": -0.5, ""H2Ogas"": 1.0}","{""OHstar"": 1}","111","Pt9Re3","111",-0.69673278971743,,"Pt3Re","Pt9Re3"
"H2O(g) - 0.5H2(g) + * -> OH*","{""OH"": ""bridge|A_A|A""}","UmVhY3Rpb246NDI5MTYz","BEEF-vdW","{""star"": 1, ""H2gas"": -0.5, ""H2Ogas"": 1.0}","{""OHstar"": 1}","111","Pt9Rh3","111",0.8501768309769204,,"Pt3Rh","Pt9Rh3"
"H2O(g) - 0.5H2(g) + * -> OH*","{""OH"": ""bridge|A_B|A""}","UmVhY3Rpb246NDI5MTY1","BEEF-vdW","{""star"": 1, ""H2gas"": -0.5, ""H2Ogas"": 1.0}","{""OHstar"": 1}","111","Pt9Rh3","111",0.614827068577938,,"Pt3Rh","Pt9Rh3"
"H2O(g) - 0.5H2(g) + * -> OH*","{""OH"": ""hollow|A_A_A|FCC""}","UmVhY3Rpb246NDI5MTY2","BEEF-vdW","{""star"": 1, ""H2gas"": -0.5, ""H2Ogas"": 1.0}","{""OHstar"": 1}","111","Pt9Rh3","111",1.1188760491758103,,"Pt3Rh","Pt9Rh3"
"H2O(g) - 0.5H2(g) + * -> OH*","{""OH"": ""hollow|A_A_B|FCC""}","UmVhY3Rpb246NDI5MTY4","BEEF-vdW","{""star"": 1, ""H2gas"": -0.5, ""H2Ogas"": 1.0}","{""OHstar"": 1}","111","Pt9Rh3","111",0.8789445699775342,,"Pt3Rh","Pt9Rh3"
"H2O(g) - 0.5H2(g) + * -> OH*","{""OH"": ""top|B""}","UmVhY3Rpb246NDI5MTcw","BEEF-vdW","{""star"": 1, ""H2gas"": -0.5, ""H2Ogas"": 1.0}","{""OHstar"": 1}","111","Pt9Rh3","111",0.5293010087742687,,"Pt3Rh","Pt9Rh3"
"H2O(g) - 0.5H2(g) + * -> OH*","{""OH"": ""hollow|A_A_A|FCC""}","UmVhY3Rpb246NDI5MTcy","BEEF-vdW","{""star"": 1, ""H2gas"": -0.5, ""H2Ogas"": 1.0}","{""OHstar"": 1}","111","Pt9Ru3","111",1.0613660137795478,,"Pt3Ru","Pt9Ru3"
"H2O(g) - 0.5H2(g) + * -> OH*","{""OH"": ""hollow|A_A_A|HCP""}","UmVhY3Rpb246NDI5MTcz","BEEF-vdW","{""star"": 1, ""H2gas"": -0.5, ""H2Ogas"": 1.0}","{""OHstar"": 1}","111","Pt9Ru3","111",1.493721977681048,,"Pt3Ru","Pt9Ru3"
"H2O(g) - 0.5H2(g) + * -> OH*","{""OH"": ""top|A""}","UmVhY3Rpb246NDI5MTc1","BEEF-vdW","{""star"": 1, ""H2gas"": -0.5, ""H2Ogas"": 1.0}","{""OHstar"": 1}","111","Pt9Ru3","111",0.7528825278831164,,"Pt3Ru","Pt9Ru3"
"H2O(g) - 0.5H2(g) + * -> OH*","{""OH"": ""bridge|B_B|A""}","UmVhY3Rpb246NDI5MTc3","BEEF-vdW","{""star"": 1, ""H2gas"": -0.5, ""H2Ogas"": 1.0}","{""OHstar"": 1}","101","Pt6Re6","101",-0.6522526535219413,,"PtRe","Pt6Re6"
"H2O(g) - 0.5H2(g) + * -> OH*","{""OH"": ""top-tilt|A""}","UmVhY3Rpb246NDI5MTc4","BEEF-vdW","{""star"": 1, ""H2gas"": -0.5, ""H2Ogas"": 1.0}","{""OHstar"": 1}","101","Pt6Re6","101",0.9641291267806764,,"PtRe","Pt6Re6"
"H2O(g) - 0.5H2(g) + * -> OH*","{""OH"": ""top|B""}","UmVhY3Rpb246NDI5MTgw","BEEF-vdW","{""star"": 1, ""H2gas"": -0.5, ""H2Ogas"": 1.0}","{""OHstar"": 1}","101","Pt6Re6","101",-0.39197903222077457,,"PtRe","Pt6Re6"
"H2O(g) - 0.5H2(g) + * -> OH*","{""OH"": ""bridge|A_A|B""}","UmVhY3Rpb246NDI5MTgx","BEEF-vdW","{""star"": 1, ""H2gas"": -0.5, ""H2Ogas"": 1.0}","{""OHstar"": 1}","101","Pt6Rh6","101",0.7817505408792158,,"PtRh","Pt6Rh6"
"H2O(g) - 0.5H2(g) + * -> OH*","{""OH"": ""bridge|A_B|B""}","UmVhY3Rpb246NDI5MTgz","BEEF-vdW","{""star"": 1, ""H2gas"": -0.5, ""H2Ogas"": 1.0}","{""OHstar"": 1}","101","Pt6Rh6","101",0.5147731229779993,,"PtRh","Pt6Rh6"
"H2O(g) - 0.5H2(g) + * -> OH*","{""OH"": ""top|A""}","UmVhY3Rpb246NDI5MDQ4","BEEF-vdW","{""star"": 1, ""H2gas"": -0.5, ""H2Ogas"": 1.0}","{""OHstar"": 1}","111","Mn12","111",0.4392340492748872,,"Mn","Mn12"
"H2O(g) - 0.5H2(g) + * -> OH*","{""OH"": ""hollow|A_A_A|HCP""}","UmVhY3Rpb246NDI5MTU5","BEEF-vdW","{""star"": 1, ""H2gas"": -0.5, ""H2Ogas"": 1.0}","{""OHstar"": 1}","111","Pt9Re3","111",1.789222776181191,,"Pt3Re","Pt9Re3"
"H2O(g) - 0.5H2(g) + * -> OH*","{""OH"": ""top|A""}","UmVhY3Rpb246NDI5MTYx","BEEF-vdW","{""star"": 1, ""H2gas"": -0.5, ""H2Ogas"": 1.0}","{""OHstar"": 1}","111","Pt9Re3","111",0.9346811032854703,,"Pt3Re","Pt9Re3"
"H2O(g) - 0.5H2(g) + * -> OH*","{""OH"": ""bridge|A_A|B""}","UmVhY3Rpb246NDI5MTY0","BEEF-vdW","{""star"": 1, ""H2gas"": -0.5, ""H2Ogas"": 1.0}","{""OHstar"": 1}","111","Pt9Rh3","111",0.8021223434742524,,"Pt3Rh","Pt9Rh3"
"H2O(g) - 0.5H2(g) + * -> OH*","{""OH"": ""hollow|A_A_A|HCP""}","UmVhY3Rpb246NDI5MTY3","BEEF-vdW","{""star"": 1, ""H2gas"": -0.5, ""H2Ogas"": 1.0}","{""OHstar"": 1}","111","Pt9Rh3","111",1.3527381651773567,,"Pt3Rh","Pt9Rh3"
"H2O(g) - 0.5H2(g) + * -> OH*","{""OH"": ""top|A""}","UmVhY3Rpb246NDI5MTY5","BEEF-vdW","{""star"": 1, ""H2gas"": -0.5, ""H2Ogas"": 1.0}","{""OHstar"": 1}","111","Pt9Rh3","111",0.714544137180269,,"Pt3Rh","Pt9Rh3"
"H2O(g) - 0.5H2(g) + * -> OH*","{""OH"": ""bridge|A_A|A""}","UmVhY3Rpb246NDI5MTcx","BEEF-vdW","{""star"": 1, ""H2gas"": -0.5, ""H2Ogas"": 1.0}","{""OHstar"": 1}","111","Pt9Ru3","111",0.8662899157833408,,"Pt3Ru","Pt9Ru3"
"H2O(g) - 0.5H2(g) + * -> OH*","{""OH"": ""hollow|A_A_B|FCC""}","UmVhY3Rpb246NDI5MTc0","BEEF-vdW","{""star"": 1, ""H2gas"": -0.5, ""H2Ogas"": 1.0}","{""OHstar"": 1}","111","Pt9Ru3","111",0.8779084964816093,,"Pt3Ru","Pt9Ru3"
"H2O(g) - 0.5H2(g) + * -> OH*","{""OH"": ""top|B""}","UmVhY3Rpb246NDI5MTc2","BEEF-vdW","{""star"": 1, ""H2gas"": -0.5, ""H2Ogas"": 1.0}","{""OHstar"": 1}","111","Pt9Ru3","111",0.13312611718436074,,"Pt3Ru","Pt9Ru3"
"H2O(g) - 0.5H2(g) + * -> OH*","{""OH"": ""top-tilt|B""}","UmVhY3Rpb246NDI5MTc5","BEEF-vdW","{""star"": 1, ""H2gas"": -0.5, ""H2Ogas"": 1.0}","{""OHstar"": 1}","101","Pt6Re6","101",-0.3705712923211877,,"PtRe","Pt6Re6"
"H2O(g) - 0.5H2(g) + * -> OH*","{""OH"": ""bridge|A_B|A""}","UmVhY3Rpb246NDI5MTgy","BEEF-vdW","{""star"": 1, ""H2gas"": -0.5, ""H2Ogas"": 1.0}","{""OHstar"": 1}","101","Pt6Rh6","101",0.5855019043782477,,"PtRh","Pt6Rh6"
"H2O(g) - 0.5H2(g) + * -> OH*","{""OH"": ""bridge|B_B|A""}","UmVhY3Rpb246NDI5MTg0","BEEF-vdW","{""star"": 1, ""H2gas"": -0.5, ""H2Ogas"": 1.0}","{""OHstar"": 1}","101","Pt6Rh6","101",0.3332099261796202,,"PtRh","Pt6Rh6"
"H2O(g) - 0.5H2(g) + * -> OH*","{""OH"": ""bridge|A_A|A""}","UmVhY3Rpb246NDI5MDQ5","BEEF-vdW","{""star"": 1, ""H2gas"": -0.5, ""H2Ogas"": 1.0}","{""OHstar"": 1}","111","Ag3Pd9","111",0.7095425486739941,,"Pd3Ag","Ag3Pd9"
"H2O(g) - 0.5H2(g) + * -> OH*","{""OH"": ""hollow|A_A_B|FCC""}","UmVhY3Rpb246NDI5MTg1","BEEF-vdW","{""star"": 1, ""H2gas"": -0.5, ""H2Ogas"": 1.0}","{""OHstar"": 1}","101","Pt6Rh6","101",0.8533649166791974,,"PtRh","Pt6Rh6"
"H2O(g) - 0.5H2(g) + * -> OH*","{""OH"": ""bridge|A_A|B""}","UmVhY3Rpb246NDI5MDUw","BEEF-vdW","{""star"": 1, ""H2gas"": -0.5, ""H2Ogas"": 1.0}","{""OHstar"": 1}","111","Ag3Pd9","111",0.6029031761762553,,"Pd3Ag","Ag3Pd9"
"H2O(g) - 0.5H2(g) + * -> OH*","{""OH"": ""hollow|A_B_B|FCC""}","UmVhY3Rpb246NDI5MTg2","BEEF-vdW","{""star"": 1, ""H2gas"": -0.5, ""H2Ogas"": 1.0}","{""OHstar"": 1}","101","Pt6Rh6","101",0.5644366196801229,,"PtRh","Pt6Rh6"
"H2O(g) - 0.5H2(g) + * -> OH*","{""OH"": ""hollow|A_A_A|FCC""}","UmVhY3Rpb246NDI5MDUx","BEEF-vdW","{""star"": 1, ""H2gas"": -0.5, ""H2Ogas"": 1.0}","{""OHstar"": 1}","111","Ag3Pd9","111",0.7903355964780303,,"Pd3Ag","Ag3Pd9"
"H2O(g) - 0.5H2(g) + * -> OH*","{""OH"": ""top|A""}","UmVhY3Rpb246NDI5MTg3","BEEF-vdW","{""star"": 1, ""H2gas"": -0.5, ""H2Ogas"": 1.0}","{""OHstar"": 1}","101","Pt6Rh6","101",0.6997611446794281,,"PtRh","Pt6Rh6"
"H2O(g) - 0.5H2(g) + * -> OH*","{""OH"": ""bridge|B_B|A""}","UmVhY3Rpb246NDI5MTg5","BEEF-vdW","{""star"": 1, ""H2gas"": -0.5, ""H2Ogas"": 1.0}","{""OHstar"": 1}","101","Pt6Ru6","101",-0.07751393992214162,,"PtRu","Pt6Ru6"
"H2O(g) - 0.5H2(g) + * -> OH*","{""OH"": ""top|B""}","UmVhY3Rpb246NDI5MTkx","BEEF-vdW","{""star"": 1, ""H2gas"": -0.5, ""H2Ogas"": 1.0}","{""OHstar"": 1}","101","Pt6Ru6","101",0.16269849677780712,,"PtRu","Pt6Ru6"
"H2O(g) - 0.5H2(g) + * -> OH*","{""OH"": ""hollow|A_A_A|HCP""}","UmVhY3Rpb246NDI5MTkz","BEEF-vdW","{""star"": 1, ""H2gas"": -0.5, ""H2Ogas"": 1.0}","{""OHstar"": 1}","111","Ag3Re9","111",-1.0053560060215432,,"Re3Ag","Ag3Re9"
"H2O(g) - 0.5H2(g) + * -> OH*","{""OH"": ""hollow|A_A_A|FCC""}","UmVhY3Rpb246NDI5MTk1","BEEF-vdW","{""star"": 1, ""H2gas"": -0.5, ""H2Ogas"": 1.0}","{""OHstar"": 1}","111","Au3Re9","111",-0.7166768293201358,,"Re3Au","Au3Re9"
"H2O(g) - 0.5H2(g) + * -> OH*","{""OH"": ""top-tilt|A""}","UmVhY3Rpb246NDI5MTk3","BEEF-vdW","{""star"": 1, ""H2gas"": -0.5, ""H2Ogas"": 1.0}","{""OHstar"": 1}","111","Au3Re9","111",-0.04586274662062806,,"Re3Au","Au3Re9"
"H2O(g) - 0.5H2(g) + * -> OH*","{""OH"": ""top|A""}","UmVhY3Rpb246NDI5MTk4","BEEF-vdW","{""star"": 1, ""H2gas"": -0.5, ""H2Ogas"": 1.0}","{""OHstar"": 1}","111","Au3Re9","111",-0.5392851376192311,,"Re3Au","Au3Re9"
"H2O(g) - 0.5H2(g) + * -> OH*","{""OH"": ""bridge-tilt|A_A|B""}","UmVhY3Rpb246NDI5MjAw","BEEF-vdW","{""star"": 1, ""H2gas"": -0.5, ""H2Ogas"": 1.0}","{""OHstar"": 1}","111","Bi3Re9","111",-0.3481069343207537,,"Re3Bi","Bi3Re9"
"H2O(g) - 0.5H2(g) + * -> OH*","{""OH"": ""hollow|A_A_A|HCP""}","UmVhY3Rpb246NDI5MjAy","BEEF-vdW","{""star"": 1, ""H2gas"": -0.5, ""H2Ogas"": 1.0}","{""OHstar"": 1}","111","Bi3Re9","111",-0.4020434346194861,,"Re3Bi","Bi3Re9"
"H2O(g) - 0.5H2(g) + * -> OH*","{""OH"": ""top-tilt|A""}","UmVhY3Rpb246NDI5MjAz","BEEF-vdW","{""star"": 1, ""H2gas"": -0.5, ""H2Ogas"": 1.0}","{""OHstar"": 1}","111","Bi3Re9","111",-0.5444965258203638,,"Re3Bi","Bi3Re9"
"H2O(g) - 0.5H2(g) + * -> OH*","{""OH"": ""bridge|A_A|A""}","UmVhY3Rpb246NDI5MjA1","BEEF-vdW","{""star"": 1, ""H2gas"": -0.5, ""H2Ogas"": 1.0}","{""OHstar"": 1}","111","Cu3Re9","111",-0.30840811041991856,,"Re3Cu","Cu3Re9"
"H2O(g) - 0.5H2(g) + * -> OH*","{""OH"": ""hollow|A_A_A|FCC""}","UmVhY3Rpb246NDI5MjA2","BEEF-vdW","{""star"": 1, ""H2gas"": -0.5, ""H2Ogas"": 1.0}","{""OHstar"": 1}","111","Cu3Re9","111",-0.49823703721915535,,"Re3Cu","Cu3Re9"
"H2O(g) - 0.5H2(g) + * -> OH*","{""OH"": ""top-tilt|A""}","UmVhY3Rpb246NDI5MjA4","BEEF-vdW","{""star"": 1, ""H2gas"": -0.5, ""H2Ogas"": 1.0}","{""OHstar"": 1}","111","Cu3Re9","111",-0.01477210792211281,,"Re3Cu","Cu3Re9"
"H2O(g) - 0.5H2(g) + * -> OH*","{""OH"": ""top|B""}","UmVhY3Rpb246NDI5MjA5","BEEF-vdW","{""star"": 1, ""H2gas"": -0.5, ""H2Ogas"": 1.0}","{""OHstar"": 1}","111","Cu3Re9","111",1.5447324377790892,,"Re3Cu","Cu3Re9"
"H2O(g) - 0.5H2(g) + * -> OH*","{""OH"": ""hollow|A_A_A|FCC""}","UmVhY3Rpb246NDI5MjEx","BEEF-vdW","{""star"": 1, ""H2gas"": -0.5, ""H2Ogas"": 1.0}","{""OHstar"": 1}","111","Pd3Re9","111",-0.5284449386191454,,"Re3Pd","Pd3Re9"
"H2O(g) - 0.5H2(g) + * -> OH*","{""OH"": ""top-tilt|A""}","UmVhY3Rpb246NDI5MjEz","BEEF-vdW","{""star"": 1, ""H2gas"": -0.5, ""H2Ogas"": 1.0}","{""OHstar"": 1}","111","Pd3Re9","111",-0.16666754921891425,,"Re3Pd","Pd3Re9"
"H2O(g) - 0.5H2(g) + * -> OH*","{""OH"": ""top|B""}","UmVhY3Rpb246NDI5MjE0","BEEF-vdW","{""star"": 1, ""H2gas"": -0.5, ""H2Ogas"": 1.0}","{""OHstar"": 1}","111","Pd3Re9","111",1.6900676227822942,,"Re3Pd","Pd3Re9"
"H2O(g) - 0.5H2(g) + * -> OH*","{""OH"": ""hollow|A_A_A|FCC""}","UmVhY3Rpb246NDI5MjE2","BEEF-vdW","{""star"": 1, ""H2gas"": -0.5, ""H2Ogas"": 1.0}","{""OHstar"": 1}","111","Pt3Re9","111",-0.5687139771172269,,"Re3Pt","Pt3Re9"
"H2O(g) - 0.5H2(g) + * -> OH*","{""OH"": ""hollow|A_A_A|HCP""}","UmVhY3Rpb246NDI5MjE3","BEEF-vdW","{""star"": 1, ""H2gas"": -0.5, ""H2Ogas"": 1.0}","{""OHstar"": 1}","111","Pt3Re9","111",-1.0220153594192425,,"Re3Pt","Pt3Re9"
"H2O(g) - 0.5H2(g) + * -> OH*","{""OH"": ""top|B""}","UmVhY3Rpb246NDI5MjE5","BEEF-vdW","{""star"": 1, ""H2gas"": -0.5, ""H2Ogas"": 1.0}","{""OHstar"": 1}","111","Pt3Re9","111",1.6922801803819993,,"Re3Pt","Pt3Re9"
"H2O(g) - 0.5H2(g) + * -> OH*","{""OH"": ""hollow|A_A_A|FCC""}","UmVhY3Rpb246NDI5MjIw","BEEF-vdW","{""star"": 1, ""H2gas"": -0.5, ""H2Ogas"": 1.0}","{""OHstar"": 1}","111","Re9Rh3","111",-0.6247833057196885,,"Re3Rh","Re9Rh3"
"H2O(g) - 0.5H2(g) + * -> OH*","{""OH"": ""top|A""}","UmVhY3Rpb246NDI5MjIy","BEEF-vdW","{""star"": 1, ""H2gas"": -0.5, ""H2Ogas"": 1.0}","{""OHstar"": 1}","111","Re9Rh3","111",-0.23762708311835468,,"Re3Rh","Re9Rh3"
"H2O(g) - 0.5H2(g) + * -> OH*","{""OH"": ""top|B""}","UmVhY3Rpb246NDI5MjIz","BEEF-vdW","{""star"": 1, ""H2gas"": -0.5, ""H2Ogas"": 1.0}","{""OHstar"": 1}","111","Re9Rh3","111",1.3015410348788237,,"Re3Rh","Re9Rh3"
"H2O(g) - 0.5H2(g) + * -> OH*","{""OH"": ""bridge|A_B|A""}","UmVhY3Rpb246NDI5MjI1","BEEF-vdW","{""star"": 1, ""H2gas"": -0.5, ""H2Ogas"": 1.0}","{""OHstar"": 1}","111","Re9Ru3","111",-0.02044962701904751,,"Re3Ru","Re9Ru3"
"H2O(g) - 0.5H2(g) + * -> OH*","{""OH"": ""hollow|A_A_A|HCP""}","UmVhY3Rpb246NDI5MDUy","BEEF-vdW","{""star"": 1, ""H2gas"": -0.5, ""H2Ogas"": 1.0}","{""OHstar"": 1}","111","Ag3Pd9","111",0.6711728647759401,,"Pd3Ag","Ag3Pd9"
"H2O(g) - 0.5H2(g) + * -> OH*","{""OH"": ""top|B""}","UmVhY3Rpb246NDI5MTg4","BEEF-vdW","{""star"": 1, ""H2gas"": -0.5, ""H2Ogas"": 1.0}","{""OHstar"": 1}","101","Pt6Rh6","101",0.477304135879308,,"PtRh","Pt6Rh6"
"H2O(g) - 0.5H2(g) + * -> OH*","{""OH"": ""hollow|A_A_B|FCC""}","UmVhY3Rpb246NDI5MTkw","BEEF-vdW","{""star"": 1, ""H2gas"": -0.5, ""H2Ogas"": 1.0}","{""OHstar"": 1}","101","Pt6Ru6","101",0.8488934059831763,,"PtRu","Pt6Ru6"
"H2O(g) - 0.5H2(g) + * -> OH*","{""OH"": ""hollow|A_A_A|FCC""}","UmVhY3Rpb246NDI5MTky","BEEF-vdW","{""star"": 1, ""H2gas"": -0.5, ""H2Ogas"": 1.0}","{""OHstar"": 1}","111","Ag3Re9","111",-0.2583120887239829,,"Re3Ag","Ag3Re9"
"H2O(g) - 0.5H2(g) + * -> OH*","{""OH"": ""top|B""}","UmVhY3Rpb246NDI5MTk0","BEEF-vdW","{""star"": 1, ""H2gas"": -0.5, ""H2Ogas"": 1.0}","{""OHstar"": 1}","111","Ag3Re9","111",1.92133703818115,,"Re3Ag","Ag3Re9"
"H2O(g) - 0.5H2(g) + * -> OH*","{""OH"": ""hollow|A_A_A|HCP""}","UmVhY3Rpb246NDI5MTk2","BEEF-vdW","{""star"": 1, ""H2gas"": -0.5, ""H2Ogas"": 1.0}","{""OHstar"": 1}","111","Au3Re9","111",-1.4267989805185834,,"Re3Au","Au3Re9"
"H2O(g) - 0.5H2(g) + * -> OH*","{""OH"": ""top|B""}","UmVhY3Rpb246NDI5MTk5","BEEF-vdW","{""star"": 1, ""H2gas"": -0.5, ""H2Ogas"": 1.0}","{""OHstar"": 1}","111","Au3Re9","111",1.6849325624797302,,"Re3Au","Au3Re9"
"H2O(g) - 0.5H2(g) + * -> OH*","{""OH"": ""hollow|A_A_A|FCC""}","UmVhY3Rpb246NDI5MjAx","BEEF-vdW","{""star"": 1, ""H2gas"": -0.5, ""H2Ogas"": 1.0}","{""OHstar"": 1}","111","Bi3Re9","111",0.3971580387777749,,"Re3Bi","Bi3Re9"
"H2O(g) - 0.5H2(g) + * -> OH*","{""OH"": ""top-tilt|B""}","UmVhY3Rpb246NDI5MjA0","BEEF-vdW","{""star"": 1, ""H2gas"": -0.5, ""H2Ogas"": 1.0}","{""OHstar"": 1}","111","Bi3Re9","111",0.45572972627712716,,"Re3Bi","Bi3Re9"
"H2O(g) - 0.5H2(g) + * -> OH*","{""OH"": ""hollow|A_A_A|HCP""}","UmVhY3Rpb246NDI5MjA3","BEEF-vdW","{""star"": 1, ""H2gas"": -0.5, ""H2Ogas"": 1.0}","{""OHstar"": 1}","111","Cu3Re9","111",-0.7928112881228344,,"Re3Cu","Cu3Re9"
"H2O(g) - 0.5H2(g) + * -> OH*","{""OH"": ""bridge|A_A|A""}","UmVhY3Rpb246NDI5MjEw","BEEF-vdW","{""star"": 1, ""H2gas"": -0.5, ""H2Ogas"": 1.0}","{""OHstar"": 1}","111","Pd3Re9","111",-0.38129176112045116,,"Re3Pd","Pd3Re9"
"H2O(g) - 0.5H2(g) + * -> OH*","{""OH"": ""hollow|A_A_A|HCP""}","UmVhY3Rpb246NDI5MjEy","BEEF-vdW","{""star"": 1, ""H2gas"": -0.5, ""H2Ogas"": 1.0}","{""OHstar"": 1}","111","Pd3Re9","111",-1.086236810518244,,"Re3Pd","Pd3Re9"
"H2O(g) - 0.5H2(g) + * -> OH*","{""OH"": ""bridge|A_A|A""}","UmVhY3Rpb246NDI5MjE1","BEEF-vdW","{""star"": 1, ""H2gas"": -0.5, ""H2Ogas"": 1.0}","{""OHstar"": 1}","111","Pt3Re9","111",-0.430243408019237,,"Re3Pt","Pt3Re9"
"H2O(g) - 0.5H2(g) + * -> OH*","{""OH"": ""top-tilt|A""}","UmVhY3Rpb246NDI5MjE4","BEEF-vdW","{""star"": 1, ""H2gas"": -0.5, ""H2Ogas"": 1.0}","{""OHstar"": 1}","111","Pt3Re9","111",-0.1280952765183656,,"Re3Pt","Pt3Re9"
"H2O(g) - 0.5H2(g) + * -> OH*","{""OH"": ""hollow|A_A_A|HCP""}","UmVhY3Rpb246NDI5MjIx","BEEF-vdW","{""star"": 1, ""H2gas"": -0.5, ""H2Ogas"": 1.0}","{""OHstar"": 1}","111","Re9Rh3","111",-0.9217852203211123,,"Re3Rh","Re9Rh3"
"H2O(g) - 0.5H2(g) + * -> OH*","{""OH"": ""bridge|A_A|B""}","UmVhY3Rpb246NDI5MjI0","BEEF-vdW","{""star"": 1, ""H2gas"": -0.5, ""H2Ogas"": 1.0}","{""OHstar"": 1}","111","Re9Ru3","111",-0.04651867701898027,,"Re3Ru","Re9Ru3"
"H2O(g) - 0.5H2(g) + * -> OH*","{""OH"": ""hollow|A_A_A|FCC""}","UmVhY3Rpb246NDI5MjI2","BEEF-vdW","{""star"": 1, ""H2gas"": -0.5, ""H2Ogas"": 1.0}","{""OHstar"": 1}","111","Re9Ru3","111",-0.4613457477199745,,"Re3Ru","Re9Ru3"
"H2O(g) - 0.5H2(g) + * -> OH*","{""OH"": ""hollow|A_A_A|HCP""}","UmVhY3Rpb246NDI5MjI3","BEEF-vdW","{""star"": 1, ""H2gas"": -0.5, ""H2Ogas"": 1.0}","{""OHstar"": 1}","111","Re9Ru3","111",-0.6820570101182284,,"Re3Ru","Re9Ru3"
"H2O(g) - 0.5H2(g) + * -> OH*","{""OH"": ""hollow|A_A_B|FCC""}","UmVhY3Rpb246NDI5MDUz","BEEF-vdW","{""star"": 1, ""H2gas"": -0.5, ""H2Ogas"": 1.0}","{""OHstar"": 1}","111","Ag3Pd9","111",0.7683451247766016,,"Pd3Ag","Ag3Pd9"
"H2O(g) - 0.5H2(g) + * -> OH*","{""OH"": ""hollow|A_A_B|HCP""}","UmVhY3Rpb246NDI5MjI4","BEEF-vdW","{""star"": 1, ""H2gas"": -0.5, ""H2Ogas"": 1.0}","{""OHstar"": 1}","111","Re9Ru3","111",-0.34765359261939466,,"Re3Ru","Re9Ru3"
"H2O(g) - 0.5H2(g) + * -> OH*","{""OH"": ""top|B""}","UmVhY3Rpb246NDI5MDU0","BEEF-vdW","{""star"": 1, ""H2gas"": -0.5, ""H2Ogas"": 1.0}","{""OHstar"": 1}","111","Ag3Pd9","111",1.7868200110796124,,"Pd3Ag","Ag3Pd9"
"H2O(g) - 0.5H2(g) + * -> OH*","{""OH"": ""top|A""}","UmVhY3Rpb246NDI5MjI5","BEEF-vdW","{""star"": 1, ""H2gas"": -0.5, ""H2Ogas"": 1.0}","{""OHstar"": 1}","111","Re9Ru3","111",-0.22809139791854705,,"Re3Ru","Re9Ru3"
"H2O(g) - 0.5H2(g) + * -> OH*","{""OH"": ""top|B""}","UmVhY3Rpb246NDI5MjMw","BEEF-vdW","{""star"": 1, ""H2gas"": -0.5, ""H2Ogas"": 1.0}","{""OHstar"": 1}","111","Re9Ru3","111",0.8591048859824468,,"Re3Ru","Re9Ru3"
"H2O(g) - 0.5H2(g) + * -> OH*","{""OH"": ""top-tilt|B""}","UmVhY3Rpb246NDI5MjMy","BEEF-vdW","{""star"": 1, ""H2gas"": -0.5, ""H2Ogas"": 1.0}","{""OHstar"": 1}","101","Re6Rh6","101",0.7712537494816161,,"ReRh","Re6Rh6"
"H2O(g) - 0.5H2(g) + * -> OH*","{""OH"": ""top|B""}","UmVhY3Rpb246NDI5MjM0","BEEF-vdW","{""star"": 1, ""H2gas"": -0.5, ""H2Ogas"": 1.0}","{""OHstar"": 1}","101","Re6Rh6","101",0.9133847939818907,,"ReRh","Re6Rh6"
"H2O(g) - 0.5H2(g) + * -> OH*","{""OH"": ""bridge|A_A|B""}","UmVhY3Rpb246NDI5MjM1","BEEF-vdW","{""star"": 1, ""H2gas"": -0.5, ""H2Ogas"": 1.0}","{""OHstar"": 1}","101","Re6Ru6","101",-0.46168956351823454,,"ReRu","Re6Ru6"
"H2O(g) - 0.5H2(g) + * -> OH*","{""OH"": ""hollow|A_A_B|HCP""}","UmVhY3Rpb246NDI5MjM3","BEEF-vdW","{""star"": 1, ""H2gas"": -0.5, ""H2Ogas"": 1.0}","{""OHstar"": 1}","101","Re6Ru6","101",-0.5072869991191737,,"ReRu","Re6Ru6"
"H2O(g) - 0.5H2(g) + * -> OH*","{""OH"": ""top|A""}","UmVhY3Rpb246NDI5MjM5","BEEF-vdW","{""star"": 1, ""H2gas"": -0.5, ""H2Ogas"": 1.0}","{""OHstar"": 1}","101","Re6Ru6","101",-0.28250804301853805,,"ReRu","Re6Ru6"
"H2O(g) - 0.5H2(g) + * -> OH*","{""OH"": ""top|B""}","UmVhY3Rpb246NDI5MjQw","BEEF-vdW","{""star"": 1, ""H2gas"": -0.5, ""H2Ogas"": 1.0}","{""OHstar"": 1}","101","Re6Ru6","101",0.37808163428132957,,"ReRu","Re6Ru6"
"H2O(g) - 0.5H2(g) + * -> OH*","{""OH"": ""bridge|A_A|A""}","UmVhY3Rpb246NDI5MjQy","BEEF-vdW","{""star"": 1, ""H2gas"": -0.5, ""H2Ogas"": 1.0}","{""OHstar"": 1}","111","Ag3Rh9","111",0.2448070788785799,,"Rh3Ag","Ag3Rh9"
"H2O(g) - 0.5H2(g) + * -> OH*","{""OH"": ""hollow|A_A_A|FCC""}","UmVhY3Rpb246NDI5MjQ0","BEEF-vdW","{""star"": 1, ""H2gas"": -0.5, ""H2Ogas"": 1.0}","{""OHstar"": 1}","111","Ag3Rh9","111",0.36366463487945566,,"Rh3Ag","Ag3Rh9"
"H2O(g) - 0.5H2(g) + * -> OH*","{""OH"": ""top-tilt|A""}","UmVhY3Rpb246NDI5MjQ2","BEEF-vdW","{""star"": 1, ""H2gas"": -0.5, ""H2Ogas"": 1.0}","{""OHstar"": 1}","111","Ag3Rh9","111",0.4151161915768853,,"Rh3Ag","Ag3Rh9"
"H2O(g) - 0.5H2(g) + * -> OH*","{""OH"": ""top|B""}","UmVhY3Rpb246NDI5MjQ3","BEEF-vdW","{""star"": 1, ""H2gas"": -0.5, ""H2Ogas"": 1.0}","{""OHstar"": 1}","111","Ag3Rh9","111",1.7962400478762675,,"Rh3Ag","Ag3Rh9"
"H2O(g) - 0.5H2(g) + * -> OH*","{""OH"": ""bridge|A_A|A""}","UmVhY3Rpb246NDI5MjQ5","BEEF-vdW","{""star"": 1, ""H2gas"": -0.5, ""H2Ogas"": 1.0}","{""OHstar"": 1}","111","Au3Rh9","111",0.26652897428073175,,"Rh3Au","Au3Rh9"
"H2O(g) - 0.5H2(g) + * -> OH*","{""OH"": ""hollow|A_A_A|FCC""}","UmVhY3Rpb246NDI5MjUx","BEEF-vdW","{""star"": 1, ""H2gas"": -0.5, ""H2Ogas"": 1.0}","{""OHstar"": 1}","111","Au3Rh9","111",0.2959929164798041,,"Rh3Au","Au3Rh9"
"H2O(g) - 0.5H2(g) + * -> OH*","{""OH"": ""top-tilt|A""}","UmVhY3Rpb246NDI5MjUz","BEEF-vdW","{""star"": 1, ""H2gas"": -0.5, ""H2Ogas"": 1.0}","{""OHstar"": 1}","111","Au3Rh9","111",0.5148528523794766,,"Rh3Au","Au3Rh9"
"H2O(g) - 0.5H2(g) + * -> OH*","{""OH"": ""top|B""}","UmVhY3Rpb246NDI5MjU1","BEEF-vdW","{""star"": 1, ""H2gas"": -0.5, ""H2Ogas"": 1.0}","{""OHstar"": 1}","111","Au3Rh9","111",2.4943580331790827,,"Rh3Au","Au3Rh9"
"H2O(g) - 0.5H2(g) + * -> OH*","{""OH"": ""bridge|A_A|B""}","UmVhY3Rpb246NDI5MjU3","BEEF-vdW","{""star"": 1, ""H2gas"": -0.5, ""H2Ogas"": 1.0}","{""OHstar"": 1}","111","Bi3Rh9","111",0.1258703377833399,,"Rh3Bi","Bi3Rh9"
"H2O(g) - 0.5H2(g) + * -> OH*","{""OH"": ""hollow|A_A_A|HCP""}","UmVhY3Rpb246NDI5MjU5","BEEF-vdW","{""star"": 1, ""H2gas"": -0.5, ""H2Ogas"": 1.0}","{""OHstar"": 1}","111","Bi3Rh9","111",0.261274592082259,,"Rh3Bi","Bi3Rh9"
"H2O(g) - 0.5H2(g) + * -> OH*","{""OH"": ""top|A""}","UmVhY3Rpb246NDI5MjYw","BEEF-vdW","{""star"": 1, ""H2gas"": -0.5, ""H2Ogas"": 1.0}","{""OHstar"": 1}","111","Bi3Rh9","111",0.4249150109834545,,"Rh3Bi","Bi3Rh9"
"H2O(g) - 0.5H2(g) + * -> OH*","{""OH"": ""bridge|A_A|A""}","UmVhY3Rpb246NDI5MjYy","BEEF-vdW","{""star"": 1, ""H2gas"": -0.5, ""H2Ogas"": 1.0}","{""OHstar"": 1}","111","Cu3Rh9","111",0.2477135267807853,,"Rh3Cu","Cu3Rh9"
"H2O(g) - 0.5H2(g) + * -> OH*","{""OH"": ""hollow|A_A_A|FCC""}","UmVhY3Rpb246NDI5MjY0","BEEF-vdW","{""star"": 1, ""H2gas"": -0.5, ""H2Ogas"": 1.0}","{""OHstar"": 1}","111","Cu3Rh9","111",0.4403366545783456,,"Rh3Cu","Cu3Rh9"
"H2O(g) - 0.5H2(g) + * -> OH*","{""OH"": ""bridge|A_A|A""}","UmVhY3Rpb246NDI5MDU1","BEEF-vdW","{""star"": 1, ""H2gas"": -0.5, ""H2Ogas"": 1.0}","{""OHstar"": 1}","111","Au3Pd9","111",0.7339413638809447,,"Pd3Au","Au3Pd9"
"H2O(g) - 0.5H2(g) + * -> OH*","{""OH"": ""bridge|A_A|B""}","UmVhY3Rpb246NDI5MjMx","BEEF-vdW","{""star"": 1, ""H2gas"": -0.5, ""H2Ogas"": 1.0}","{""OHstar"": 1}","101","Re6Rh6","101",-0.6517198546199552,,"ReRh","Re6Rh6"
"H2O(g) - 0.5H2(g) + * -> OH*","{""OH"": ""top|A""}","UmVhY3Rpb246NDI5MjMz","BEEF-vdW","{""star"": 1, ""H2gas"": -0.5, ""H2Ogas"": 1.0}","{""OHstar"": 1}","101","Re6Rh6","101",-0.31871346961918334,,"ReRh","Re6Rh6"
"H2O(g) - 0.5H2(g) + * -> OH*","{""OH"": ""hollow|A_A_B|FCC""}","UmVhY3Rpb246NDI5MjM2","BEEF-vdW","{""star"": 1, ""H2gas"": -0.5, ""H2Ogas"": 1.0}","{""OHstar"": 1}","101","Re6Ru6","101",-0.4406698579178965,,"ReRu","Re6Ru6"
"H2O(g) - 0.5H2(g) + * -> OH*","{""OH"": ""hollow|A_B_B|HCP""}","UmVhY3Rpb246NDI5MjM4","BEEF-vdW","{""star"": 1, ""H2gas"": -0.5, ""H2Ogas"": 1.0}","{""OHstar"": 1}","101","Re6Ru6","101",-0.24122919002104481,,"ReRu","Re6Ru6"
"H2O(g) - 0.5H2(g) + * -> OH*","{""OH"": ""bridge-tilt|A_A|B""}","UmVhY3Rpb246NDI5MjQx","BEEF-vdW","{""star"": 1, ""H2gas"": -0.5, ""H2Ogas"": 1.0}","{""OHstar"": 1}","111","Ag3Rh9","111",0.8692789502791811,,"Rh3Ag","Ag3Rh9"
"H2O(g) - 0.5H2(g) + * -> OH*","{""OH"": ""bridge|A_A|B""}","UmVhY3Rpb246NDI5MjQz","BEEF-vdW","{""star"": 1, ""H2gas"": -0.5, ""H2Ogas"": 1.0}","{""OHstar"": 1}","111","Ag3Rh9","111",0.23366333688034047,,"Rh3Ag","Ag3Rh9"
"H2O(g) - 0.5H2(g) + * -> OH*","{""OH"": ""hollow|A_A_A|HCP""}","UmVhY3Rpb246NDI5MjQ1","BEEF-vdW","{""star"": 1, ""H2gas"": -0.5, ""H2Ogas"": 1.0}","{""OHstar"": 1}","111","Ag3Rh9","111",0.2584455604782079,,"Rh3Ag","Ag3Rh9"
"H2O(g) - 0.5H2(g) + * -> OH*","{""OH"": ""bridge-tilt|A_A|B""}","UmVhY3Rpb246NDI5MjQ4","BEEF-vdW","{""star"": 1, ""H2gas"": -0.5, ""H2Ogas"": 1.0}","{""OHstar"": 1}","111","Au3Rh9","111",0.9787345649791632,,"Rh3Au","Au3Rh9"
"H2O(g) - 0.5H2(g) + * -> OH*","{""OH"": ""bridge|A_A|B""}","UmVhY3Rpb246NDI5MjUw","BEEF-vdW","{""star"": 1, ""H2gas"": -0.5, ""H2Ogas"": 1.0}","{""OHstar"": 1}","111","Au3Rh9","111",0.3283739190782171,,"Rh3Au","Au3Rh9"
"H2O(g) - 0.5H2(g) + * -> OH*","{""OH"": ""hollow|A_A_A|HCP""}","UmVhY3Rpb246NDI5MjUy","BEEF-vdW","{""star"": 1, ""H2gas"": -0.5, ""H2Ogas"": 1.0}","{""OHstar"": 1}","111","Au3Rh9","111",0.3897691956780136,,"Rh3Au","Au3Rh9"
"H2O(g) - 0.5H2(g) + * -> OH*","{""OH"": ""top-tilt|B""}","UmVhY3Rpb246NDI5MjU0","BEEF-vdW","{""star"": 1, ""H2gas"": -0.5, ""H2Ogas"": 1.0}","{""OHstar"": 1}","111","Au3Rh9","111",1.2576239021808533,,"Rh3Au","Au3Rh9"
"H2O(g) - 0.5H2(g) + * -> OH*","{""OH"": ""bridge|A_A|A""}","UmVhY3Rpb246NDI5MjU2","BEEF-vdW","{""star"": 1, ""H2gas"": -0.5, ""H2Ogas"": 1.0}","{""OHstar"": 1}","111","Bi3Rh9","111",0.4907680565819419,,"Rh3Bi","Bi3Rh9"
"H2O(g) - 0.5H2(g) + * -> OH*","{""OH"": ""hollow|A_A_A|FCC""}","UmVhY3Rpb246NDI5MjU4","BEEF-vdW","{""star"": 1, ""H2gas"": -0.5, ""H2Ogas"": 1.0}","{""OHstar"": 1}","111","Bi3Rh9","111",0.7865572957824725,,"Rh3Bi","Bi3Rh9"
"H2O(g) - 0.5H2(g) + * -> OH*","{""OH"": ""top|B""}","UmVhY3Rpb246NDI5MjYx","BEEF-vdW","{""star"": 1, ""H2gas"": -0.5, ""H2Ogas"": 1.0}","{""OHstar"": 1}","111","Bi3Rh9","111",1.2289073206819694,,"Rh3Bi","Bi3Rh9"
"H2O(g) - 0.5H2(g) + * -> OH*","{""OH"": ""bridge|A_A|B""}","UmVhY3Rpb246NDI5MjYz","BEEF-vdW","{""star"": 1, ""H2gas"": -0.5, ""H2Ogas"": 1.0}","{""OHstar"": 1}","111","Cu3Rh9","111",0.23365707827622373,,"Rh3Cu","Cu3Rh9"
"H2O(g) - 0.5H2(g) + * -> OH*","{""OH"": ""bridge|A_A|B""}","UmVhY3Rpb246NDI5MDU2","BEEF-vdW","{""star"": 1, ""H2gas"": -0.5, ""H2Ogas"": 1.0}","{""OHstar"": 1}","111","Au3Pd9","111",0.750634051281736,,"Pd3Au","Au3Pd9"
"H2O(g) - 0.5H2(g) + * -> OH*","{""OH"": ""hollow|A_A_A|HCP""}","UmVhY3Rpb246NDI5MjY1","BEEF-vdW","{""star"": 1, ""H2gas"": -0.5, ""H2Ogas"": 1.0}","{""OHstar"": 1}","111","Cu3Rh9","111",0.307007812477309,,"Rh3Cu","Cu3Rh9"
"H2O(g) - 0.5H2(g) + * -> OH*","{""OH"": ""hollow|A_A_A|FCC""}","UmVhY3Rpb246NDI5MDU3","BEEF-vdW","{""star"": 1, ""H2gas"": -0.5, ""H2Ogas"": 1.0}","{""OHstar"": 1}","111","Au3Pd9","111",0.736902506680849,,"Pd3Au","Au3Pd9"
"H2O(g) - 0.5H2(g) + * -> OH*","{""OH"": ""hollow|A_A_B|FCC""}","UmVhY3Rpb246NDI5MjY2","BEEF-vdW","{""star"": 1, ""H2gas"": -0.5, ""H2Ogas"": 1.0}","{""OHstar"": 1}","111","Cu3Rh9","111",0.38246525208239746,,"Rh3Cu","Cu3Rh9"
"H2O(g) - 0.5H2(g) + * -> OH*","{""OH"": ""hollow|A_A_A|HCP""}","UmVhY3Rpb246NDI5MDU4","BEEF-vdW","{""star"": 1, ""H2gas"": -0.5, ""H2Ogas"": 1.0}","{""OHstar"": 1}","111","Au3Pd9","111",0.8327161021815073,,"Pd3Au","Au3Pd9"
"H2O(g) - 0.5H2(g) + * -> OH*","{""OH"": ""top-tilt|A""}","UmVhY3Rpb246NDI5MjY3","BEEF-vdW","{""star"": 1, ""H2gas"": -0.5, ""H2Ogas"": 1.0}","{""OHstar"": 1}","111","Cu3Rh9","111",0.4619003156811914,,"Rh3Cu","Cu3Rh9"
"H2O(g) - 0.5H2(g) + * -> OH*","{""OH"": ""top-tilt|A""}","UmVhY3Rpb246NDI5MDU5","BEEF-vdW","{""star"": 1, ""H2gas"": -0.5, ""H2Ogas"": 1.0}","{""OHstar"": 1}","111","Au3Pd9","111",0.9475443325799233,,"Pd3Au","Au3Pd9"
"H2O(g) - 0.5H2(g) + * -> OH*","{""OH"": ""top|B""}","UmVhY3Rpb246NDI5MjY4","BEEF-vdW","{""star"": 1, ""H2gas"": -0.5, ""H2Ogas"": 1.0}","{""OHstar"": 1}","111","Cu3Rh9","111",1.1939230049800926,,"Rh3Cu","Cu3Rh9"
"H2O(g) - 0.5H2(g) + * -> OH*","{""OH"": ""top|A""}","UmVhY3Rpb246NDI5MDYw","BEEF-vdW","{""star"": 1, ""H2gas"": -0.5, ""H2Ogas"": 1.0}","{""OHstar"": 1}","111","Au3Pd9","111",1.2581967017803208,,"Pd3Au","Au3Pd9"
"H2O(g) - 0.5H2(g) + * -> OH*","{""OH"": ""bridge|A_A|A""}","UmVhY3Rpb246NDI5MjY5","BEEF-vdW","{""star"": 1, ""H2gas"": -0.5, ""H2Ogas"": 1.0}","{""OHstar"": 1}","111","Pd3Rh9","111",0.21181885427802172,,"Rh3Pd","Pd3Rh9"
"H2O(g) - 0.5H2(g) + * -> OH*","{""OH"": ""bridge|A_A|B""}","UmVhY3Rpb246NDI5Mjcw","BEEF-vdW","{""star"": 1, ""H2gas"": -0.5, ""H2Ogas"": 1.0}","{""OHstar"": 1}","111","Pd3Rh9","111",0.24134497447892045,,"Rh3Pd","Pd3Rh9"
"H2O(g) - 0.5H2(g) + * -> OH*","{""OH"": ""hollow|A_A_A|HCP""}","UmVhY3Rpb246NDI5Mjcy","BEEF-vdW","{""star"": 1, ""H2gas"": -0.5, ""H2Ogas"": 1.0}","{""OHstar"": 1}","111","Pd3Rh9","111",0.3442788367800631,,"Rh3Pd","Pd3Rh9"
"H2O(g) - 0.5H2(g) + * -> OH*","{""OH"": ""hollow|A_A_B|FCC""}","UmVhY3Rpb246NDI5Mjcz","BEEF-vdW","{""star"": 1, ""H2gas"": -0.5, ""H2Ogas"": 1.0}","{""OHstar"": 1}","111","Pd3Rh9","111",0.44915287077753874,,"Rh3Pd","Pd3Rh9"
"H2O(g) - 0.5H2(g) + * -> OH*","{""OH"": ""top|B""}","UmVhY3Rpb246NDI5Mjc1","BEEF-vdW","{""star"": 1, ""H2gas"": -0.5, ""H2Ogas"": 1.0}","{""OHstar"": 1}","111","Pd3Rh9","111",1.4568184430798965,,"Rh3Pd","Pd3Rh9"
"H2O(g) - 0.5H2(g) + * -> OH*","{""OH"": ""bridge|A_A|B""}","UmVhY3Rpb246NDI5Mjc3","BEEF-vdW","{""star"": 1, ""H2gas"": -0.5, ""H2Ogas"": 1.0}","{""OHstar"": 1}","111","Pt3Rh9","111",0.33379769207829213,,"Rh3Pt","Pt3Rh9"
"H2O(g) - 0.5H2(g) + * -> OH*","{""OH"": ""hollow|A_A_A|FCC""}","UmVhY3Rpb246NDI5Mjc5","BEEF-vdW","{""star"": 1, ""H2gas"": -0.5, ""H2Ogas"": 1.0}","{""OHstar"": 1}","111","Pt3Rh9","111",0.23805865567999263,,"Rh3Pt","Pt3Rh9"
"H2O(g) - 0.5H2(g) + * -> OH*","{""OH"": ""hollow|A_A_B|FCC""}","UmVhY3Rpb246NDI5Mjgx","BEEF-vdW","{""star"": 1, ""H2gas"": -0.5, ""H2Ogas"": 1.0}","{""OHstar"": 1}","111","Pt3Rh9","111",0.5930278928798316,,"Rh3Pt","Pt3Rh9"
"H2O(g) - 0.5H2(g) + * -> OH*","{""OH"": ""top-tilt|A""}","UmVhY3Rpb246NDI5Mjgy","BEEF-vdW","{""star"": 1, ""H2gas"": -0.5, ""H2Ogas"": 1.0}","{""OHstar"": 1}","111","Pt3Rh9","111",0.5074063210785198,,"Rh3Pt","Pt3Rh9"
"H2O(g) - 0.5H2(g) + * -> OH*","{""OH"": ""hollow|A_A_A|FCC""}","UmVhY3Rpb246NDI5Mjg0","BEEF-vdW","{""star"": 1, ""H2gas"": -0.5, ""H2Ogas"": 1.0}","{""OHstar"": 1}","111","Re3Rh9","111",0.829477131280214,,"Rh3Re","Re3Rh9"
"H2O(g) - 0.5H2(g) + * -> OH*","{""OH"": ""top|A""}","UmVhY3Rpb246NDI5Mjg2","BEEF-vdW","{""star"": 1, ""H2gas"": -0.5, ""H2Ogas"": 1.0}","{""OHstar"": 1}","111","Re3Rh9","111",0.6247056171786198,,"Rh3Re","Re3Rh9"
"H2O(g) - 0.5H2(g) + * -> OH*","{""OH"": ""top|B""}","UmVhY3Rpb246NDI5Mjg3","BEEF-vdW","{""star"": 1, ""H2gas"": -0.5, ""H2Ogas"": 1.0}","{""OHstar"": 1}","111","Re3Rh9","111",-0.5212586842200153,,"Rh3Re","Re3Rh9"
"H2O(g) - 0.5H2(g) + * -> OH*","{""OH"": ""hollow|A_A_A|FCC""}","UmVhY3Rpb246NDI5Mjg5","BEEF-vdW","{""star"": 1, ""H2gas"": -0.5, ""H2Ogas"": 1.0}","{""OHstar"": 1}","111","Rh9Ru3","111",0.4674110290806084,,"Rh3Ru","Rh9Ru3"
"H2O(g) - 0.5H2(g) + * -> OH*","{""OH"": ""hollow|A_A_B|FCC""}","UmVhY3Rpb246NDI5Mjkx","BEEF-vdW","{""star"": 1, ""H2gas"": -0.5, ""H2Ogas"": 1.0}","{""OHstar"": 1}","111","Rh9Ru3","111",0.13304434697863599,,"Rh3Ru","Rh9Ru3"
"H2O(g) - 0.5H2(g) + * -> OH*","{""OH"": ""top|A""}","UmVhY3Rpb246NDI5Mjkz","BEEF-vdW","{""star"": 1, ""H2gas"": -0.5, ""H2Ogas"": 1.0}","{""OHstar"": 1}","111","Rh9Ru3","111",0.501502267180399,,"Rh3Ru","Rh9Ru3"
"H2O(g) - 0.5H2(g) + * -> OH*","{""OH"": ""bridge|A_A|B""}","UmVhY3Rpb246NDI5Mjk1","BEEF-vdW","{""star"": 1, ""H2gas"": -0.5, ""H2Ogas"": 1.0}","{""OHstar"": 1}","101","Rh6Ru6","101",0.6088928098805582,,"RhRu","Rh6Ru6"
"H2O(g) - 0.5H2(g) + * -> OH*","{""OH"": ""hollow|A_A_B|FCC""}","UmVhY3Rpb246NDI5Mjk3","BEEF-vdW","{""star"": 1, ""H2gas"": -0.5, ""H2Ogas"": 1.0}","{""OHstar"": 1}","101","Rh6Ru6","101",0.3164863538812597,,"RhRu","Rh6Ru6"
"H2O(g) - 0.5H2(g) + * -> OH*","{""OH"": ""hollow|A_B_B|HCP""}","UmVhY3Rpb246NDI5Mjk5","BEEF-vdW","{""star"": 1, ""H2gas"": -0.5, ""H2Ogas"": 1.0}","{""OHstar"": 1}","101","Rh6Ru6","101",0.1927205444816309,,"RhRu","Rh6Ru6"
"H2O(g) - 0.5H2(g) + * -> OH*","{""OH"": ""top-tilt|A""}","UmVhY3Rpb246NDI5MzAw","BEEF-vdW","{""star"": 1, ""H2gas"": -0.5, ""H2Ogas"": 1.0}","{""OHstar"": 1}","101","Rh6Ru6","101",0.514183044179731,,"RhRu","Rh6Ru6"
"H2O(g) - 0.5H2(g) + * -> OH*","{""OH"": ""bridge|A_A|A""}","UmVhY3Rpb246NDI5MzAy","BEEF-vdW","{""star"": 1, ""H2gas"": -0.5, ""H2Ogas"": 1.0}","{""OHstar"": 1}","111","Ag3Ru9","111",-0.09264877561793128,,"Ru3Ag","Ag3Ru9"
"H2O(g) - 0.5H2(g) + * -> OH*","{""OH"": ""hollow|A_A_A|HCP""}","UmVhY3Rpb246NDI5MzA0","BEEF-vdW","{""star"": 1, ""H2gas"": -0.5, ""H2Ogas"": 1.0}","{""OHstar"": 1}","111","Ag3Ru9","111",-0.4268501485158822,,"Ru3Ag","Ag3Ru9"
"H2O(g) - 0.5H2(g) + * -> OH*","{""OH"": ""top-tilt|B""}","UmVhY3Rpb246NDI5MzA1","BEEF-vdW","{""star"": 1, ""H2gas"": -0.5, ""H2Ogas"": 1.0}","{""OHstar"": 1}","111","Ag3Ru9","111",1.2385160683815002,,"Ru3Ag","Ag3Ru9"
"H2O(g) - 0.5H2(g) + * -> OH*","{""OH"": ""hollow|A_A_A|HCP""}","UmVhY3Rpb246NDI5MzA3","BEEF-vdW","{""star"": 1, ""H2gas"": -0.5, ""H2Ogas"": 1.0}","{""OHstar"": 1}","111","Au3Ru9","111",-0.2242574500188539,,"Ru3Au","Au3Ru9"
"H2O(g) - 0.5H2(g) + * -> OH*","{""OH"": ""top|A""}","UmVhY3Rpb246NDI5MzA5","BEEF-vdW","{""star"": 1, ""H2gas"": -0.5, ""H2Ogas"": 1.0}","{""OHstar"": 1}","111","Au3Ru9","111",0.3489910321812886,,"Ru3Au","Au3Ru9"
"H2O(g) - 0.5H2(g) + * -> OH*","{""OH"": ""bridge|A_A|A""}","UmVhY3Rpb246NDI5MzEx","BEEF-vdW","{""star"": 1, ""H2gas"": -0.5, ""H2Ogas"": 1.0}","{""OHstar"": 1}","111","Bi3Ru9","111",0.04038182977899396,,"Ru3Bi","Bi3Ru9"
"H2O(g) - 0.5H2(g) + * -> OH*","{""OH"": ""top|B""}","UmVhY3Rpb246NDI5MDYx","BEEF-vdW","{""star"": 1, ""H2gas"": -0.5, ""H2Ogas"": 1.0}","{""OHstar"": 1}","111","Au3Pd9","111",1.9679675539817936,,"Pd3Au","Au3Pd9"
"H2O(g) - 0.5H2(g) + * -> OH*","{""OH"": ""hollow|A_A_A|FCC""}","UmVhY3Rpb246NDI5Mjcx","BEEF-vdW","{""star"": 1, ""H2gas"": -0.5, ""H2Ogas"": 1.0}","{""OHstar"": 1}","111","Pd3Rh9","111",0.2548352901802673,,"Rh3Pd","Pd3Rh9"
"H2O(g) - 0.5H2(g) + * -> OH*","{""OH"": ""top-tilt|A""}","UmVhY3Rpb246NDI5Mjc0","BEEF-vdW","{""star"": 1, ""H2gas"": -0.5, ""H2Ogas"": 1.0}","{""OHstar"": 1}","111","Pd3Rh9","111",0.4194579038784241,,"Rh3Pd","Pd3Rh9"
"H2O(g) - 0.5H2(g) + * -> OH*","{""OH"": ""bridge|A_A|A""}","UmVhY3Rpb246NDI5Mjc2","BEEF-vdW","{""star"": 1, ""H2gas"": -0.5, ""H2Ogas"": 1.0}","{""OHstar"": 1}","111","Pt3Rh9","111",0.2500912574804488,,"Rh3Pt","Pt3Rh9"
"H2O(g) - 0.5H2(g) + * -> OH*","{""OH"": ""bridge|A_B|A""}","UmVhY3Rpb246NDI5Mjc4","BEEF-vdW","{""star"": 1, ""H2gas"": -0.5, ""H2Ogas"": 1.0}","{""OHstar"": 1}","111","Pt3Rh9","111",0.5302562643781812,,"Rh3Pt","Pt3Rh9"
"H2O(g) - 0.5H2(g) + * -> OH*","{""OH"": ""hollow|A_A_A|HCP""}","UmVhY3Rpb246NDI5Mjgw","BEEF-vdW","{""star"": 1, ""H2gas"": -0.5, ""H2Ogas"": 1.0}","{""OHstar"": 1}","111","Pt3Rh9","111",0.4778138050795633,,"Rh3Pt","Pt3Rh9"
"H2O(g) - 0.5H2(g) + * -> OH*","{""OH"": ""top|B""}","UmVhY3Rpb246NDI5Mjgz","BEEF-vdW","{""star"": 1, ""H2gas"": -0.5, ""H2Ogas"": 1.0}","{""OHstar"": 1}","111","Pt3Rh9","111",1.4037521627805063,,"Rh3Pt","Pt3Rh9"
"H2O(g) - 0.5H2(g) + * -> OH*","{""OH"": ""hollow|A_A_A|HCP""}","UmVhY3Rpb246NDI5Mjg1","BEEF-vdW","{""star"": 1, ""H2gas"": -0.5, ""H2Ogas"": 1.0}","{""OHstar"": 1}","111","Re3Rh9","111",0.6894809559788655,,"Rh3Re","Re3Rh9"
"H2O(g) - 0.5H2(g) + * -> OH*","{""OH"": ""bridge|A_B|A""}","UmVhY3Rpb246NDI5Mjg4","BEEF-vdW","{""star"": 1, ""H2gas"": -0.5, ""H2Ogas"": 1.0}","{""OHstar"": 1}","111","Rh9Ru3","111",0.037768176281019805,,"Rh3Ru","Rh9Ru3"
"H2O(g) - 0.5H2(g) + * -> OH*","{""OH"": ""hollow|A_A_A|HCP""}","UmVhY3Rpb246NDI5Mjkw","BEEF-vdW","{""star"": 1, ""H2gas"": -0.5, ""H2Ogas"": 1.0}","{""OHstar"": 1}","111","Rh9Ru3","111",0.5042632701814682,,"Rh3Ru","Rh9Ru3"
"H2O(g) - 0.5H2(g) + * -> OH*","{""OH"": ""hollow|A_A_B|HCP""}","UmVhY3Rpb246NDI5Mjky","BEEF-vdW","{""star"": 1, ""H2gas"": -0.5, ""H2Ogas"": 1.0}","{""OHstar"": 1}","111","Rh9Ru3","111",0.2047670241817059,,"Rh3Ru","Rh9Ru3"
"H2O(g) - 0.5H2(g) + * -> OH*","{""OH"": ""top|B""}","UmVhY3Rpb246NDI5Mjk0","BEEF-vdW","{""star"": 1, ""H2gas"": -0.5, ""H2Ogas"": 1.0}","{""OHstar"": 1}","111","Rh9Ru3","111",0.5775549557810109,,"Rh3Ru","Rh9Ru3"
"H2O(g) - 0.5H2(g) + * -> OH*","{""OH"": ""bridge|B_B|A""}","UmVhY3Rpb246NDI5Mjk2","BEEF-vdW","{""star"": 1, ""H2gas"": -0.5, ""H2Ogas"": 1.0}","{""OHstar"": 1}","101","Rh6Ru6","101",-0.17406673272046191,,"RhRu","Rh6Ru6"
"H2O(g) - 0.5H2(g) + * -> OH*","{""OH"": ""hollow|A_B_B|FCC""}","UmVhY3Rpb246NDI5Mjk4","BEEF-vdW","{""star"": 1, ""H2gas"": -0.5, ""H2Ogas"": 1.0}","{""OHstar"": 1}","101","Rh6Ru6","101",0.3208095624803491,,"RhRu","Rh6Ru6"
"H2O(g) - 0.5H2(g) + * -> OH*","{""OH"": ""top|B""}","UmVhY3Rpb246NDI5MzAx","BEEF-vdW","{""star"": 1, ""H2gas"": -0.5, ""H2Ogas"": 1.0}","{""OHstar"": 1}","101","Rh6Ru6","101",0.1687962957811351,,"RhRu","Rh6Ru6"
"H2O(g) - 0.5H2(g) + * -> OH*","{""OH"": ""hollow|A_A_A|FCC""}","UmVhY3Rpb246NDI5MzAz","BEEF-vdW","{""star"": 1, ""H2gas"": -0.5, ""H2Ogas"": 1.0}","{""OHstar"": 1}","111","Ag3Ru9","111",-0.32436214472102165,,"Ru3Ag","Ag3Ru9"
"H2O(g) - 0.5H2(g) + * -> OH*","{""OH"": ""hollow|A_A_A|FCC""}","UmVhY3Rpb246NDI5MzA2","BEEF-vdW","{""star"": 1, ""H2gas"": -0.5, ""H2Ogas"": 1.0}","{""OHstar"": 1}","111","Au3Ru9","111",-0.2675390608193311,,"Ru3Au","Au3Ru9"
"H2O(g) - 0.5H2(g) + * -> OH*","{""OH"": ""top-tilt|B""}","UmVhY3Rpb246NDI5MzA4","BEEF-vdW","{""star"": 1, ""H2gas"": -0.5, ""H2Ogas"": 1.0}","{""OHstar"": 1}","111","Au3Ru9","111",1.1816225069823076,,"Ru3Au","Au3Ru9"
"H2O(g) - 0.5H2(g) + * -> OH*","{""OH"": ""top|B""}","UmVhY3Rpb246NDI5MzEw","BEEF-vdW","{""star"": 1, ""H2gas"": -0.5, ""H2Ogas"": 1.0}","{""OHstar"": 1}","111","Au3Ru9","111",2.322820190381094,,"Ru3Au","Au3Ru9"
"H2O(g) - 0.5H2(g) + * -> OH*","{""OH"": ""bridge|A_A|B""}","UmVhY3Rpb246NDI5MzEy","BEEF-vdW","{""star"": 1, ""H2gas"": -0.5, ""H2Ogas"": 1.0}","{""OHstar"": 1}","111","Bi3Ru9","111",-0.027633160319169292,,"Ru3Bi","Bi3Ru9"
"H2O(g) - 0.5H2(g) + * -> OH*","{""OH"": ""hollow|A_A_A|FCC""}","UmVhY3Rpb246NDI5MzEz","BEEF-vdW","{""star"": 1, ""H2gas"": -0.5, ""H2Ogas"": 1.0}","{""OHstar"": 1}","111","Bi3Ru9","111",0.2975149851816923,,"Ru3Bi","Bi3Ru9"
"H2O(g) - 0.5H2(g) + * -> OH*","{""OH"": ""bridge|A_A|B""}","UmVhY3Rpb246NDI5MDYy","BEEF-vdW","{""star"": 1, ""H2gas"": -0.5, ""H2Ogas"": 1.0}","{""OHstar"": 1}","111","Bi3Pd9","111",0.6543264330802003,,"Pd3Bi","Bi3Pd9"
"H2O(g) - 0.5H2(g) + * -> OH*","{""OH"": ""hollow|A_A_A|HCP""}","UmVhY3Rpb246NDI5MzE0","BEEF-vdW","{""star"": 1, ""H2gas"": -0.5, ""H2Ogas"": 1.0}","{""OHstar"": 1}","111","Bi3Ru9","111",-0.1105669276213348,,"Ru3Bi","Bi3Ru9"
"H2O(g) - 0.5H2(g) + * -> OH*","{""OH"": ""bridge|A_B|A""}","UmVhY3Rpb246NDI5MDYz","BEEF-vdW","{""star"": 1, ""H2gas"": -0.5, ""H2Ogas"": 1.0}","{""OHstar"": 1}","111","Bi3Pd9","111",0.8864630752804032,,"Pd3Bi","Bi3Pd9"
"H2O(g) - 0.5H2(g) + * -> OH*","{""OH"": ""top|A""}","UmVhY3Rpb246NDI5MzE1","BEEF-vdW","{""star"": 1, ""H2gas"": -0.5, ""H2Ogas"": 1.0}","{""OHstar"": 1}","111","Bi3Ru9","111",0.22294327617862564,,"Ru3Bi","Bi3Ru9"
"H2O(g) - 0.5H2(g) + * -> OH*","{""OH"": ""top|B""}","UmVhY3Rpb246NDI5MzE2","BEEF-vdW","{""star"": 1, ""H2gas"": -0.5, ""H2Ogas"": 1.0}","{""OHstar"": 1}","111","Bi3Ru9","111",0.831991463078225,,"Ru3Bi","Bi3Ru9"
"H2O(g) - 0.5H2(g) + * -> OH*","{""OH"": ""bridge|A_A|B""}","UmVhY3Rpb246NDI5MzE4","BEEF-vdW","{""star"": 1, ""H2gas"": -0.5, ""H2Ogas"": 1.0}","{""OHstar"": 1}","111","Cu3Ru9","111",0.034029196180995314,,"Ru3Cu","Cu3Ru9"
"H2O(g) - 0.5H2(g) + * -> OH*","{""OH"": ""hollow|A_A_A|HCP""}","UmVhY3Rpb246NDI5MzIw","BEEF-vdW","{""star"": 1, ""H2gas"": -0.5, ""H2Ogas"": 1.0}","{""OHstar"": 1}","111","Cu3Ru9","111",-0.059266802224669846,,"Ru3Cu","Cu3Ru9"
"H2O(g) - 0.5H2(g) + * -> OH*","{""OH"": ""top|A""}","UmVhY3Rpb246NDI5MzIy","BEEF-vdW","{""star"": 1, ""H2gas"": -0.5, ""H2Ogas"": 1.0}","{""OHstar"": 1}","111","Cu3Ru9","111",0.22722675617558252,,"Ru3Cu","Cu3Ru9"
"H2O(g) - 0.5H2(g) + * -> OH*","{""OH"": ""bridge|A_A|B""}","UmVhY3Rpb246NDI5MzI0","BEEF-vdW","{""star"": 1, ""H2gas"": -0.5, ""H2Ogas"": 1.0}","{""OHstar"": 1}","111","Pd3Ru9","111",-0.07095327531999374,,"Ru3Pd","Pd3Ru9"
"H2O(g) - 0.5H2(g) + * -> OH*","{""OH"": ""hollow|A_A_A|FCC""}","UmVhY3Rpb246NDI5MzI1","BEEF-vdW","{""star"": 1, ""H2gas"": -0.5, ""H2Ogas"": 1.0}","{""OHstar"": 1}","111","Pd3Ru9","111",-0.28918884601728223,,"Ru3Pd","Pd3Ru9"
"H2O(g) - 0.5H2(g) + * -> OH*","{""OH"": ""top-tilt|A""}","UmVhY3Rpb246NDI5MzI3","BEEF-vdW","{""star"": 1, ""H2gas"": -0.5, ""H2Ogas"": 1.0}","{""OHstar"": 1}","111","Pd3Ru9","111",0.2634866054803524,,"Ru3Pd","Pd3Ru9"
"H2O(g) - 0.5H2(g) + * -> OH*","{""OH"": ""bridge-tilt|A_A|B""}","UmVhY3Rpb246NDI5MzI5","BEEF-vdW","{""star"": 1, ""H2gas"": -0.5, ""H2Ogas"": 1.0}","{""OHstar"": 1}","111","Pt3Ru9","111",0.6336222434773617,,"Ru3Pt","Pt3Ru9"
"H2O(g) - 0.5H2(g) + * -> OH*","{""OH"": ""bridge|A_A|B""}","UmVhY3Rpb246NDI5MzMw","BEEF-vdW","{""star"": 1, ""H2gas"": -0.5, ""H2Ogas"": 1.0}","{""OHstar"": 1}","111","Pt3Ru9","111",0.033526601779954035,,"Ru3Pt","Pt3Ru9"
"H2O(g) - 0.5H2(g) + * -> OH*","{""OH"": ""hollow|A_A_A|HCP""}","UmVhY3Rpb246NDI5MzMy","BEEF-vdW","{""star"": 1, ""H2gas"": -0.5, ""H2Ogas"": 1.0}","{""OHstar"": 1}","111","Pt3Ru9","111",-0.008317295519304935,,"Ru3Pt","Pt3Ru9"
"H2O(g) - 0.5H2(g) + * -> OH*","{""OH"": ""hollow|A_A_B|FCC""}","UmVhY3Rpb246NDI5MzMz","BEEF-vdW","{""star"": 1, ""H2gas"": -0.5, ""H2Ogas"": 1.0}","{""OHstar"": 1}","111","Pt3Ru9","111",0.6544854835818796,,"Ru3Pt","Pt3Ru9"
"H2O(g) - 0.5H2(g) + * -> OH*","{""OH"": ""top|B""}","UmVhY3Rpb246NDI5MzM1","BEEF-vdW","{""star"": 1, ""H2gas"": -0.5, ""H2Ogas"": 1.0}","{""OHstar"": 1}","111","Pt3Ru9","111",1.376012742076341,,"Ru3Pt","Pt3Ru9"
"H2O(g) - 0.5H2(g) + * -> OH*","{""OH"": ""hollow|A_A_A|FCC""}","UmVhY3Rpb246NDI5MzM3","BEEF-vdW","{""star"": 1, ""H2gas"": -0.5, ""H2Ogas"": 1.0}","{""OHstar"": 1}","111","Re3Ru9","111",0.31840924628056655,,"Ru3Re","Re3Ru9"
"H2O(g) - 0.5H2(g) + * -> OH*","{""OH"": ""hollow|A_A_B|FCC""}","UmVhY3Rpb246NDI5MzM5","BEEF-vdW","{""star"": 1, ""H2gas"": -0.5, ""H2Ogas"": 1.0}","{""OHstar"": 1}","111","Re3Ru9","111",-0.28639559741998255,,"Ru3Re","Re3Ru9"
"H2O(g) - 0.5H2(g) + * -> OH*","{""OH"": ""top|A""}","UmVhY3Rpb246NDI5MzQx","BEEF-vdW","{""star"": 1, ""H2gas"": -0.5, ""H2Ogas"": 1.0}","{""OHstar"": 1}","111","Re3Ru9","111",0.3099635130791967,,"Ru3Re","Re3Ru9"
"H2O(g) - 0.5H2(g) + * -> OH*","{""OH"": ""bridge|A_A|A""}","UmVhY3Rpb246NDI5MzQz","BEEF-vdW","{""star"": 1, ""H2gas"": -0.5, ""H2Ogas"": 1.0}","{""OHstar"": 1}","111","Rh3Ru9","111",-0.15304797952114768,,"Ru3Rh","Rh3Ru9"
"H2O(g) - 0.5H2(g) + * -> OH*","{""OH"": ""bridge|A_B|A""}","UmVhY3Rpb246NDI5MzQ1","BEEF-vdW","{""star"": 1, ""H2gas"": -0.5, ""H2Ogas"": 1.0}","{""OHstar"": 1}","111","Rh3Ru9","111",0.21267342777798603,,"Ru3Rh","Rh3Ru9"
"H2O(g) - 0.5H2(g) + * -> OH*","{""OH"": ""hollow|A_A_A|HCP""}","UmVhY3Rpb246NDI5MzQ3","BEEF-vdW","{""star"": 1, ""H2gas"": -0.5, ""H2Ogas"": 1.0}","{""OHstar"": 1}","111","Rh3Ru9","111",-0.040631494120248135,,"Ru3Rh","Rh3Ru9"
"H2O(g) - 0.5H2(g) + * -> OH*","{""OH"": ""top|B""}","UmVhY3Rpb246NDI5MzQ5","BEEF-vdW","{""star"": 1, ""H2gas"": -0.5, ""H2Ogas"": 1.0}","{""OHstar"": 1}","111","Rh3Ru9","111",1.0375386376771303,,"Ru3Rh","Rh3Ru9"
"H2O(g) - 0.5H2(g) + * -> OH*","{""OH"": ""hollow|A_A_A|FCC""}","UmVhY3Rpb246NDI5MDY0","BEEF-vdW","{""star"": 1, ""H2gas"": -0.5, ""H2Ogas"": 1.0}","{""OHstar"": 1}","111","Bi3Pd9","111",0.9138495643791202,,"Pd3Bi","Bi3Pd9"
"H2O(g) - 0.5H2(g) + * -> OH*","{""OH"": ""bridge|A_A|A""}","UmVhY3Rpb246NDI5MzE3","BEEF-vdW","{""star"": 1, ""H2gas"": -0.5, ""H2Ogas"": 1.0}","{""OHstar"": 1}","111","Cu3Ru9","111",-0.2243790848252729,,"Ru3Cu","Cu3Ru9"
"H2O(g) - 0.5H2(g) + * -> OH*","{""OH"": ""hollow|A_A_A|FCC""}","UmVhY3Rpb246NDI5MzE5","BEEF-vdW","{""star"": 1, ""H2gas"": -0.5, ""H2Ogas"": 1.0}","{""OHstar"": 1}","111","Cu3Ru9","111",-0.30961847261926323,,"Ru3Cu","Cu3Ru9"
"H2O(g) - 0.5H2(g) + * -> OH*","{""OH"": ""hollow|A_A_B|HCP""}","UmVhY3Rpb246NDI5MzIx","BEEF-vdW","{""star"": 1, ""H2gas"": -0.5, ""H2Ogas"": 1.0}","{""OHstar"": 1}","111","Cu3Ru9","111",0.722586053478949,,"Ru3Cu","Cu3Ru9"
"H2O(g) - 0.5H2(g) + * -> OH*","{""OH"": ""top|B""}","UmVhY3Rpb246NDI5MzIz","BEEF-vdW","{""star"": 1, ""H2gas"": -0.5, ""H2Ogas"": 1.0}","{""OHstar"": 1}","111","Cu3Ru9","111",1.6020136254782074,,"Ru3Cu","Cu3Ru9"
"H2O(g) - 0.5H2(g) + * -> OH*","{""OH"": ""hollow|A_A_A|HCP""}","UmVhY3Rpb246NDI5MzI2","BEEF-vdW","{""star"": 1, ""H2gas"": -0.5, ""H2Ogas"": 1.0}","{""OHstar"": 1}","111","Pd3Ru9","111",-0.19054608281942365,,"Ru3Pd","Pd3Ru9"
"H2O(g) - 0.5H2(g) + * -> OH*","{""OH"": ""top|B""}","UmVhY3Rpb246NDI5MzI4","BEEF-vdW","{""star"": 1, ""H2gas"": -0.5, ""H2Ogas"": 1.0}","{""OHstar"": 1}","111","Pd3Ru9","111",1.4124023896810058,,"Ru3Pd","Pd3Ru9"
"H2O(g) - 0.5H2(g) + * -> OH*","{""OH"": ""hollow|A_A_A|FCC""}","UmVhY3Rpb246NDI5MzMx","BEEF-vdW","{""star"": 1, ""H2gas"": -0.5, ""H2Ogas"": 1.0}","{""OHstar"": 1}","111","Pt3Ru9","111",-0.2557249664233723,,"Ru3Pt","Pt3Ru9"
"H2O(g) - 0.5H2(g) + * -> OH*","{""OH"": ""top-tilt|A""}","UmVhY3Rpb246NDI5MzM0","BEEF-vdW","{""star"": 1, ""H2gas"": -0.5, ""H2Ogas"": 1.0}","{""OHstar"": 1}","111","Pt3Ru9","111",0.31872204117905767,,"Ru3Pt","Pt3Ru9"
"H2O(g) - 0.5H2(g) + * -> OH*","{""OH"": ""bridge|A_B|A""}","UmVhY3Rpb246NDI5MzM2","BEEF-vdW","{""star"": 1, ""H2gas"": -0.5, ""H2Ogas"": 1.0}","{""OHstar"": 1}","111","Re3Ru9","111",-0.33002728272106197,,"Ru3Re","Re3Ru9"
"H2O(g) - 0.5H2(g) + * -> OH*","{""OH"": ""hollow|A_A_A|HCP""}","UmVhY3Rpb246NDI5MzM4","BEEF-vdW","{""star"": 1, ""H2gas"": -0.5, ""H2Ogas"": 1.0}","{""OHstar"": 1}","111","Re3Ru9","111",-0.038037024721347734,,"Ru3Re","Re3Ru9"
"H2O(g) - 0.5H2(g) + * -> OH*","{""OH"": ""hollow|A_A_B|HCP""}","UmVhY3Rpb246NDI5MzQw","BEEF-vdW","{""star"": 1, ""H2gas"": -0.5, ""H2Ogas"": 1.0}","{""OHstar"": 1}","111","Re3Ru9","111",-0.32869719032089506,,"Ru3Re","Re3Ru9"
"H2O(g) - 0.5H2(g) + * -> OH*","{""OH"": ""top|B""}","UmVhY3Rpb246NDI5MzQy","BEEF-vdW","{""star"": 1, ""H2gas"": -0.5, ""H2Ogas"": 1.0}","{""OHstar"": 1}","111","Re3Ru9","111",-0.03634393242020906,,"Ru3Re","Re3Ru9"
"H2O(g) - 0.5H2(g) + * -> OH*","{""OH"": ""bridge|A_A|B""}","UmVhY3Rpb246NDI5MzQ0","BEEF-vdW","{""star"": 1, ""H2gas"": -0.5, ""H2Ogas"": 1.0}","{""OHstar"": 1}","111","Rh3Ru9","111",0.01916007967963651,,"Ru3Rh","Rh3Ru9"
"H2O(g) - 0.5H2(g) + * -> OH*","{""OH"": ""hollow|A_A_A|FCC""}","UmVhY3Rpb246NDI5MzQ2","BEEF-vdW","{""star"": 1, ""H2gas"": -0.5, ""H2Ogas"": 1.0}","{""OHstar"": 1}","111","Rh3Ru9","111",-0.2083917165210778,,"Ru3Rh","Rh3Ru9"
"H2O(g) - 0.5H2(g) + * -> OH*","{""OH"": ""top-tilt|A""}","UmVhY3Rpb246NDI5MzQ4","BEEF-vdW","{""star"": 1, ""H2gas"": -0.5, ""H2Ogas"": 1.0}","{""OHstar"": 1}","111","Rh3Ru9","111",0.25379676777890836,,"Ru3Rh","Rh3Ru9"
"H2O(g) - 0.5H2(g) + * -> OH*","{""OH"": ""hollow|A_A_A|HCP""}","UmVhY3Rpb246NDI5MDY1","BEEF-vdW","{""star"": 1, ""H2gas"": -0.5, ""H2Ogas"": 1.0}","{""OHstar"": 1}","111","Bi3Pd9","111",0.7863245023808076,,"Pd3Bi","Bi3Pd9"
"H2O(g) - 0.5H2(g) + * -> OH*","{""OH"": ""hollow|A_A_B|FCC""}","UmVhY3Rpb246NDI5MDY2","BEEF-vdW","{""star"": 1, ""H2gas"": -0.5, ""H2Ogas"": 1.0}","{""OHstar"": 1}","111","Bi3Pd9","111",0.7348533534794797,,"Pd3Bi","Bi3Pd9"
"H2O(g) - 0.5H2(g) + * -> OH*","{""OH"": ""hollow|A_A_B|HCP""}","UmVhY3Rpb246NDI5MDY3","BEEF-vdW","{""star"": 1, ""H2gas"": -0.5, ""H2Ogas"": 1.0}","{""OHstar"": 1}","111","Bi3Pd9","111",0.8298280220814149,,"Pd3Bi","Bi3Pd9"
"H2O(g) - 0.5H2(g) + * -> OH*","{""OH"": ""top|A""}","UmVhY3Rpb246NDI5MDY4","BEEF-vdW","{""star"": 1, ""H2gas"": -0.5, ""H2Ogas"": 1.0}","{""OHstar"": 1}","111","Bi3Pd9","111",1.0949439090808255,,"Pd3Bi","Bi3Pd9"
"H2O(g) - 0.5H2(g) + * -> OH*","{""OH"": ""top|B""}","UmVhY3Rpb246NDI5MDY5","BEEF-vdW","{""star"": 1, ""H2gas"": -0.5, ""H2Ogas"": 1.0}","{""OHstar"": 1}","111","Bi3Pd9","111",0.6499966936797819,,"Pd3Bi","Bi3Pd9"
"H2O(g) - 0.5H2(g) + * -> OH*","{""OH"": ""bridge-tilt|A_B|A""}","UmVhY3Rpb246NDI5MDcw","BEEF-vdW","{""star"": 1, ""H2gas"": -0.5, ""H2Ogas"": 1.0}","{""OHstar"": 1}","111","Cu3Pd9","111",0.7225697265793087,,"Pd3Cu","Cu3Pd9"
"H2O(g) - 0.5H2(g) + * -> OH*","{""OH"": ""hollow|A_A_A|FCC""}","UmVhY3Rpb246NDI5MDcx","BEEF-vdW","{""star"": 1, ""H2gas"": -0.5, ""H2Ogas"": 1.0}","{""OHstar"": 1}","111","Cu3Pd9","111",0.8793033519804112,,"Pd3Cu","Cu3Pd9"
"H2O(g) - 0.5H2(g) + * -> OH*","{""OH"": ""hollow|A_A_A|HCP""}","UmVhY3Rpb246NDI5MDcy","BEEF-vdW","{""star"": 1, ""H2gas"": -0.5, ""H2Ogas"": 1.0}","{""OHstar"": 1}","111","Cu3Pd9","111",0.7205722749757797,,"Pd3Cu","Cu3Pd9"
"H2O(g) - 0.5H2(g) + * -> OH*","{""OH"": ""hollow|A_A_B|FCC""}","UmVhY3Rpb246NDI5MDcz","BEEF-vdW","{""star"": 1, ""H2gas"": -0.5, ""H2Ogas"": 1.0}","{""OHstar"": 1}","111","Cu3Pd9","111",0.5139118826745062,,"Pd3Cu","Cu3Pd9"
"H2O(g) - 0.5H2(g) + * -> OH*","{""OH"": ""hollow|A_A_B|HCP""}","UmVhY3Rpb246NDI5MDc0","BEEF-vdW","{""star"": 1, ""H2gas"": -0.5, ""H2Ogas"": 1.0}","{""OHstar"": 1}","111","Cu3Pd9","111",0.6355696261788353,,"Pd3Cu","Cu3Pd9"
"H2O(g) - 0.5H2(g) + * -> OH*","{""OH"": ""top|A""}","UmVhY3Rpb246NDI5MDc1","BEEF-vdW","{""star"": 1, ""H2gas"": -0.5, ""H2Ogas"": 1.0}","{""OHstar"": 1}","111","Cu3Pd9","111",0.9023259514768824,,"Pd3Cu","Cu3Pd9"
"H2O(g) - 0.5H2(g) + * -> OH*","{""OH"": ""top|B""}","UmVhY3Rpb246NDI5MDc2","BEEF-vdW","{""star"": 1, ""H2gas"": -0.5, ""H2Ogas"": 1.0}","{""OHstar"": 1}","111","Cu3Pd9","111",1.422551011380051,,"Pd3Cu","Cu3Pd9"
"H2O(g) - 0.5H2(g) + * -> OH*","{""OH"": ""bridge-tilt|A_B|A""}","UmVhY3Rpb246NDI5MDc3","BEEF-vdW","{""star"": 1, ""H2gas"": -0.5, ""H2Ogas"": 1.0}","{""OHstar"": 1}","111","Pd9Pt3","111",0.6432984754836752,,"Pd3Pt","Pd9Pt3"
"H2O(g) - 0.5H2(g) + * -> OH*","{""OH"": ""bridge|A_A|B""}","UmVhY3Rpb246NDI5MDc4","BEEF-vdW","{""star"": 1, ""H2gas"": -0.5, ""H2Ogas"": 1.0}","{""OHstar"": 1}","111","Pd9Pt3","111",0.8296804002792442,,"Pd3Pt","Pd9Pt3"
"H2O(g) - 0.5H2(g) + * -> OH*","{""OH"": ""bridge|A_B|A""}","UmVhY3Rpb246NDI5MDc5","BEEF-vdW","{""star"": 1, ""H2gas"": -0.5, ""H2Ogas"": 1.0}","{""OHstar"": 1}","111","Pd9Pt3","111",1.061240705382147,,"Pd3Pt","Pd9Pt3"
"H2O(g) - 0.5H2(g) + * -> OH*","{""OH"": ""hollow|A_A_A|FCC""}","UmVhY3Rpb246NDI5MDgw","BEEF-vdW","{""star"": 1, ""H2gas"": -0.5, ""H2Ogas"": 1.0}","{""OHstar"": 1}","111","Pd9Pt3","111",0.6798258126844985,,"Pd3Pt","Pd9Pt3"
"H2O(g) - 0.5H2(g) + * -> OH*","{""OH"": ""hollow|A_A_A|HCP""}","UmVhY3Rpb246NDI5MDgx","BEEF-vdW","{""star"": 1, ""H2gas"": -0.5, ""H2Ogas"": 1.0}","{""OHstar"": 1}","111","Pd9Pt3","111",0.983303084180875,,"Pd3Pt","Pd9Pt3"
"H2O(g) - 0.5H2(g) + * -> OH*","{""OH"": ""hollow|A_A_B|FCC""}","UmVhY3Rpb246NDI5MDgy","BEEF-vdW","{""star"": 1, ""H2gas"": -0.5, ""H2Ogas"": 1.0}","{""OHstar"": 1}","111","Pd9Pt3","111",1.1629371299831064,,"Pd3Pt","Pd9Pt3"
"H2O(g) - 0.5H2(g) + * -> OH*","{""OH"": ""top|A""}","UmVhY3Rpb246NDI5MDgz","BEEF-vdW","{""star"": 1, ""H2gas"": -0.5, ""H2Ogas"": 1.0}","{""OHstar"": 1}","111","Pd9Pt3","111",1.5599165260836116,,"Pd3Pt","Pd9Pt3"
"H2O(g) - 0.5H2(g) + * -> OH*","{""OH"": ""top|B""}","UmVhY3Rpb246NDI5MDg0","BEEF-vdW","{""star"": 1, ""H2gas"": -0.5, ""H2Ogas"": 1.0}","{""OHstar"": 1}","111","Pd9Pt3","111",0.5973369514803153,,"Pd3Pt","Pd9Pt3"
"H2O(g) - 0.5H2(g) + * -> OH*","{""OH"": ""hollow|A_A_A|FCC""}","UmVhY3Rpb246NDI5MDg1","BEEF-vdW","{""star"": 1, ""H2gas"": -0.5, ""H2Ogas"": 1.0}","{""OHstar"": 1}","111","Pd9Re3","111",0.8434138496785408,,"Pd3Re","Pd9Re3"
"H2O(g) - 0.5H2(g) + * -> OH*","{""OH"": ""hollow|A_A_A|HCP""}","UmVhY3Rpb246NDI5MDg2","BEEF-vdW","{""star"": 1, ""H2gas"": -0.5, ""H2Ogas"": 1.0}","{""OHstar"": 1}","111","Pd9Re3","111",1.336622359079115,,"Pd3Re","Pd9Re3"
"H2O(g) - 0.5H2(g) + * -> OH*","{""OH"": ""top-tilt|A""}","UmVhY3Rpb246NDI5MDg3","BEEF-vdW","{""star"": 1, ""H2gas"": -0.5, ""H2Ogas"": 1.0}","{""OHstar"": 1}","111","Pd9Re3","111",1.0476807285784844,,"Pd3Re","Pd9Re3"
"H2O(g) - 0.5H2(g) + * -> OH*","{""OH"": ""top|B""}","UmVhY3Rpb246NDI5MDg4","BEEF-vdW","{""star"": 1, ""H2gas"": -0.5, ""H2Ogas"": 1.0}","{""OHstar"": 1}","111","Pd9Re3","111",-0.8605521234195521,,"Pd3Re","Pd9Re3"
"H2O(g) - 0.5H2(g) + * -> OH*","{""OH"": ""bridge-tilt|A_B|A""}","UmVhY3Rpb246NDI5MDg5","BEEF-vdW","{""star"": 1, ""H2gas"": -0.5, ""H2Ogas"": 1.0}","{""OHstar"": 1}","111","Pd9Rh3","111",0.35772030807936517,,"Pd3Rh","Pd9Rh3"
"H2O(g) - 0.5H2(g) + * -> OH*","{""OH"": ""bridge|A_A|A""}","UmVhY3Rpb246NDI5MDkw","BEEF-vdW","{""star"": 1, ""H2gas"": -0.5, ""H2Ogas"": 1.0}","{""OHstar"": 1}","111","Pd9Rh3","111",0.8684132200768317,,"Pd3Rh","Pd9Rh3"
"H2O(g) - 0.5H2(g) + * -> OH*","{""OH"": ""hollow|A_A_A|FCC""}","UmVhY3Rpb246NDI5MDkx","BEEF-vdW","{""star"": 1, ""H2gas"": -0.5, ""H2Ogas"": 1.0}","{""OHstar"": 1}","111","Pd9Rh3","111",0.702298334076545,,"Pd3Rh","Pd9Rh3"
"H2O(g) - 0.5H2(g) + * -> OH*","{""OH"": ""hollow|A_A_A|HCP""}","UmVhY3Rpb246NDI5MDky","BEEF-vdW","{""star"": 1, ""H2gas"": -0.5, ""H2Ogas"": 1.0}","{""OHstar"": 1}","111","Pd9Rh3","111",0.9396128944798647,,"Pd3Rh","Pd9Rh3"
"H2O(g) - 0.5H2(g) + * -> OH*","{""OH"": ""hollow|A_A_B|FCC""}","UmVhY3Rpb246NDI5MDkz","BEEF-vdW","{""star"": 1, ""H2gas"": -0.5, ""H2Ogas"": 1.0}","{""OHstar"": 1}","111","Pd9Rh3","111",0.6951865028794373,,"Pd3Rh","Pd9Rh3"
"H2O(g) - 0.5H2(g) + * -> OH*","{""OH"": ""top-tilt|A""}","UmVhY3Rpb246NDI5MDk0","BEEF-vdW","{""star"": 1, ""H2gas"": -0.5, ""H2Ogas"": 1.0}","{""OHstar"": 1}","111","Pd9Rh3","111",0.8712648370791385,,"Pd3Rh","Pd9Rh3"
"H2O(g) - 0.5H2(g) + * -> OH*","{""OH"": ""top|A""}","UmVhY3Rpb246NDI5MDk1","BEEF-vdW","{""star"": 1, ""H2gas"": -0.5, ""H2Ogas"": 1.0}","{""OHstar"": 1}","111","Pd9Rh3","111",1.3304053742766655,,"Pd3Rh","Pd9Rh3"
"H2O(g) - 0.5H2(g) + * -> OH*","{""OH"": ""top|B""}","UmVhY3Rpb246NDI5MDk2","BEEF-vdW","{""star"": 1, ""H2gas"": -0.5, ""H2Ogas"": 1.0}","{""OHstar"": 1}","111","Pd9Rh3","111",0.3347258723778168,,"Pd3Rh","Pd9Rh3"
"H2O(g) - 0.5H2(g) + * -> OH*","{""OH"": ""hollow|A_A_A|FCC""}","UmVhY3Rpb246NDI5MDk3","BEEF-vdW","{""star"": 1, ""H2gas"": -0.5, ""H2Ogas"": 1.0}","{""OHstar"": 1}","111","Pd9Ru3","111",0.7379434781768168,,"Pd3Ru","Pd9Ru3"
"H2O(g) - 0.5H2(g) + * -> OH*","{""OH"": ""hollow|A_A_A|HCP""}","UmVhY3Rpb246NDI5MDk4","BEEF-vdW","{""star"": 1, ""H2gas"": -0.5, ""H2Ogas"": 1.0}","{""OHstar"": 1}","111","Pd9Ru3","111",1.0627079431804987,,"Pd3Ru","Pd9Ru3"
"H2O(g) - 0.5H2(g) + * -> OH*","{""OH"": ""hollow|A_A_B|HCP""}","UmVhY3Rpb246NDI5MDk5","BEEF-vdW","{""star"": 1, ""H2gas"": -0.5, ""H2Ogas"": 1.0}","{""OHstar"": 1}","111","Pd9Ru3","111",1.003050521482578,,"Pd3Ru","Pd9Ru3"
"H2O(g) - 0.5H2(g) + * -> OH*","{""OH"": ""top|A""}","UmVhY3Rpb246NDI5MTAw","BEEF-vdW","{""star"": 1, ""H2gas"": -0.5, ""H2Ogas"": 1.0}","{""OHstar"": 1}","111","Pd9Ru3","111",0.9105782117775334,,"Pd3Ru","Pd9Ru3"
"H2O(g) - 0.5H2(g) + * -> OH*","{""OH"": ""top|B""}","UmVhY3Rpb246NDI5MTAx","BEEF-vdW","{""star"": 1, ""H2gas"": -0.5, ""H2Ogas"": 1.0}","{""OHstar"": 1}","111","Pd9Ru3","111",-0.06979583912391263,,"Pd3Ru","Pd9Ru3"
"H2O(g) - 0.5H2(g) + * -> OH*","{""OH"": ""bridge|A_A|B""}","UmVhY3Rpb246NDI5MTAy","BEEF-vdW","{""star"": 1, ""H2gas"": -0.5, ""H2Ogas"": 1.0}","{""OHstar"": 1}","101","Pd6Pt6","101",0.8323257549826621,,"PdPt","Pd6Pt6"
"H2O(g) - 0.5H2(g) + * -> OH*","{""OH"": ""bridge|A_B|A""}","UmVhY3Rpb246NDI5MTAz","BEEF-vdW","{""star"": 1, ""H2gas"": -0.5, ""H2Ogas"": 1.0}","{""OHstar"": 1}","101","Pd6Pt6","101",0.6116314996805841,,"PdPt","Pd6Pt6"
"H2O(g) - 0.5H2(g) + * -> OH*","{""OH"": ""bridge|B_B|A""}","UmVhY3Rpb246NDI5MTA0","BEEF-vdW","{""star"": 1, ""H2gas"": -0.5, ""H2Ogas"": 1.0}","{""OHstar"": 1}","101","Pd6Pt6","101",0.7416560633763538,,"PdPt","Pd6Pt6"
"H2O(g) - 0.5H2(g) + * -> OH*","{""OH"": ""hollow|A_A_B|FCC""}","UmVhY3Rpb246NDI5MTA1","BEEF-vdW","{""star"": 1, ""H2gas"": -0.5, ""H2Ogas"": 1.0}","{""OHstar"": 1}","101","Pd6Pt6","101",0.6920063084806998,,"PdPt","Pd6Pt6"
"H2O(g) - 0.5H2(g) + * -> OH*","{""OH"": ""top-tilt|B""}","UmVhY3Rpb246NDI5MTA2","BEEF-vdW","{""star"": 1, ""H2gas"": -0.5, ""H2Ogas"": 1.0}","{""OHstar"": 1}","101","Pd6Pt6","101",0.6846094379769738,,"PdPt","Pd6Pt6"
"H2O(g) - 0.5H2(g) + * -> OH*","{""OH"": ""top|A""}","UmVhY3Rpb246NDI5MTA3","BEEF-vdW","{""star"": 1, ""H2gas"": -0.5, ""H2Ogas"": 1.0}","{""OHstar"": 1}","101","Pd6Pt6","101",0.9649159439767345,,"PdPt","Pd6Pt6"
"H2O(g) - 0.5H2(g) + * -> OH*","{""OH"": ""top|B""}","UmVhY3Rpb246NDI5MTA4","BEEF-vdW","{""star"": 1, ""H2gas"": -0.5, ""H2Ogas"": 1.0}","{""OHstar"": 1}","101","Pd6Pt6","101",0.6193830705786922,,"PdPt","Pd6Pt6"
"H2O(g) - 0.5H2(g) + * -> OH*","{""OH"": ""bridge|B_B|A""}","UmVhY3Rpb246NDI5MTA5","BEEF-vdW","{""star"": 1, ""H2gas"": -0.5, ""H2Ogas"": 1.0}","{""OHstar"": 1}","101","Pd6Re6","101",-0.8315318628184514,,"PdRe","Pd6Re6"
"H2O(g) - 0.5H2(g) + * -> OH*","{""OH"": ""top-tilt|B""}","UmVhY3Rpb246NDI5MTEw","BEEF-vdW","{""star"": 1, ""H2gas"": -0.5, ""H2Ogas"": 1.0}","{""OHstar"": 1}","101","Pd6Re6","101",-0.5341628666202496,,"PdRe","Pd6Re6"
"H2O(g) - 0.5H2(g) + * -> OH*","{""OH"": ""bridge|A_A|A""}","UmVhY3Rpb246MzM5NzQ3","BEEF-vdW","{""star"": 1, ""H2gas"": -0.5, ""H2Ogas"": 1.0}","{""OHstar"": 1}","111","Sn12","111",0.18493291857964778,,"Sn","Sn12"
"H2O(g) - 0.5H2(g) + * -> OH*","{""OH"": ""top|B""}","UmVhY3Rpb246NDI5MTEx","BEEF-vdW","{""star"": 1, ""H2gas"": -0.5, ""H2Ogas"": 1.0}","{""OHstar"": 1}","101","Pd6Re6","101",-0.09949828901801538,,"PdRe","Pd6Re6"
"H2O(g) - 0.5H2(g) + * -> OH*","{""OH"": ""hollow|A_A_A|FCC""}","UmVhY3Rpb246MzM5NzQ4","BEEF-vdW","{""star"": 1, ""H2gas"": -0.5, ""H2Ogas"": 1.0}","{""OHstar"": 1}","111","Sn12","111",0.28114897048078547,,"Sn","Sn12"
"H2O(g) - 0.5H2(g) + * -> OH*","{""OH"": ""bridge|A_B|A""}","UmVhY3Rpb246NDI5MTEy","BEEF-vdW","{""star"": 1, ""H2gas"": -0.5, ""H2Ogas"": 1.0}","{""OHstar"": 1}","101","Pd6Rh6","101",0.4334650997778908,,"PdRh","Pd6Rh6"
"H2O(g) - 0.5H2(g) + * -> OH*","{""OH"": ""bridge|B_B|A""}","UmVhY3Rpb246NDI5MTEz","BEEF-vdW","{""star"": 1, ""H2gas"": -0.5, ""H2Ogas"": 1.0}","{""OHstar"": 1}","101","Pd6Rh6","101",0.1698514171774832,,"PdRh","Pd6Rh6"
"H2O(g) - 0.5H2(g) + * -> OH*","{""OH"": ""hollow-tilt|A_B_B|FCC""}","UmVhY3Rpb246NDI5MTE0","BEEF-vdW","{""star"": 1, ""H2gas"": -0.5, ""H2Ogas"": 1.0}","{""OHstar"": 1}","101","Pd6Rh6","101",0.3868857413807518,,"PdRh","Pd6Rh6"
"H2O(g) - 0.5H2(g) + * -> OH*","{""OH"": ""hollow|A_A_A|HCP""}","UmVhY3Rpb246MzM5NzQ5","BEEF-vdW","{""star"": 1, ""H2gas"": -0.5, ""H2Ogas"": 1.0}","{""OHstar"": 1}","111","Sn12","111",0.2655656911782671,,"Sn","Sn12"
"H2O(g) - 0.5H2(g) + * -> OH*","{""OH"": ""hollow|A_A_B|FCC""}","UmVhY3Rpb246NDI5MTE1","BEEF-vdW","{""star"": 1, ""H2gas"": -0.5, ""H2Ogas"": 1.0}","{""OHstar"": 1}","101","Pd6Rh6","101",0.5201536298781093,,"PdRh","Pd6Rh6"
"H2O(g) - 0.5H2(g) + * -> OH*","{""OH"": ""top-tilt|A""}","UmVhY3Rpb246NDI5MTE2","BEEF-vdW","{""star"": 1, ""H2gas"": -0.5, ""H2Ogas"": 1.0}","{""OHstar"": 1}","101","Pd6Rh6","101",0.8361594307797304,,"PdRh","Pd6Rh6"
"H2O(g) - 0.5H2(g) + * -> OH*","{""OH"": ""hollow|A_A_A|FCC""}","UmVhY3Rpb246MzM5MjM2","BEEF-vdW","{""star"": 1, ""H2gas"": -0.5, ""H2Ogas"": 1.0}","{""OHstar"": 1}","111","Pd12","111",0.6588979455781327,,"Pd","Pd12"
"H2O(g) - 0.5H2(g) + * -> OH*","{""OH"": ""top|B""}","UmVhY3Rpb246NDI5MTE3","BEEF-vdW","{""star"": 1, ""H2gas"": -0.5, ""H2Ogas"": 1.0}","{""OHstar"": 1}","101","Pd6Rh6","101",0.39370287328063114,,"PdRh","Pd6Rh6"
"H2O(g) - 0.5H2(g) + * -> OH*","{""OH"": ""hollow|A_A_A|HCP""}","UmVhY3Rpb246MzM5MjM3","BEEF-vdW","{""star"": 1, ""H2gas"": -0.5, ""H2Ogas"": 1.0}","{""OHstar"": 1}","111","Pd12","111",0.7836409157833941,,"Pd","Pd12"
"H2O(g) - 0.5H2(g) + * -> OH*","{""OH"": ""bridge|B_B|A""}","UmVhY3Rpb246NDI5MTE4","BEEF-vdW","{""star"": 1, ""H2gas"": -0.5, ""H2Ogas"": 1.0}","{""OHstar"": 1}","101","Pd6Ru6","101",-0.2792082546176289,,"PdRu","Pd6Ru6"
"H2O(g) - 0.5H2(g) + * -> OH*","{""OH"": ""hollow|A_A_B|FCC""}","UmVhY3Rpb246NDI5MTE5","BEEF-vdW","{""star"": 1, ""H2gas"": -0.5, ""H2Ogas"": 1.0}","{""OHstar"": 1}","101","Pd6Ru6","101",0.9257274694799662,,"PdRu","Pd6Ru6"
"H2O(g) - 0.5H2(g) + * -> OH*","{""OH"": ""top-tilt|A""}","UmVhY3Rpb246NDI5MTIw","BEEF-vdW","{""star"": 1, ""H2gas"": -0.5, ""H2Ogas"": 1.0}","{""OHstar"": 1}","101","Pd6Ru6","101",0.8833458751804528,,"PdRu","Pd6Ru6"
"H2O(g) - 0.5H2(g) + * -> OH*","{""OH"": ""top|A""}","UmVhY3Rpb246MzM5MjQw","BEEF-vdW","{""star"": 1, ""H2gas"": -0.5, ""H2Ogas"": 1.0}","{""OHstar"": 1}","111","Pd12","111",1.4289848709821626,,"Pd","Pd12"
"H2O(g) - 0.5H2(g) + * -> OH*","{""OH"": ""top|B""}","UmVhY3Rpb246NDI5MTIx","BEEF-vdW","{""star"": 1, ""H2gas"": -0.5, ""H2Ogas"": 1.0}","{""OHstar"": 1}","101","Pd6Ru6","101",0.10417510958075127,,"PdRu","Pd6Ru6"
"H2O(g) - 0.5H2(g) + * -> OH*","{""OH"": ""bridge|A_A|A""}","UmVhY3Rpb246NDI5MTIy","BEEF-vdW","{""star"": 1, ""H2gas"": -0.5, ""H2Ogas"": 1.0}","{""OHstar"": 1}","111","Ag3Pt9","111",1.002783305780099,,"Pt3Ag","Ag3Pt9"
"H2O(g) - 0.5H2(g) + * -> OH*","{""OH"": ""bridge|A_A|B""}","UmVhY3Rpb246NDI5MTIz","BEEF-vdW","{""star"": 1, ""H2gas"": -0.5, ""H2Ogas"": 1.0}","{""OHstar"": 1}","111","Ag3Pt9","111",0.5567563426783408,,"Pt3Ag","Ag3Pt9"
"H2O(g) - 0.5H2(g) + * -> OH*","{""OH"": ""hollow|A_A_B|HCP""}","UmVhY3Rpb246NDMwMzM4","BEEF-vdW","{""star"": 1, ""H2gas"": -0.5, ""H2Ogas"": 1.0}","{""OHstar"": 1}","101","Ir6Re6","101",0.7446038725801145,,"IrRe","Ir6Re6"
"H2O(g) - 0.5H2(g) + * -> OH*","{""OH"": ""hollow|A_A_A|FCC""}","UmVhY3Rpb246NDI5MTI0","BEEF-vdW","{""star"": 1, ""H2gas"": -0.5, ""H2Ogas"": 1.0}","{""OHstar"": 1}","111","Ag3Pt9","111",1.515758436577812,,"Pt3Ag","Ag3Pt9"
"H2O(g) - 0.5H2(g) + * -> OH*","{""OH"": ""hollow|A_A_A|HCP""}","UmVhY3Rpb246NDI5MTI1","BEEF-vdW","{""star"": 1, ""H2gas"": -0.5, ""H2Ogas"": 1.0}","{""OHstar"": 1}","111","Ag3Pt9","111",1.007923128080506,,"Pt3Ag","Ag3Pt9"
"H2O(g) - 0.5H2(g) + * -> OH*","{""OH"": ""hollow|A_A_A|HCP""}","UmVhY3Rpb246NDMwMDkw","BEEF-vdW","{""star"": 1, ""H2gas"": -0.5, ""H2Ogas"": 1.0}","{""OHstar"": 1}","111","Ag9Ir3","111",1.1868364803784743,,"Ag3Ir","Ag9Ir3"
"H2O(g) - 0.5H2(g) + * -> OH*","{""OH"": ""hollow|A_A_A|HCP""}","UmVhY3Rpb246NDMwMzU1","BEEF-vdW","{""star"": 1, ""H2gas"": -0.5, ""H2Ogas"": 1.0}","{""OHstar"": 1}","111","Mn12","111",-2.3327796930271916,,"Mn","Mn12"
"H2O(g) - 0.5H2(g) + * -> OH*","{""OH"": ""hollow|A_A_A|HCP""}","UmVhY3Rpb246NDMwMzU4","BEEF-vdW","{""star"": 1, ""H2gas"": -0.5, ""H2Ogas"": 1.0}","{""OHstar"": 1}","111","Ag3Os9","111",-0.00545914781389456,,"Os3Ag","Ag3Os9"
"H2O(g) - 0.5H2(g) + * -> OH*","{""OH"": ""top|A""}","UmVhY3Rpb246NDI5MTI2","BEEF-vdW","{""star"": 1, ""H2gas"": -0.5, ""H2Ogas"": 1.0}","{""OHstar"": 1}","111","Ag3Pt9","111",0.6929972109836626,,"Pt3Ag","Ag3Pt9"
"H2O(g) - 0.5H2(g) + * -> OH*","{""OH"": ""top|B""}","UmVhY3Rpb246NDI5MTI3","BEEF-vdW","{""star"": 1, ""H2gas"": -0.5, ""H2Ogas"": 1.0}","{""OHstar"": 1}","111","Ag3Pt9","111",2.1001797769830546,,"Pt3Ag","Ag3Pt9"
"H2O(g) - 0.5H2(g) + * -> OH*","{""OH"": ""hollow|A_A_A|HCP""}","UmVhY3Rpb246NDMwMzcy","BEEF-vdW","{""star"": 1, ""H2gas"": -0.5, ""H2Ogas"": 1.0}","{""OHstar"": 1}","111","Bi3Os9","111",0.1630525169792918,,"Os3Bi","Bi3Os9"
"H2O(g) - 0.5H2(g) + * -> OH*","{""OH"": ""hollow|A_A_A|HCP""}","UmVhY3Rpb246NDMwMzc5","BEEF-vdW","{""star"": 1, ""H2gas"": -0.5, ""H2Ogas"": 1.0}","{""OHstar"": 1}","111","Cu3Os9","111",0.2834770403759421,,"Os3Cu","Cu3Os9"
"H2O(g) - 0.5H2(g) + * -> OH*","{""OH"": ""hollow|A_A_A|HCP""}","UmVhY3Rpb246NDMwMzg1","BEEF-vdW","{""star"": 1, ""H2gas"": -0.5, ""H2Ogas"": 1.0}","{""OHstar"": 1}","111","Os9Pd3","111",0.20438252728206407,,"Os3Pd","Os9Pd3"
"H2O(g) - 0.5H2(g) + * -> OH*","{""OH"": ""bridge|A_A|A""}","UmVhY3Rpb246NDI5MTI4","BEEF-vdW","{""star"": 1, ""H2gas"": -0.5, ""H2Ogas"": 1.0}","{""OHstar"": 1}","111","Au3Pt9","111",1.02949141508077,,"Pt3Au","Au3Pt9"
"H2O(g) - 0.5H2(g) + * -> OH*","{""OH"": ""hollow|A_A_A|HCP""}","UmVhY3Rpb246NDMwMzY0","BEEF-vdW","{""star"": 1, ""H2gas"": -0.5, ""H2Ogas"": 1.0}","{""OHstar"": 1}","111","Au3Os9","111",0.06203419997916626,,"Os3Au","Au3Os9"
"H2O(g) - 0.5H2(g) + * -> OH*","{""OH"": ""hollow|A_A_A|HCP""}","UmVhY3Rpb246NDMwMzkx","BEEF-vdW","{""star"": 1, ""H2gas"": -0.5, ""H2Ogas"": 1.0}","{""OHstar"": 1}","111","Os9Pt3","111",0.32095650397684494,,"Os3Pt","Os9Pt3"
"H2O(g) - 0.5H2(g) + * -> OH*","{""OH"": ""bridge|A_A|B""}","UmVhY3Rpb246NDI5MTI5","BEEF-vdW","{""star"": 1, ""H2gas"": -0.5, ""H2Ogas"": 1.0}","{""OHstar"": 1}","111","Au3Pt9","111",0.7544422844811152,,"Pt3Au","Au3Pt9"
"H2O(g) - 0.5H2(g) + * -> OH*","{""OH"": ""hollow|A_A_B|HCP""}","UmVhY3Rpb246NDMwMzk5","BEEF-vdW","{""star"": 1, ""H2gas"": -0.5, ""H2Ogas"": 1.0}","{""OHstar"": 1}","111","Os9Re3","111",0.1745255165777735,,"Os3Re","Os9Re3"
"H2O(g) - 0.5H2(g) + * -> OH*","{""OH"": ""hollow|A_A_A|HCP""}","UmVhY3Rpb246NDMwNDA1","BEEF-vdW","{""star"": 1, ""H2gas"": -0.5, ""H2Ogas"": 1.0}","{""OHstar"": 1}","111","Os9Rh3","111",0.36358191227998304,,"Os3Rh","Os9Rh3"
"H2O(g) - 0.5H2(g) + * -> OH*","{""OH"": ""hollow|A_A_B|HCP""}","UmVhY3Rpb246NDMwNDI2","BEEF-vdW","{""star"": 1, ""H2gas"": -0.5, ""H2Ogas"": 1.0}","{""OHstar"": 1}","101","Os6Re6","101",0.12087283108201063,,"OsRe","Os6Re6"
"H2O(g) - 0.5H2(g) + * -> OH*","{""OH"": ""hollow|A_A_A|FCC""}","UmVhY3Rpb246NDI5MTMw","BEEF-vdW","{""star"": 1, ""H2gas"": -0.5, ""H2Ogas"": 1.0}","{""OHstar"": 1}","111","Au3Pt9","111",1.4439539892781568,,"Pt3Au","Au3Pt9"
"H2O(g) - 0.5H2(g) + * -> OH*","{""OH"": ""hollow|A_A_A|HCP""}","UmVhY3Rpb246NDMwMzk3","BEEF-vdW","{""star"": 1, ""H2gas"": -0.5, ""H2Ogas"": 1.0}","{""OHstar"": 1}","111","Os9Re3","111",0.39529827677768026,,"Os3Re","Os9Re3"
"H2O(g) - 0.5H2(g) + * -> OH*","{""OH"": ""hollow|A_A_A|HCP""}","UmVhY3Rpb246NDMwNDEx","BEEF-vdW","{""star"": 1, ""H2gas"": -0.5, ""H2Ogas"": 1.0}","{""OHstar"": 1}","111","Os9Ru3","111",0.41820128228289377,,"Os3Ru","Os9Ru3"
"H2O(g) - 0.5H2(g) + * -> OH*","{""OH"": ""hollow|A_B_B|HCP""}","UmVhY3Rpb246NDMwNDI4","BEEF-vdW","{""star"": 1, ""H2gas"": -0.5, ""H2Ogas"": 1.0}","{""OHstar"": 1}","101","Os6Re6","101",-0.2189008891210733,,"OsRe","Os6Re6"
"H2O(g) - 0.5H2(g) + * -> OH*","{""OH"": ""hollow|A_A_A|HCP""}","UmVhY3Rpb246NDI5MTMx","BEEF-vdW","{""star"": 1, ""H2gas"": -0.5, ""H2Ogas"": 1.0}","{""OHstar"": 1}","111","Au3Pt9","111",1.1704047500796833,,"Pt3Au","Au3Pt9"
"H2O(g) - 0.5H2(g) + * -> OH*","{""OH"": ""hollow|A_A_A|HCP""}","UmVhY3Rpb246NDMwMDk2","BEEF-vdW","{""star"": 1, ""H2gas"": -0.5, ""H2Ogas"": 1.0}","{""OHstar"": 1}","111","Ag9Os3","111",1.2261301267834597,,"Ag3Os","Ag9Os3"
"H2O(g) - 0.5H2(g) + * -> OH*","{""OH"": ""hollow|A_B_B|HCP""}","UmVhY3Rpb246NDMwNDM4","BEEF-vdW","{""star"": 1, ""H2gas"": -0.5, ""H2Ogas"": 1.0}","{""OHstar"": 1}","101","Os6Ru6","101",0.1712294017787599,,"OsRu","Os6Ru6"
"H2O(g) - 0.5H2(g) + * -> OH*","{""OH"": ""hollow|A_A_A|HCP""}","UmVhY3Rpb246NDMwNDQ4","BEEF-vdW","{""star"": 1, ""H2gas"": -0.5, ""H2Ogas"": 1.0}","{""OHstar"": 1}","111","Os3Pd9","111",1.2323790849776515,,"Pd3Os","Os3Pd9"
"H2O(g) - 0.5H2(g) + * -> OH*","{""OH"": ""hollow|A_A_B|FCC""}","UmVhY3Rpb246NDMwNDY3","BEEF-vdW","{""star"": 1, ""H2gas"": -0.5, ""H2Ogas"": 1.0}","{""OHstar"": 1}","101","Pd6Zn6","101",0.41467237387848854,,"PdZn","Pd6Zn6"
"H2O(g) - 0.5H2(g) + * -> OH*","{""OH"": ""hollow|A_B_B|HCP""}","UmVhY3Rpb246NDMwNDY4","BEEF-vdW","{""star"": 1, ""H2gas"": -0.5, ""H2Ogas"": 1.0}","{""OHstar"": 1}","101","Pd6Zn6","101",0.13331428387471078,,"PdZn","Pd6Zn6"
"H2O(g) - 0.5H2(g) + * -> OH*","{""OH"": ""hollow|A_A_A|HCP""}","UmVhY3Rpb246NDMwNDcw","BEEF-vdW","{""star"": 1, ""H2gas"": -0.5, ""H2Ogas"": 1.0}","{""OHstar"": 1}","111","Ir3Pt9","111",1.5153406057769416,,"Pt3Ir","Ir3Pt9"
"H2O(g) - 0.5H2(g) + * -> OH*","{""OH"": ""top|A""}","UmVhY3Rpb246NDI5MTMy","BEEF-vdW","{""star"": 1, ""H2gas"": -0.5, ""H2Ogas"": 1.0}","{""OHstar"": 1}","111","Au3Pt9","111",0.8018758082806698,,"Pt3Au","Au3Pt9"
"H2O(g) - 0.5H2(g) + * -> OH*","{""OH"": ""hollow|A_A_A|HCP""}","UmVhY3Rpb246NDMwNDQz","BEEF-vdW","{""star"": 1, ""H2gas"": -0.5, ""H2Ogas"": 1.0}","{""OHstar"": 1}","111","Ir3Pd9","111",1.1074595129801992,,"Pd3Ir","Ir3Pd9"
"H2O(g) - 0.5H2(g) + * -> OH*","{""OH"": ""hollow|A_A_A|HCP""}","UmVhY3Rpb246NDMwNDUz","BEEF-vdW","{""star"": 1, ""H2gas"": -0.5, ""H2Ogas"": 1.0}","{""OHstar"": 1}","111","Pd9Tc3","111",1.1772084124794446,,"Pd3Tc","Pd9Tc3"
"H2O(g) - 0.5H2(g) + * -> OH*","{""OH"": ""hollow|A_A_A|HCP""}","UmVhY3Rpb246NDMwNDU2","BEEF-vdW","{""star"": 1, ""H2gas"": -0.5, ""H2Ogas"": 1.0}","{""OHstar"": 1}","111","Pd9Zn3","111",0.7291212753742684,,"Pd3Zn","Pd9Zn3"
"H2O(g) - 0.5H2(g) + * -> OH*","{""OH"": ""hollow|A_A_B|HCP""}","UmVhY3Rpb246NDMwNDU4","BEEF-vdW","{""star"": 1, ""H2gas"": -0.5, ""H2Ogas"": 1.0}","{""OHstar"": 1}","111","Pd9Zn3","111",0.5991041948772136,,"Pd3Zn","Pd9Zn3"
"H2O(g) - 0.5H2(g) + * -> OH*","{""OH"": ""top|B""}","UmVhY3Rpb246NDI5MTMz","BEEF-vdW","{""star"": 1, ""H2gas"": -0.5, ""H2Ogas"": 1.0}","{""OHstar"": 1}","111","Au3Pt9","111",1.5503054652807577,,"Pt3Au","Au3Pt9"
"H2O(g) - 0.5H2(g) + * -> OH*","{""OH"": ""bridge-tilt|A_A|A""}","UmVhY3Rpb246NDI5MTM0","BEEF-vdW","{""star"": 1, ""H2gas"": -0.5, ""H2Ogas"": 1.0}","{""OHstar"": 1}","111","Bi3Pt9","111",0.9537502968786384,,"Pt3Bi","Bi3Pt9"
"H2O(g) - 0.5H2(g) + * -> OH*","{""OH"": ""top|B""}","UmVhY3Rpb246NDMwNTAx","BEEF-vdW","{""star"": 1, ""H2gas"": -0.5, ""H2Ogas"": 1.0}","{""OHstar"": 1}","101","Pt6Zn6","101",0.8097307823817346,,"PtZn","Pt6Zn6"
"H2O(g) - 0.5H2(g) + * -> OH*","{""OH"": ""hollow|A_A_A|HCP""}","UmVhY3Rpb246NDMwNTAz","BEEF-vdW","{""star"": 1, ""H2gas"": -0.5, ""H2Ogas"": 1.0}","{""OHstar"": 1}","111","Ir3Re9","111",-0.7937755235208215,,"Re3Ir","Ir3Re9"
"H2O(g) - 0.5H2(g) + * -> OH*","{""OH"": ""bridge-tilt|A_B|A""}","UmVhY3Rpb246NDI5MTM1","BEEF-vdW","{""star"": 1, ""H2gas"": -0.5, ""H2Ogas"": 1.0}","{""OHstar"": 1}","111","Bi3Pt9","111",0.5845314103834198,,"Pt3Bi","Bi3Pt9"
"H2O(g) - 0.5H2(g) + * -> OH*","{""OH"": ""hollow|A_A_A|HCP""}","UmVhY3Rpb246NDMwMTAw","BEEF-vdW","{""star"": 1, ""H2gas"": -0.5, ""H2Ogas"": 1.0}","{""OHstar"": 1}","111","Ag9Tc3","111",1.1675721811815265,,"Ag3Tc","Ag9Tc3"
"H2O(g) - 0.5H2(g) + * -> OH*","{""OH"": ""hollow|A_A_A|HCP""}","UmVhY3Rpb246NDMwNDc2","BEEF-vdW","{""star"": 1, ""H2gas"": -0.5, ""H2Ogas"": 1.0}","{""OHstar"": 1}","111","Os3Pt9","111",1.6536743015793718,,"Pt3Os","Os3Pt9"
"H2O(g) - 0.5H2(g) + * -> OH*","{""OH"": ""hollow|A_A_A|HCP""}","UmVhY3Rpb246NDMwNDgy","BEEF-vdW","{""star"": 1, ""H2gas"": -0.5, ""H2Ogas"": 1.0}","{""OHstar"": 1}","111","Pt9Tc3","111",1.63458755668114,,"Pt3Tc","Pt9Tc3"
"H2O(g) - 0.5H2(g) + * -> OH*","{""OH"": ""hollow|A_A_A|HCP""}","UmVhY3Rpb246NDMwNDg2","BEEF-vdW","{""star"": 1, ""H2gas"": -0.5, ""H2Ogas"": 1.0}","{""OHstar"": 1}","111","Pt9Zn3","111",1.06047062317964,,"Pt3Zn","Pt9Zn3"
"H2O(g) - 0.5H2(g) + * -> OH*","{""OH"": ""hollow|A_A_B|HCP""}","UmVhY3Rpb246NDMwNDg4","BEEF-vdW","{""star"": 1, ""H2gas"": -0.5, ""H2Ogas"": 1.0}","{""OHstar"": 1}","111","Pt9Zn3","111",0.8346751857797017,,"Pt3Zn","Pt9Zn3"
"H2O(g) - 0.5H2(g) + * -> OH*","{""OH"": ""hollow|A_A_A|HCP""}","UmVhY3Rpb246NDMwNTA3","BEEF-vdW","{""star"": 1, ""H2gas"": -0.5, ""H2Ogas"": 1.0}","{""OHstar"": 1}","111","Os3Re9","111",-0.5568792021214222,,"Re3Os","Os3Re9"
"H2O(g) - 0.5H2(g) + * -> OH*","{""OH"": ""hollow|A_A_B|HCP""}","UmVhY3Rpb246NDMwNTA5","BEEF-vdW","{""star"": 1, ""H2gas"": -0.5, ""H2Ogas"": 1.0}","{""OHstar"": 1}","111","Os3Re9","111",-0.17382536781872204,,"Re3Os","Os3Re9"
"H2O(g) - 0.5H2(g) + * -> OH*","{""OH"": ""bridge|A_A|A""}","UmVhY3Rpb246NDI5MTM2","BEEF-vdW","{""star"": 1, ""H2gas"": -0.5, ""H2Ogas"": 1.0}","{""OHstar"": 1}","111","Bi3Pt9","111",0.9021195531794319,,"Pt3Bi","Bi3Pt9"
"H2O(g) - 0.5H2(g) + * -> OH*","{""OH"": ""bridge|A_A|B""}","UmVhY3Rpb246NDI5MTM3","BEEF-vdW","{""star"": 1, ""H2gas"": -0.5, ""H2Ogas"": 1.0}","{""OHstar"": 1}","111","Bi3Pt9","111",0.5014633548825032,,"Pt3Bi","Bi3Pt9"
"H2O(g) - 0.5H2(g) + * -> OH*","{""OH"": ""hollow|A_A_A|HCP""}","UmVhY3Rpb246NDMwNTEy","BEEF-vdW","{""star"": 1, ""H2gas"": -0.5, ""H2Ogas"": 1.0}","{""OHstar"": 1}","111","Re9Tc3","111",-0.5868451943198352,,"Re3Tc","Re9Tc3"
"H2O(g) - 0.5H2(g) + * -> OH*","{""OH"": ""hollow|A_A_B|HCP""}","UmVhY3Rpb246NDMwNTE0","BEEF-vdW","{""star"": 1, ""H2gas"": -0.5, ""H2Ogas"": 1.0}","{""OHstar"": 1}","111","Re9Tc3","111",-0.6010211008207307,,"Re3Tc","Re9Tc3"
"H2O(g) - 0.5H2(g) + * -> OH*","{""OH"": ""hollow|A_A_A|HCP""}","UmVhY3Rpb246NDMwNTIw","BEEF-vdW","{""star"": 1, ""H2gas"": -0.5, ""H2Ogas"": 1.0}","{""OHstar"": 1}","111","Re9Zn3","111",-0.7407965918201853,,"Re3Zn","Re9Zn3"
"H2O(g) - 0.5H2(g) + * -> OH*","{""OH"": ""hollow|A_B_B|HCP""}","UmVhY3Rpb246NDMwNTI2","BEEF-vdW","{""star"": 1, ""H2gas"": -0.5, ""H2Ogas"": 1.0}","{""OHstar"": 1}","101","Re6Tc6","101",-0.6652319393170956,,"ReTc","Re6Tc6"
"H2O(g) - 0.5H2(g) + * -> OH*","{""OH"": ""hollow|A_A_A|HCP""}","UmVhY3Rpb246NDMwNTM3","BEEF-vdW","{""star"": 1, ""H2gas"": -0.5, ""H2Ogas"": 1.0}","{""OHstar"": 1}","111","Ir3Rh9","111",0.5510463058825508,,"Rh3Ir","Ir3Rh9"
"H2O(g) - 0.5H2(g) + * -> OH*","{""OH"": ""hollow|A_A_A|HCP""}","UmVhY3Rpb246NDMwNTQy","BEEF-vdW","{""star"": 1, ""H2gas"": -0.5, ""H2Ogas"": 1.0}","{""OHstar"": 1}","111","Os3Rh9","111",0.6602515758794425,,"Rh3Os","Os3Rh9"
"H2O(g) - 0.5H2(g) + * -> OH*","{""OH"": ""hollow|A_A_A|FCC""}","UmVhY3Rpb246NDI5MTM4","BEEF-vdW","{""star"": 1, ""H2gas"": -0.5, ""H2Ogas"": 1.0}","{""OHstar"": 1}","111","Bi3Pt9","111",1.4219828376780015,,"Pt3Bi","Bi3Pt9"
"H2O(g) - 0.5H2(g) + * -> OH*","{""OH"": ""hollow|A_A_B|HCP""}","UmVhY3Rpb246NDMwNTI0","BEEF-vdW","{""star"": 1, ""H2gas"": -0.5, ""H2Ogas"": 1.0}","{""OHstar"": 1}","101","Re6Tc6","101",-0.6700844094185641,,"ReTc","Re6Tc6"
"H2O(g) - 0.5H2(g) + * -> OH*","{""OH"": ""hollow|A_A_B|HCP""}","UmVhY3Rpb246NDMwNTQ0","BEEF-vdW","{""star"": 1, ""H2gas"": -0.5, ""H2Ogas"": 1.0}","{""OHstar"": 1}","111","Os3Rh9","111",0.5652411242780317,,"Rh3Os","Os3Rh9"
"H2O(g) - 0.5H2(g) + * -> OH*","{""OH"": ""hollow|A_A_A|HCP""}","UmVhY3Rpb246NDI5MTM5","BEEF-vdW","{""star"": 1, ""H2gas"": -0.5, ""H2Ogas"": 1.0}","{""OHstar"": 1}","111","Bi3Pt9","111",1.2004327843795863,,"Pt3Bi","Bi3Pt9"
"H2O(g) - 0.5H2(g) + * -> OH*","{""OH"": ""hollow|A_A_A|HCP""}","UmVhY3Rpb246NDMwMTA0","BEEF-vdW","{""star"": 1, ""H2gas"": -0.5, ""H2Ogas"": 1.0}","{""OHstar"": 1}","111","Ag9Zn3","111",0.6672993241853646,,"Ag3Zn","Ag9Zn3"
"H2O(g) - 0.5H2(g) + * -> OH*","{""OH"": ""hollow|A_A_B|HCP""}","UmVhY3Rpb246NDI5MTQw","BEEF-vdW","{""star"": 1, ""H2gas"": -0.5, ""H2Ogas"": 1.0}","{""OHstar"": 1}","111","Bi3Pt9","111",0.9449740813842027,,"Pt3Bi","Bi3Pt9"
"H2O(g) - 0.5H2(g) + * -> OH*","{""OH"": ""hollow|A_A_B|HCP""}","UmVhY3Rpb246NDMwMTA1","BEEF-vdW","{""star"": 1, ""H2gas"": -0.5, ""H2Ogas"": 1.0}","{""OHstar"": 1}","111","Ag9Zn3","111",0.17811007218267605,,"Ag3Zn","Ag9Zn3"
"H2O(g) - 0.5H2(g) + * -> OH*","{""OH"": ""bridge|B_B|A""}","UmVhY3Rpb246NDMwNTY2","BEEF-vdW","{""star"": 1, ""H2gas"": -0.5, ""H2Ogas"": 1.0}","{""OHstar"": 1}","101","Rh6Zn6","101",0.28852461608482827,,"RhZn","Rh6Zn6"
"H2O(g) - 0.5H2(g) + * -> OH*","{""OH"": ""hollow|A_A_B|FCC""}","UmVhY3Rpb246NDMwNTY3","BEEF-vdW","{""star"": 1, ""H2gas"": -0.5, ""H2Ogas"": 1.0}","{""OHstar"": 1}","101","Rh6Zn6","101",0.3607953304789362,,"RhZn","Rh6Zn6"
"H2O(g) - 0.5H2(g) + * -> OH*","{""OH"": ""hollow|A_B_B|HCP""}","UmVhY3Rpb246NDMwNTY5","BEEF-vdW","{""star"": 1, ""H2gas"": -0.5, ""H2Ogas"": 1.0}","{""OHstar"": 1}","101","Rh6Zn6","101",0.23501315758483088,,"RhZn","Rh6Zn6"
"H2O(g) - 0.5H2(g) + * -> OH*","{""OH"": ""top|A""}","UmVhY3Rpb246NDMwNTcw","BEEF-vdW","{""star"": 1, ""H2gas"": -0.5, ""H2Ogas"": 1.0}","{""OHstar"": 1}","101","Rh6Zn6","101",0.9942817891832192,,"RhZn","Rh6Zn6"
"H2O(g) - 0.5H2(g) + * -> OH*","{""OH"": ""top|A""}","UmVhY3Rpb246NDI5MTQx","BEEF-vdW","{""star"": 1, ""H2gas"": -0.5, ""H2Ogas"": 1.0}","{""OHstar"": 1}","111","Bi3Pt9","111",0.6403584215776164,,"Pt3Bi","Bi3Pt9"
"H2O(g) - 0.5H2(g) + * -> OH*","{""OH"": ""hollow|A_A_A|HCP""}","UmVhY3Rpb246NDMwNTQ5","BEEF-vdW","{""star"": 1, ""H2gas"": -0.5, ""H2Ogas"": 1.0}","{""OHstar"": 1}","111","Rh9Tc3","111",0.5674447021782498,,"Rh3Tc","Rh9Tc3"
"H2O(g) - 0.5H2(g) + * -> OH*","{""OH"": ""hollow|A_A_B|HCP""}","UmVhY3Rpb246NDMwNTUx","BEEF-vdW","{""star"": 1, ""H2gas"": -0.5, ""H2Ogas"": 1.0}","{""OHstar"": 1}","111","Rh9Tc3","111",-0.05650062902270747,,"Rh3Tc","Rh9Tc3"
"H2O(g) - 0.5H2(g) + * -> OH*","{""OH"": ""hollow|A_A_A|HCP""}","UmVhY3Rpb246NDMwNTU3","BEEF-vdW","{""star"": 1, ""H2gas"": -0.5, ""H2Ogas"": 1.0}","{""OHstar"": 1}","111","Rh9Zn3","111",0.2438661092791108,,"Rh3Zn","Rh9Zn3"
"H2O(g) - 0.5H2(g) + * -> OH*","{""OH"": ""bridge|A_A|B""}","UmVhY3Rpb246NDMwNTY1","BEEF-vdW","{""star"": 1, ""H2gas"": -0.5, ""H2Ogas"": 1.0}","{""OHstar"": 1}","101","Rh6Zn6","101",0.5521127199798457,,"RhZn","Rh6Zn6"
"H2O(g) - 0.5H2(g) + * -> OH*","{""OH"": ""hollow|A_B_B|FCC""}","UmVhY3Rpb246NDMwNTY4","BEEF-vdW","{""star"": 1, ""H2gas"": -0.5, ""H2Ogas"": 1.0}","{""OHstar"": 1}","101","Rh6Zn6","101",0.26275706827880185,,"RhZn","Rh6Zn6"
"H2O(g) - 0.5H2(g) + * -> OH*","{""OH"": ""top|B""}","UmVhY3Rpb246NDMwNTcx","BEEF-vdW","{""star"": 1, ""H2gas"": -0.5, ""H2Ogas"": 1.0}","{""OHstar"": 1}","101","Rh6Zn6","101",1.0201292024838722,,"RhZn","Rh6Zn6"
"H2O(g) - 0.5H2(g) + * -> OH*","{""OH"": ""hollow|A_A_A|HCP""}","UmVhY3Rpb246NDMwNTc2","BEEF-vdW","{""star"": 1, ""H2gas"": -0.5, ""H2Ogas"": 1.0}","{""OHstar"": 1}","111","Ir3Ru9","111",0.11698323587995674,,"Ru3Ir","Ir3Ru9"
"H2O(g) - 0.5H2(g) + * -> OH*","{""OH"": ""top|B""}","UmVhY3Rpb246NDI5MTQy","BEEF-vdW","{""star"": 1, ""H2gas"": -0.5, ""H2Ogas"": 1.0}","{""OHstar"": 1}","111","Bi3Pt9","111",0.9266341528826842,,"Pt3Bi","Bi3Pt9"
"H2O(g) - 0.5H2(g) + * -> OH*","{""OH"": ""bridge|A_A|B""}","UmVhY3Rpb246NDI5MTQz","BEEF-vdW","{""star"": 1, ""H2gas"": -0.5, ""H2Ogas"": 1.0}","{""OHstar"": 1}","111","Cu3Pt9","111",0.5687924819766295,,"Pt3Cu","Cu3Pt9"
"H2O(g) - 0.5H2(g) + * -> OH*","{""OH"": ""hollow|A_A_A|HCP""}","UmVhY3Rpb246NDMwNTgz","BEEF-vdW","{""star"": 1, ""H2gas"": -0.5, ""H2Ogas"": 1.0}","{""OHstar"": 1}","111","Os3Ru9","111",0.08557055037897499,,"Ru3Os","Os3Ru9"
"H2O(g) - 0.5H2(g) + * -> OH*","{""OH"": ""hollow|A_A_A|HCP""}","UmVhY3Rpb246NDMwNTg5","BEEF-vdW","{""star"": 1, ""H2gas"": -0.5, ""H2Ogas"": 1.0}","{""OHstar"": 1}","111","Ru9Tc3","111",-0.05565367472001981,,"Ru3Tc","Ru9Tc3"
"H2O(g) - 0.5H2(g) + * -> OH*","{""OH"": ""hollow|A_A_B|HCP""}","UmVhY3Rpb246NDMwNTkx","BEEF-vdW","{""star"": 1, ""H2gas"": -0.5, ""H2Ogas"": 1.0}","{""OHstar"": 1}","111","Ru9Tc3","111",-0.33036089422159876,,"Ru3Tc","Ru9Tc3"
"H2O(g) - 0.5H2(g) + * -> OH*","{""OH"": ""hollow|A_A_A|HCP""}","UmVhY3Rpb246NDMwNTk3","BEEF-vdW","{""star"": 1, ""H2gas"": -0.5, ""H2Ogas"": 1.0}","{""OHstar"": 1}","111","Ru9Zn3","111",-0.03299611592512974,,"Ru3Zn","Ru9Zn3"
"H2O(g) - 0.5H2(g) + * -> OH*","{""OH"": ""top|A""}","UmVhY3Rpb246NDMwNjEy","BEEF-vdW","{""star"": 1, ""H2gas"": -0.5, ""H2Ogas"": 1.0}","{""OHstar"": 1}","101","Ru6Zn6","101",0.5074989758767288,,"RuZn","Ru6Zn6"
"H2O(g) - 0.5H2(g) + * -> OH*","{""OH"": ""hollow|A_A_A|HCP""}","UmVhY3Rpb246NDMwNjE1","BEEF-vdW","{""star"": 1, ""H2gas"": -0.5, ""H2Ogas"": 1.0}","{""OHstar"": 1}","111","Ag3Tc9","111",-1.1980153249197656,,"Tc3Ag","Ag3Tc9"
"H2O(g) - 0.5H2(g) + * -> OH*","{""OH"": ""hollow|A_A_A|FCC""}","UmVhY3Rpb246NDI5MTQ0","BEEF-vdW","{""star"": 1, ""H2gas"": -0.5, ""H2Ogas"": 1.0}","{""OHstar"": 1}","111","Cu3Pt9","111",1.5619218690816297,,"Pt3Cu","Cu3Pt9"
"H2O(g) - 0.5H2(g) + * -> OH*","{""OH"": ""hollow|A_A_B|HCP""}","UmVhY3Rpb246NDMwNTg1","BEEF-vdW","{""star"": 1, ""H2gas"": -0.5, ""H2Ogas"": 1.0}","{""OHstar"": 1}","111","Os3Ru9","111",0.11571600168178975,,"Ru3Os","Os3Ru9"
"H2O(g) - 0.5H2(g) + * -> OH*","{""OH"": ""hollow|A_A_B|HCP""}","UmVhY3Rpb246NDMwNjAy","BEEF-vdW","{""star"": 1, ""H2gas"": -0.5, ""H2Ogas"": 1.0}","{""OHstar"": 1}","101","Ru6Tc6","101",-0.3343594711178639,,"RuTc","Ru6Tc6"
"H2O(g) - 0.5H2(g) + * -> OH*","{""OH"": ""hollow|A_B_B|HCP""}","UmVhY3Rpb246NDMwNjA0","BEEF-vdW","{""star"": 1, ""H2gas"": -0.5, ""H2Ogas"": 1.0}","{""OHstar"": 1}","101","Ru6Tc6","101",-0.6480301270195241,,"RuTc","Ru6Tc6"
"H2O(g) - 0.5H2(g) + * -> OH*","{""OH"": ""hollow|A_A_B|HCP""}","UmVhY3Rpb246NDMwNjEx","BEEF-vdW","{""star"": 1, ""H2gas"": -0.5, ""H2Ogas"": 1.0}","{""OHstar"": 1}","101","Ru6Zn6","101",-0.025432439618384706,,"RuZn","Ru6Zn6"
"H2O(g) - 0.5H2(g) + * -> OH*","{""OH"": ""top|B""}","UmVhY3Rpb246NDMwNjEz","BEEF-vdW","{""star"": 1, ""H2gas"": -0.5, ""H2Ogas"": 1.0}","{""OHstar"": 1}","101","Ru6Zn6","101",1.0205713874792082,,"RuZn","Ru6Zn6"
"H2O(g) - 0.5H2(g) + * -> OH*","{""OH"": ""hollow|A_A_A|HCP""}","UmVhY3Rpb246NDMwNjE4","BEEF-vdW","{""star"": 1, ""H2gas"": -0.5, ""H2Ogas"": 1.0}","{""OHstar"": 1}","111","Au3Tc9","111",-1.1641650437187536,,"Tc3Au","Au3Tc9"
"H2O(g) - 0.5H2(g) + * -> OH*","{""OH"": ""hollow|A_A_A|HCP""}","UmVhY3Rpb246NDI5MTQ1","BEEF-vdW","{""star"": 1, ""H2gas"": -0.5, ""H2Ogas"": 1.0}","{""OHstar"": 1}","111","Cu3Pt9","111",1.0609850544759638,,"Pt3Cu","Cu3Pt9"
"H2O(g) - 0.5H2(g) + * -> OH*","{""OH"": ""hollow|A_A_B|FCC""}","UmVhY3Rpb246NDI5MTQ2","BEEF-vdW","{""star"": 1, ""H2gas"": -0.5, ""H2Ogas"": 1.0}","{""OHstar"": 1}","111","Cu3Pt9","111",0.7871456058754802,,"Pt3Cu","Cu3Pt9"
"H2O(g) - 0.5H2(g) + * -> OH*","{""OH"": ""hollow|A_A_A|HCP""}","UmVhY3Rpb246NDMwNjMz","BEEF-vdW","{""star"": 1, ""H2gas"": -0.5, ""H2Ogas"": 1.0}","{""OHstar"": 1}","111","Pt3Tc9","111",-1.1732043933217255,,"Tc3Pt","Pt3Tc9"
"H2O(g) - 0.5H2(g) + * -> OH*","{""OH"": ""hollow|A_A_B|HCP""}","UmVhY3Rpb246NDMwNjM3","BEEF-vdW","{""star"": 1, ""H2gas"": -0.5, ""H2Ogas"": 1.0}","{""OHstar"": 1}","111","Re3Tc9","111",-0.757077707020585,,"Tc3Re","Re3Tc9"
"H2O(g) - 0.5H2(g) + * -> OH*","{""OH"": ""hollow|A_A_A|HCP""}","UmVhY3Rpb246NDMwNjQx","BEEF-vdW","{""star"": 1, ""H2gas"": -0.5, ""H2Ogas"": 1.0}","{""OHstar"": 1}","111","Rh3Tc9","111",-1.1251100410182744,,"Tc3Rh","Rh3Tc9"
"H2O(g) - 0.5H2(g) + * -> OH*","{""OH"": ""hollow|A_A_A|HCP""}","UmVhY3Rpb246NDMwNjQ1","BEEF-vdW","{""star"": 1, ""H2gas"": -0.5, ""H2Ogas"": 1.0}","{""OHstar"": 1}","111","Ru3Tc9","111",-0.9100364332181243,,"Tc3Ru","Ru3Tc9"
"H2O(g) - 0.5H2(g) + * -> OH*","{""OH"": ""hollow|A_A_B|HCP""}","UmVhY3Rpb246NDMwNjQ3","BEEF-vdW","{""star"": 1, ""H2gas"": -0.5, ""H2Ogas"": 1.0}","{""OHstar"": 1}","111","Ru3Tc9","111",-0.5899169514187861,,"Tc3Ru","Ru3Tc9"
"H2O(g) - 0.5H2(g) + * -> OH*","{""OH"": ""hollow|A_A_A|HCP""}","UmVhY3Rpb246NDMwNjU1","BEEF-vdW","{""star"": 1, ""H2gas"": -0.5, ""H2Ogas"": 1.0}","{""OHstar"": 1}","111","Ag3Zn9","111",-0.05838977932864964,,"Zn3Ag","Ag3Zn9"
"H2O(g) - 0.5H2(g) + * -> OH*","{""OH"": ""hollow|A_A_B|HCP""}","UmVhY3Rpb246NDI5MTQ3","BEEF-vdW","{""star"": 1, ""H2gas"": -0.5, ""H2Ogas"": 1.0}","{""OHstar"": 1}","111","Cu3Pt9","111",0.9864417812758575,,"Pt3Cu","Cu3Pt9"
"H2O(g) - 0.5H2(g) + * -> OH*","{""OH"": ""hollow|A_A_A|HCP""}","UmVhY3Rpb246NDMwNjI3","BEEF-vdW","{""star"": 1, ""H2gas"": -0.5, ""H2Ogas"": 1.0}","{""OHstar"": 1}","111","Cu3Tc9","111",-1.0040001988191989,,"Tc3Cu","Cu3Tc9"
"H2O(g) - 0.5H2(g) + * -> OH*","{""OH"": ""hollow|A_A_A|HCP""}","UmVhY3Rpb246NDMwNjMw","BEEF-vdW","{""star"": 1, ""H2gas"": -0.5, ""H2Ogas"": 1.0}","{""OHstar"": 1}","111","Pd3Tc9","111",-1.2677274890221497,,"Tc3Pd","Pd3Tc9"
"H2O(g) - 0.5H2(g) + * -> OH*","{""OH"": ""hollow|A_A_A|HCP""}","UmVhY3Rpb246NDMwNjM2","BEEF-vdW","{""star"": 1, ""H2gas"": -0.5, ""H2Ogas"": 1.0}","{""OHstar"": 1}","111","Re3Tc9","111",-0.7258205346180375,,"Tc3Re","Re3Tc9"
"H2O(g) - 0.5H2(g) + * -> OH*","{""OH"": ""hollow|A_A_A|HCP""}","UmVhY3Rpb246NDMwNjYx","BEEF-vdW","{""star"": 1, ""H2gas"": -0.5, ""H2Ogas"": 1.0}","{""OHstar"": 1}","111","Au3Zn9","111",-0.14610445071878075,,"Zn3Au","Au3Zn9"
"H2O(g) - 0.5H2(g) + * -> OH*","{""OH"": ""top-tilt|B""}","UmVhY3Rpb246NDI5MTQ4","BEEF-vdW","{""star"": 1, ""H2gas"": -0.5, ""H2Ogas"": 1.0}","{""OHstar"": 1}","111","Cu3Pt9","111",1.1155021096755036,,"Pt3Cu","Cu3Pt9"
"H2O(g) - 0.5H2(g) + * -> OH*","{""OH"": ""top|A""}","UmVhY3Rpb246NDI5MTQ5","BEEF-vdW","{""star"": 1, ""H2gas"": -0.5, ""H2Ogas"": 1.0}","{""OHstar"": 1}","111","Cu3Pt9","111",0.7431034368754581,,"Pt3Cu","Cu3Pt9"
"H2O(g) - 0.5H2(g) + * -> OH*","{""OH"": ""hollow|A_A_A|HCP""}","UmVhY3Rpb246NDMwNjY4","BEEF-vdW","{""star"": 1, ""H2gas"": -0.5, ""H2Ogas"": 1.0}","{""OHstar"": 1}","111","Bi3Zn9","111",-0.28327118631852954,,"Zn3Bi","Bi3Zn9"
"H2O(g) - 0.5H2(g) + * -> OH*","{""OH"": ""hollow|A_A_B|HCP""}","UmVhY3Rpb246NDMwNjc0","BEEF-vdW","{""star"": 1, ""H2gas"": -0.5, ""H2Ogas"": 1.0}","{""OHstar"": 1}","111","Cu3Zn9","111",0.2013918601704745,,"Zn3Cu","Cu3Zn9"
"H2O(g) - 0.5H2(g) + * -> OH*","{""OH"": ""hollow|A_A_A|HCP""}","UmVhY3Rpb246NDMwNjg2","BEEF-vdW","{""star"": 1, ""H2gas"": -0.5, ""H2Ogas"": 1.0}","{""OHstar"": 1}","111","Pt3Zn9","111",-0.151494753717202,,"Zn3Pt","Pt3Zn9"
"H2O(g) - 0.5H2(g) + * -> OH*","{""OH"": ""hollow|A_A_A|HCP""}","UmVhY3Rpb246NDMwNjkw","BEEF-vdW","{""star"": 1, ""H2gas"": -0.5, ""H2Ogas"": 1.0}","{""OHstar"": 1}","111","Re3Zn9","111",0.367125514673603,,"Zn3Re","Re3Zn9"
"H2O(g) - 0.5H2(g) + * -> OH*","{""OH"": ""hollow|A_A_A|HCP""}","UmVhY3Rpb246NDMwNjk2","BEEF-vdW","{""star"": 1, ""H2gas"": -0.5, ""H2Ogas"": 1.0}","{""OHstar"": 1}","111","Rh3Zn9","111",-0.09591196472604224,,"Zn3Rh","Rh3Zn9"
"H2O(g) - 0.5H2(g) + * -> OH*","{""OH"": ""hollow|A_A_B|HCP""}","UmVhY3Rpb246NDMwNjk3","BEEF-vdW","{""star"": 1, ""H2gas"": -0.5, ""H2Ogas"": 1.0}","{""OHstar"": 1}","111","Rh3Zn9","111",0.33926473117469413,,"Zn3Rh","Rh3Zn9"
"H2O(g) - 0.5H2(g) + * -> OH*","{""OH"": ""bridge|A_A|A""}","UmVhY3Rpb246NDI5MTUw","BEEF-vdW","{""star"": 1, ""H2gas"": -0.5, ""H2Ogas"": 1.0}","{""OHstar"": 1}","111","Pd3Pt9","111",0.8879573883795047,,"Pt3Pd","Pd3Pt9"
"H2O(g) - 0.5H2(g) + * -> OH*","{""OH"": ""hollow|A_A_A|HCP""}","UmVhY3Rpb246NDMwNjcz","BEEF-vdW","{""star"": 1, ""H2gas"": -0.5, ""H2Ogas"": 1.0}","{""OHstar"": 1}","111","Cu3Zn9","111",0.1263955174771354,,"Zn3Cu","Cu3Zn9"
"H2O(g) - 0.5H2(g) + * -> OH*","{""OH"": ""hollow|A_A_A|HCP""}","UmVhY3Rpb246NDMwNjgw","BEEF-vdW","{""star"": 1, ""H2gas"": -0.5, ""H2Ogas"": 1.0}","{""OHstar"": 1}","111","Pd3Zn9","111",-0.08259253652352072,,"Zn3Pd","Pd3Zn9"
"H2O(g) - 0.5H2(g) + * -> OH*","{""OH"": ""hollow|A_A_B|HCP""}","UmVhY3Rpb246NDMwNjkx","BEEF-vdW","{""star"": 1, ""H2gas"": -0.5, ""H2Ogas"": 1.0}","{""OHstar"": 1}","111","Re3Zn9","111",0.009578951275102554,,"Zn3Re","Re3Zn9"
"H2O(g) - 0.5H2(g) + * -> OH*","{""OH"": ""hollow|A_A_A|HCP""}","UmVhY3Rpb246NDMwNzAx","BEEF-vdW","{""star"": 1, ""H2gas"": -0.5, ""H2Ogas"": 1.0}","{""OHstar"": 1}","111","Ru3Zn9","111",0.06844873958186781,,"Zn3Ru","Ru3Zn9"
"H2O(g) - 0.5H2(g) + * -> OH*","{""OH"": ""bridge|A_A|B""}","UmVhY3Rpb246NDI5MTUx","BEEF-vdW","{""star"": 1, ""H2gas"": -0.5, ""H2Ogas"": 1.0}","{""OHstar"": 1}","111","Pd3Pt9","111",0.693677903681305,,"Pt3Pd","Pd3Pt9"
"H2O(g) - 0.5H2(g) + * -> OH*","{""OH"": ""hollow|A_A_B|HCP""}","UmVhY3Rpb246NDMwNzAy","BEEF-vdW","{""star"": 1, ""H2gas"": -0.5, ""H2Ogas"": 1.0}","{""OHstar"": 1}","111","Ru3Zn9","111",0.2101895726781322,,"Zn3Ru","Ru3Zn9"
"H2O(g) - 0.5H2(g) + * -> OH*","{""OH"": ""bridge|A_B|A""}","UmVhY3Rpb246NDI5MTUy","BEEF-vdW","{""star"": 1, ""H2gas"": -0.5, ""H2Ogas"": 1.0}","{""OHstar"": 1}","111","Pd3Pt9","111",1.1545258191807761,,"Pt3Pd","Pd3Pt9"
"H2O(g) - 0.5H2(g) + * -> OH*","{""OH"": ""hollow|A_A_A|FCC""}","UmVhY3Rpb246NDI5MTUz","BEEF-vdW","{""star"": 1, ""H2gas"": -0.5, ""H2Ogas"": 1.0}","{""OHstar"": 1}","111","Pd3Pt9","111",1.2572478408809502,,"Pt3Pd","Pd3Pt9"
"H2O(g) - 0.5H2(g) + * -> OH*","{""OH"": ""hollow|A_A_A|HCP""}","UmVhY3Rpb246NDI5MTU0","BEEF-vdW","{""star"": 1, ""H2gas"": -0.5, ""H2Ogas"": 1.0}","{""OHstar"": 1}","111","Pd3Pt9","111",1.1751923209784536,,"Pt3Pd","Pd3Pt9"
"H2O(g) - 0.5H2(g) + * -> OH*","{""OH"": ""bridge|A_A|A""}","UmVhY3Rpb246NDMwNzY4","BEEF-vdW","{""star"": 1, ""H2gas"": -0.5, ""H2Ogas"": 1.0}","{""OHstar"": 1}","111","W12","111",-1.268856489320683,,"W","W12"
"H2O(g) - 0.5H2(g) + * -> OH*","{""OH"": ""bridge|A_A|A""}","UmVhY3Rpb246NDMwNzY5","BEEF-vdW","{""star"": 1, ""H2gas"": -0.5, ""H2Ogas"": 1.0}","{""OHstar"": 1}","111","Ga12","111",0.15976306887466762,,"Ga","Ga12"
"H2O(g) - 0.5H2(g) + * -> OH*","{""OH"": ""bridge|A_A|A""}","UmVhY3Rpb246NDMwNzcw","BEEF-vdW","{""star"": 1, ""H2gas"": -0.5, ""H2Ogas"": 1.0}","{""OHstar"": 1}","111","Bi12","111",0.13099152018264704,,"Bi","Bi12"
"H2O(g) - 0.5H2(g) + * -> OH*","{""OH"": ""top-tilt|A""}","UmVhY3Rpb246NDI5MTU1","BEEF-vdW","{""star"": 1, ""H2gas"": -0.5, ""H2Ogas"": 1.0}","{""OHstar"": 1}","111","Pd3Pt9","111",1.3110627062823141,,"Pt3Pd","Pd3Pt9"
"H2O(g) - 0.5H2(g) + * -> OH*","{""OH"": ""hollow|A_A_B|FCC""}","UmVhY3Rpb246NDMwMTIw","BEEF-vdW","{""star"": 1, ""H2gas"": -0.5, ""H2Ogas"": 1.0}","{""OHstar"": 1}","101","Ag6Tc6","101",0.9757272988834984,,"AgTc","Ag6Tc6"
"H2O(g) - 0.5H2(g) + * -> OH*","{""OH"": ""top|A""}","UmVhY3Rpb246NDI5MTU2","BEEF-vdW","{""star"": 1, ""H2gas"": -0.5, ""H2Ogas"": 1.0}","{""OHstar"": 1}","111","Pd3Pt9","111",0.6841253473802453,,"Pt3Pd","Pd3Pt9"
"H2O(g) - 0.5H2(g) + * -> OH*","{""OH"": ""bridge|B_B|A""}","UmVhY3Rpb246NDMwMTI0","BEEF-vdW","{""star"": 1, ""H2gas"": -0.5, ""H2Ogas"": 1.0}","{""OHstar"": 1}","101","Ag6Zn6","101",-0.022378642122134806,,"AgZn","Ag6Zn6"
"H2O(g) - 0.5H2(g) + * -> OH*","{""OH"": ""top-tilt|B""}","UmVhY3Rpb246NDMwMTI5","BEEF-vdW","{""star"": 1, ""H2gas"": -0.5, ""H2Ogas"": 1.0}","{""OHstar"": 1}","101","Ag6Zn6","101",0.3656986857794209,,"AgZn","Ag6Zn6"
"H2O(g) - 0.5H2(g) + * -> OH*","{""OH"": ""hollow|A_A_A|HCP""}","UmVhY3Rpb246NDMwMTMx","BEEF-vdW","{""star"": 1, ""H2gas"": -0.5, ""H2Ogas"": 1.0}","{""OHstar"": 1}","111","Au9Ir3","111",1.8444241976802687,,"Au3Ir","Au9Ir3"
"H2O(g) - 0.5H2(g) + * -> OH*","{""OH"": ""hollow|A_A_A|FCC""}","UmVhY3Rpb246NDMwOTUz","BEEF-vdW","{""star"": 1, ""H2gas"": -0.5, ""H2Ogas"": 1.0}","{""OHstar"": 1}","111","Re9Tc3","111",-0.2836239819181401,,"Re3Tc","Re9Tc3"
"H2O(g) - 0.5H2(g) + * -> OH*","{""OH"": ""bridge|A_A|A""}","UmVhY3Rpb246NDMwOTY5","BEEF-vdW","{""star"": 1, ""H2gas"": -0.5, ""H2Ogas"": 1.0}","{""OHstar"": 1}","111","Ir3Re9","111",-0.496251150419198,,"Re3Ir","Ir3Re9"
"H2O(g) - 0.5H2(g) + * -> OH*","{""OH"": ""bridge|A_A|A""}","UmVhY3Rpb246NDMwOTc2","BEEF-vdW","{""star"": 1, ""H2gas"": -0.5, ""H2Ogas"": 1.0}","{""OHstar"": 1}","111","Re9Zn3","111",-0.11728079232409527,,"Re3Zn","Re9Zn3"
"H2O(g) - 0.5H2(g) + * -> OH*","{""OH"": ""hollow|A_A_B|FCC""}","UmVhY3Rpb246NDMwOTg0","BEEF-vdW","{""star"": 1, ""H2gas"": -0.5, ""H2Ogas"": 1.0}","{""OHstar"": 1}","111","Re3Tc9","111",-0.46596392771891715,,"Tc3Re","Re3Tc9"
"H2O(g) - 0.5H2(g) + * -> OH*","{""OH"": ""hollow|A_A_A|FCC""}","UmVhY3Rpb246NDMwOTg2","BEEF-vdW","{""star"": 1, ""H2gas"": -0.5, ""H2Ogas"": 1.0}","{""OHstar"": 1}","111","Ru3Tc9","111",-0.6718289312185561,,"Tc3Ru","Ru3Tc9"
"H2O(g) - 0.5H2(g) + * -> OH*","{""OH"": ""hollow|A_A_A|FCC""}","UmVhY3Rpb246NDMxMDAz","BEEF-vdW","{""star"": 1, ""H2gas"": -0.5, ""H2Ogas"": 1.0}","{""OHstar"": 1}","111","Pt3Tc9","111",-0.849252324219492,,"Tc3Pt","Pt3Tc9"
"H2O(g) - 0.5H2(g) + * -> OH*","{""OH"": ""bridge|B_B|A""}","UmVhY3Rpb246NDMxMDA1","BEEF-vdW","{""star"": 1, ""H2gas"": -0.5, ""H2Ogas"": 1.0}","{""OHstar"": 1}","101","Pt6Tc6","101",-0.5490321192183956,,"PtTc","Pt6Tc6"
"H2O(g) - 0.5H2(g) + * -> OH*","{""OH"": ""hollow|A_A_A|FCC""}","UmVhY3Rpb246NDMxMDI4","BEEF-vdW","{""star"": 1, ""H2gas"": -0.5, ""H2Ogas"": 1.0}","{""OHstar"": 1}","111","Bi3Tc9","111",-0.25768677112057503,,"Tc3Bi","Bi3Tc9"
"H2O(g) - 0.5H2(g) + * -> OH*","{""OH"": ""bridge|A_A|A""}","UmVhY3Rpb246NDMxMDMx","BEEF-vdW","{""star"": 1, ""H2gas"": -0.5, ""H2Ogas"": 1.0}","{""OHstar"": 1}","111","Os9Re3","111",0.3035182246793511,,"Os3Re","Os9Re3"
"H2O(g) - 0.5H2(g) + * -> OH*","{""OH"": ""bridge|A_A|A""}","UmVhY3Rpb246NDMxMDU5","BEEF-vdW","{""star"": 1, ""H2gas"": -0.5, ""H2Ogas"": 1.0}","{""OHstar"": 1}","111","Os9Pt3","111",0.10060932987551041,,"Os3Pt","Os9Pt3"
"H2O(g) - 0.5H2(g) + * -> OH*","{""OH"": ""hollow|A_A_A|FCC""}","UmVhY3Rpb246NDMxMTAy","BEEF-vdW","{""star"": 1, ""H2gas"": -0.5, ""H2Ogas"": 1.0}","{""OHstar"": 1}","111","Bi3Os9","111",0.6723218654814218,,"Os3Bi","Bi3Os9"
"H2O(g) - 0.5H2(g) + * -> OH*","{""OH"": ""hollow|A_A_A|FCC""}","UmVhY3Rpb246NDMxMTA1","BEEF-vdW","{""star"": 1, ""H2gas"": -0.5, ""H2Ogas"": 1.0}","{""OHstar"": 1}","111","Ru9Tc3","111",0.18957626908093062,,"Ru3Tc","Ru9Tc3"
"H2O(g) - 0.5H2(g) + * -> OH*","{""OH"": ""bridge|A_A|A""}","UmVhY3Rpb246NDMxMTI5","BEEF-vdW","{""star"": 1, ""H2gas"": -0.5, ""H2Ogas"": 1.0}","{""OHstar"": 1}","111","Ru9Zn3","111",-0.15722043712150935,,"Ru3Zn","Ru9Zn3"
"H2O(g) - 0.5H2(g) + * -> OH*","{""OH"": ""hollow|A_A_A|FCC""}","UmVhY3Rpb246NDMxMTM3","BEEF-vdW","{""star"": 1, ""H2gas"": -0.5, ""H2Ogas"": 1.0}","{""OHstar"": 1}","111","Ir9Re3","111",1.0901070855805983,,"Ir3Re","Ir9Re3"
"H2O(g) - 0.5H2(g) + * -> OH*","{""OH"": ""hollow|A_A_B|FCC""}","UmVhY3Rpb246NDMwOTU0","BEEF-vdW","{""star"": 1, ""H2gas"": -0.5, ""H2Ogas"": 1.0}","{""OHstar"": 1}","111","Re9Tc3","111",-0.3262915679180196,,"Re3Tc","Re9Tc3"
"H2O(g) - 0.5H2(g) + * -> OH*","{""OH"": ""hollow|A_A_A|FCC""}","UmVhY3Rpb246NDMwOTcw","BEEF-vdW","{""star"": 1, ""H2gas"": -0.5, ""H2Ogas"": 1.0}","{""OHstar"": 1}","111","Ir3Re9","111",-0.5829826744185311,,"Re3Ir","Ir3Re9"
"H2O(g) - 0.5H2(g) + * -> OH*","{""OH"": ""hollow|A_A_A|FCC""}","UmVhY3Rpb246NDMwOTc3","BEEF-vdW","{""star"": 1, ""H2gas"": -0.5, ""H2Ogas"": 1.0}","{""OHstar"": 1}","111","Re9Zn3","111",-0.2895545670209003,,"Re3Zn","Re9Zn3"
"H2O(g) - 0.5H2(g) + * -> OH*","{""OH"": ""top|B""}","UmVhY3Rpb246NDMwOTg1","BEEF-vdW","{""star"": 1, ""H2gas"": -0.5, ""H2Ogas"": 1.0}","{""OHstar"": 1}","111","Re3Tc9","111",-0.021846523518547656,,"Tc3Re","Re3Tc9"
"H2O(g) - 0.5H2(g) + * -> OH*","{""OH"": ""hollow|A_A_B|FCC""}","UmVhY3Rpb246NDMwOTg3","BEEF-vdW","{""star"": 1, ""H2gas"": -0.5, ""H2Ogas"": 1.0}","{""OHstar"": 1}","111","Ru3Tc9","111",-0.345293277218957,,"Tc3Ru","Ru3Tc9"
"H2O(g) - 0.5H2(g) + * -> OH*","{""OH"": ""top|B""}","UmVhY3Rpb246NDMxMDA0","BEEF-vdW","{""star"": 1, ""H2gas"": -0.5, ""H2Ogas"": 1.0}","{""OHstar"": 1}","111","Pt3Tc9","111",1.4222014810774226,,"Tc3Pt","Pt3Tc9"
"H2O(g) - 0.5H2(g) + * -> OH*","{""OH"": ""hollow-tilt|A_B_B|HCP""}","UmVhY3Rpb246NDMxMDA2","BEEF-vdW","{""star"": 1, ""H2gas"": -0.5, ""H2Ogas"": 1.0}","{""OHstar"": 1}","101","Pt6Tc6","101",0.770909525480306,,"PtTc","Pt6Tc6"
"H2O(g) - 0.5H2(g) + * -> OH*","{""OH"": ""hollow|A_A_A|HCP""}","UmVhY3Rpb246NDMxMDI5","BEEF-vdW","{""star"": 1, ""H2gas"": -0.5, ""H2Ogas"": 1.0}","{""OHstar"": 1}","111","Bi3Tc9","111",-0.6893893896186682,,"Tc3Bi","Bi3Tc9"
"H2O(g) - 0.5H2(g) + * -> OH*","{""OH"": ""bridge|A_B|A""}","UmVhY3Rpb246NDMxMDMy","BEEF-vdW","{""star"": 1, ""H2gas"": -0.5, ""H2Ogas"": 1.0}","{""OHstar"": 1}","111","Os9Re3","111",-0.06732327661950421,,"Os3Re","Os9Re3"
"H2O(g) - 0.5H2(g) + * -> OH*","{""OH"": ""bridge|A_A|B""}","UmVhY3Rpb246NDMxMDYw","BEEF-vdW","{""star"": 1, ""H2gas"": -0.5, ""H2Ogas"": 1.0}","{""OHstar"": 1}","111","Os9Pt3","111",0.16645285147831146,,"Os3Pt","Os9Pt3"
"H2O(g) - 0.5H2(g) + * -> OH*","{""OH"": ""top|A""}","UmVhY3Rpb246NDMxMTAz","BEEF-vdW","{""star"": 1, ""H2gas"": -0.5, ""H2Ogas"": 1.0}","{""OHstar"": 1}","111","Bi3Os9","111",-0.08956382092139847,,"Os3Bi","Bi3Os9"
"H2O(g) - 0.5H2(g) + * -> OH*","{""OH"": ""hollow|A_A_B|FCC""}","UmVhY3Rpb246NDMxMTA2","BEEF-vdW","{""star"": 1, ""H2gas"": -0.5, ""H2Ogas"": 1.0}","{""OHstar"": 1}","111","Ru9Tc3","111",-0.27157015522163874,,"Ru3Tc","Ru9Tc3"
"H2O(g) - 0.5H2(g) + * -> OH*","{""OH"": ""bridge|A_A|B""}","UmVhY3Rpb246NDMxMTMw","BEEF-vdW","{""star"": 1, ""H2gas"": -0.5, ""H2Ogas"": 1.0}","{""OHstar"": 1}","111","Ru9Zn3","111",0.05478712817864562,,"Ru3Zn","Ru9Zn3"
"H2O(g) - 0.5H2(g) + * -> OH*","{""OH"": ""top|A""}","UmVhY3Rpb246NDMxMTM4","BEEF-vdW","{""star"": 1, ""H2gas"": -0.5, ""H2Ogas"": 1.0}","{""OHstar"": 1}","111","Ir9Re3","111",0.5217252234805301,,"Ir3Re","Ir9Re3"
"H2O(g) - 0.5H2(g) + * -> OH*","{""OH"": ""bridge|A_A|A""}","UmVhY3Rpb246NDMxMTQw","BEEF-vdW","{""star"": 1, ""H2gas"": -0.5, ""H2Ogas"": 1.0}","{""OHstar"": 1}","111","Ir9Ru3","111",0.4937351857778367,,"Ir3Ru","Ir9Ru3"
"H2O(g) - 0.5H2(g) + * -> OH*","{""OH"": ""top|A""}","UmVhY3Rpb246NDMwOTU1","BEEF-vdW","{""star"": 1, ""H2gas"": -0.5, ""H2Ogas"": 1.0}","{""OHstar"": 1}","111","Re9Tc3","111",0.11525150337990908,,"Re3Tc","Re9Tc3"
"H2O(g) - 0.5H2(g) + * -> OH*","{""OH"": ""top|A""}","UmVhY3Rpb246NDMwOTcx","BEEF-vdW","{""star"": 1, ""H2gas"": -0.5, ""H2Ogas"": 1.0}","{""OHstar"": 1}","111","Ir3Re9","111",-0.2000979588184464,,"Re3Ir","Ir3Re9"
"H2O(g) - 0.5H2(g) + * -> OH*","{""OH"": ""top|B""}","UmVhY3Rpb246NDMwOTc4","BEEF-vdW","{""star"": 1, ""H2gas"": -0.5, ""H2Ogas"": 1.0}","{""OHstar"": 1}","111","Re9Zn3","111",1.4583286748792261,,"Re3Zn","Re9Zn3"
"H2O(g) - 0.5H2(g) + * -> OH*","{""OH"": ""top|A""}","UmVhY3Rpb246NDMwOTg4","BEEF-vdW","{""star"": 1, ""H2gas"": -0.5, ""H2Ogas"": 1.0}","{""OHstar"": 1}","111","Ru3Tc9","111",-0.10707938062034827,,"Tc3Ru","Ru3Tc9"
"H2O(g) - 0.5H2(g) + * -> OH*","{""OH"": ""top|B""}","UmVhY3Rpb246NDMxMDA3","BEEF-vdW","{""star"": 1, ""H2gas"": -0.5, ""H2Ogas"": 1.0}","{""OHstar"": 1}","101","Pt6Tc6","101",-0.20659671761961818,,"PtTc","Pt6Tc6"
"H2O(g) - 0.5H2(g) + * -> OH*","{""OH"": ""hollow-tilt|A_A_A|FCC""}","UmVhY3Rpb246NDMxMDMw","BEEF-vdW","{""star"": 1, ""H2gas"": -0.5, ""H2Ogas"": 1.0}","{""OHstar"": 1}","111","Bi3Tc9","111",-0.2948409225201658,,"Tc3Bi","Bi3Tc9"
"H2O(g) - 0.5H2(g) + * -> OH*","{""OH"": ""hollow|A_A_A|FCC""}","UmVhY3Rpb246NDMxMDMz","BEEF-vdW","{""star"": 1, ""H2gas"": -0.5, ""H2Ogas"": 1.0}","{""OHstar"": 1}","111","Os9Re3","111",0.5965002014789889,,"Os3Re","Os9Re3"
"H2O(g) - 0.5H2(g) + * -> OH*","{""OH"": ""hollow|A_A_A|FCC""}","UmVhY3Rpb246NDMxMDYx","BEEF-vdW","{""star"": 1, ""H2gas"": -0.5, ""H2Ogas"": 1.0}","{""OHstar"": 1}","111","Os9Pt3","111",0.16635652317643235,,"Os3Pt","Os9Pt3"
"H2O(g) - 0.5H2(g) + * -> OH*","{""OH"": ""top-tilt|B""}","UmVhY3Rpb246NDMxMTA0","BEEF-vdW","{""star"": 1, ""H2gas"": -0.5, ""H2Ogas"": 1.0}","{""OHstar"": 1}","101","Bi6Os6","101",-0.1183091105223184,,"BiOs","Bi6Os6"
"H2O(g) - 0.5H2(g) + * -> OH*","{""OH"": ""top|A""}","UmVhY3Rpb246NDMxMTA3","BEEF-vdW","{""star"": 1, ""H2gas"": -0.5, ""H2Ogas"": 1.0}","{""OHstar"": 1}","111","Ru9Tc3","111",0.2617931049798017,,"Ru3Tc","Ru9Tc3"
"H2O(g) - 0.5H2(g) + * -> OH*","{""OH"": ""bridge|A_B|A""}","UmVhY3Rpb246NDMxMTMx","BEEF-vdW","{""star"": 1, ""H2gas"": -0.5, ""H2Ogas"": 1.0}","{""OHstar"": 1}","111","Ru9Zn3","111",0.3426760862756737,,"Ru3Zn","Ru9Zn3"
"H2O(g) - 0.5H2(g) + * -> OH*","{""OH"": ""top|B""}","UmVhY3Rpb246NDMxMTM5","BEEF-vdW","{""star"": 1, ""H2gas"": -0.5, ""H2Ogas"": 1.0}","{""OHstar"": 1}","111","Ir9Re3","111",-0.38846808341907035,,"Ir3Re","Ir9Re3"
"H2O(g) - 0.5H2(g) + * -> OH*","{""OH"": ""bridge|A_B|A""}","UmVhY3Rpb246NDMxMTQx","BEEF-vdW","{""star"": 1, ""H2gas"": -0.5, ""H2Ogas"": 1.0}","{""OHstar"": 1}","111","Ir9Ru3","111",0.2521595947808919,,"Ir3Ru","Ir9Ru3"
"H2O(g) - 0.5H2(g) + * -> OH*","{""OH"": ""top|B""}","UmVhY3Rpb246NDMwOTU2","BEEF-vdW","{""star"": 1, ""H2gas"": -0.5, ""H2Ogas"": 1.0}","{""OHstar"": 1}","111","Re9Tc3","111",0.33655910328241134,,"Re3Tc","Re9Tc3"
"H2O(g) - 0.5H2(g) + * -> OH*","{""OH"": ""top|B""}","UmVhY3Rpb246NDMwOTcy","BEEF-vdW","{""star"": 1, ""H2gas"": -0.5, ""H2Ogas"": 1.0}","{""OHstar"": 1}","111","Ir3Re9","111",1.2657367041800853,,"Re3Ir","Ir3Re9"
"H2O(g) - 0.5H2(g) + * -> OH*","{""OH"": ""top-tilt|A""}","UmVhY3Rpb246NDMwOTc5","BEEF-vdW","{""star"": 1, ""H2gas"": -0.5, ""H2Ogas"": 1.0}","{""OHstar"": 1}","111","Re9Zn3","111",0.0077813672804722955,,"Re3Zn","Re9Zn3"
"H2O(g) - 0.5H2(g) + * -> OH*","{""OH"": ""top|B""}","UmVhY3Rpb246NDMwOTg5","BEEF-vdW","{""star"": 1, ""H2gas"": -0.5, ""H2Ogas"": 1.0}","{""OHstar"": 1}","111","Ru3Tc9","111",0.6103397752784758,,"Tc3Ru","Ru3Tc9"
"H2O(g) - 0.5H2(g) + * -> OH*","{""OH"": ""top-tilt|B""}","UmVhY3Rpb246NDMxMDA4","BEEF-vdW","{""star"": 1, ""H2gas"": -0.5, ""H2Ogas"": 1.0}","{""OHstar"": 1}","101","Pt6Tc6","101",-0.20943853851997574,,"PtTc","Pt6Tc6"
"H2O(g) - 0.5H2(g) + * -> OH*","{""OH"": ""hollow|A_A_B|FCC""}","UmVhY3Rpb246NDMxMDM0","BEEF-vdW","{""star"": 1, ""H2gas"": -0.5, ""H2Ogas"": 1.0}","{""OHstar"": 1}","111","Os9Re3","111",0.08155564677952043,,"Os3Re","Os9Re3"
"H2O(g) - 0.5H2(g) + * -> OH*","{""OH"": ""top|A""}","UmVhY3Rpb246NDMxMDYy","BEEF-vdW","{""star"": 1, ""H2gas"": -0.5, ""H2Ogas"": 1.0}","{""OHstar"": 1}","111","Os9Pt3","111",0.1862583850787587,,"Os3Pt","Os9Pt3"
"H2O(g) - 0.5H2(g) + * -> OH*","{""OH"": ""top|B""}","UmVhY3Rpb246NDMxMTA4","BEEF-vdW","{""star"": 1, ""H2gas"": -0.5, ""H2Ogas"": 1.0}","{""OHstar"": 1}","111","Ru9Tc3","111",0.16286992858010763,,"Ru3Tc","Ru9Tc3"
"H2O(g) - 0.5H2(g) + * -> OH*","{""OH"": ""bridge-tilt|A_B|A""}","UmVhY3Rpb246NDMxMTMy","BEEF-vdW","{""star"": 1, ""H2gas"": -0.5, ""H2Ogas"": 1.0}","{""OHstar"": 1}","111","Ru9Zn3","111",0.7858455819776964,,"Ru3Zn","Ru9Zn3"
"H2O(g) - 0.5H2(g) + * -> OH*","{""OH"": ""hollow|A_A_A|FCC""}","UmVhY3Rpb246NDMxMTQy","BEEF-vdW","{""star"": 1, ""H2gas"": -0.5, ""H2Ogas"": 1.0}","{""OHstar"": 1}","111","Ir9Ru3","111",0.7581702440810432,,"Ir3Ru","Ir9Ru3"
"H2O(g) - 0.5H2(g) + * -> OH*","{""OH"": ""hollow|A_A_A|HCP""}","UmVhY3Rpb246NDMwMTM1","BEEF-vdW","{""star"": 1, ""H2gas"": -0.5, ""H2Ogas"": 1.0}","{""OHstar"": 1}","111","Au9Os3","111",1.8756189199783648,,"Au3Os","Au9Os3"
"H2O(g) - 0.5H2(g) + * -> OH*","{""OH"": ""hollow|A_A_B|FCC""}","UmVhY3Rpb246NDMwOTU3","BEEF-vdW","{""star"": 1, ""H2gas"": -0.5, ""H2Ogas"": 1.0}","{""OHstar"": 1}","101","Re6Tc6","101",-0.3847156335169757,,"ReTc","Re6Tc6"
"H2O(g) - 0.5H2(g) + * -> OH*","{""OH"": ""bridge|B_B|A""}","UmVhY3Rpb246NDMwOTcz","BEEF-vdW","{""star"": 1, ""H2gas"": -0.5, ""H2Ogas"": 1.0}","{""OHstar"": 1}","101","Ir6Re6","101",-0.45723723692128715,,"IrRe","Ir6Re6"
"H2O(g) - 0.5H2(g) + * -> OH*","{""OH"": ""bridge|A_A|B""}","UmVhY3Rpb246NDMwOTgw","BEEF-vdW","{""star"": 1, ""H2gas"": -0.5, ""H2Ogas"": 1.0}","{""OHstar"": 1}","101","Re6Zn6","101",-0.5285370491211552,,"ReZn","Re6Zn6"
"H2O(g) - 0.5H2(g) + * -> OH*","{""OH"": ""bridge|B_B|A""}","UmVhY3Rpb246NDMwOTkw","BEEF-vdW","{""star"": 1, ""H2gas"": -0.5, ""H2Ogas"": 1.0}","{""OHstar"": 1}","101","Ru6Tc6","101",-0.36800675541883265,,"RuTc","Ru6Tc6"
"H2O(g) - 0.5H2(g) + * -> OH*","{""OH"": ""hollow|A_A_A|FCC""}","UmVhY3Rpb246NDMxMDA5","BEEF-vdW","{""star"": 1, ""H2gas"": -0.5, ""H2Ogas"": 1.0}","{""OHstar"": 1}","111","Pd3Tc9","111",-0.8321649357195611,,"Tc3Pd","Pd3Tc9"
"H2O(g) - 0.5H2(g) + * -> OH*","{""OH"": ""top|A""}","UmVhY3Rpb246NDMxMDM1","BEEF-vdW","{""star"": 1, ""H2gas"": -0.5, ""H2Ogas"": 1.0}","{""OHstar"": 1}","111","Os9Re3","111",0.23951269597898772,,"Os3Re","Os9Re3"
"H2O(g) - 0.5H2(g) + * -> OH*","{""OH"": ""top|B""}","UmVhY3Rpb246NDMxMDYz","BEEF-vdW","{""star"": 1, ""H2gas"": -0.5, ""H2Ogas"": 1.0}","{""OHstar"": 1}","111","Os9Pt3","111",1.5627667824782066,,"Os3Pt","Os9Pt3"
"H2O(g) - 0.5H2(g) + * -> OH*","{""OH"": ""bridge|A_A|B""}","UmVhY3Rpb246NDMxMTA5","BEEF-vdW","{""star"": 1, ""H2gas"": -0.5, ""H2Ogas"": 1.0}","{""OHstar"": 1}","111","Os3Ru9","111",0.016205603581397554,,"Ru3Os","Os3Ru9"
"H2O(g) - 0.5H2(g) + * -> OH*","{""OH"": ""hollow|A_A_A|FCC""}","UmVhY3Rpb246NDMxMTMz","BEEF-vdW","{""star"": 1, ""H2gas"": -0.5, ""H2Ogas"": 1.0}","{""OHstar"": 1}","111","Ru9Zn3","111",-0.13327142602349795,,"Ru3Zn","Ru9Zn3"
"H2O(g) - 0.5H2(g) + * -> OH*","{""OH"": ""hollow|A_A_B|FCC""}","UmVhY3Rpb246NDMxMTQz","BEEF-vdW","{""star"": 1, ""H2gas"": -0.5, ""H2Ogas"": 1.0}","{""OHstar"": 1}","111","Ir9Ru3","111",0.3968479650801555,,"Ir3Ru","Ir9Ru3"
"H2O(g) - 0.5H2(g) + * -> OH*","{""OH"": ""hollow|A_B_B|FCC""}","UmVhY3Rpb246NDMwOTU4","BEEF-vdW","{""star"": 1, ""H2gas"": -0.5, ""H2Ogas"": 1.0}","{""OHstar"": 1}","101","Re6Tc6","101",-0.4073133272169116,,"ReTc","Re6Tc6"
"H2O(g) - 0.5H2(g) + * -> OH*","{""OH"": ""top|A""}","UmVhY3Rpb246NDMwOTc0","BEEF-vdW","{""star"": 1, ""H2gas"": -0.5, ""H2Ogas"": 1.0}","{""OHstar"": 1}","101","Ir6Re6","101",0.6772412754806965,,"IrRe","Ir6Re6"
"H2O(g) - 0.5H2(g) + * -> OH*","{""OH"": ""bridge|A_B|B""}","UmVhY3Rpb246NDMwOTgx","BEEF-vdW","{""star"": 1, ""H2gas"": -0.5, ""H2Ogas"": 1.0}","{""OHstar"": 1}","101","Re6Zn6","101",0.44447237677820794,,"ReZn","Re6Zn6"
"H2O(g) - 0.5H2(g) + * -> OH*","{""OH"": ""hollow|A_A_B|FCC""}","UmVhY3Rpb246NDMwOTkx","BEEF-vdW","{""star"": 1, ""H2gas"": -0.5, ""H2Ogas"": 1.0}","{""OHstar"": 1}","101","Ru6Tc6","101",-0.10490655161913764,,"RuTc","Ru6Tc6"
"H2O(g) - 0.5H2(g) + * -> OH*","{""OH"": ""top|B""}","UmVhY3Rpb246NDMxMDEw","BEEF-vdW","{""star"": 1, ""H2gas"": -0.5, ""H2Ogas"": 1.0}","{""OHstar"": 1}","111","Pd3Tc9","111",1.40828530728038,,"Tc3Pd","Pd3Tc9"
"H2O(g) - 0.5H2(g) + * -> OH*","{""OH"": ""top|B""}","UmVhY3Rpb246NDMxMDM2","BEEF-vdW","{""star"": 1, ""H2gas"": -0.5, ""H2Ogas"": 1.0}","{""OHstar"": 1}","111","Os9Re3","111",0.19045982277827989,,"Os3Re","Os9Re3"
"H2O(g) - 0.5H2(g) + * -> OH*","{""OH"": ""bridge|A_A|B""}","UmVhY3Rpb246NDMxMDY0","BEEF-vdW","{""star"": 1, ""H2gas"": -0.5, ""H2Ogas"": 1.0}","{""OHstar"": 1}","101","Os6Pt6","101",-0.11890816912193714,,"OsPt","Os6Pt6"
"H2O(g) - 0.5H2(g) + * -> OH*","{""OH"": ""bridge|A_B|A""}","UmVhY3Rpb246NDMxMTEw","BEEF-vdW","{""star"": 1, ""H2gas"": -0.5, ""H2Ogas"": 1.0}","{""OHstar"": 1}","111","Os3Ru9","111",-0.0278207828188215,,"Ru3Os","Os3Ru9"
"H2O(g) - 0.5H2(g) + * -> OH*","{""OH"": ""top|A""}","UmVhY3Rpb246NDMxMTM0","BEEF-vdW","{""star"": 1, ""H2gas"": -0.5, ""H2Ogas"": 1.0}","{""OHstar"": 1}","111","Ru9Zn3","111",0.22452629837505356,,"Ru3Zn","Ru9Zn3"
"H2O(g) - 0.5H2(g) + * -> OH*","{""OH"": ""top|A""}","UmVhY3Rpb246NDMxMTQ0","BEEF-vdW","{""star"": 1, ""H2gas"": -0.5, ""H2Ogas"": 1.0}","{""OHstar"": 1}","111","Ir9Ru3","111",0.36855288787853624,,"Ir3Ru","Ir9Ru3"
"H2O(g) - 0.5H2(g) + * -> OH*","{""OH"": ""top|A""}","UmVhY3Rpb246NDMwOTU5","BEEF-vdW","{""star"": 1, ""H2gas"": -0.5, ""H2Ogas"": 1.0}","{""OHstar"": 1}","101","Re6Tc6","101",0.04299112928208615,,"ReTc","Re6Tc6"
"H2O(g) - 0.5H2(g) + * -> OH*","{""OH"": ""top|B""}","UmVhY3Rpb246NDMwOTc1","BEEF-vdW","{""star"": 1, ""H2gas"": -0.5, ""H2Ogas"": 1.0}","{""OHstar"": 1}","101","Ir6Re6","101",-0.2027638581195106,,"IrRe","Ir6Re6"
"H2O(g) - 0.5H2(g) + * -> OH*","{""OH"": ""bridge|B_B|A""}","UmVhY3Rpb246NDMwOTgy","BEEF-vdW","{""star"": 1, ""H2gas"": -0.5, ""H2Ogas"": 1.0}","{""OHstar"": 1}","101","Re6Zn6","101",0.5330628464770371,,"ReZn","Re6Zn6"
"H2O(g) - 0.5H2(g) + * -> OH*","{""OH"": ""hollow|A_B_B|FCC""}","UmVhY3Rpb246NDMwOTky","BEEF-vdW","{""star"": 1, ""H2gas"": -0.5, ""H2Ogas"": 1.0}","{""OHstar"": 1}","101","Ru6Tc6","101",-0.49516446371774236,,"RuTc","Ru6Tc6"
"H2O(g) - 0.5H2(g) + * -> OH*","{""OH"": ""bridge|B_B|A""}","UmVhY3Rpb246NDMxMDEx","BEEF-vdW","{""star"": 1, ""H2gas"": -0.5, ""H2Ogas"": 1.0}","{""OHstar"": 1}","101","Pd6Tc6","101",-0.8247160915190079,,"PdTc","Pd6Tc6"
"H2O(g) - 0.5H2(g) + * -> OH*","{""OH"": ""bridge|A_A|A""}","UmVhY3Rpb246NDMxMDM3","BEEF-vdW","{""star"": 1, ""H2gas"": -0.5, ""H2Ogas"": 1.0}","{""OHstar"": 1}","111","Os9Ru3","111",0.0710671549794597,,"Os3Ru","Os9Ru3"
"H2O(g) - 0.5H2(g) + * -> OH*","{""OH"": ""hollow|A_B_B|FCC""}","UmVhY3Rpb246NDMxMDY1","BEEF-vdW","{""star"": 1, ""H2gas"": -0.5, ""H2Ogas"": 1.0}","{""OHstar"": 1}","101","Os6Pt6","101",0.9989945287787805,,"OsPt","Os6Pt6"
"H2O(g) - 0.5H2(g) + * -> OH*","{""OH"": ""hollow|A_A_A|FCC""}","UmVhY3Rpb246NDMxMTEx","BEEF-vdW","{""star"": 1, ""H2gas"": -0.5, ""H2Ogas"": 1.0}","{""OHstar"": 1}","111","Os3Ru9","111",0.13773055547869717,,"Ru3Os","Os3Ru9"
"H2O(g) - 0.5H2(g) + * -> OH*","{""OH"": ""4fold|A_A_B_B""}","UmVhY3Rpb246NDMxMTM1","BEEF-vdW","{""star"": 1, ""H2gas"": -0.5, ""H2Ogas"": 1.0}","{""OHstar"": 1}","101","Ru6Zn6","101",0.004074632682090851,,"RuZn","Ru6Zn6"
"H2O(g) - 0.5H2(g) + * -> OH*","{""OH"": ""top|B""}","UmVhY3Rpb246NDMxMTQ1","BEEF-vdW","{""star"": 1, ""H2gas"": -0.5, ""H2Ogas"": 1.0}","{""OHstar"": 1}","111","Ir9Ru3","111",0.8186506739774586,,"Ir3Ru","Ir9Ru3"
"H2O(g) - 0.5H2(g) + * -> OH*","{""OH"": ""top|B""}","UmVhY3Rpb246NDMwOTYw","BEEF-vdW","{""star"": 1, ""H2gas"": -0.5, ""H2Ogas"": 1.0}","{""OHstar"": 1}","101","Re6Tc6","101",0.0075353763830889875,,"ReTc","Re6Tc6"
"H2O(g) - 0.5H2(g) + * -> OH*","{""OH"": ""top|A""}","UmVhY3Rpb246NDMwOTgz","BEEF-vdW","{""star"": 1, ""H2gas"": -0.5, ""H2Ogas"": 1.0}","{""OHstar"": 1}","101","Re6Zn6","101",-0.12466174412395503,,"ReZn","Re6Zn6"
"H2O(g) - 0.5H2(g) + * -> OH*","{""OH"": ""top|A""}","UmVhY3Rpb246NDMwOTkz","BEEF-vdW","{""star"": 1, ""H2gas"": -0.5, ""H2Ogas"": 1.0}","{""OHstar"": 1}","101","Ru6Tc6","101",0.280145142581091,,"RuTc","Ru6Tc6"
"H2O(g) - 0.5H2(g) + * -> OH*","{""OH"": ""top-tilt|B""}","UmVhY3Rpb246NDMxMDEy","BEEF-vdW","{""star"": 1, ""H2gas"": -0.5, ""H2Ogas"": 1.0}","{""OHstar"": 1}","101","Pd6Tc6","101",-0.4963039404202618,,"PdTc","Pd6Tc6"
"H2O(g) - 0.5H2(g) + * -> OH*","{""OH"": ""bridge|A_A|B""}","UmVhY3Rpb246NDMxMDM4","BEEF-vdW","{""star"": 1, ""H2gas"": -0.5, ""H2Ogas"": 1.0}","{""OHstar"": 1}","111","Os9Ru3","111",0.15272919818096398,,"Os3Ru","Os9Ru3"
"H2O(g) - 0.5H2(g) + * -> OH*","{""OH"": ""top|A""}","UmVhY3Rpb246NDMxMDY2","BEEF-vdW","{""star"": 1, ""H2gas"": -0.5, ""H2Ogas"": 1.0}","{""OHstar"": 1}","101","Os6Pt6","101",-0.034829210718385184,,"OsPt","Os6Pt6"
"H2O(g) - 0.5H2(g) + * -> OH*","{""OH"": ""hollow|A_A_B|FCC""}","UmVhY3Rpb246NDMxMTEy","BEEF-vdW","{""star"": 1, ""H2gas"": -0.5, ""H2Ogas"": 1.0}","{""OHstar"": 1}","111","Os3Ru9","111",0.04290214807849679,,"Ru3Os","Os3Ru9"
"H2O(g) - 0.5H2(g) + * -> OH*","{""OH"": ""bridge|B_B|A""}","UmVhY3Rpb246NDMxMTM2","BEEF-vdW","{""star"": 1, ""H2gas"": -0.5, ""H2Ogas"": 1.0}","{""OHstar"": 1}","101","Ru6Zn6","101",0.25791385017953417,,"RuZn","Ru6Zn6"
"H2O(g) - 0.5H2(g) + * -> OH*","{""OH"": ""bridge|A_A|A""}","UmVhY3Rpb246NDMxMTQ2","BEEF-vdW","{""star"": 1, ""H2gas"": -0.5, ""H2Ogas"": 1.0}","{""OHstar"": 1}","111","Ir9Rh3","111",0.4091273741804571,,"Ir3Rh","Ir9Rh3"
"H2O(g) - 0.5H2(g) + * -> OH*","{""OH"": ""bridge|A_B|A""}","UmVhY3Rpb246NDMwOTYx","BEEF-vdW","{""star"": 1, ""H2gas"": -0.5, ""H2Ogas"": 1.0}","{""OHstar"": 1}","111","Os3Re9","111",-0.025372166520469364,,"Re3Os","Os3Re9"
"H2O(g) - 0.5H2(g) + * -> OH*","{""OH"": ""top|B""}","UmVhY3Rpb246NDMwOTk0","BEEF-vdW","{""star"": 1, ""H2gas"": -0.5, ""H2Ogas"": 1.0}","{""OHstar"": 1}","101","Ru6Tc6","101",0.11508769088038662,,"RuTc","Ru6Tc6"
"H2O(g) - 0.5H2(g) + * -> OH*","{""OH"": ""hollow|A_A_A|FCC""}","UmVhY3Rpb246NDMxMDEz","BEEF-vdW","{""star"": 1, ""H2gas"": -0.5, ""H2Ogas"": 1.0}","{""OHstar"": 1}","111","Au3Tc9","111",-0.7054583921191124,,"Tc3Au","Au3Tc9"
"H2O(g) - 0.5H2(g) + * -> OH*","{""OH"": ""bridge|A_B|A""}","UmVhY3Rpb246NDMxMDM5","BEEF-vdW","{""star"": 1, ""H2gas"": -0.5, ""H2Ogas"": 1.0}","{""OHstar"": 1}","111","Os9Ru3","111",0.1785955233834784,,"Os3Ru","Os9Ru3"
"H2O(g) - 0.5H2(g) + * -> OH*","{""OH"": ""top-tilt|B""}","UmVhY3Rpb246NDMxMDY3","BEEF-vdW","{""star"": 1, ""H2gas"": -0.5, ""H2Ogas"": 1.0}","{""OHstar"": 1}","101","Os6Pt6","101",0.8474026303782694,,"OsPt","Os6Pt6"
"H2O(g) - 0.5H2(g) + * -> OH*","{""OH"": ""top|A""}","UmVhY3Rpb246NDMxMTEz","BEEF-vdW","{""star"": 1, ""H2gas"": -0.5, ""H2Ogas"": 1.0}","{""OHstar"": 1}","111","Os3Ru9","111",0.3590274068818644,,"Ru3Os","Os3Ru9"
"H2O(g) - 0.5H2(g) + * -> OH*","{""OH"": ""bridge|A_A|B""}","UmVhY3Rpb246NDMxMTQ3","BEEF-vdW","{""star"": 1, ""H2gas"": -0.5, ""H2Ogas"": 1.0}","{""OHstar"": 1}","111","Ir9Rh3","111",0.35027568158045597,,"Ir3Rh","Ir9Rh3"
"H2O(g) - 0.5H2(g) + * -> OH*","{""OH"": ""hollow|A_A_A|HCP""}","UmVhY3Rpb246NDMwMTQw","BEEF-vdW","{""star"": 1, ""H2gas"": -0.5, ""H2Ogas"": 1.0}","{""OHstar"": 1}","111","Au9Tc3","111",1.8241243692799571,,"Au3Tc","Au9Tc3"
"H2O(g) - 0.5H2(g) + * -> OH*","{""OH"": ""hollow|A_A_A|FCC""}","UmVhY3Rpb246NDMwOTYy","BEEF-vdW","{""star"": 1, ""H2gas"": -0.5, ""H2Ogas"": 1.0}","{""OHstar"": 1}","111","Os3Re9","111",-0.36865316182149854,,"Re3Os","Os3Re9"
"H2O(g) - 0.5H2(g) + * -> OH*","{""OH"": ""bridge|A_A|A""}","UmVhY3Rpb246NDMwOTk1","BEEF-vdW","{""star"": 1, ""H2gas"": -0.5, ""H2Ogas"": 1.0}","{""OHstar"": 1}","111","Rh3Tc9","111",-0.6643106979200866,,"Tc3Rh","Rh3Tc9"
"H2O(g) - 0.5H2(g) + * -> OH*","{""OH"": ""top|B""}","UmVhY3Rpb246NDMxMDE0","BEEF-vdW","{""star"": 1, ""H2gas"": -0.5, ""H2Ogas"": 1.0}","{""OHstar"": 1}","111","Au3Tc9","111",1.8474596275781323,,"Tc3Au","Au3Tc9"
"H2O(g) - 0.5H2(g) + * -> OH*","{""OH"": ""hollow|A_A_A|FCC""}","UmVhY3Rpb246NDMxMDQw","BEEF-vdW","{""star"": 1, ""H2gas"": -0.5, ""H2Ogas"": 1.0}","{""OHstar"": 1}","111","Os9Ru3","111",0.25065480528144235,,"Os3Ru","Os9Ru3"
"H2O(g) - 0.5H2(g) + * -> OH*","{""OH"": ""bridge|A_A|A""}","UmVhY3Rpb246NDMxMDY4","BEEF-vdW","{""star"": 1, ""H2gas"": -0.5, ""H2Ogas"": 1.0}","{""OHstar"": 1}","111","Os9Pd3","111",0.10585690918094315,,"Os3Pd","Os9Pd3"
"H2O(g) - 0.5H2(g) + * -> OH*","{""OH"": ""top|B""}","UmVhY3Rpb246NDMxMTE0","BEEF-vdW","{""star"": 1, ""H2gas"": -0.5, ""H2Ogas"": 1.0}","{""OHstar"": 1}","111","Os3Ru9","111",0.521531206279974,,"Ru3Os","Os3Ru9"
"H2O(g) - 0.5H2(g) + * -> OH*","{""OH"": ""bridge|A_B|A""}","UmVhY3Rpb246NDMxMTQ4","BEEF-vdW","{""star"": 1, ""H2gas"": -0.5, ""H2Ogas"": 1.0}","{""OHstar"": 1}","111","Ir9Rh3","111",0.3979432232816862,,"Ir3Rh","Ir9Rh3"
"H2O(g) - 0.5H2(g) + * -> OH*","{""OH"": ""top|A""}","UmVhY3Rpb246NDMwOTYz","BEEF-vdW","{""star"": 1, ""H2gas"": -0.5, ""H2Ogas"": 1.0}","{""OHstar"": 1}","111","Os3Re9","111",-0.15132264182022936,,"Re3Os","Os3Re9"
"H2O(g) - 0.5H2(g) + * -> OH*","{""OH"": ""hollow|A_A_A|FCC""}","UmVhY3Rpb246NDMwOTk2","BEEF-vdW","{""star"": 1, ""H2gas"": -0.5, ""H2Ogas"": 1.0}","{""OHstar"": 1}","111","Rh3Tc9","111",-0.8617560911217197,,"Tc3Rh","Rh3Tc9"
"H2O(g) - 0.5H2(g) + * -> OH*","{""OH"": ""bridge|B_B|A""}","UmVhY3Rpb246NDMxMDE1","BEEF-vdW","{""star"": 1, ""H2gas"": -0.5, ""H2Ogas"": 1.0}","{""OHstar"": 1}","101","Au6Tc6","101",0.3702103332806246,,"AuTc","Au6Tc6"
"H2O(g) - 0.5H2(g) + * -> OH*","{""OH"": ""top|A""}","UmVhY3Rpb246NDMxMDQx","BEEF-vdW","{""star"": 1, ""H2gas"": -0.5, ""H2Ogas"": 1.0}","{""OHstar"": 1}","111","Os9Ru3","111",0.18080168628227966,,"Os3Ru","Os9Ru3"
"H2O(g) - 0.5H2(g) + * -> OH*","{""OH"": ""bridge|A_A|B""}","UmVhY3Rpb246NDMxMDY5","BEEF-vdW","{""star"": 1, ""H2gas"": -0.5, ""H2Ogas"": 1.0}","{""OHstar"": 1}","111","Os9Pd3","111",0.08697044008010835,,"Os3Pd","Os9Pd3"
"H2O(g) - 0.5H2(g) + * -> OH*","{""OH"": ""bridge|A_A|A""}","UmVhY3Rpb246NDMxMTE1","BEEF-vdW","{""star"": 1, ""H2gas"": -0.5, ""H2Ogas"": 1.0}","{""OHstar"": 1}","111","Ir3Ru9","111",-0.07338161911968655,,"Ru3Ir","Ir3Ru9"
"H2O(g) - 0.5H2(g) + * -> OH*","{""OH"": ""hollow|A_A_A|FCC""}","UmVhY3Rpb246NDMxMTQ5","BEEF-vdW","{""star"": 1, ""H2gas"": -0.5, ""H2Ogas"": 1.0}","{""OHstar"": 1}","111","Ir9Rh3","111",0.697817027380438,,"Ir3Rh","Ir9Rh3"
"H2O(g) - 0.5H2(g) + * -> OH*","{""OH"": ""top|B""}","UmVhY3Rpb246NDMwOTY0","BEEF-vdW","{""star"": 1, ""H2gas"": -0.5, ""H2Ogas"": 1.0}","{""OHstar"": 1}","111","Os3Re9","111",0.755113997381045,,"Re3Os","Os3Re9"
"H2O(g) - 0.5H2(g) + * -> OH*","{""OH"": ""top|B""}","UmVhY3Rpb246NDMwOTk3","BEEF-vdW","{""star"": 1, ""H2gas"": -0.5, ""H2Ogas"": 1.0}","{""OHstar"": 1}","111","Rh3Tc9","111",1.0167454668816163,,"Tc3Rh","Rh3Tc9"
"H2O(g) - 0.5H2(g) + * -> OH*","{""OH"": ""top-tilt|B""}","UmVhY3Rpb246NDMxMDE2","BEEF-vdW","{""star"": 1, ""H2gas"": -0.5, ""H2Ogas"": 1.0}","{""OHstar"": 1}","101","Au6Tc6","101",0.5715997443811602,,"AuTc","Au6Tc6"
"H2O(g) - 0.5H2(g) + * -> OH*","{""OH"": ""top|B""}","UmVhY3Rpb246NDMxMDQy","BEEF-vdW","{""star"": 1, ""H2gas"": -0.5, ""H2Ogas"": 1.0}","{""OHstar"": 1}","111","Os9Ru3","111",0.9148754335809599,,"Os3Ru","Os9Ru3"
"H2O(g) - 0.5H2(g) + * -> OH*","{""OH"": ""hollow|A_A_A|FCC""}","UmVhY3Rpb246NDMxMDcw","BEEF-vdW","{""star"": 1, ""H2gas"": -0.5, ""H2Ogas"": 1.0}","{""OHstar"": 1}","111","Os9Pd3","111",0.16823614947941223,,"Os3Pd","Os9Pd3"
"H2O(g) - 0.5H2(g) + * -> OH*","{""OH"": ""bridge|A_A|B""}","UmVhY3Rpb246NDMxMTE2","BEEF-vdW","{""star"": 1, ""H2gas"": -0.5, ""H2Ogas"": 1.0}","{""OHstar"": 1}","111","Ir3Ru9","111",0.05609871688000112,,"Ru3Ir","Ir3Ru9"
"H2O(g) - 0.5H2(g) + * -> OH*","{""OH"": ""top|A""}","UmVhY3Rpb246NDMxMTUw","BEEF-vdW","{""star"": 1, ""H2gas"": -0.5, ""H2Ogas"": 1.0}","{""OHstar"": 1}","111","Ir9Rh3","111",0.3160138281790523,,"Ir3Rh","Ir9Rh3"
"H2O(g) - 0.5H2(g) + * -> OH*","{""OH"": ""bridge|B_B|A""}","UmVhY3Rpb246NDMwOTY1","BEEF-vdW","{""star"": 1, ""H2gas"": -0.5, ""H2Ogas"": 1.0}","{""OHstar"": 1}","101","Os6Re6","101",-0.29896589622069314,,"OsRe","Os6Re6"
"H2O(g) - 0.5H2(g) + * -> OH*","{""OH"": ""top-tilt|A""}","UmVhY3Rpb246NDMwOTk4","BEEF-vdW","{""star"": 1, ""H2gas"": -0.5, ""H2Ogas"": 1.0}","{""OHstar"": 1}","111","Rh3Tc9","111",-0.18620409832067253,,"Tc3Rh","Rh3Tc9"
"H2O(g) - 0.5H2(g) + * -> OH*","{""OH"": ""hollow|A_A_A|FCC""}","UmVhY3Rpb246NDMxMDE3","BEEF-vdW","{""star"": 1, ""H2gas"": -0.5, ""H2Ogas"": 1.0}","{""OHstar"": 1}","111","Ag3Tc9","111",-0.643046225918738,,"Tc3Ag","Ag3Tc9"
"H2O(g) - 0.5H2(g) + * -> OH*","{""OH"": ""bridge|A_A|B""}","UmVhY3Rpb246NDMxMDQz","BEEF-vdW","{""star"": 1, ""H2gas"": -0.5, ""H2Ogas"": 1.0}","{""OHstar"": 1}","101","Os6Ru6","101",0.011756678378219476,,"OsRu","Os6Ru6"
"H2O(g) - 0.5H2(g) + * -> OH*","{""OH"": ""top|A""}","UmVhY3Rpb246NDMxMDcx","BEEF-vdW","{""star"": 1, ""H2gas"": -0.5, ""H2Ogas"": 1.0}","{""OHstar"": 1}","111","Os9Pd3","111",0.1757067627812603,,"Os3Pd","Os9Pd3"
"H2O(g) - 0.5H2(g) + * -> OH*","{""OH"": ""bridge|A_B|A""}","UmVhY3Rpb246NDMxMTE3","BEEF-vdW","{""star"": 1, ""H2gas"": -0.5, ""H2Ogas"": 1.0}","{""OHstar"": 1}","111","Ir3Ru9","111",0.2346283886807896,,"Ru3Ir","Ir3Ru9"
"H2O(g) - 0.5H2(g) + * -> OH*","{""OH"": ""top|B""}","UmVhY3Rpb246NDMxMTUx","BEEF-vdW","{""star"": 1, ""H2gas"": -0.5, ""H2Ogas"": 1.0}","{""OHstar"": 1}","111","Ir9Rh3","111",1.2445055661818287,,"Ir3Rh","Ir9Rh3"
"H2O(g) - 0.5H2(g) + * -> OH*","{""OH"": ""hollow|A_B_B|FCC""}","UmVhY3Rpb246NDMwOTY2","BEEF-vdW","{""star"": 1, ""H2gas"": -0.5, ""H2Ogas"": 1.0}","{""OHstar"": 1}","101","Os6Re6","101",-0.13698945351927705,,"OsRe","Os6Re6"
"H2O(g) - 0.5H2(g) + * -> OH*","{""OH"": ""bridge|B_B|A""}","UmVhY3Rpb246NDMwOTk5","BEEF-vdW","{""star"": 1, ""H2gas"": -0.5, ""H2Ogas"": 1.0}","{""OHstar"": 1}","101","Rh6Tc6","101",-0.6418936878172872,,"RhTc","Rh6Tc6"
"H2O(g) - 0.5H2(g) + * -> OH*","{""OH"": ""top|B""}","UmVhY3Rpb246NDMxMDE4","BEEF-vdW","{""star"": 1, ""H2gas"": -0.5, ""H2Ogas"": 1.0}","{""OHstar"": 1}","111","Ag3Tc9","111",1.714647665784355,,"Tc3Ag","Ag3Tc9"
"H2O(g) - 0.5H2(g) + * -> OH*","{""OH"": ""bridge|A_B|A""}","UmVhY3Rpb246NDMxMDQ0","BEEF-vdW","{""star"": 1, ""H2gas"": -0.5, ""H2Ogas"": 1.0}","{""OHstar"": 1}","101","Os6Ru6","101",0.03148071398106822,,"OsRu","Os6Ru6"
"H2O(g) - 0.5H2(g) + * -> OH*","{""OH"": ""top|B""}","UmVhY3Rpb246NDMxMDcy","BEEF-vdW","{""star"": 1, ""H2gas"": -0.5, ""H2Ogas"": 1.0}","{""OHstar"": 1}","111","Os9Pd3","111",1.6053980412806368,,"Os3Pd","Os9Pd3"
"H2O(g) - 0.5H2(g) + * -> OH*","{""OH"": ""hollow|A_A_A|FCC""}","UmVhY3Rpb246NDMxMTE4","BEEF-vdW","{""star"": 1, ""H2gas"": -0.5, ""H2Ogas"": 1.0}","{""OHstar"": 1}","111","Ir3Ru9","111",-0.12108303901834461,,"Ru3Ir","Ir3Ru9"
"H2O(g) - 0.5H2(g) + * -> OH*","{""OH"": ""bridge|A_A|B""}","UmVhY3Rpb246NDMxMTUy","BEEF-vdW","{""star"": 1, ""H2gas"": -0.5, ""H2Ogas"": 1.0}","{""OHstar"": 1}","101","Ir6Rh6","101",0.31613763998109334,,"IrRh","Ir6Rh6"
"H2O(g) - 0.5H2(g) + * -> OH*","{""OH"": ""top|A""}","UmVhY3Rpb246NDMwOTY3","BEEF-vdW","{""star"": 1, ""H2gas"": -0.5, ""H2Ogas"": 1.0}","{""OHstar"": 1}","101","Os6Re6","101",0.2782519104811172,,"OsRe","Os6Re6"
"H2O(g) - 0.5H2(g) + * -> OH*","{""OH"": ""hollow-tilt|A_A_B|HCP""}","UmVhY3Rpb246NDMxMDAw","BEEF-vdW","{""star"": 1, ""H2gas"": -0.5, ""H2Ogas"": 1.0}","{""OHstar"": 1}","101","Rh6Tc6","101",-0.01609022731929599,,"RhTc","Rh6Tc6"
"H2O(g) - 0.5H2(g) + * -> OH*","{""OH"": ""bridge|B_B|A""}","UmVhY3Rpb246NDMxMDE5","BEEF-vdW","{""star"": 1, ""H2gas"": -0.5, ""H2Ogas"": 1.0}","{""OHstar"": 1}","101","Ag6Tc6","101",-0.6311834232211595,,"AgTc","Ag6Tc6"
"H2O(g) - 0.5H2(g) + * -> OH*","{""OH"": ""bridge|A_B|B""}","UmVhY3Rpb246NDMxMDQ1","BEEF-vdW","{""star"": 1, ""H2gas"": -0.5, ""H2Ogas"": 1.0}","{""OHstar"": 1}","101","Os6Ru6","101",0.13288284748057322,,"OsRu","Os6Ru6"
"H2O(g) - 0.5H2(g) + * -> OH*","{""OH"": ""bridge|A_A|B""}","UmVhY3Rpb246NDMxMDcz","BEEF-vdW","{""star"": 1, ""H2gas"": -0.5, ""H2Ogas"": 1.0}","{""OHstar"": 1}","101","Os6Pd6","101",-0.2795534310199628,,"OsPd","Os6Pd6"
"H2O(g) - 0.5H2(g) + * -> OH*","{""OH"": ""hollow|A_A_B|FCC""}","UmVhY3Rpb246NDMxMTE5","BEEF-vdW","{""star"": 1, ""H2gas"": -0.5, ""H2Ogas"": 1.0}","{""OHstar"": 1}","111","Ir3Ru9","111",0.2745478969817441,,"Ru3Ir","Ir3Ru9"
"H2O(g) - 0.5H2(g) + * -> OH*","{""OH"": ""bridge|A_B|B""}","UmVhY3Rpb246NDMxMTUz","BEEF-vdW","{""star"": 1, ""H2gas"": -0.5, ""H2Ogas"": 1.0}","{""OHstar"": 1}","101","Ir6Rh6","101",0.32461112887983745,,"IrRh","Ir6Rh6"
"H2O(g) - 0.5H2(g) + * -> OH*","{""OH"": ""hollow|A_A_A|HCP""}","UmVhY3Rpb246NDMwMTQ2","BEEF-vdW","{""star"": 1, ""H2gas"": -0.5, ""H2Ogas"": 1.0}","{""OHstar"": 1}","111","Au9Zn3","111",1.5227269998766815,,"Au3Zn","Au9Zn3"
"H2O(g) - 0.5H2(g) + * -> OH*","{""OH"": ""top|B""}","UmVhY3Rpb246NDMwOTY4","BEEF-vdW","{""star"": 1, ""H2gas"": -0.5, ""H2Ogas"": 1.0}","{""OHstar"": 1}","101","Os6Re6","101",-0.18743296452078084,,"OsRe","Os6Re6"
"H2O(g) - 0.5H2(g) + * -> OH*","{""OH"": ""top|B""}","UmVhY3Rpb246NDMxMDAx","BEEF-vdW","{""star"": 1, ""H2gas"": -0.5, ""H2Ogas"": 1.0}","{""OHstar"": 1}","101","Rh6Tc6","101",-0.16368490942033986,,"RhTc","Rh6Tc6"
"H2O(g) - 0.5H2(g) + * -> OH*","{""OH"": ""bridge|B_B|B""}","UmVhY3Rpb246NDMxMDIw","BEEF-vdW","{""star"": 1, ""H2gas"": -0.5, ""H2Ogas"": 1.0}","{""OHstar"": 1}","101","Ag6Tc6","101",-0.6383843717222817,,"AgTc","Ag6Tc6"
"H2O(g) - 0.5H2(g) + * -> OH*","{""OH"": ""bridge|B_B|A""}","UmVhY3Rpb246NDMxMDQ2","BEEF-vdW","{""star"": 1, ""H2gas"": -0.5, ""H2Ogas"": 1.0}","{""OHstar"": 1}","101","Os6Ru6","101",0.4138597059799167,,"OsRu","Os6Ru6"
"H2O(g) - 0.5H2(g) + * -> OH*","{""OH"": ""hollow|A_B_B|FCC""}","UmVhY3Rpb246NDMxMDc0","BEEF-vdW","{""star"": 1, ""H2gas"": -0.5, ""H2Ogas"": 1.0}","{""OHstar"": 1}","101","Os6Pd6","101",0.9046481709818863,,"OsPd","Os6Pd6"
"H2O(g) - 0.5H2(g) + * -> OH*","{""OH"": ""top|A""}","UmVhY3Rpb246NDMxMTIw","BEEF-vdW","{""star"": 1, ""H2gas"": -0.5, ""H2Ogas"": 1.0}","{""OHstar"": 1}","111","Ir3Ru9","111",0.31223239827966154,,"Ru3Ir","Ir3Ru9"
"H2O(g) - 0.5H2(g) + * -> OH*","{""OH"": ""bridge|B_B|A""}","UmVhY3Rpb246NDMxMTU0","BEEF-vdW","{""star"": 1, ""H2gas"": -0.5, ""H2Ogas"": 1.0}","{""OHstar"": 1}","101","Ir6Rh6","101",0.404237352479754,,"IrRh","Ir6Rh6"
"H2O(g) - 0.5H2(g) + * -> OH*","{""OH"": ""top-tilt|A""}","UmVhY3Rpb246NDMxMDAy","BEEF-vdW","{""star"": 1, ""H2gas"": -0.5, ""H2Ogas"": 1.0}","{""OHstar"": 1}","101","Rh6Tc6","101",0.6024332355817705,,"RhTc","Rh6Tc6"
"H2O(g) - 0.5H2(g) + * -> OH*","{""OH"": ""top|B""}","UmVhY3Rpb246NDMxMDIx","BEEF-vdW","{""star"": 1, ""H2gas"": -0.5, ""H2Ogas"": 1.0}","{""OHstar"": 1}","101","Ag6Tc6","101",0.0016551323832345588,,"AgTc","Ag6Tc6"
"H2O(g) - 0.5H2(g) + * -> OH*","{""OH"": ""hollow|A_B_B|FCC""}","UmVhY3Rpb246NDMxMDQ3","BEEF-vdW","{""star"": 1, ""H2gas"": -0.5, ""H2Ogas"": 1.0}","{""OHstar"": 1}","101","Os6Ru6","101",0.18379507458018907,,"OsRu","Os6Ru6"
"H2O(g) - 0.5H2(g) + * -> OH*","{""OH"": ""top|A""}","UmVhY3Rpb246NDMxMDc1","BEEF-vdW","{""star"": 1, ""H2gas"": -0.5, ""H2Ogas"": 1.0}","{""OHstar"": 1}","101","Os6Pd6","101",0.0035310851825443024,,"OsPd","Os6Pd6"
"H2O(g) - 0.5H2(g) + * -> OH*","{""OH"": ""top|B""}","UmVhY3Rpb246NDMxMTIx","BEEF-vdW","{""star"": 1, ""H2gas"": -0.5, ""H2Ogas"": 1.0}","{""OHstar"": 1}","111","Ir3Ru9","111",0.9638698023817369,,"Ru3Ir","Ir3Ru9"
"H2O(g) - 0.5H2(g) + * -> OH*","{""OH"": ""hollow|A_B_B|FCC""}","UmVhY3Rpb246NDMxMTU1","BEEF-vdW","{""star"": 1, ""H2gas"": -0.5, ""H2Ogas"": 1.0}","{""OHstar"": 1}","101","Ir6Rh6","101",0.4001044874829631,,"IrRh","Ir6Rh6"
"H2O(g) - 0.5H2(g) + * -> OH*","{""OH"": ""hollow|A_A_A|FCC""}","UmVhY3Rpb246NDMxMDIy","BEEF-vdW","{""star"": 1, ""H2gas"": -0.5, ""H2Ogas"": 1.0}","{""OHstar"": 1}","111","Cu3Tc9","111",-0.8760694151234247,,"Tc3Cu","Cu3Tc9"
"H2O(g) - 0.5H2(g) + * -> OH*","{""OH"": ""top|A""}","UmVhY3Rpb246NDMxMDQ4","BEEF-vdW","{""star"": 1, ""H2gas"": -0.5, ""H2Ogas"": 1.0}","{""OHstar"": 1}","101","Os6Ru6","101",0.15364009927805,,"OsRu","Os6Ru6"
"H2O(g) - 0.5H2(g) + * -> OH*","{""OH"": ""top-tilt|A""}","UmVhY3Rpb246NDMxMDc2","BEEF-vdW","{""star"": 1, ""H2gas"": -0.5, ""H2Ogas"": 1.0}","{""OHstar"": 1}","101","Os6Pd6","101",-0.03796736361903186,,"OsPd","Os6Pd6"
"H2O(g) - 0.5H2(g) + * -> OH*","{""OH"": ""bridge|A_A|B""}","UmVhY3Rpb246NDMxMTIy","BEEF-vdW","{""star"": 1, ""H2gas"": -0.5, ""H2Ogas"": 1.0}","{""OHstar"": 1}","101","Ir6Ru6","101",0.7342462674795343,,"IrRu","Ir6Ru6"
"H2O(g) - 0.5H2(g) + * -> OH*","{""OH"": ""top|A""}","UmVhY3Rpb246NDMxMTU2","BEEF-vdW","{""star"": 1, ""H2gas"": -0.5, ""H2Ogas"": 1.0}","{""OHstar"": 1}","101","Ir6Rh6","101",0.2830887339813444,,"IrRh","Ir6Rh6"
"H2O(g) - 0.5H2(g) + * -> OH*","{""OH"": ""top|B""}","UmVhY3Rpb246NDMxMDIz","BEEF-vdW","{""star"": 1, ""H2gas"": -0.5, ""H2Ogas"": 1.0}","{""OHstar"": 1}","111","Cu3Tc9","111",1.2814235227750714,,"Tc3Cu","Cu3Tc9"
"H2O(g) - 0.5H2(g) + * -> OH*","{""OH"": ""top|B""}","UmVhY3Rpb246NDMxMDQ5","BEEF-vdW","{""star"": 1, ""H2gas"": -0.5, ""H2Ogas"": 1.0}","{""OHstar"": 1}","101","Os6Ru6","101",0.40968656817938154,,"OsRu","Os6Ru6"
"H2O(g) - 0.5H2(g) + * -> OH*","{""OH"": ""top-tilt|B""}","UmVhY3Rpb246NDMxMDc3","BEEF-vdW","{""star"": 1, ""H2gas"": -0.5, ""H2Ogas"": 1.0}","{""OHstar"": 1}","101","Os6Pd6","101",0.9935908920823522,,"OsPd","Os6Pd6"
"H2O(g) - 0.5H2(g) + * -> OH*","{""OH"": ""bridge|A_B|A""}","UmVhY3Rpb246NDMxMTIz","BEEF-vdW","{""star"": 1, ""H2gas"": -0.5, ""H2Ogas"": 1.0}","{""OHstar"": 1}","101","Ir6Ru6","101",0.28821086877803737,,"IrRu","Ir6Ru6"
"H2O(g) - 0.5H2(g) + * -> OH*","{""OH"": ""top|B""}","UmVhY3Rpb246NDMxMTU3","BEEF-vdW","{""star"": 1, ""H2gas"": -0.5, ""H2Ogas"": 1.0}","{""OHstar"": 1}","101","Ir6Rh6","101",0.5172002423795448,,"IrRh","Ir6Rh6"
"H2O(g) - 0.5H2(g) + * -> OH*","{""OH"": ""bridge|B_B|A""}","UmVhY3Rpb246NDMxMDI0","BEEF-vdW","{""star"": 1, ""H2gas"": -0.5, ""H2Ogas"": 1.0}","{""OHstar"": 1}","101","Cu6Tc6","101",-0.8533148477173427,,"CuTc","Cu6Tc6"
"H2O(g) - 0.5H2(g) + * -> OH*","{""OH"": ""bridge|A_A|A""}","UmVhY3Rpb246NDMxMDUw","BEEF-vdW","{""star"": 1, ""H2gas"": -0.5, ""H2Ogas"": 1.0}","{""OHstar"": 1}","111","Os9Rh3","111",0.04397250788031215,,"Os3Rh","Os9Rh3"
"H2O(g) - 0.5H2(g) + * -> OH*","{""OH"": ""bridge|A_A|A""}","UmVhY3Rpb246NDMxMDc4","BEEF-vdW","{""star"": 1, ""H2gas"": -0.5, ""H2Ogas"": 1.0}","{""OHstar"": 1}","111","Au3Os9","111",0.17114940027829562,,"Os3Au","Au3Os9"
"H2O(g) - 0.5H2(g) + * -> OH*","{""OH"": ""bridge|B_B|A""}","UmVhY3Rpb246NDMxMTI0","BEEF-vdW","{""star"": 1, ""H2gas"": -0.5, ""H2Ogas"": 1.0}","{""OHstar"": 1}","101","Ir6Ru6","101",0.023219337778641602,,"IrRu","Ir6Ru6"
"H2O(g) - 0.5H2(g) + * -> OH*","{""OH"": ""bridge|A_A|A""}","UmVhY3Rpb246NDMxMTU4","BEEF-vdW","{""star"": 1, ""H2gas"": -0.5, ""H2Ogas"": 1.0}","{""OHstar"": 1}","111","Ir9Pt3","111",0.4209514006805648,,"Ir3Pt","Ir9Pt3"
"H2O(g) - 0.5H2(g) + * -> OH*","{""OH"": ""bridge|A_A|A""}","UmVhY3Rpb246NDMxMjAy","BEEF-vdW","{""star"": 1, ""H2gas"": -0.5, ""H2Ogas"": 1.0}","{""OHstar"": 1}","111","Bi3Ir9","111",0.5518819674806537,,"Ir3Bi","Bi3Ir9"
"H2O(g) - 0.5H2(g) + * -> OH*","{""OH"": ""bridge|A_B|A""}","UmVhY3Rpb246NDMxMjA5","BEEF-vdW","{""star"": 1, ""H2gas"": -0.5, ""H2Ogas"": 1.0}","{""OHstar"": 1}","111","Rh9Tc3","111",-0.19303279512234894,,"Rh3Tc","Rh9Tc3"
"H2O(g) - 0.5H2(g) + * -> OH*","{""OH"": ""bridge|A_A|A""}","UmVhY3Rpb246NDMxMjIz","BEEF-vdW","{""star"": 1, ""H2gas"": -0.5, ""H2Ogas"": 1.0}","{""OHstar"": 1}","111","Rh9Zn3","111",0.32739621398366126,,"Rh3Zn","Rh9Zn3"
"H2O(g) - 0.5H2(g) + * -> OH*","{""OH"": ""hollow|A_A_A|FCC""}","UmVhY3Rpb246NDMxMjI4","BEEF-vdW","{""star"": 1, ""H2gas"": -0.5, ""H2Ogas"": 1.0}","{""OHstar"": 1}","111","Pt9Tc3","111",1.136205754974867,,"Pt3Tc","Pt9Tc3"
"H2O(g) - 0.5H2(g) + * -> OH*","{""OH"": ""hollow|A_A_A|FCC""}","UmVhY3Rpb246NDMxMjQx","BEEF-vdW","{""star"": 1, ""H2gas"": -0.5, ""H2Ogas"": 1.0}","{""OHstar"": 1}","111","Pt9Zn3","111",1.5924066462802102,,"Pt3Zn","Pt9Zn3"
"H2O(g) - 0.5H2(g) + * -> OH*","{""OH"": ""hollow|A_A_A|FCC""}","UmVhY3Rpb246NDMxMjUw","BEEF-vdW","{""star"": 1, ""H2gas"": -0.5, ""H2Ogas"": 1.0}","{""OHstar"": 1}","111","Pd9Tc3","111",0.8217523635802308,,"Pd3Tc","Pd9Tc3"
"H2O(g) - 0.5H2(g) + * -> OH*","{""OH"": ""hollow|A_A_A|FCC""}","UmVhY3Rpb246NDMxMjYw","BEEF-vdW","{""star"": 1, ""H2gas"": -0.5, ""H2Ogas"": 1.0}","{""OHstar"": 1}","111","Pd9Zn3","111",1.0338653728803138,,"Pd3Zn","Pd9Zn3"
"H2O(g) - 0.5H2(g) + * -> OH*","{""OH"": ""hollow|A_A_A|FCC""}","UmVhY3Rpb246NDMxMjY2","BEEF-vdW","{""star"": 1, ""H2gas"": -0.5, ""H2Ogas"": 1.0}","{""OHstar"": 1}","111","Au9Tc3","111",1.1740015507792805,,"Au3Tc","Au9Tc3"
"H2O(g) - 0.5H2(g) + * -> OH*","{""OH"": ""hollow|A_A_A|FCC""}","UmVhY3Rpb246NDMxMjc2","BEEF-vdW","{""star"": 1, ""H2gas"": -0.5, ""H2Ogas"": 1.0}","{""OHstar"": 1}","111","Au9Zn3","111",1.3782052993818752,,"Au3Zn","Au9Zn3"
"H2O(g) - 0.5H2(g) + * -> OH*","{""OH"": ""hollow|A_A_A|FCC""}","UmVhY3Rpb246NDMxMjgw","BEEF-vdW","{""star"": 1, ""H2gas"": -0.5, ""H2Ogas"": 1.0}","{""OHstar"": 1}","111","Ag9Tc3","111",0.5765621484796384,,"Ag3Tc","Ag9Tc3"
"H2O(g) - 0.5H2(g) + * -> OH*","{""OH"": ""hollow|A_A_A|FCC""}","UmVhY3Rpb246NDMxMjgy","BEEF-vdW","{""star"": 1, ""H2gas"": -0.5, ""H2Ogas"": 1.0}","{""OHstar"": 1}","111","Ag9Os3","111",0.6967168710806391,,"Ag3Os","Ag9Os3"
"H2O(g) - 0.5H2(g) + * -> OH*","{""OH"": ""hollow|A_A_A|FCC""}","UmVhY3Rpb246NDMxMjg0","BEEF-vdW","{""star"": 1, ""H2gas"": -0.5, ""H2Ogas"": 1.0}","{""OHstar"": 1}","111","Ag9Ir3","111",0.7691523504735187,,"Ag3Ir","Ag9Ir3"
"H2O(g) - 0.5H2(g) + * -> OH*","{""OH"": ""bridge|A_B|A""}","UmVhY3Rpb246NDMxMjg3","BEEF-vdW","{""star"": 1, ""H2gas"": -0.5, ""H2Ogas"": 1.0}","{""OHstar"": 1}","111","Ag9Zn3","111",0.21635322318331873,,"Ag3Zn","Ag9Zn3"
"H2O(g) - 0.5H2(g) + * -> OH*","{""OH"": ""bridge|A_B|A""}","UmVhY3Rpb246NDMxMjky","BEEF-vdW","{""star"": 1, ""H2gas"": -0.5, ""H2Ogas"": 1.0}","{""OHstar"": 1}","111","Cu9Tc3","111",-0.445430761715329,,"Cu3Tc","Cu9Tc3"
"H2O(g) - 0.5H2(g) + * -> OH*","{""OH"": ""hollow|A_A_A|FCC""}","UmVhY3Rpb246NDMxMzA3","BEEF-vdW","{""star"": 1, ""H2gas"": -0.5, ""H2Ogas"": 1.0}","{""OHstar"": 1}","111","Cu9Zn3","111",0.24031679238839843,,"Cu3Zn","Cu9Zn3"
"H2O(g) - 0.5H2(g) + * -> OH*","{""OH"": ""bridge|A_B|A""}","UmVhY3Rpb246NDMxMzE4","BEEF-vdW","{""star"": 1, ""H2gas"": -0.5, ""H2Ogas"": 1.0}","{""OHstar"": 1}","111","Re3Zn9","111",-0.11989349342468358,,"Zn3Re","Re3Zn9"
"H2O(g) - 0.5H2(g) + * -> OH*","{""OH"": ""hollow|A_A_A|FCC""}","UmVhY3Rpb246NDMxMzIy","BEEF-vdW","{""star"": 1, ""H2gas"": -0.5, ""H2Ogas"": 1.0}","{""OHstar"": 1}","111","Ru3Zn9","111",0.4215108668767016,,"Zn3Ru","Ru3Zn9"
"H2O(g) - 0.5H2(g) + * -> OH*","{""OH"": ""bridge|A_A|A""}","UmVhY3Rpb246NDMxMzI5","BEEF-vdW","{""star"": 1, ""H2gas"": -0.5, ""H2Ogas"": 1.0}","{""OHstar"": 1}","111","Pt3Zn9","111",0.16021586617432604,,"Zn3Pt","Pt3Zn9"
"H2O(g) - 0.5H2(g) + * -> OH*","{""OH"": ""bridge|A_A|B""}","UmVhY3Rpb246NDMxMzQ4","BEEF-vdW","{""star"": 1, ""H2gas"": -0.5, ""H2Ogas"": 1.0}","{""OHstar"": 1}","111","Bi3Zn9","111",-0.2904847881173964,,"Zn3Bi","Bi3Zn9"
"H2O(g) - 0.5H2(g) + * -> OH*","{""OH"": ""bridge-tilt|A_A|B""}","UmVhY3Rpb246NDMxMzUx","BEEF-vdW","{""star"": 1, ""H2gas"": -0.5, ""H2Ogas"": 1.0}","{""OHstar"": 1}","111","Bi9Tc3","111",0.5743022429786606,,"Bi3Tc","Bi9Tc3"
"H2O(g) - 0.5H2(g) + * -> OH*","{""OH"": ""bridge-tilt|A_A|A""}","UmVhY3Rpb246NDMxMzYx","BEEF-vdW","{""star"": 1, ""H2gas"": -0.5, ""H2Ogas"": 1.0}","{""OHstar"": 1}","111","Bi9Zn3","111",0.3654200411809825,,"Bi3Zn","Bi9Zn3"
"H2O(g) - 0.5H2(g) + * -> OH*","{""OHstar"": ""metal-site""}","UmVhY3Rpb246NDMxMzY2","BEEF-vdW","{""star"": 1, ""H2gas"": -0.5, ""H2Ogas"": 1.0}","{""OHstar"": 1}","001","Ni3C12H12N12","001",1.5714573505792941,,"Ni-HAB","Ni3C12H12N12"
"H2O(g) - 0.5H2(g) + * -> OH*","{""OH"": ""bridge|B_B|B""}","UmVhY3Rpb246NDMxMDI1","BEEF-vdW","{""star"": 1, ""H2gas"": -0.5, ""H2Ogas"": 1.0}","{""OHstar"": 1}","101","Cu6Tc6","101",-0.4966515659208426,,"CuTc","Cu6Tc6"
"H2O(g) - 0.5H2(g) + * -> OH*","{""OH"": ""bridge|A_A|B""}","UmVhY3Rpb246NDMxMDUx","BEEF-vdW","{""star"": 1, ""H2gas"": -0.5, ""H2Ogas"": 1.0}","{""OHstar"": 1}","111","Os9Rh3","111",0.13941004207742935,,"Os3Rh","Os9Rh3"
"H2O(g) - 0.5H2(g) + * -> OH*","{""OH"": ""bridge|A_A|B""}","UmVhY3Rpb246NDMxMDc5","BEEF-vdW","{""star"": 1, ""H2gas"": -0.5, ""H2Ogas"": 1.0}","{""OHstar"": 1}","111","Au3Os9","111",0.09272347077865106,,"Os3Au","Au3Os9"
"H2O(g) - 0.5H2(g) + * -> OH*","{""OH"": ""hollow|A_A_B|FCC""}","UmVhY3Rpb246NDMxMTI1","BEEF-vdW","{""star"": 1, ""H2gas"": -0.5, ""H2Ogas"": 1.0}","{""OHstar"": 1}","101","Ir6Ru6","101",0.5393524857798866,,"IrRu","Ir6Ru6"
"H2O(g) - 0.5H2(g) + * -> OH*","{""OH"": ""bridge|A_A|B""}","UmVhY3Rpb246NDMxMTU5","BEEF-vdW","{""star"": 1, ""H2gas"": -0.5, ""H2Ogas"": 1.0}","{""OHstar"": 1}","111","Ir9Pt3","111",0.40543029948173626,,"Ir3Pt","Ir9Pt3"
"H2O(g) - 0.5H2(g) + * -> OH*","{""OH"": ""bridge|A_A|B""}","UmVhY3Rpb246NDMxMjAz","BEEF-vdW","{""star"": 1, ""H2gas"": -0.5, ""H2Ogas"": 1.0}","{""OHstar"": 1}","111","Bi3Ir9","111",0.09220114828065107,,"Ir3Bi","Bi3Ir9"
"H2O(g) - 0.5H2(g) + * -> OH*","{""OH"": ""hollow|A_A_A|FCC""}","UmVhY3Rpb246NDMxMjEw","BEEF-vdW","{""star"": 1, ""H2gas"": -0.5, ""H2Ogas"": 1.0}","{""OHstar"": 1}","111","Rh9Tc3","111",0.7008555864784967,,"Rh3Tc","Rh9Tc3"
"H2O(g) - 0.5H2(g) + * -> OH*","{""OH"": ""hollow|A_A_A|FCC""}","UmVhY3Rpb246NDMxMjI0","BEEF-vdW","{""star"": 1, ""H2gas"": -0.5, ""H2Ogas"": 1.0}","{""OHstar"": 1}","111","Rh9Zn3","111",0.6481721703793255,,"Rh3Zn","Rh9Zn3"
"H2O(g) - 0.5H2(g) + * -> OH*","{""OH"": ""top|A""}","UmVhY3Rpb246NDMxMjI5","BEEF-vdW","{""star"": 1, ""H2gas"": -0.5, ""H2Ogas"": 1.0}","{""OHstar"": 1}","111","Pt9Tc3","111",0.8243668333788037,,"Pt3Tc","Pt9Tc3"
"H2O(g) - 0.5H2(g) + * -> OH*","{""OH"": ""hollow|A_A_B|FCC""}","UmVhY3Rpb246NDMxMjQy","BEEF-vdW","{""star"": 1, ""H2gas"": -0.5, ""H2Ogas"": 1.0}","{""OHstar"": 1}","111","Pt9Zn3","111",0.5403093740795839,,"Pt3Zn","Pt9Zn3"
"H2O(g) - 0.5H2(g) + * -> OH*","{""OH"": ""top|A""}","UmVhY3Rpb246NDMxMjUx","BEEF-vdW","{""star"": 1, ""H2gas"": -0.5, ""H2Ogas"": 1.0}","{""OHstar"": 1}","111","Pd9Tc3","111",0.9634193178798114,,"Pd3Tc","Pd9Tc3"
"H2O(g) - 0.5H2(g) + * -> OH*","{""OH"": ""hollow|A_A_B|FCC""}","UmVhY3Rpb246NDMxMjYx","BEEF-vdW","{""star"": 1, ""H2gas"": -0.5, ""H2Ogas"": 1.0}","{""OHstar"": 1}","111","Pd9Zn3","111",0.4859774923796749,,"Pd3Zn","Pd9Zn3"
"H2O(g) - 0.5H2(g) + * -> OH*","{""OH"": ""top|A""}","UmVhY3Rpb246NDMxMjY3","BEEF-vdW","{""star"": 1, ""H2gas"": -0.5, ""H2Ogas"": 1.0}","{""OHstar"": 1}","111","Au9Tc3","111",1.329529984080068,,"Au3Tc","Au9Tc3"
"H2O(g) - 0.5H2(g) + * -> OH*","{""OH"": ""top|A""}","UmVhY3Rpb246NDMxMjc3","BEEF-vdW","{""star"": 1, ""H2gas"": -0.5, ""H2Ogas"": 1.0}","{""OHstar"": 1}","111","Au9Zn3","111",1.3002833247782064,,"Au3Zn","Au9Zn3"
"H2O(g) - 0.5H2(g) + * -> OH*","{""OH"": ""top|B""}","UmVhY3Rpb246NDMxMjgx","BEEF-vdW","{""star"": 1, ""H2gas"": -0.5, ""H2Ogas"": 1.0}","{""OHstar"": 1}","111","Ag9Tc3","111",-0.8302231313165294,,"Ag3Tc","Ag9Tc3"
"H2O(g) - 0.5H2(g) + * -> OH*","{""OH"": ""top|B""}","UmVhY3Rpb246NDMxMjgz","BEEF-vdW","{""star"": 1, ""H2gas"": -0.5, ""H2Ogas"": 1.0}","{""OHstar"": 1}","111","Ag9Os3","111",-0.6007632729189254,,"Ag3Os","Ag9Os3"
"H2O(g) - 0.5H2(g) + * -> OH*","{""OH"": ""top|A""}","UmVhY3Rpb246NDMxMjg1","BEEF-vdW","{""star"": 1, ""H2gas"": -0.5, ""H2Ogas"": 1.0}","{""OHstar"": 1}","111","Ag9Ir3","111",1.333953058475231,,"Ag3Ir","Ag9Ir3"
"H2O(g) - 0.5H2(g) + * -> OH*","{""OH"": ""hollow|A_A_A|FCC""}","UmVhY3Rpb246NDMxMjg4","BEEF-vdW","{""star"": 1, ""H2gas"": -0.5, ""H2Ogas"": 1.0}","{""OHstar"": 1}","111","Ag9Zn3","111",0.6005755143822853,,"Ag3Zn","Ag9Zn3"
"H2O(g) - 0.5H2(g) + * -> OH*","{""OH"": ""hollow|A_A_A|FCC""}","UmVhY3Rpb246NDMxMjkz","BEEF-vdW","{""star"": 1, ""H2gas"": -0.5, ""H2Ogas"": 1.0}","{""OHstar"": 1}","111","Cu9Tc3","111",0.145371376082835,,"Cu3Tc","Cu9Tc3"
"H2O(g) - 0.5H2(g) + * -> OH*","{""OH"": ""hollow|A_A_B|FCC""}","UmVhY3Rpb246NDMxMzA4","BEEF-vdW","{""star"": 1, ""H2gas"": -0.5, ""H2Ogas"": 1.0}","{""OHstar"": 1}","111","Cu9Zn3","111",0.1391888135811996,,"Cu3Zn","Cu9Zn3"
"H2O(g) - 0.5H2(g) + * -> OH*","{""OH"": ""hollow|A_A_A|FCC""}","UmVhY3Rpb246NDMxMzE5","BEEF-vdW","{""star"": 1, ""H2gas"": -0.5, ""H2Ogas"": 1.0}","{""OHstar"": 1}","111","Re3Zn9","111",0.8005005448766269,,"Zn3Re","Re3Zn9"
"H2O(g) - 0.5H2(g) + * -> OH*","{""OH"": ""hollow|A_A_B|FCC""}","UmVhY3Rpb246NDMxMzIz","BEEF-vdW","{""star"": 1, ""H2gas"": -0.5, ""H2Ogas"": 1.0}","{""OHstar"": 1}","111","Ru3Zn9","111",0.14205077087979134,,"Zn3Ru","Ru3Zn9"
"H2O(g) - 0.5H2(g) + * -> OH*","{""OH"": ""bridge|A_A|B""}","UmVhY3Rpb246NDMxMzMw","BEEF-vdW","{""star"": 1, ""H2gas"": -0.5, ""H2Ogas"": 1.0}","{""OHstar"": 1}","111","Pt3Zn9","111",-0.037127212122072706,,"Zn3Pt","Pt3Zn9"
"H2O(g) - 0.5H2(g) + * -> OH*","{""OH"": ""hollow|A_A_A|FCC""}","UmVhY3Rpb246NDMxMzQ5","BEEF-vdW","{""star"": 1, ""H2gas"": -0.5, ""H2Ogas"": 1.0}","{""OHstar"": 1}","111","Bi3Zn9","111",-0.10525091171723489,,"Zn3Bi","Bi3Zn9"
"H2O(g) - 0.5H2(g) + * -> OH*","{""OH"": ""hollow|A_A_A|FCC""}","UmVhY3Rpb246NDMxMzUy","BEEF-vdW","{""star"": 1, ""H2gas"": -0.5, ""H2Ogas"": 1.0}","{""OHstar"": 1}","111","Bi9Tc3","111",0.7419583818781348,,"Bi3Tc","Bi9Tc3"
"H2O(g) - 0.5H2(g) + * -> OH*","{""OH"": ""hollow|A_A_A|FCC""}","UmVhY3Rpb246NDMxMzYy","BEEF-vdW","{""star"": 1, ""H2gas"": -0.5, ""H2Ogas"": 1.0}","{""OHstar"": 1}","111","Bi9Zn3","111",0.3284348724745314,,"Bi3Zn","Bi9Zn3"
"H2O(g) - 0.5H2(g) + * -> OH*","{""OHstar"": ""bridged-site""}","UmVhY3Rpb246NDMxMzY5","BEEF-vdW","{""star"": 1, ""H2gas"": -0.5, ""H2Ogas"": 1.0}","{""OHstar"": 1}","001","Ni3C12H12N12","001",0.6798237334151054,,"Ni-HAB","Ni3C12H12N12"
"H2O(g) - 0.5H2(g) + * -> OH*","{""OH"": ""bridge-tilt|A_B|B""}","UmVhY3Rpb246NDMxMDI2","BEEF-vdW","{""star"": 1, ""H2gas"": -0.5, ""H2Ogas"": 1.0}","{""OHstar"": 1}","101","Cu6Tc6","101",-0.35187992872226914,,"CuTc","Cu6Tc6"
"H2O(g) - 0.5H2(g) + * -> OH*","{""OH"": ""hollow|A_A_A|FCC""}","UmVhY3Rpb246NDMxMDUy","BEEF-vdW","{""star"": 1, ""H2gas"": -0.5, ""H2Ogas"": 1.0}","{""OHstar"": 1}","111","Os9Rh3","111",0.16492642887976672,,"Os3Rh","Os9Rh3"
"H2O(g) - 0.5H2(g) + * -> OH*","{""OH"": ""hollow|A_A_A|FCC""}","UmVhY3Rpb246NDMxMDgw","BEEF-vdW","{""star"": 1, ""H2gas"": -0.5, ""H2Ogas"": 1.0}","{""OHstar"": 1}","111","Au3Os9","111",0.22596754937774222,,"Os3Au","Au3Os9"
"H2O(g) - 0.5H2(g) + * -> OH*","{""OH"": ""hollow|A_B_B|FCC""}","UmVhY3Rpb246NDMxMTI2","BEEF-vdW","{""star"": 1, ""H2gas"": -0.5, ""H2Ogas"": 1.0}","{""OHstar"": 1}","101","Ir6Ru6","101",0.16537677727762912,,"IrRu","Ir6Ru6"
"H2O(g) - 0.5H2(g) + * -> OH*","{""OH"": ""hollow|A_A_A|FCC""}","UmVhY3Rpb246NDMxMTYw","BEEF-vdW","{""star"": 1, ""H2gas"": -0.5, ""H2Ogas"": 1.0}","{""OHstar"": 1}","111","Ir9Pt3","111",0.677033380478747,,"Ir3Pt","Ir9Pt3"
"H2O(g) - 0.5H2(g) + * -> OH*","{""OH"": ""hollow|A_A_A|FCC""}","UmVhY3Rpb246NDMxMjA0","BEEF-vdW","{""star"": 1, ""H2gas"": -0.5, ""H2Ogas"": 1.0}","{""OHstar"": 1}","111","Bi3Ir9","111",1.0607137569794531,,"Ir3Bi","Bi3Ir9"
"H2O(g) - 0.5H2(g) + * -> OH*","{""OH"": ""hollow|A_A_B|FCC""}","UmVhY3Rpb246NDMxMjEx","BEEF-vdW","{""star"": 1, ""H2gas"": -0.5, ""H2Ogas"": 1.0}","{""OHstar"": 1}","111","Rh9Tc3","111",-0.10234895362293628,,"Rh3Tc","Rh9Tc3"
"H2O(g) - 0.5H2(g) + * -> OH*","{""OH"": ""hollow|A_A_B|FCC""}","UmVhY3Rpb246NDMxMjI1","BEEF-vdW","{""star"": 1, ""H2gas"": -0.5, ""H2Ogas"": 1.0}","{""OHstar"": 1}","111","Rh9Zn3","111",0.33513036957890563,,"Rh3Zn","Rh9Zn3"
"H2O(g) - 0.5H2(g) + * -> OH*","{""OH"": ""top|B""}","UmVhY3Rpb246NDMxMjMw","BEEF-vdW","{""star"": 1, ""H2gas"": -0.5, ""H2Ogas"": 1.0}","{""OHstar"": 1}","111","Pt9Tc3","111",-0.3008150458218779,,"Pt3Tc","Pt9Tc3"
"H2O(g) - 0.5H2(g) + * -> OH*","{""OH"": ""top|A""}","UmVhY3Rpb246NDMxMjQz","BEEF-vdW","{""star"": 1, ""H2gas"": -0.5, ""H2Ogas"": 1.0}","{""OHstar"": 1}","111","Pt9Zn3","111",0.7679527364788328,,"Pt3Zn","Pt9Zn3"
"H2O(g) - 0.5H2(g) + * -> OH*","{""OH"": ""top|B""}","UmVhY3Rpb246NDMxMjUy","BEEF-vdW","{""star"": 1, ""H2gas"": -0.5, ""H2Ogas"": 1.0}","{""OHstar"": 1}","111","Pd9Tc3","111",-0.49290360592124216,,"Pd3Tc","Pd9Tc3"
"H2O(g) - 0.5H2(g) + * -> OH*","{""OH"": ""top|A""}","UmVhY3Rpb246NDMxMjYy","BEEF-vdW","{""star"": 1, ""H2gas"": -0.5, ""H2Ogas"": 1.0}","{""OHstar"": 1}","111","Pd9Zn3","111",0.9632307429754974,,"Pd3Zn","Pd9Zn3"
"H2O(g) - 0.5H2(g) + * -> OH*","{""OH"": ""top|B""}","UmVhY3Rpb246NDMxMjY4","BEEF-vdW","{""star"": 1, ""H2gas"": -0.5, ""H2Ogas"": 1.0}","{""OHstar"": 1}","111","Au9Tc3","111",-0.5578129607193887,,"Au3Tc","Au9Tc3"
"H2O(g) - 0.5H2(g) + * -> OH*","{""OH"": ""top|B""}","UmVhY3Rpb246NDMxMjc4","BEEF-vdW","{""star"": 1, ""H2gas"": -0.5, ""H2Ogas"": 1.0}","{""OHstar"": 1}","111","Au9Zn3","111",0.8982511828770612,,"Au3Zn","Au9Zn3"
"H2O(g) - 0.5H2(g) + * -> OH*","{""OH"": ""top|B""}","UmVhY3Rpb246NDMxMjg2","BEEF-vdW","{""star"": 1, ""H2gas"": -0.5, ""H2Ogas"": 1.0}","{""OHstar"": 1}","111","Ag9Ir3","111",0.0017770394741773998,,"Ag3Ir","Ag9Ir3"
"H2O(g) - 0.5H2(g) + * -> OH*","{""OH"": ""hollow|A_A_B|FCC""}","UmVhY3Rpb246NDMxMjg5","BEEF-vdW","{""star"": 1, ""H2gas"": -0.5, ""H2Ogas"": 1.0}","{""OHstar"": 1}","111","Ag9Zn3","111",0.18288907147950795,,"Ag3Zn","Ag9Zn3"
"H2O(g) - 0.5H2(g) + * -> OH*","{""OH"": ""hollow-tilt|A_A_B|FCC""}","UmVhY3Rpb246NDMxMjk0","BEEF-vdW","{""star"": 1, ""H2gas"": -0.5, ""H2Ogas"": 1.0}","{""OHstar"": 1}","111","Cu9Tc3","111",-0.32868263211560134,,"Cu3Tc","Cu9Tc3"
"H2O(g) - 0.5H2(g) + * -> OH*","{""OH"": ""top|A""}","UmVhY3Rpb246NDMxMzA5","BEEF-vdW","{""star"": 1, ""H2gas"": -0.5, ""H2Ogas"": 1.0}","{""OHstar"": 1}","111","Cu9Zn3","111",0.9449582986825362,,"Cu3Zn","Cu9Zn3"
"H2O(g) - 0.5H2(g) + * -> OH*","{""OH"": ""hollow|A_A_B|FCC""}","UmVhY3Rpb246NDMxMzIw","BEEF-vdW","{""star"": 1, ""H2gas"": -0.5, ""H2Ogas"": 1.0}","{""OHstar"": 1}","111","Re3Zn9","111",-0.05218041372711468,,"Zn3Re","Re3Zn9"
"H2O(g) - 0.5H2(g) + * -> OH*","{""OH"": ""top|B""}","UmVhY3Rpb246NDMxMzI0","BEEF-vdW","{""star"": 1, ""H2gas"": -0.5, ""H2Ogas"": 1.0}","{""OHstar"": 1}","111","Ru3Zn9","111",1.0068945377760201,,"Zn3Ru","Ru3Zn9"
"H2O(g) - 0.5H2(g) + * -> OH*","{""OH"": ""hollow|A_A_A|FCC""}","UmVhY3Rpb246NDMxMzMx","BEEF-vdW","{""star"": 1, ""H2gas"": -0.5, ""H2Ogas"": 1.0}","{""OHstar"": 1}","111","Pt3Zn9","111",0.12882032388449716,,"Zn3Pt","Pt3Zn9"
"H2O(g) - 0.5H2(g) + * -> OH*","{""OH"": ""top-tilt|A""}","UmVhY3Rpb246NDMxMzUw","BEEF-vdW","{""star"": 1, ""H2gas"": -0.5, ""H2Ogas"": 1.0}","{""OHstar"": 1}","101","Bi6Zn6","101",0.4229223212795432,,"BiZn","Bi6Zn6"
"H2O(g) - 0.5H2(g) + * -> OH*","{""OH"": ""top|B""}","UmVhY3Rpb246NDMxMzUz","BEEF-vdW","{""star"": 1, ""H2gas"": -0.5, ""H2Ogas"": 1.0}","{""OHstar"": 1}","111","Bi9Tc3","111",-0.20986575721974532,,"Bi3Tc","Bi9Tc3"
"H2O(g) - 0.5H2(g) + * -> OH*","{""OH"": ""hollow-tilt|A_A_B|HCP""}","UmVhY3Rpb246NDMxMzYz","BEEF-vdW","{""star"": 1, ""H2gas"": -0.5, ""H2Ogas"": 1.0}","{""OHstar"": 1}","111","Bi9Zn3","111",-0.010015149923788158,,"Bi3Zn","Bi9Zn3"
"H2O(g) - 0.5H2(g) + * -> OH*","{""OHstar"": ""bridged-site""}","UmVhY3Rpb246NDMxMzcy","BEEF-vdW","{""star"": 1, ""H2gas"": -0.5, ""H2Ogas"": 1.0}","{""OHstar"": 1}","001","Cu3C12H12N12","001",0.8294933581200894,,"Cu-HAB","Cu3C12H12N12"
"H2O(g) - 0.5H2(g) + * -> OH*","{""OH"": ""hollow|A_A_B|FCC""}","UmVhY3Rpb246NDMxMDI3","BEEF-vdW","{""star"": 1, ""H2gas"": -0.5, ""H2Ogas"": 1.0}","{""OHstar"": 1}","101","Cu6Tc6","101",0.33445430278231925,,"CuTc","Cu6Tc6"
"H2O(g) - 0.5H2(g) + * -> OH*","{""OH"": ""top|A""}","UmVhY3Rpb246NDMxMDUz","BEEF-vdW","{""star"": 1, ""H2gas"": -0.5, ""H2Ogas"": 1.0}","{""OHstar"": 1}","111","Os9Rh3","111",0.20265909427769202,,"Os3Rh","Os9Rh3"
"H2O(g) - 0.5H2(g) + * -> OH*","{""OH"": ""top|A""}","UmVhY3Rpb246NDMxMDgx","BEEF-vdW","{""star"": 1, ""H2gas"": -0.5, ""H2Ogas"": 1.0}","{""OHstar"": 1}","111","Au3Os9","111",0.1580887523786032,,"Os3Au","Au3Os9"
"H2O(g) - 0.5H2(g) + * -> OH*","{""OH"": ""top|A""}","UmVhY3Rpb246NDMxMTI3","BEEF-vdW","{""star"": 1, ""H2gas"": -0.5, ""H2Ogas"": 1.0}","{""OHstar"": 1}","101","Ir6Ru6","101",0.4341977663797252,,"IrRu","Ir6Ru6"
"H2O(g) - 0.5H2(g) + * -> OH*","{""OH"": ""top|A""}","UmVhY3Rpb246NDMxMTYx","BEEF-vdW","{""star"": 1, ""H2gas"": -0.5, ""H2Ogas"": 1.0}","{""OHstar"": 1}","111","Ir9Pt3","111",0.3504932365802915,,"Ir3Pt","Ir9Pt3"
"H2O(g) - 0.5H2(g) + * -> OH*","{""OH"": ""top|A""}","UmVhY3Rpb246NDMxMjA1","BEEF-vdW","{""star"": 1, ""H2gas"": -0.5, ""H2Ogas"": 1.0}","{""OHstar"": 1}","111","Bi3Ir9","111",0.16526126497853966,,"Ir3Bi","Bi3Ir9"
"H2O(g) - 0.5H2(g) + * -> OH*","{""OH"": ""top|A""}","UmVhY3Rpb246NDMxMjEy","BEEF-vdW","{""star"": 1, ""H2gas"": -0.5, ""H2Ogas"": 1.0}","{""OHstar"": 1}","111","Rh9Tc3","111",0.5212724259771448,,"Rh3Tc","Rh9Tc3"
"H2O(g) - 0.5H2(g) + * -> OH*","{""OH"": ""top|A""}","UmVhY3Rpb246NDMxMjI2","BEEF-vdW","{""star"": 1, ""H2gas"": -0.5, ""H2Ogas"": 1.0}","{""OHstar"": 1}","111","Rh9Zn3","111",0.5459599539798319,,"Rh3Zn","Rh9Zn3"
"H2O(g) - 0.5H2(g) + * -> OH*","{""OH"": ""bridge|A_A|A""}","UmVhY3Rpb246NDMxMjMx","BEEF-vdW","{""star"": 1, ""H2gas"": -0.5, ""H2Ogas"": 1.0}","{""OHstar"": 1}","111","Os3Pt9","111",1.0082666716742779,,"Pt3Os","Os3Pt9"
"H2O(g) - 0.5H2(g) + * -> OH*","{""OH"": ""top|B""}","UmVhY3Rpb246NDMxMjQ0","BEEF-vdW","{""star"": 1, ""H2gas"": -0.5, ""H2Ogas"": 1.0}","{""OHstar"": 1}","111","Pt9Zn3","111",1.2776361062759634,,"Pt3Zn","Pt9Zn3"
"H2O(g) - 0.5H2(g) + * -> OH*","{""OH"": ""bridge|A_A|A""}","UmVhY3Rpb246NDMxMjUz","BEEF-vdW","{""star"": 1, ""H2gas"": -0.5, ""H2Ogas"": 1.0}","{""OHstar"": 1}","111","Os3Pd9","111",0.8084922561764643,,"Pd3Os","Os3Pd9"
"H2O(g) - 0.5H2(g) + * -> OH*","{""OH"": ""top|B""}","UmVhY3Rpb246NDMxMjYz","BEEF-vdW","{""star"": 1, ""H2gas"": -0.5, ""H2Ogas"": 1.0}","{""OHstar"": 1}","111","Pd9Zn3","111",1.0479765162789363,,"Pd3Zn","Pd9Zn3"
"H2O(g) - 0.5H2(g) + * -> OH*","{""OH"": ""bridge|A_A|A""}","UmVhY3Rpb246NDMxMjY5","BEEF-vdW","{""star"": 1, ""H2gas"": -0.5, ""H2Ogas"": 1.0}","{""OHstar"": 1}","111","Au9Os3","111",1.1885088919779037,,"Au3Os","Au9Os3"
"H2O(g) - 0.5H2(g) + * -> OH*","{""OH"": ""bridge|B_B|A""}","UmVhY3Rpb246NDMxMjc5","BEEF-vdW","{""star"": 1, ""H2gas"": -0.5, ""H2Ogas"": 1.0}","{""OHstar"": 1}","101","Au6Zn6","101",0.018897081584213993,,"AuZn","Au6Zn6"
"H2O(g) - 0.5H2(g) + * -> OH*","{""OH"": ""top|B""}","UmVhY3Rpb246NDMxMjkw","BEEF-vdW","{""star"": 1, ""H2gas"": -0.5, ""H2Ogas"": 1.0}","{""OHstar"": 1}","111","Ag9Zn3","111",0.6107064485812543,,"Ag3Zn","Ag9Zn3"
"H2O(g) - 0.5H2(g) + * -> OH*","{""OH"": ""top|A""}","UmVhY3Rpb246NDMxMjk1","BEEF-vdW","{""star"": 1, ""H2gas"": -0.5, ""H2Ogas"": 1.0}","{""OHstar"": 1}","111","Cu9Tc3","111",0.6285043263823127,,"Cu3Tc","Cu9Tc3"
"H2O(g) - 0.5H2(g) + * -> OH*","{""OH"": ""top|B""}","UmVhY3Rpb246NDMxMzEw","BEEF-vdW","{""star"": 1, ""H2gas"": -0.5, ""H2Ogas"": 1.0}","{""OHstar"": 1}","111","Cu9Zn3","111",0.812577501285773,,"Cu3Zn","Cu9Zn3"
"H2O(g) - 0.5H2(g) + * -> OH*","{""OH"": ""top|B""}","UmVhY3Rpb246NDMxMzIx","BEEF-vdW","{""star"": 1, ""H2gas"": -0.5, ""H2Ogas"": 1.0}","{""OHstar"": 1}","111","Re3Zn9","111",-0.1518954414233349,,"Zn3Re","Re3Zn9"
"H2O(g) - 0.5H2(g) + * -> OH*","{""OH"": ""bridge|A_A|A""}","UmVhY3Rpb246NDMxMzI1","BEEF-vdW","{""star"": 1, ""H2gas"": -0.5, ""H2Ogas"": 1.0}","{""OHstar"": 1}","111","Rh3Zn9","111",0.22664701757901184,,"Zn3Rh","Rh3Zn9"
"H2O(g) - 0.5H2(g) + * -> OH*","{""OH"": ""top|B""}","UmVhY3Rpb246NDMxMzMy","BEEF-vdW","{""star"": 1, ""H2gas"": -0.5, ""H2Ogas"": 1.0}","{""OHstar"": 1}","111","Pt3Zn9","111",1.774845777578662,,"Zn3Pt","Pt3Zn9"
"H2O(g) - 0.5H2(g) + * -> OH*","{""OH"": ""bridge|A_A|B""}","UmVhY3Rpb246NDMxMzU0","BEEF-vdW","{""star"": 1, ""H2gas"": -0.5, ""H2Ogas"": 1.0}","{""OHstar"": 1}","111","Bi9Os3","111",0.5096715327789525,,"Bi3Os","Bi9Os3"
"H2O(g) - 0.5H2(g) + * -> OH*","{""OH"": ""top-tilt|A""}","UmVhY3Rpb246NDMxMzY0","BEEF-vdW","{""star"": 1, ""H2gas"": -0.5, ""H2Ogas"": 1.0}","{""OHstar"": 1}","111","Bi9Zn3","111",0.4833113209796238,,"Bi3Zn","Bi9Zn3"
"H2O(g) - 0.5H2(g) + * -> OH*","{""OH"": ""top|B""}","UmVhY3Rpb246NDMxMDU0","BEEF-vdW","{""star"": 1, ""H2gas"": -0.5, ""H2Ogas"": 1.0}","{""OHstar"": 1}","111","Os9Rh3","111",1.2980488618785557,,"Os3Rh","Os9Rh3"
"H2O(g) - 0.5H2(g) + * -> OH*","{""OH"": ""top-tilt|B""}","UmVhY3Rpb246NDMxMDgy","BEEF-vdW","{""star"": 1, ""H2gas"": -0.5, ""H2Ogas"": 1.0}","{""OHstar"": 1}","111","Au3Os9","111",1.3336472024792556,,"Os3Au","Au3Os9"
"H2O(g) - 0.5H2(g) + * -> OH*","{""OH"": ""top|B""}","UmVhY3Rpb246NDMxMTI4","BEEF-vdW","{""star"": 1, ""H2gas"": -0.5, ""H2Ogas"": 1.0}","{""OHstar"": 1}","101","Ir6Ru6","101",0.2699157030773449,,"IrRu","Ir6Ru6"
"H2O(g) - 0.5H2(g) + * -> OH*","{""OH"": ""top|B""}","UmVhY3Rpb246NDMxMTYy","BEEF-vdW","{""star"": 1, ""H2gas"": -0.5, ""H2Ogas"": 1.0}","{""OHstar"": 1}","111","Ir9Pt3","111",1.6321324095814589,,"Ir3Pt","Ir9Pt3"
"H2O(g) - 0.5H2(g) + * -> OH*","{""OH"": ""bridge|A_A|B""}","UmVhY3Rpb246NDMxMjA2","BEEF-vdW","{""star"": 1, ""H2gas"": -0.5, ""H2Ogas"": 1.0}","{""OHstar"": 1}","101","Bi6Ir6","101",0.7725141807794671,,"BiIr","Bi6Ir6"
"H2O(g) - 0.5H2(g) + * -> OH*","{""OH"": ""top|B""}","UmVhY3Rpb246NDMxMjEz","BEEF-vdW","{""star"": 1, ""H2gas"": -0.5, ""H2Ogas"": 1.0}","{""OHstar"": 1}","111","Rh9Tc3","111",0.09565617767736967,,"Rh3Tc","Rh9Tc3"
"H2O(g) - 0.5H2(g) + * -> OH*","{""OH"": ""top|B""}","UmVhY3Rpb246NDMxMjI3","BEEF-vdW","{""star"": 1, ""H2gas"": -0.5, ""H2Ogas"": 1.0}","{""OHstar"": 1}","111","Rh9Zn3","111",1.0882685484801868,,"Rh3Zn","Rh9Zn3"
"H2O(g) - 0.5H2(g) + * -> OH*","{""OH"": ""hollow|A_A_A|FCC""}","UmVhY3Rpb246NDMxMjMy","BEEF-vdW","{""star"": 1, ""H2gas"": -0.5, ""H2Ogas"": 1.0}","{""OHstar"": 1}","111","Os3Pt9","111",1.0217651507745131,,"Pt3Os","Os3Pt9"
"H2O(g) - 0.5H2(g) + * -> OH*","{""OH"": ""bridge|A_A|B""}","UmVhY3Rpb246NDMxMjQ1","BEEF-vdW","{""star"": 1, ""H2gas"": -0.5, ""H2Ogas"": 1.0}","{""OHstar"": 1}","101","Pt6Zn6","101",1.0413649663795468,,"PtZn","Pt6Zn6"
"H2O(g) - 0.5H2(g) + * -> OH*","{""OH"": ""hollow|A_A_A|FCC""}","UmVhY3Rpb246NDMxMjU0","BEEF-vdW","{""star"": 1, ""H2gas"": -0.5, ""H2Ogas"": 1.0}","{""OHstar"": 1}","111","Os3Pd9","111",0.7360567768781721,,"Pd3Os","Os3Pd9"
"H2O(g) - 0.5H2(g) + * -> OH*","{""OH"": ""bridge|B_B|A""}","UmVhY3Rpb246NDMxMjY0","BEEF-vdW","{""star"": 1, ""H2gas"": -0.5, ""H2Ogas"": 1.0}","{""OHstar"": 1}","101","Pd6Zn6","101",0.1345027410760622,,"PdZn","Pd6Zn6"
"H2O(g) - 0.5H2(g) + * -> OH*","{""OH"": ""hollow|A_A_A|FCC""}","UmVhY3Rpb246NDMxMjcw","BEEF-vdW","{""star"": 1, ""H2gas"": -0.5, ""H2Ogas"": 1.0}","{""OHstar"": 1}","111","Au9Os3","111",1.2353429489784276,,"Au3Os","Au9Os3"
"H2O(g) - 0.5H2(g) + * -> OH*","{""OH"": ""hollow|A_A_B|FCC""}","UmVhY3Rpb246NDMxMjkx","BEEF-vdW","{""star"": 1, ""H2gas"": -0.5, ""H2Ogas"": 1.0}","{""OHstar"": 1}","101","Ag6Zn6","101",0.2295574111820997,,"AgZn","Ag6Zn6"
"H2O(g) - 0.5H2(g) + * -> OH*","{""OH"": ""top|B""}","UmVhY3Rpb246NDMxMjk2","BEEF-vdW","{""star"": 1, ""H2gas"": -0.5, ""H2Ogas"": 1.0}","{""OHstar"": 1}","111","Cu9Tc3","111",-0.5928031268150562,,"Cu3Tc","Cu9Tc3"
"H2O(g) - 0.5H2(g) + * -> OH*","{""OH"": ""bridge|B_B|A""}","UmVhY3Rpb246NDMxMzEx","BEEF-vdW","{""star"": 1, ""H2gas"": -0.5, ""H2Ogas"": 1.0}","{""OHstar"": 1}","101","Cu6Zn6","101",0.20301515527251013,,"CuZn","Cu6Zn6"
"H2O(g) - 0.5H2(g) + * -> OH*","{""OH"": ""bridge|A_A|B""}","UmVhY3Rpb246NDMxMzI2","BEEF-vdW","{""star"": 1, ""H2gas"": -0.5, ""H2Ogas"": 1.0}","{""OHstar"": 1}","111","Rh3Zn9","111",-0.00025088902032166516,,"Zn3Rh","Rh3Zn9"
"H2O(g) - 0.5H2(g) + * -> OH*","{""OH"": ""bridge|A_A|A""}","UmVhY3Rpb246NDMxMzMz","BEEF-vdW","{""star"": 1, ""H2gas"": -0.5, ""H2Ogas"": 1.0}","{""OHstar"": 1}","111","Pd3Zn9","111",0.12734846018145163,,"Zn3Pd","Pd3Zn9"
"H2O(g) - 0.5H2(g) + * -> OH*","{""OH"": ""hollow|A_A_A|FCC""}","UmVhY3Rpb246NDMxMzU1","BEEF-vdW","{""star"": 1, ""H2gas"": -0.5, ""H2Ogas"": 1.0}","{""OHstar"": 1}","111","Bi9Os3","111",0.6273460737764935,,"Bi3Os","Bi9Os3"
"H2O(g) - 0.5H2(g) + * -> OH*","{""OH"": ""top-tilt|B""}","UmVhY3Rpb246NDMxMzY1","BEEF-vdW","{""star"": 1, ""H2gas"": -0.5, ""H2Ogas"": 1.0}","{""OHstar"": 1}","111","Bi9Zn3","111",0.10836607077806093,,"Bi3Zn","Bi9Zn3"
"H2O(g) - 0.5H2(g) + * -> OH*","{""OH"": ""bridge|A_A|B""}","UmVhY3Rpb246NDMxMDU1","BEEF-vdW","{""star"": 1, ""H2gas"": -0.5, ""H2Ogas"": 1.0}","{""OHstar"": 1}","101","Os6Rh6","101",-0.16411838681881363,,"OsRh","Os6Rh6"
"H2O(g) - 0.5H2(g) + * -> OH*","{""OH"": ""bridge|A_A|A""}","UmVhY3Rpb246NDMxMDgz","BEEF-vdW","{""star"": 1, ""H2gas"": -0.5, ""H2Ogas"": 1.0}","{""OHstar"": 1}","111","Ag3Os9","111",0.17667671267997775,,"Os3Ag","Ag3Os9"
"H2O(g) - 0.5H2(g) + * -> OH*","{""OH"": ""bridge|A_A|B""}","UmVhY3Rpb246NDMxMTYz","BEEF-vdW","{""star"": 1, ""H2gas"": -0.5, ""H2Ogas"": 1.0}","{""OHstar"": 1}","101","Ir6Pt6","101",0.360075045181361,,"IrPt","Ir6Pt6"
"H2O(g) - 0.5H2(g) + * -> OH*","{""OH"": ""hollow-tilt|A_A_B|FCC""}","UmVhY3Rpb246NDMxMjA3","BEEF-vdW","{""star"": 1, ""H2gas"": -0.5, ""H2Ogas"": 1.0}","{""OHstar"": 1}","101","Bi6Ir6","101",0.05942734937787009,,"BiIr","Bi6Ir6"
"H2O(g) - 0.5H2(g) + * -> OH*","{""OH"": ""hollow|A_A_A|FCC""}","UmVhY3Rpb246NDMxMjE0","BEEF-vdW","{""star"": 1, ""H2gas"": -0.5, ""H2Ogas"": 1.0}","{""OHstar"": 1}","111","Os3Rh9","111",0.5803842593785475,,"Rh3Os","Os3Rh9"
"H2O(g) - 0.5H2(g) + * -> OH*","{""OH"": ""hollow|A_A_B|FCC""}","UmVhY3Rpb246NDMxMjMz","BEEF-vdW","{""star"": 1, ""H2gas"": -0.5, ""H2Ogas"": 1.0}","{""OHstar"": 1}","111","Os3Pt9","111",1.098189138680823,,"Pt3Os","Os3Pt9"
"H2O(g) - 0.5H2(g) + * -> OH*","{""OH"": ""bridge|B_B|A""}","UmVhY3Rpb246NDMxMjQ2","BEEF-vdW","{""star"": 1, ""H2gas"": -0.5, ""H2Ogas"": 1.0}","{""OHstar"": 1}","101","Pt6Zn6","101",0.3787460001811951,,"PtZn","Pt6Zn6"
"H2O(g) - 0.5H2(g) + * -> OH*","{""OH"": ""top|B""}","UmVhY3Rpb246NDMxMjU1","BEEF-vdW","{""star"": 1, ""H2gas"": -0.5, ""H2Ogas"": 1.0}","{""OHstar"": 1}","111","Os3Pd9","111",-0.36434682432366117,,"Pd3Os","Os3Pd9"
"H2O(g) - 0.5H2(g) + * -> OH*","{""OH"": ""hollow-tilt|A_A_B|FCC""}","UmVhY3Rpb246NDMxMjY1","BEEF-vdW","{""star"": 1, ""H2gas"": -0.5, ""H2Ogas"": 1.0}","{""OHstar"": 1}","101","Pd6Zn6","101",0.48186666857952787,,"PdZn","Pd6Zn6"
"H2O(g) - 0.5H2(g) + * -> OH*","{""OH"": ""top|A""}","UmVhY3Rpb246NDMxMjcx","BEEF-vdW","{""star"": 1, ""H2gas"": -0.5, ""H2Ogas"": 1.0}","{""OHstar"": 1}","111","Au9Os3","111",1.3897037416799094,,"Au3Os","Au9Os3"
"H2O(g) - 0.5H2(g) + * -> OH*","{""OH"": ""bridge-tilt|A_B|A""}","UmVhY3Rpb246NDMxMjk3","BEEF-vdW","{""star"": 1, ""H2gas"": -0.5, ""H2Ogas"": 1.0}","{""OHstar"": 1}","111","Cu9Os3","111",-0.22786908092086833,,"Cu3Os","Cu9Os3"
"H2O(g) - 0.5H2(g) + * -> OH*","{""OH"": ""hollow|A_A_B|FCC""}","UmVhY3Rpb246NDMxMzEy","BEEF-vdW","{""star"": 1, ""H2gas"": -0.5, ""H2Ogas"": 1.0}","{""OHstar"": 1}","101","Cu6Zn6","101",0.2533158064733243,,"CuZn","Cu6Zn6"
"H2O(g) - 0.5H2(g) + * -> OH*","{""OH"": ""hollow|A_A_A|FCC""}","UmVhY3Rpb246NDMxMzI3","BEEF-vdW","{""star"": 1, ""H2gas"": -0.5, ""H2Ogas"": 1.0}","{""OHstar"": 1}","111","Rh3Zn9","111",0.23611440227693947,,"Zn3Rh","Rh3Zn9"
"H2O(g) - 0.5H2(g) + * -> OH*","{""OH"": ""bridge|A_A|B""}","UmVhY3Rpb246NDMxMzM0","BEEF-vdW","{""star"": 1, ""H2gas"": -0.5, ""H2Ogas"": 1.0}","{""OHstar"": 1}","111","Pd3Zn9","111",-0.0008604239220630916,,"Zn3Pd","Pd3Zn9"
"H2O(g) - 0.5H2(g) + * -> OH*","{""OH"": ""hollow|A_A_A|HCP""}","UmVhY3Rpb246NDMxMzU2","BEEF-vdW","{""star"": 1, ""H2gas"": -0.5, ""H2Ogas"": 1.0}","{""OHstar"": 1}","111","Bi9Os3","111",0.7822949045774976,,"Bi3Os","Bi9Os3"
"H2O(g) - 0.5H2(g) + * -> OH*","{""OH"": ""hollow|A_B_B|FCC""}","UmVhY3Rpb246NDMxMDU2","BEEF-vdW","{""star"": 1, ""H2gas"": -0.5, ""H2Ogas"": 1.0}","{""OHstar"": 1}","101","Os6Rh6","101",0.6083951136796486,,"OsRh","Os6Rh6"
"H2O(g) - 0.5H2(g) + * -> OH*","{""OH"": ""bridge|A_A|B""}","UmVhY3Rpb246NDMxMDg0","BEEF-vdW","{""star"": 1, ""H2gas"": -0.5, ""H2Ogas"": 1.0}","{""OHstar"": 1}","111","Ag3Os9","111",0.026227284183619304,,"Os3Ag","Ag3Os9"
"H2O(g) - 0.5H2(g) + * -> OH*","{""OH"": ""bridge|B_B|A""}","UmVhY3Rpb246NDMxMTY0","BEEF-vdW","{""star"": 1, ""H2gas"": -0.5, ""H2Ogas"": 1.0}","{""OHstar"": 1}","101","Ir6Pt6","101",0.9047247710813053,,"IrPt","Ir6Pt6"
"H2O(g) - 0.5H2(g) + * -> OH*","{""OH"": ""top-tilt|B""}","UmVhY3Rpb246NDMxMjA4","BEEF-vdW","{""star"": 1, ""H2gas"": -0.5, ""H2Ogas"": 1.0}","{""OHstar"": 1}","101","Bi6Ir6","101",0.02072976827992079,,"BiIr","Bi6Ir6"
"H2O(g) - 0.5H2(g) + * -> OH*","{""OH"": ""hollow|A_A_B|FCC""}","UmVhY3Rpb246NDMxMjE1","BEEF-vdW","{""star"": 1, ""H2gas"": -0.5, ""H2Ogas"": 1.0}","{""OHstar"": 1}","111","Os3Rh9","111",0.40417707927997526,,"Rh3Os","Os3Rh9"
"H2O(g) - 0.5H2(g) + * -> OH*","{""OH"": ""top|A""}","UmVhY3Rpb246NDMxMjM0","BEEF-vdW","{""star"": 1, ""H2gas"": -0.5, ""H2Ogas"": 1.0}","{""OHstar"": 1}","111","Os3Pt9","111",0.8577558815785551,,"Pt3Os","Os3Pt9"
"H2O(g) - 0.5H2(g) + * -> OH*","{""OH"": ""hollow|A_A_B|FCC""}","UmVhY3Rpb246NDMxMjQ3","BEEF-vdW","{""star"": 1, ""H2gas"": -0.5, ""H2Ogas"": 1.0}","{""OHstar"": 1}","101","Pt6Zn6","101",0.7633522439836042,,"PtZn","Pt6Zn6"
"H2O(g) - 0.5H2(g) + * -> OH*","{""OH"": ""top-tilt|A""}","UmVhY3Rpb246NDMxMjU2","BEEF-vdW","{""star"": 1, ""H2gas"": -0.5, ""H2Ogas"": 1.0}","{""OHstar"": 1}","111","Os3Pd9","111",0.9848224317764789,,"Pd3Os","Os3Pd9"
"H2O(g) - 0.5H2(g) + * -> OH*","{""OH"": ""top|B""}","UmVhY3Rpb246NDMxMjcy","BEEF-vdW","{""star"": 1, ""H2gas"": -0.5, ""H2Ogas"": 1.0}","{""OHstar"": 1}","111","Au9Os3","111",-0.377523664820842,,"Au3Os","Au9Os3"
"H2O(g) - 0.5H2(g) + * -> OH*","{""OH"": ""hollow|A_A_A|FCC""}","UmVhY3Rpb246NDMxMjk4","BEEF-vdW","{""star"": 1, ""H2gas"": -0.5, ""H2Ogas"": 1.0}","{""OHstar"": 1}","111","Cu9Os3","111",0.2565822609802808,,"Cu3Os","Cu9Os3"
"H2O(g) - 0.5H2(g) + * -> OH*","{""OH"": ""hollow|A_A_B|HCP""}","UmVhY3Rpb246NDMxMzEz","BEEF-vdW","{""star"": 1, ""H2gas"": -0.5, ""H2Ogas"": 1.0}","{""OHstar"": 1}","101","Cu6Zn6","101",0.2704068685678749,,"CuZn","Cu6Zn6"
"H2O(g) - 0.5H2(g) + * -> OH*","{""OH"": ""top|B""}","UmVhY3Rpb246NDMxMzI4","BEEF-vdW","{""star"": 1, ""H2gas"": -0.5, ""H2Ogas"": 1.0}","{""OHstar"": 1}","111","Rh3Zn9","111",1.4353013133776358,,"Zn3Rh","Rh3Zn9"
"H2O(g) - 0.5H2(g) + * -> OH*","{""OH"": ""hollow|A_A_A|FCC""}","UmVhY3Rpb246NDMxMzM1","BEEF-vdW","{""star"": 1, ""H2gas"": -0.5, ""H2Ogas"": 1.0}","{""OHstar"": 1}","111","Pd3Zn9","111",0.10773912058073165,,"Zn3Pd","Pd3Zn9"
"H2O(g) - 0.5H2(g) + * -> OH*","{""OH"": ""top|B""}","UmVhY3Rpb246NDMxMzU3","BEEF-vdW","{""star"": 1, ""H2gas"": -0.5, ""H2Ogas"": 1.0}","{""OHstar"": 1}","111","Bi9Os3","111",0.018691907677634845,,"Bi3Os","Bi9Os3"
"H2O(g) - 0.5H2(g) + * -> OH*","{""OH"": ""top|A""}","UmVhY3Rpb246NDMxMDU3","BEEF-vdW","{""star"": 1, ""H2gas"": -0.5, ""H2Ogas"": 1.0}","{""OHstar"": 1}","101","Os6Rh6","101",0.04339372168112732,,"OsRh","Os6Rh6"
"H2O(g) - 0.5H2(g) + * -> OH*","{""OH"": ""hollow|A_A_A|FCC""}","UmVhY3Rpb246NDMxMDg1","BEEF-vdW","{""star"": 1, ""H2gas"": -0.5, ""H2Ogas"": 1.0}","{""OHstar"": 1}","111","Ag3Os9","111",0.2795264917848499,,"Os3Ag","Ag3Os9"
"H2O(g) - 0.5H2(g) + * -> OH*","{""OH"": ""top|A""}","UmVhY3Rpb246NDMxMTY1","BEEF-vdW","{""star"": 1, ""H2gas"": -0.5, ""H2Ogas"": 1.0}","{""OHstar"": 1}","101","Ir6Pt6","101",0.30865287678250297,,"IrPt","Ir6Pt6"
"H2O(g) - 0.5H2(g) + * -> OH*","{""OH"": ""top|A""}","UmVhY3Rpb246NDMxMjE2","BEEF-vdW","{""star"": 1, ""H2gas"": -0.5, ""H2Ogas"": 1.0}","{""OHstar"": 1}","111","Os3Rh9","111",0.5876258889774135,,"Rh3Os","Os3Rh9"
"H2O(g) - 0.5H2(g) + * -> OH*","{""OH"": ""top|B""}","UmVhY3Rpb246NDMxMjM1","BEEF-vdW","{""star"": 1, ""H2gas"": -0.5, ""H2Ogas"": 1.0}","{""OHstar"": 1}","111","Os3Pt9","111",-0.1879984170255966,,"Pt3Os","Os3Pt9"
"H2O(g) - 0.5H2(g) + * -> OH*","{""OH"": ""hollow|A_B_B|FCC""}","UmVhY3Rpb246NDMxMjQ4","BEEF-vdW","{""star"": 1, ""H2gas"": -0.5, ""H2Ogas"": 1.0}","{""OHstar"": 1}","101","Pt6Zn6","101",0.287190305881154,,"PtZn","Pt6Zn6"
"H2O(g) - 0.5H2(g) + * -> OH*","{""OH"": ""hollow|A_A_A|FCC""}","UmVhY3Rpb246NDMxMjU3","BEEF-vdW","{""star"": 1, ""H2gas"": -0.5, ""H2Ogas"": 1.0}","{""OHstar"": 1}","111","Ir3Pd9","111",0.6823391921797111,,"Pd3Ir","Ir3Pd9"
"H2O(g) - 0.5H2(g) + * -> OH*","{""OH"": ""hollow|A_A_A|FCC""}","UmVhY3Rpb246NDMxMjcz","BEEF-vdW","{""star"": 1, ""H2gas"": -0.5, ""H2Ogas"": 1.0}","{""OHstar"": 1}","111","Au9Ir3","111",1.250842961377998,,"Au3Ir","Au9Ir3"
"H2O(g) - 0.5H2(g) + * -> OH*","{""OH"": ""top|A""}","UmVhY3Rpb246NDMxMjk5","BEEF-vdW","{""star"": 1, ""H2gas"": -0.5, ""H2Ogas"": 1.0}","{""OHstar"": 1}","111","Cu9Os3","111",0.7722949930802088,,"Cu3Os","Cu9Os3"
"H2O(g) - 0.5H2(g) + * -> OH*","{""OH"": ""hollow|A_B_B|FCC""}","UmVhY3Rpb246NDMxMzE0","BEEF-vdW","{""star"": 1, ""H2gas"": -0.5, ""H2Ogas"": 1.0}","{""OHstar"": 1}","101","Cu6Zn6","101",0.17417462587479804,,"CuZn","Cu6Zn6"
"H2O(g) - 0.5H2(g) + * -> OH*","{""OH"": ""top|B""}","UmVhY3Rpb246NDMxMzM2","BEEF-vdW","{""star"": 1, ""H2gas"": -0.5, ""H2Ogas"": 1.0}","{""OHstar"": 1}","111","Pd3Zn9","111",1.6157044889813506,,"Zn3Pd","Pd3Zn9"
"H2O(g) - 0.5H2(g) + * -> OH*","{""OH"": ""bridge|A_A|B""}","UmVhY3Rpb246NDMxMzU4","BEEF-vdW","{""star"": 1, ""H2gas"": -0.5, ""H2Ogas"": 1.0}","{""OHstar"": 1}","111","Bi9Ir3","111",0.5156710986783537,,"Bi3Ir","Bi9Ir3"
"H2O(g) - 0.5H2(g) + * -> OH*","{""OH"": ""top-tilt|B""}","UmVhY3Rpb246NDMxMDU4","BEEF-vdW","{""star"": 1, ""H2gas"": -0.5, ""H2Ogas"": 1.0}","{""OHstar"": 1}","101","Os6Rh6","101",0.678088093679321,,"OsRh","Os6Rh6"
"H2O(g) - 0.5H2(g) + * -> OH*","{""OH"": ""top|A""}","UmVhY3Rpb246NDMxMDg2","BEEF-vdW","{""star"": 1, ""H2gas"": -0.5, ""H2Ogas"": 1.0}","{""OHstar"": 1}","111","Ag3Os9","111",0.0804651505794709,,"Os3Ag","Ag3Os9"
"H2O(g) - 0.5H2(g) + * -> OH*","{""OH"": ""top|B""}","UmVhY3Rpb246NDMxMTY2","BEEF-vdW","{""star"": 1, ""H2gas"": -0.5, ""H2Ogas"": 1.0}","{""OHstar"": 1}","101","Ir6Pt6","101",0.7739016893800681,,"IrPt","Ir6Pt6"
"H2O(g) - 0.5H2(g) + * -> OH*","{""OH"": ""top|B""}","UmVhY3Rpb246NDMxMjE3","BEEF-vdW","{""star"": 1, ""H2gas"": -0.5, ""H2Ogas"": 1.0}","{""OHstar"": 1}","111","Os3Rh9","111",-0.13755735502047628,,"Rh3Os","Os3Rh9"
"H2O(g) - 0.5H2(g) + * -> OH*","{""OH"": ""bridge|A_A|A""}","UmVhY3Rpb246NDMxMjM2","BEEF-vdW","{""star"": 1, ""H2gas"": -0.5, ""H2Ogas"": 1.0}","{""OHstar"": 1}","111","Ir3Pt9","111",0.8595478872783815,,"Pt3Ir","Ir3Pt9"
"H2O(g) - 0.5H2(g) + * -> OH*","{""OH"": ""top|A""}","UmVhY3Rpb246NDMxMjQ5","BEEF-vdW","{""star"": 1, ""H2gas"": -0.5, ""H2Ogas"": 1.0}","{""OHstar"": 1}","101","Pt6Zn6","101",0.9484306073835569,,"PtZn","Pt6Zn6"
"H2O(g) - 0.5H2(g) + * -> OH*","{""OH"": ""hollow|A_A_B|FCC""}","UmVhY3Rpb246NDMxMjU4","BEEF-vdW","{""star"": 1, ""H2gas"": -0.5, ""H2Ogas"": 1.0}","{""OHstar"": 1}","111","Ir3Pd9","111",0.8816078840799264,,"Pd3Ir","Ir3Pd9"
"H2O(g) - 0.5H2(g) + * -> OH*","{""OH"": ""top|A""}","UmVhY3Rpb246NDMxMjc0","BEEF-vdW","{""star"": 1, ""H2gas"": -0.5, ""H2Ogas"": 1.0}","{""OHstar"": 1}","111","Au9Ir3","111",1.427203069478196,,"Au3Ir","Au9Ir3"
"H2O(g) - 0.5H2(g) + * -> OH*","{""OH"": ""top|B""}","UmVhY3Rpb246NDMxMzAw","BEEF-vdW","{""star"": 1, ""H2gas"": -0.5, ""H2Ogas"": 1.0}","{""OHstar"": 1}","111","Cu9Os3","111",0.04476952927950606,,"Cu3Os","Cu9Os3"
"H2O(g) - 0.5H2(g) + * -> OH*","{""OH"": ""hollow|A_B_B|HCP""}","UmVhY3Rpb246NDMxMzE1","BEEF-vdW","{""star"": 1, ""H2gas"": -0.5, ""H2Ogas"": 1.0}","{""OHstar"": 1}","101","Cu6Zn6","101",0.1557944244676719,,"CuZn","Cu6Zn6"
"H2O(g) - 0.5H2(g) + * -> OH*","{""OH"": ""bridge|A_A|A""}","UmVhY3Rpb246NDMxMzM3","BEEF-vdW","{""star"": 1, ""H2gas"": -0.5, ""H2Ogas"": 1.0}","{""OHstar"": 1}","111","Au3Zn9","111",0.088010186981478,,"Zn3Au","Au3Zn9"
"H2O(g) - 0.5H2(g) + * -> OH*","{""OH"": ""hollow|A_A_A|FCC""}","UmVhY3Rpb246NDMxMzU5","BEEF-vdW","{""star"": 1, ""H2gas"": -0.5, ""H2Ogas"": 1.0}","{""OHstar"": 1}","111","Bi9Ir3","111",0.4588103270806414,,"Bi3Ir","Bi9Ir3"
"H2O(g) - 0.5H2(g) + * -> OH*","{""OH"": ""top|B""}","UmVhY3Rpb246NDMxMDg3","BEEF-vdW","{""star"": 1, ""H2gas"": -0.5, ""H2Ogas"": 1.0}","{""OHstar"": 1}","111","Ag3Os9","111",1.919074819784214,,"Os3Ag","Ag3Os9"
"H2O(g) - 0.5H2(g) + * -> OH*","{""OH"": ""bridge|A_A|A""}","UmVhY3Rpb246NDMxMTY3","BEEF-vdW","{""star"": 1, ""H2gas"": -0.5, ""H2Ogas"": 1.0}","{""OHstar"": 1}","111","Ir9Pd3","111",0.3945902365784377,,"Ir3Pd","Ir9Pd3"
"H2O(g) - 0.5H2(g) + * -> OH*","{""OH"": ""bridge|A_A|B""}","UmVhY3Rpb246NDMxMjE4","BEEF-vdW","{""star"": 1, ""H2gas"": -0.5, ""H2Ogas"": 1.0}","{""OHstar"": 1}","111","Ir3Rh9","111",0.3669676887810738,,"Rh3Ir","Ir3Rh9"
"H2O(g) - 0.5H2(g) + * -> OH*","{""OH"": ""bridge|A_A|B""}","UmVhY3Rpb246NDMxMjM3","BEEF-vdW","{""star"": 1, ""H2gas"": -0.5, ""H2Ogas"": 1.0}","{""OHstar"": 1}","111","Ir3Pt9","111",0.9889346161770618,,"Pt3Ir","Ir3Pt9"
"H2O(g) - 0.5H2(g) + * -> OH*","{""OH"": ""top|B""}","UmVhY3Rpb246NDMxMjU5","BEEF-vdW","{""star"": 1, ""H2gas"": -0.5, ""H2Ogas"": 1.0}","{""OHstar"": 1}","111","Ir3Pd9","111",0.09926780857938411,,"Pd3Ir","Ir3Pd9"
"H2O(g) - 0.5H2(g) + * -> OH*","{""OH"": ""top|B""}","UmVhY3Rpb246NDMxMjc1","BEEF-vdW","{""star"": 1, ""H2gas"": -0.5, ""H2Ogas"": 1.0}","{""OHstar"": 1}","111","Au9Ir3","111",0.17687072977867047,,"Au3Ir","Au9Ir3"
"H2O(g) - 0.5H2(g) + * -> OH*","{""OH"": ""top-tilt|B""}","UmVhY3Rpb246NDMxMzAx","BEEF-vdW","{""star"": 1, ""H2gas"": -0.5, ""H2Ogas"": 1.0}","{""OHstar"": 1}","111","Cu9Os3","111",-0.12327464391557896,,"Cu3Os","Cu9Os3"
"H2O(g) - 0.5H2(g) + * -> OH*","{""OH"": ""top|A""}","UmVhY3Rpb246NDMxMzE2","BEEF-vdW","{""star"": 1, ""H2gas"": -0.5, ""H2Ogas"": 1.0}","{""OHstar"": 1}","101","Cu6Zn6","101",1.0681296753726883,,"CuZn","Cu6Zn6"
"H2O(g) - 0.5H2(g) + * -> OH*","{""OH"": ""bridge|A_A|B""}","UmVhY3Rpb246NDMxMzM4","BEEF-vdW","{""star"": 1, ""H2gas"": -0.5, ""H2Ogas"": 1.0}","{""OHstar"": 1}","111","Au3Zn9","111",-0.031302207319754416,,"Zn3Au","Au3Zn9"
"H2O(g) - 0.5H2(g) + * -> OH*","{""OH"": ""top|B""}","UmVhY3Rpb246NDMxMzYw","BEEF-vdW","{""star"": 1, ""H2gas"": -0.5, ""H2Ogas"": 1.0}","{""OHstar"": 1}","111","Bi9Ir3","111",0.6731945345790109,,"Bi3Ir","Bi9Ir3"
"H2O(g) - 0.5H2(g) + * -> OH*","{""OH"": ""bridge|B_B|A""}","UmVhY3Rpb246NDMxMDg4","BEEF-vdW","{""star"": 1, ""H2gas"": -0.5, ""H2Ogas"": 1.0}","{""OHstar"": 1}","101","Ag6Os6","101",0.5762916672800884,,"AgOs","Ag6Os6"
"H2O(g) - 0.5H2(g) + * -> OH*","{""OH"": ""bridge|A_A|B""}","UmVhY3Rpb246NDMxMTY4","BEEF-vdW","{""star"": 1, ""H2gas"": -0.5, ""H2Ogas"": 1.0}","{""OHstar"": 1}","111","Ir9Pd3","111",0.3206315999785829,,"Ir3Pd","Ir9Pd3"
"H2O(g) - 0.5H2(g) + * -> OH*","{""OH"": ""hollow|A_A_A|FCC""}","UmVhY3Rpb246NDMxMjE5","BEEF-vdW","{""star"": 1, ""H2gas"": -0.5, ""H2Ogas"": 1.0}","{""OHstar"": 1}","111","Ir3Rh9","111",0.32837500748144066,,"Rh3Ir","Ir3Rh9"
"H2O(g) - 0.5H2(g) + * -> OH*","{""OH"": ""hollow|A_A_A|FCC""}","UmVhY3Rpb246NDMxMjM4","BEEF-vdW","{""star"": 1, ""H2gas"": -0.5, ""H2Ogas"": 1.0}","{""OHstar"": 1}","111","Ir3Pt9","111",1.0530834127829394,,"Pt3Ir","Ir3Pt9"
"H2O(g) - 0.5H2(g) + * -> OH*","{""OH"": ""bridge|A_B|A""}","UmVhY3Rpb246NDMxMzAy","BEEF-vdW","{""star"": 1, ""H2gas"": -0.5, ""H2Ogas"": 1.0}","{""OHstar"": 1}","111","Cu9Ir3","111",0.22091289878596854,,"Cu3Ir","Cu9Ir3"
"H2O(g) - 0.5H2(g) + * -> OH*","{""OH"": ""top-tilt|B""}","UmVhY3Rpb246NDMxMzE3","BEEF-vdW","{""star"": 1, ""H2gas"": -0.5, ""H2Ogas"": 1.0}","{""OHstar"": 1}","101","Cu6Zn6","101",0.6048585861689162,,"CuZn","Cu6Zn6"
"H2O(g) - 0.5H2(g) + * -> OH*","{""OH"": ""hollow|A_A_A|FCC""}","UmVhY3Rpb246NDMxMzM5","BEEF-vdW","{""star"": 1, ""H2gas"": -0.5, ""H2Ogas"": 1.0}","{""OHstar"": 1}","111","Au3Zn9","111",0.04686562218273593,,"Zn3Au","Au3Zn9"
"H2O(g) - 0.5H2(g) + * -> OH*","{""OH"": ""top|B""}","UmVhY3Rpb246NDMxMDg5","BEEF-vdW","{""star"": 1, ""H2gas"": -0.5, ""H2Ogas"": 1.0}","{""OHstar"": 1}","101","Ag6Os6","101",0.9621939892866749,,"AgOs","Ag6Os6"
"H2O(g) - 0.5H2(g) + * -> OH*","{""OH"": ""hollow|A_A_A|FCC""}","UmVhY3Rpb246NDMxMTY5","BEEF-vdW","{""star"": 1, ""H2gas"": -0.5, ""H2Ogas"": 1.0}","{""OHstar"": 1}","111","Ir9Pd3","111",0.7582088841780887,,"Ir3Pd","Ir9Pd3"
"H2O(g) - 0.5H2(g) + * -> OH*","{""OH"": ""hollow|A_A_B|FCC""}","UmVhY3Rpb246NDMxMjIw","BEEF-vdW","{""star"": 1, ""H2gas"": -0.5, ""H2Ogas"": 1.0}","{""OHstar"": 1}","111","Ir3Rh9","111",0.38807188568250695,,"Rh3Ir","Ir3Rh9"
"H2O(g) - 0.5H2(g) + * -> OH*","{""OH"": ""top|A""}","UmVhY3Rpb246NDMxMjM5","BEEF-vdW","{""star"": 1, ""H2gas"": -0.5, ""H2Ogas"": 1.0}","{""OHstar"": 1}","111","Ir3Pt9","111",0.785605985777579,,"Pt3Ir","Ir3Pt9"
"H2O(g) - 0.5H2(g) + * -> OH*","{""OH"": ""hollow|A_A_A|FCC""}","UmVhY3Rpb246NDMxMzAz","BEEF-vdW","{""star"": 1, ""H2gas"": -0.5, ""H2Ogas"": 1.0}","{""OHstar"": 1}","111","Cu9Ir3","111",0.23898629178154351,,"Cu3Ir","Cu9Ir3"
"H2O(g) - 0.5H2(g) + * -> OH*","{""OH"": ""top|B""}","UmVhY3Rpb246NDMxMzQw","BEEF-vdW","{""star"": 1, ""H2gas"": -0.5, ""H2Ogas"": 1.0}","{""OHstar"": 1}","111","Au3Zn9","111",1.9202140242822452,,"Zn3Au","Au3Zn9"
"H2O(g) - 0.5H2(g) + * -> OH*","{""OH"": ""top-tilt|B""}","UmVhY3Rpb246NDMxMDkw","BEEF-vdW","{""star"": 1, ""H2gas"": -0.5, ""H2Ogas"": 1.0}","{""OHstar"": 1}","101","Ag6Os6","101",1.0010215047849442,,"AgOs","Ag6Os6"
"H2O(g) - 0.5H2(g) + * -> OH*","{""OH"": ""top|A""}","UmVhY3Rpb246NDMxMTcw","BEEF-vdW","{""star"": 1, ""H2gas"": -0.5, ""H2Ogas"": 1.0}","{""OHstar"": 1}","111","Ir9Pd3","111",0.2861096057794157,,"Ir3Pd","Ir9Pd3"
"H2O(g) - 0.5H2(g) + * -> OH*","{""OH"": ""top|B""}","UmVhY3Rpb246NDMxMjIx","BEEF-vdW","{""star"": 1, ""H2gas"": -0.5, ""H2Ogas"": 1.0}","{""OHstar"": 1}","111","Ir3Rh9","111",0.25224558278284803,,"Rh3Ir","Ir3Rh9"
"H2O(g) - 0.5H2(g) + * -> OH*","{""OH"": ""top|B""}","UmVhY3Rpb246NDMxMjQw","BEEF-vdW","{""star"": 1, ""H2gas"": -0.5, ""H2Ogas"": 1.0}","{""OHstar"": 1}","111","Ir3Pt9","111",0.27546151917783845,,"Pt3Ir","Ir3Pt9"
"H2O(g) - 0.5H2(g) + * -> OH*","{""OH"": ""hollow|A_A_B|FCC""}","UmVhY3Rpb246NDMxMzA0","BEEF-vdW","{""star"": 1, ""H2gas"": -0.5, ""H2Ogas"": 1.0}","{""OHstar"": 1}","111","Cu9Ir3","111",0.3849659782835033,,"Cu3Ir","Cu9Ir3"
"H2O(g) - 0.5H2(g) + * -> OH*","{""OH"": ""bridge|A_A|A""}","UmVhY3Rpb246NDMxMzQx","BEEF-vdW","{""star"": 1, ""H2gas"": -0.5, ""H2Ogas"": 1.0}","{""OHstar"": 1}","111","Ag3Zn9","111",0.10972786457284656,,"Zn3Ag","Ag3Zn9"
"H2O(g) - 0.5H2(g) + * -> OH*","{""OH"": ""bridge|A_A|A""}","UmVhY3Rpb246NDMxMDkx","BEEF-vdW","{""star"": 1, ""H2gas"": -0.5, ""H2Ogas"": 1.0}","{""OHstar"": 1}","111","Cu3Os9","111",-0.028753453024478404,,"Os3Cu","Cu3Os9"
"H2O(g) - 0.5H2(g) + * -> OH*","{""OH"": ""top|B""}","UmVhY3Rpb246NDMxMTcx","BEEF-vdW","{""star"": 1, ""H2gas"": -0.5, ""H2Ogas"": 1.0}","{""OHstar"": 1}","111","Ir9Pd3","111",1.6893428474803613,,"Ir3Pd","Ir9Pd3"
"H2O(g) - 0.5H2(g) + * -> OH*","{""OH"": ""top-tilt|A""}","UmVhY3Rpb246NDMxMjIy","BEEF-vdW","{""star"": 1, ""H2gas"": -0.5, ""H2Ogas"": 1.0}","{""OHstar"": 1}","111","Ir3Rh9","111",0.5191193252802577,,"Rh3Ir","Ir3Rh9"
"H2O(g) - 0.5H2(g) + * -> OH*","{""OH"": ""top|A""}","UmVhY3Rpb246NDMxMzA1","BEEF-vdW","{""star"": 1, ""H2gas"": -0.5, ""H2Ogas"": 1.0}","{""OHstar"": 1}","111","Cu9Ir3","111",0.8311212430825208,,"Cu3Ir","Cu9Ir3"
"H2O(g) - 0.5H2(g) + * -> OH*","{""OH"": ""bridge|A_A|B""}","UmVhY3Rpb246NDMxMzQy","BEEF-vdW","{""star"": 1, ""H2gas"": -0.5, ""H2Ogas"": 1.0}","{""OHstar"": 1}","111","Ag3Zn9","111",0.022996748678338008,,"Zn3Ag","Ag3Zn9"
"H2O(g) - 0.5H2(g) + * -> OH*","{""OH"": ""bridge|A_A|B""}","UmVhY3Rpb246NDMxMDky","BEEF-vdW","{""star"": 1, ""H2gas"": -0.5, ""H2Ogas"": 1.0}","{""OHstar"": 1}","111","Cu3Os9","111",0.08362847388059436,,"Os3Cu","Cu3Os9"
"H2O(g) - 0.5H2(g) + * -> OH*","{""OH"": ""bridge|A_A|B""}","UmVhY3Rpb246NDMxMTcy","BEEF-vdW","{""star"": 1, ""H2gas"": -0.5, ""H2Ogas"": 1.0}","{""OHstar"": 1}","101","Ir6Pd6","101",0.22116487618120573,,"IrPd","Ir6Pd6"
"H2O(g) - 0.5H2(g) + * -> OH*","{""OH"": ""top|B""}","UmVhY3Rpb246NDMxMzA2","BEEF-vdW","{""star"": 1, ""H2gas"": -0.5, ""H2Ogas"": 1.0}","{""OHstar"": 1}","111","Cu9Ir3","111",0.7672965340797191,,"Cu3Ir","Cu9Ir3"
"H2O(g) - 0.5H2(g) + * -> OH*","{""OH"": ""hollow|A_A_A|FCC""}","UmVhY3Rpb246NDMxMzQz","BEEF-vdW","{""star"": 1, ""H2gas"": -0.5, ""H2Ogas"": 1.0}","{""OHstar"": 1}","111","Ag3Zn9","111",0.12595714207861874,,"Zn3Ag","Ag3Zn9"
"H2O(g) - 0.5H2(g) + * -> OH*","{""OH"": ""hollow|A_A_A|FCC""}","UmVhY3Rpb246NDMxMDkz","BEEF-vdW","{""star"": 1, ""H2gas"": -0.5, ""H2Ogas"": 1.0}","{""OHstar"": 1}","111","Cu3Os9","111",0.1964583001798701,,"Os3Cu","Cu3Os9"
"H2O(g) - 0.5H2(g) + * -> OH*","{""OH"": ""hollow|A_B_B|FCC""}","UmVhY3Rpb246NDMxMTcz","BEEF-vdW","{""star"": 1, ""H2gas"": -0.5, ""H2Ogas"": 1.0}","{""OHstar"": 1}","101","Ir6Pd6","101",0.8242767636810413,,"IrPd","Ir6Pd6"
"H2O(g) - 0.5H2(g) + * -> OH*","{""OH"": ""top|B""}","UmVhY3Rpb246NDMxMzQ0","BEEF-vdW","{""star"": 1, ""H2gas"": -0.5, ""H2Ogas"": 1.0}","{""OHstar"": 1}","111","Ag3Zn9","111",1.592214806075276,,"Zn3Ag","Ag3Zn9"
"H2O(g) - 0.5H2(g) + * -> OH*","{""OH"": ""top|A""}","UmVhY3Rpb246NDMxMDk0","BEEF-vdW","{""star"": 1, ""H2gas"": -0.5, ""H2Ogas"": 1.0}","{""OHstar"": 1}","111","Cu3Os9","111",0.11873020667997025,,"Os3Cu","Cu3Os9"
"H2O(g) - 0.5H2(g) + * -> OH*","{""OH"": ""top|A""}","UmVhY3Rpb246NDMxMTc0","BEEF-vdW","{""star"": 1, ""H2gas"": -0.5, ""H2Ogas"": 1.0}","{""OHstar"": 1}","101","Ir6Pd6","101",0.2415399440805004,,"IrPd","Ir6Pd6"
"H2O(g) - 0.5H2(g) + * -> OH*","{""OH"": ""hollow|A_A_A|FCC""}","UmVhY3Rpb246NDMxMzQ1","BEEF-vdW","{""star"": 1, ""H2gas"": -0.5, ""H2Ogas"": 1.0}","{""OHstar"": 1}","111","Cu3Zn9","111",0.21331534438365907,,"Zn3Cu","Cu3Zn9"
"H2O(g) - 0.5H2(g) + * -> OH*","{""OH"": ""hollow|A_A_A|FCC""}","UmVhY3Rpb246MzM5MjY5","BEEF-vdW","{""star"": 1, ""H2gas"": -0.5, ""H2Ogas"": 1.0}","{""OHstar"": 1}","111","Ta12","111",-2.1272281646225792,,"Ta","Ta12"
"H2O(g) - 0.5H2(g) + * -> OH*","{""OH"": ""top|B""}","UmVhY3Rpb246NDMxMDk1","BEEF-vdW","{""star"": 1, ""H2gas"": -0.5, ""H2Ogas"": 1.0}","{""OHstar"": 1}","111","Cu3Os9","111",1.5096263511776442,,"Os3Cu","Cu3Os9"
"H2O(g) - 0.5H2(g) + * -> OH*","{""OH"": ""top-tilt|B""}","UmVhY3Rpb246NDMxMTc1","BEEF-vdW","{""star"": 1, ""H2gas"": -0.5, ""H2Ogas"": 1.0}","{""OHstar"": 1}","101","Ir6Pd6","101",0.9312218560816063,,"IrPd","Ir6Pd6"
"H2O(g) - 0.5H2(g) + * -> OH*","{""OH"": ""hollow|A_A_B|FCC""}","UmVhY3Rpb246NDMxMzQ2","BEEF-vdW","{""star"": 1, ""H2gas"": -0.5, ""H2Ogas"": 1.0}","{""OHstar"": 1}","111","Cu3Zn9","111",0.25425623198395897,,"Zn3Cu","Cu3Zn9"
"H2O(g) - 0.5H2(g) + * -> OH*","{""OH"": ""bridge|B_B|A""}","UmVhY3Rpb246NDMxMDk2","BEEF-vdW","{""star"": 1, ""H2gas"": -0.5, ""H2Ogas"": 1.0}","{""OHstar"": 1}","101","Cu6Os6","101",-0.1475738655163923,,"CuOs","Cu6Os6"
"H2O(g) - 0.5H2(g) + * -> OH*","{""OH"": ""bridge|A_A|A""}","UmVhY3Rpb246NDMxMTc2","BEEF-vdW","{""star"": 1, ""H2gas"": -0.5, ""H2Ogas"": 1.0}","{""OHstar"": 1}","111","Au3Ir9","111",0.5265572849792761,,"Ir3Au","Au3Ir9"
"H2O(g) - 0.5H2(g) + * -> OH*","{""OH"": ""top|B""}","UmVhY3Rpb246NDMxMzQ3","BEEF-vdW","{""star"": 1, ""H2gas"": -0.5, ""H2Ogas"": 1.0}","{""OHstar"": 1}","111","Cu3Zn9","111",1.1398654139746895,,"Zn3Cu","Cu3Zn9"
"H2O(g) - 0.5H2(g) + * -> OH*","{""OH"": ""hollow|A_A_B|FCC""}","UmVhY3Rpb246NDMxMDk3","BEEF-vdW","{""star"": 1, ""H2gas"": -0.5, ""H2Ogas"": 1.0}","{""OHstar"": 1}","101","Cu6Os6","101",0.7221635966824351,,"CuOs","Cu6Os6"
"H2O(g) - 0.5H2(g) + * -> OH*","{""OH"": ""bridge|A_A|B""}","UmVhY3Rpb246NDMxMTc3","BEEF-vdW","{""star"": 1, ""H2gas"": -0.5, ""H2Ogas"": 1.0}","{""OHstar"": 1}","111","Au3Ir9","111",0.37678324307933053,,"Ir3Au","Au3Ir9"
"H2O(g) - 0.5H2(g) + * -> OH*","{""OH"": ""hollow|A_A_A|HCP""}","UmVhY3Rpb246MzM5Mjcw","BEEF-vdW","{""star"": 1, ""H2gas"": -0.5, ""H2Ogas"": 1.0}","{""OHstar"": 1}","111","Ta12","111",-2.088587591321925,,"Ta","Ta12"
"H2O(g) - 0.5H2(g) + * -> OH*","{""OH"": ""hollow|A_B_B|FCC""}","UmVhY3Rpb246NDMxMDk4","BEEF-vdW","{""star"": 1, ""H2gas"": -0.5, ""H2Ogas"": 1.0}","{""OHstar"": 1}","101","Cu6Os6","101",0.36896051437804545,,"CuOs","Cu6Os6"
"H2O(g) - 0.5H2(g) + * -> OH*","{""OH"": ""hollow|A_A_A|FCC""}","UmVhY3Rpb246NDMxMTc4","BEEF-vdW","{""star"": 1, ""H2gas"": -0.5, ""H2Ogas"": 1.0}","{""OHstar"": 1}","111","Au3Ir9","111",0.9044428611786088,,"Ir3Au","Au3Ir9"
"H2O(g) - 0.5H2(g) + * -> OH*","{""OH"": ""top|B""}","UmVhY3Rpb246NDMxMDk5","BEEF-vdW","{""star"": 1, ""H2gas"": -0.5, ""H2Ogas"": 1.0}","{""OHstar"": 1}","101","Cu6Os6","101",0.16325102388225332,,"CuOs","Cu6Os6"
"H2O(g) - 0.5H2(g) + * -> OH*","{""OH"": ""top|A""}","UmVhY3Rpb246NDMxMTc5","BEEF-vdW","{""star"": 1, ""H2gas"": -0.5, ""H2Ogas"": 1.0}","{""OHstar"": 1}","111","Au3Ir9","111",0.36697775697837187,,"Ir3Au","Au3Ir9"
"H2O(g) - 0.5H2(g) + * -> OH*","{""OH"": ""hollow|A_A_A|HCP""}","UmVhY3Rpb246NDMwMTcy","BEEF-vdW","{""star"": 1, ""H2gas"": -0.5, ""H2Ogas"": 1.0}","{""OHstar"": 1}","111","Bi9Ir3","111",0.7871558101804794,,"Bi3Ir","Bi9Ir3"
"H2O(g) - 0.5H2(g) + * -> OH*","{""OH"": ""top-tilt|A""}","UmVhY3Rpb246NDMxMTAw","BEEF-vdW","{""star"": 1, ""H2gas"": -0.5, ""H2Ogas"": 1.0}","{""OHstar"": 1}","101","Cu6Os6","101",1.1137173148789543,,"CuOs","Cu6Os6"
"H2O(g) - 0.5H2(g) + * -> OH*","{""OH"": ""top|B""}","UmVhY3Rpb246NDMxMTgw","BEEF-vdW","{""star"": 1, ""H2gas"": -0.5, ""H2Ogas"": 1.0}","{""OHstar"": 1}","111","Au3Ir9","111",2.2328224839810673,,"Ir3Au","Au3Ir9"
"H2O(g) - 0.5H2(g) + * -> OH*","{""OH"": ""top-tilt|B""}","UmVhY3Rpb246NDMxMTAx","BEEF-vdW","{""star"": 1, ""H2gas"": -0.5, ""H2Ogas"": 1.0}","{""OHstar"": 1}","101","Cu6Os6","101",0.21778903188248933,,"CuOs","Cu6Os6"
"H2O(g) - 0.5H2(g) + * -> OH*","{""OH"": ""bridge|B_B|A""}","UmVhY3Rpb246NDMxMTgx","BEEF-vdW","{""star"": 1, ""H2gas"": -0.5, ""H2Ogas"": 1.0}","{""OHstar"": 1}","101","Au6Ir6","101",0.43120982038169586,,"AuIr","Au6Ir6"
"H2O(g) - 0.5H2(g) + * -> OH*","{""OH"": ""hollow|A_A_B|FCC""}","UmVhY3Rpb246NDMxMTgy","BEEF-vdW","{""star"": 1, ""H2gas"": -0.5, ""H2Ogas"": 1.0}","{""OHstar"": 1}","101","Au6Ir6","101",1.564003948079403,,"AuIr","Au6Ir6"
"H2O(g) - 0.5H2(g) + * -> OH*","{""OH"": ""top|B""}","UmVhY3Rpb246NDMxMTgz","BEEF-vdW","{""star"": 1, ""H2gas"": -0.5, ""H2Ogas"": 1.0}","{""OHstar"": 1}","101","Au6Ir6","101",0.5522452394806123,,"AuIr","Au6Ir6"
"H2O(g) - 0.5H2(g) + * -> OH*","{""OH"": ""bridge|A_A|A""}","UmVhY3Rpb246NDMxMTg0","BEEF-vdW","{""star"": 1, ""H2gas"": -0.5, ""H2Ogas"": 1.0}","{""OHstar"": 1}","111","Ag3Ir9","111",0.4672938841803216,,"Ir3Ag","Ag3Ir9"
"H2O(g) - 0.5H2(g) + * -> OH*","{""OH"": ""bridge|A_A|B""}","UmVhY3Rpb246NDMxMTg1","BEEF-vdW","{""star"": 1, ""H2gas"": -0.5, ""H2Ogas"": 1.0}","{""OHstar"": 1}","111","Ag3Ir9","111",0.29646816328465775,,"Ir3Ag","Ag3Ir9"
"H2O(g) - 0.5H2(g) + * -> OH*","{""OH"": ""hollow|A_A_A|FCC""}","UmVhY3Rpb246NDMxMTg2","BEEF-vdW","{""star"": 1, ""H2gas"": -0.5, ""H2Ogas"": 1.0}","{""OHstar"": 1}","111","Ag3Ir9","111",1.0256527051795956,,"Ir3Ag","Ag3Ir9"
"H2O(g) - 0.5H2(g) + * -> OH*","{""OH"": ""top|A""}","UmVhY3Rpb246NDMxMTg3","BEEF-vdW","{""star"": 1, ""H2gas"": -0.5, ""H2Ogas"": 1.0}","{""OHstar"": 1}","111","Ag3Ir9","111",0.2901937623799995,,"Ir3Ag","Ag3Ir9"
"H2O(g) - 0.5H2(g) + * -> OH*","{""OH"": ""top|B""}","UmVhY3Rpb246NDMxMTg4","BEEF-vdW","{""star"": 1, ""H2gas"": -0.5, ""H2Ogas"": 1.0}","{""OHstar"": 1}","111","Ag3Ir9","111",1.99393728248549,,"Ir3Ag","Ag3Ir9"
"H2O(g) - 0.5H2(g) + * -> OH*","{""OH"": ""bridge|B_B|A""}","UmVhY3Rpb246NDMxMTg5","BEEF-vdW","{""star"": 1, ""H2gas"": -0.5, ""H2Ogas"": 1.0}","{""OHstar"": 1}","101","Ag6Ir6","101",0.1676119203810913,,"AgIr","Ag6Ir6"
"H2O(g) - 0.5H2(g) + * -> OH*","{""OH"": ""top|A""}","UmVhY3Rpb246MzM5Mjcz","BEEF-vdW","{""star"": 1, ""H2gas"": -0.5, ""H2Ogas"": 1.0}","{""OHstar"": 1}","111","Ta12","111",-1.4112725730220745,,"Ta","Ta12"
"H2O(g) - 0.5H2(g) + * -> OH*","{""OH"": ""hollow|A_A_B|FCC""}","UmVhY3Rpb246NDMxMTkw","BEEF-vdW","{""star"": 1, ""H2gas"": -0.5, ""H2Ogas"": 1.0}","{""OHstar"": 1}","101","Ag6Ir6","101",0.932095613575143,,"AgIr","Ag6Ir6"
"H2O(g) - 0.5H2(g) + * -> OH*","{""OH"": ""top|B""}","UmVhY3Rpb246NDMxMTkx","BEEF-vdW","{""star"": 1, ""H2gas"": -0.5, ""H2Ogas"": 1.0}","{""OHstar"": 1}","101","Ag6Ir6","101",0.4570330154791691,,"AgIr","Ag6Ir6"
"H2O(g) - 0.5H2(g) + * -> OH*","{""OH"": ""hollow|A_A_A|HCP""}","UmVhY3Rpb246NDMwMTg0","BEEF-vdW","{""star"": 1, ""H2gas"": -0.5, ""H2Ogas"": 1.0}","{""OHstar"": 1}","111","Bi9Tc3","111",0.7389433604811302,,"Bi3Tc","Bi9Tc3"
"H2O(g) - 0.5H2(g) + * -> OH*","{""OH"": ""top-tilt|A""}","UmVhY3Rpb246NDMxMTky","BEEF-vdW","{""star"": 1, ""H2gas"": -0.5, ""H2Ogas"": 1.0}","{""OHstar"": 1}","101","Ag6Ir6","101",1.4484701265799913,,"AgIr","Ag6Ir6"
"H2O(g) - 0.5H2(g) + * -> OH*","{""OH"": ""bridge|A_A|A""}","UmVhY3Rpb246NDMxMTkz","BEEF-vdW","{""star"": 1, ""H2gas"": -0.5, ""H2Ogas"": 1.0}","{""OHstar"": 1}","111","Cu3Ir9","111",0.44496571918432437,,"Ir3Cu","Cu3Ir9"
"H2O(g) - 0.5H2(g) + * -> OH*","{""OH"": ""bridge|A_A|B""}","UmVhY3Rpb246NDMxMTk0","BEEF-vdW","{""star"": 1, ""H2gas"": -0.5, ""H2Ogas"": 1.0}","{""OHstar"": 1}","111","Cu3Ir9","111",0.2779822456840293,,"Ir3Cu","Cu3Ir9"
"H2O(g) - 0.5H2(g) + * -> OH*","{""OH"": ""hollow|A_A_A|FCC""}","UmVhY3Rpb246NDMxMTk1","BEEF-vdW","{""star"": 1, ""H2gas"": -0.5, ""H2Ogas"": 1.0}","{""OHstar"": 1}","111","Cu3Ir9","111",1.0933127226788883,,"Ir3Cu","Cu3Ir9"
"H2O(g) - 0.5H2(g) + * -> OH*","{""OH"": ""top|A""}","UmVhY3Rpb246NDMxMTk2","BEEF-vdW","{""star"": 1, ""H2gas"": -0.5, ""H2Ogas"": 1.0}","{""OHstar"": 1}","111","Cu3Ir9","111",0.36788988248451915,,"Ir3Cu","Cu3Ir9"
"H2O(g) - 0.5H2(g) + * -> OH*","{""OH"": ""hollow|A_A_A|HCP""}","UmVhY3Rpb246NDMwMTg5","BEEF-vdW","{""star"": 1, ""H2gas"": -0.5, ""H2Ogas"": 1.0}","{""OHstar"": 1}","111","Bi9Zn3","111",0.7304761301755889,,"Bi3Zn","Bi9Zn3"
"H2O(g) - 0.5H2(g) + * -> OH*","{""OH"": ""top|B""}","UmVhY3Rpb246NDMxMTk3","BEEF-vdW","{""star"": 1, ""H2gas"": -0.5, ""H2Ogas"": 1.0}","{""OHstar"": 1}","111","Cu3Ir9","111",1.4668699201837399,,"Ir3Cu","Cu3Ir9"
"H2O(g) - 0.5H2(g) + * -> OH*","{""OH"": ""bridge|B_B|A""}","UmVhY3Rpb246NDMxMTk4","BEEF-vdW","{""star"": 1, ""H2gas"": -0.5, ""H2Ogas"": 1.0}","{""OHstar"": 1}","101","Cu6Ir6","101",0.12973707538628787,,"CuIr","Cu6Ir6"
"H2O(g) - 0.5H2(g) + * -> OH*","{""OH"": ""hollow|A_A_B|FCC""}","UmVhY3Rpb246NDMxMTk5","BEEF-vdW","{""star"": 1, ""H2gas"": -0.5, ""H2Ogas"": 1.0}","{""OHstar"": 1}","101","Cu6Ir6","101",0.5398763048841602,,"CuIr","Cu6Ir6"
"H2O(g) - 0.5H2(g) + * -> OH*","{""OH"": ""top|A""}","UmVhY3Rpb246NDMxMjAw","BEEF-vdW","{""star"": 1, ""H2gas"": -0.5, ""H2Ogas"": 1.0}","{""OHstar"": 1}","101","Cu6Ir6","101",1.0291708649864404,,"CuIr","Cu6Ir6"
"H2O(g) - 0.5H2(g) + * -> OH*","{""OH"": ""top|B""}","UmVhY3Rpb246NDMxMjAx","BEEF-vdW","{""star"": 1, ""H2gas"": -0.5, ""H2Ogas"": 1.0}","{""OHstar"": 1}","101","Cu6Ir6","101",0.41470856508101406,,"CuIr","Cu6Ir6"
"H2O(g) - 0.5H2(g) + * -> OH*","{""OH"": ""bridge|B_B|A""}","UmVhY3Rpb246NDMwMTk1","BEEF-vdW","{""star"": 1, ""H2gas"": -0.5, ""H2Ogas"": 1.0}","{""OHstar"": 1}","101","Bi6Ir6","101",0.35092739427716424,,"BiIr","Bi6Ir6"
"H2O(g) - 0.5H2(g) + * -> OH*","{""OH"": ""bridge|A_A|B""}","UmVhY3Rpb246NDMwMjAw","BEEF-vdW","{""star"": 1, ""H2gas"": -0.5, ""H2Ogas"": 1.0}","{""OHstar"": 1}","101","Bi6Os6","101",0.9526871480783257,,"BiOs","Bi6Os6"
"H2O(g) - 0.5H2(g) + * -> OH*","{""OH"": ""top|A""}","UmVhY3Rpb246NDMwMjA0","BEEF-vdW","{""star"": 1, ""H2gas"": -0.5, ""H2Ogas"": 1.0}","{""OHstar"": 1}","101","Bi6Os6","101",0.8715569513777837,,"BiOs","Bi6Os6"
"H2O(g) - 0.5H2(g) + * -> OH*","{""OH"": ""bridge|A_A|B""}","UmVhY3Rpb246NDMwMjA2","BEEF-vdW","{""star"": 1, ""H2gas"": -0.5, ""H2Ogas"": 1.0}","{""OHstar"": 1}","101","Bi6Tc6","101",0.885057199081416,,"BiTc","Bi6Tc6"
"H2O(g) - 0.5H2(g) + * -> OH*","{""OH"": ""bridge|B_B|A""}","UmVhY3Rpb246NDMwMjA3","BEEF-vdW","{""star"": 1, ""H2gas"": -0.5, ""H2Ogas"": 1.0}","{""OHstar"": 1}","101","Bi6Tc6","101",-0.1892166707176557,,"BiTc","Bi6Tc6"
"H2O(g) - 0.5H2(g) + * -> OH*","{""OH"": ""top-tilt|A""}","UmVhY3Rpb246NDMwMjA4","BEEF-vdW","{""star"": 1, ""H2gas"": -0.5, ""H2Ogas"": 1.0}","{""OHstar"": 1}","101","Bi6Tc6","101",0.9151561189800077,,"BiTc","Bi6Tc6"
"H2O(g) - 0.5H2(g) + * -> OH*","{""OH"": ""top|B""}","UmVhY3Rpb246NDMwMjA5","BEEF-vdW","{""star"": 1, ""H2gas"": -0.5, ""H2Ogas"": 1.0}","{""OHstar"": 1}","101","Bi6Tc6","101",-0.2211206577186431,,"BiTc","Bi6Tc6"
"H2O(g) - 0.5H2(g) + * -> OH*","{""OH"": ""top|B""}","UmVhY3Rpb246NDMwMjE2","BEEF-vdW","{""star"": 1, ""H2gas"": -0.5, ""H2Ogas"": 1.0}","{""OHstar"": 1}","101","Bi6Zn6","101",0.23580065507564996,,"BiZn","Bi6Zn6"
"H2O(g) - 0.5H2(g) + * -> OH*","{""OH"": ""hollow|A_A_A|HCP""}","UmVhY3Rpb246NDMwMjE5","BEEF-vdW","{""star"": 1, ""H2gas"": -0.5, ""H2Ogas"": 1.0}","{""OHstar"": 1}","111","Cu9Ir3","111",0.7500778505826702,,"Cu3Ir","Cu9Ir3"
"H2O(g) - 0.5H2(g) + * -> OH*","{""OH"": ""hollow|A_A_B|HCP""}","UmVhY3Rpb246NDMwMjIx","BEEF-vdW","{""star"": 1, ""H2gas"": -0.5, ""H2Ogas"": 1.0}","{""OHstar"": 1}","111","Cu9Ir3","111",0.3211790930844245,,"Cu3Ir","Cu9Ir3"
"H2O(g) - 0.5H2(g) + * -> OH*","{""OH"": ""hollow|A_A_A|HCP""}","UmVhY3Rpb246NDMwMjI3","BEEF-vdW","{""star"": 1, ""H2gas"": -0.5, ""H2Ogas"": 1.0}","{""OHstar"": 1}","111","Cu9Os3","111",0.8501005029801263,,"Cu3Os","Cu9Os3"
"H2O(g) - 0.5H2(g) + * -> OH*","{""OH"": ""hollow|A_A_B|HCP""}","UmVhY3Rpb246NDMwMjI5","BEEF-vdW","{""star"": 1, ""H2gas"": -0.5, ""H2Ogas"": 1.0}","{""OHstar"": 1}","111","Cu9Os3","111",-0.09100194261839079,,"Cu3Os","Cu9Os3"
"H2O(g) - 0.5H2(g) + * -> OH*","{""OH"": ""hollow|A_A_A|HCP""}","UmVhY3Rpb246NDMwMjM0","BEEF-vdW","{""star"": 1, ""H2gas"": -0.5, ""H2Ogas"": 1.0}","{""OHstar"": 1}","111","Cu9Tc3","111",0.8278639043827525,,"Cu3Tc","Cu9Tc3"
"H2O(g) - 0.5H2(g) + * -> OH*","{""OH"": ""hollow|A_A_B|HCP""}","UmVhY3Rpb246NDMwMjM2","BEEF-vdW","{""star"": 1, ""H2gas"": -0.5, ""H2Ogas"": 1.0}","{""OHstar"": 1}","111","Cu9Tc3","111",-0.358037728819113,,"Cu3Tc","Cu9Tc3"
"H2O(g) - 0.5H2(g) + * -> OH*","{""OH"": ""hollow|A_A_A|HCP""}","UmVhY3Rpb246NDMwMjQw","BEEF-vdW","{""star"": 1, ""H2gas"": -0.5, ""H2Ogas"": 1.0}","{""OHstar"": 1}","111","Cu9Zn3","111",0.23420770068776164,,"Cu3Zn","Cu9Zn3"
"H2O(g) - 0.5H2(g) + * -> OH*","{""OH"": ""hollow|A_A_B|HCP""}","UmVhY3Rpb246NDMwMjQy","BEEF-vdW","{""star"": 1, ""H2gas"": -0.5, ""H2Ogas"": 1.0}","{""OHstar"": 1}","111","Cu9Zn3","111",0.1582633133920126,,"Cu3Zn","Cu9Zn3"
"H2O(g) + * -> OH* + 0.5H2(g)",,"UmVhY3Rpb246NDA2Nw==","RPBE","{""star"": 1, ""H2Ogas"": 1}","{""H2gas"": 0.5, ""OHstar"": 1}","110","Ir24H2O52","110",-0.0503252797425,,"IrO2-Rutile","Ir24H2O52"
"H2O(g) + * -> OH* + 0.5H2(g)",,"UmVhY3Rpb246ODI2OTE=","BEEF-vdW","{""star"": 1, ""H2Ogas"": 1}","{""H2gas"": 0.5, ""OHstar"": 1}","111","Ni36","111",0.138271352116,,"Ni","Ni36"
"H2O(g) + * -> OH* + 0.5H2(g)",,"UmVhY3Rpb246ODI2OTM=","BEEF-vdW","{""star"": 1, ""H2Ogas"": 1}","{""H2gas"": 0.5, ""OHstar"": 1}","111","Co12Pt4","111",-0.336005469941,,"Co3Pt","Co12Pt4"
"H2O(g) + * -> OH* + 0.5H2(g)",,"UmVhY3Rpb246ODI2OTQ=","BEEF-vdW","{""star"": 1, ""H2Ogas"": 1}","{""H2gas"": 0.5, ""OHstar"": 1}","111","Ir36","111",0.543498196133,,"Ir","Ir36"
"H2O(g) + * -> OH* + 0.5H2(g)",,"UmVhY3Rpb246ODI2OTU=","BEEF-vdW","{""star"": 1, ""H2Ogas"": 1}","{""H2gas"": 0.5, ""OHstar"": 1}","111","Pt36","111",0.976787461281,,"Pt","Pt36"
"H2O(g) + * -> OH* + 0.5H2(g)",,"UmVhY3Rpb246ODI2OTY=","BEEF-vdW","{""star"": 1, ""H2Ogas"": 1}","{""H2gas"": 0.5, ""OHstar"": 1}","111","Co36","111",-0.355936380889,,"Co","Co36"
"H2O(g) + * -> OH* + 0.5H2(g)",,"UmVhY3Rpb246ODI2OTc=","BEEF-vdW","{""star"": 1, ""H2Ogas"": 1}","{""H2gas"": 0.5, ""OHstar"": 1}","111","Rh36","111",0.243731115726,,"Rh","Rh36"
"H2O(g) + * -> OH* + 0.5H2(g)",,"UmVhY3Rpb246ODI2OTg=","BEEF-vdW","{""star"": 1, ""H2Ogas"": 1}","{""H2gas"": 0.5, ""OHstar"": 1}","111","Ag36","111",0.682900693151,,"Ag","Ag36"
"H2O(g) + * -> OH* + 0.5H2(g)",,"UmVhY3Rpb246ODI2OTk=","BEEF-vdW","{""star"": 1, ""H2Ogas"": 1}","{""H2gas"": 0.5, ""OHstar"": 1}","111","Co4Cu12","111",-0.109789946975,,"Cu3Co","Co4Cu12"
"H2O(g) + * -> OH* + 0.5H2(g)",,"UmVhY3Rpb246ODI3MDA=","BEEF-vdW","{""star"": 1, ""H2Ogas"": 1}","{""H2gas"": 0.5, ""OHstar"": 1}","111","Co8Fe8","111",-0.519597283448,,"CoFe","Co8Fe8"
"H2O(g) + * -> OH* + 0.5H2(g)",,"UmVhY3Rpb246ODI3MDE=","BEEF-vdW","{""star"": 1, ""H2Ogas"": 1}","{""H2gas"": 0.5, ""OHstar"": 1}","111","Co8Pt8","111",0.0623755338347,,"CoPt","Co8Pt8"
"H2O(g) + * -> OH* + 0.5H2(g)",,"UmVhY3Rpb246ODI3MDI=","BEEF-vdW","{""star"": 1, ""H2Ogas"": 1}","{""H2gas"": 0.5, ""OHstar"": 1}","111","Co12Cu4","111",-0.275594970619,,"Co3Cu","Co12Cu4"
"H2O(g) - 0.5H2(g) + * -> OH*","{""OH"": ""hollow|A_A_A|FCC""}","UmVhY3Rpb246NDMwMjY3","BEEF-vdW","{""star"": 1, ""H2gas"": -0.5, ""H2Ogas"": 1.0}","{""OHstar"": 1}","111","Fe12","111",-1.2233126601232698,,"Fe","Fe12"
"H2O(g) + * -> OH* + 0.5H2(g)",,"UmVhY3Rpb246ODI3MDM=","BEEF-vdW","{""star"": 1, ""H2Ogas"": 1}","{""H2gas"": 0.5, ""OHstar"": 1}","111","Co12Fe4","111",-0.302629005469,,"Co3Fe","Co12Fe4"
"H2O(g) + * -> OH* + 0.5H2(g)",,"UmVhY3Rpb246ODI3MDQ=","BEEF-vdW","{""star"": 1, ""H2Ogas"": 1}","{""H2gas"": 0.5, ""OHstar"": 1}","111","Cu36","111",0.3276247002,,"Cu","Cu36"
"H2O(g) + * -> OH* + 0.5H2(g)",,"UmVhY3Rpb246ODI3MDU=","BEEF-vdW","{""star"": 1, ""H2Ogas"": 1}","{""H2gas"": 0.5, ""OHstar"": 1}","111","Cu12Ni4","111",0.190025705757,,"Cu3Ni","Cu12Ni4"
"H2O(g) + * -> OH* + 0.5H2(g)",,"UmVhY3Rpb246ODI3MDY=","BEEF-vdW","{""star"": 1, ""H2Ogas"": 1}","{""H2gas"": 0.5, ""OHstar"": 1}","111","Cu12Fe4","111",-0.230817343981,,"Cu3Fe","Cu12Fe4"
"H2O(g) + 2* -> OH* + H*",,"UmVhY3Rpb246NDA5MA==","BEEF-vdW","{""star"": 2, ""H2Ogas"": 1}","{""Hstar"": 1, ""OHstar"": 1}","211","Rh18","211",-0.750990417058,0.564845563364,"Rh","Rh18"
"H2O(g) - 0.5H2(g) + * -> OH*","{""OH"": ""hollow|A_A_A|HCP""}","UmVhY3Rpb246NDMwMjcx","BEEF-vdW","{""star"": 1, ""H2gas"": -0.5, ""H2Ogas"": 1.0}","{""OHstar"": 1}","111","Ag3Ir9","111",0.4875162961806154,,"Ir3Ag","Ag3Ir9"
"H2O(g) - 0.5H2(g) + * -> OH*","{""OH"": ""hollow|A_A_A|FCC""}","UmVhY3Rpb246MzM5MzA1","BEEF-vdW","{""star"": 1, ""H2gas"": -0.5, ""H2Ogas"": 1.0}","{""OHstar"": 1}","111","Zr12","111",-2.4462944297202966,,"Zr","Zr12"
"H2O(g) - 0.5H2(g) + * -> OH*","{""OH"": ""hollow|A_A_A|HCP""}","UmVhY3Rpb246NDMwMjc2","BEEF-vdW","{""star"": 1, ""H2gas"": -0.5, ""H2Ogas"": 1.0}","{""OHstar"": 1}","111","Au3Ir9","111",0.6034675402814855,,"Ir3Au","Au3Ir9"
"H2O(g) - 0.5H2(g) + * -> OH*","{""OH"": ""hollow|A_A_A|HCP""}","UmVhY3Rpb246MzM5MzA2","BEEF-vdW","{""star"": 1, ""H2gas"": -0.5, ""H2Ogas"": 1.0}","{""OHstar"": 1}","111","Zr12","111",-2.324851248017808,,"Zr","Zr12"
"H2O(g) - 0.5H2(g) + * -> OH*","{""OH"": ""top|A""}","UmVhY3Rpb246MzM5MzA5","BEEF-vdW","{""star"": 1, ""H2gas"": -0.5, ""H2Ogas"": 1.0}","{""OHstar"": 1}","111","Zr12","111",-1.348045017818663,,"Zr","Zr12"
"H2O(g) - 0.5H2(g) + * -> OH*","{""OH"": ""hollow|A_A_A|HCP""}","UmVhY3Rpb246NDMwMjgx","BEEF-vdW","{""star"": 1, ""H2gas"": -0.5, ""H2Ogas"": 1.0}","{""OHstar"": 1}","111","Bi3Ir9","111",0.5651567689791364,,"Ir3Bi","Bi3Ir9"
"H2O(g) - 0.5H2(g) + * -> OH*","{""OH"": ""hollow|A_A_A|HCP""}","UmVhY3Rpb246NDMwMjkw","BEEF-vdW","{""star"": 1, ""H2gas"": -0.5, ""H2Ogas"": 1.0}","{""OHstar"": 1}","111","Cu3Ir9","111",0.4957112764794829,,"Ir3Cu","Cu3Ir9"
"H2O(g) - 0.5H2(g) + * -> OH*",,"UmVhY3Rpb246NDE2Mw==","BEEF-vdW","{""star"": 1, ""H2gas"": -0.5, ""H2Ogas"": 1}","{""OHstar"": 1}","100","Fe20HP10","100",-1.07001662736,,"Fe2P","Fe20HP10"
"H2O(g) - 0.5H2(g) + * -> OH*","{""OH"": ""hollow|A_A_A|HCP""}","UmVhY3Rpb246NDMwMjk3","BEEF-vdW","{""star"": 1, ""H2gas"": -0.5, ""H2Ogas"": 1.0}","{""OHstar"": 1}","111","Ir9Pd3","111",0.5962089035791678,,"Ir3Pd","Ir9Pd3"
"CH3O* + H* -> CH3* + OH*",,"UmVhY3Rpb246ODI4MDU=","BEEF-vdW","{""Hstar"": 1, ""CH3Ostar"": 1}","{""OHstar"": 1, ""CH3star"": 1}","111","Ag36","111",0.0348758117907,1.01191889166,"Ag","Ag36"
"H2O(g) + 2.0* -> OH* + H*",,"UmVhY3Rpb246ODI4MDg=","BEEF-vdW","{""star"": 2.0, ""H2Ogas"": 1}","{""Hstar"": 1, ""OHstar"": 1}","111","Ir36","111",0.301264386871,0.712869375475,"Ir","Ir36"
"CHOH* + * -> CH* + OH*",,"UmVhY3Rpb246ODI4MjU=","BEEF-vdW","{""star"": 1, ""CHOHstar"": 1}","{""CHstar"": 1, ""OHstar"": 1}","111","Pd36","111",0.2931777755,1.26775441543,"Pd","Pd36"
"CHOH* + * -> CH* + OH*",,"UmVhY3Rpb246ODI4MjY=","BEEF-vdW","{""star"": 1, ""CHOHstar"": 1}","{""CHstar"": 1, ""OHstar"": 1}","111","Ir36","111",-0.25799263829,0.534350648504,"Ir","Ir36"
"CHOH* + * -> CH* + OH*",,"UmVhY3Rpb246ODI4Mjc=","BEEF-vdW","{""star"": 1, ""CHOHstar"": 1}","{""CHstar"": 1, ""OHstar"": 1}","111","Pt36","111",0.608222143812,1.33159137236,"Pt","Pt36"
"CHOH* + * -> CH* + OH*",,"UmVhY3Rpb246ODI4Mjg=","BEEF-vdW","{""star"": 1, ""CHOHstar"": 1}","{""CHstar"": 1, ""OHstar"": 1}","111","Rh36","111",-0.47260447836,0.744287300491,"Rh","Rh36"
"CHOH* + * -> CH* + OH*",,"UmVhY3Rpb246ODI4Mjk=","BEEF-vdW","{""star"": 1, ""CHOHstar"": 1}","{""CHstar"": 1, ""OHstar"": 1}","111","Ag36","111",1.40617070382,1.83905662822,"Ag","Ag36"
"CHOH* + * -> CH* + OH*",,"UmVhY3Rpb246ODI4MzA=","BEEF-vdW","{""star"": 1, ""CHOHstar"": 1}","{""CHstar"": 1, ""OHstar"": 1}","111","Cu36","111",0.3749426133,1.16990050606,"Cu","Cu36"
"H2O(g) - 0.5H2(g) + * -> OH*","{""OH"": ""hollow|A_A_A|HCP""}","UmVhY3Rpb246NDMwMzA0","BEEF-vdW","{""star"": 1, ""H2gas"": -0.5, ""H2Ogas"": 1.0}","{""OHstar"": 1}","111","Ir9Pt3","111",0.7235814457789047,,"Ir3Pt","Ir9Pt3"
"H2O(g) - 0.5H2(g) + * -> OH*","{""OH"": ""hollow|A_A_A|HCP""}","UmVhY3Rpb246NDMwMzEw","BEEF-vdW","{""star"": 1, ""H2gas"": -0.5, ""H2Ogas"": 1.0}","{""OHstar"": 1}","111","Ir9Re3","111",1.0757179779801618,,"Ir3Re","Ir9Re3"
"H2O(g) - 0.5H2(g) + * -> OH*",,"UmVhY3Rpb246NDE4MQ==","BEEF-vdW","{""star"": 1, ""H2gas"": -0.5, ""H2Ogas"": 1}","{""OHstar"": 1}","0H","Mo16P16","0H",-0.874028531318,,"MoP","Mo16P16"
"H2O(g) - 0.5H2(g) + * -> OH*",,"UmVhY3Rpb246NDE4Mg==","BEEF-vdW","{""star"": 1, ""H2gas"": -0.5, ""H2Ogas"": 1}","{""OHstar"": 1}","0.25H","Mo16HP16","0.25H",-0.857539384378,,"MoP","Mo16HP16"
"H2O(g) - 0.5H2(g) + * -> OH*","{""OH"": ""hollow|A_A_A|HCP""}","UmVhY3Rpb246NDMwMzE1","BEEF-vdW","{""star"": 1, ""H2gas"": -0.5, ""H2Ogas"": 1.0}","{""OHstar"": 1}","111","Ir9Rh3","111",0.713217173980297,,"Ir3Rh","Ir9Rh3"
"H2O(g) - 0.5H2(g) + * -> OH*","{""OH"": ""hollow|A_A_A|HCP""}","UmVhY3Rpb246NDMwMzIy","BEEF-vdW","{""star"": 1, ""H2gas"": -0.5, ""H2Ogas"": 1.0}","{""OHstar"": 1}","111","Ir9Ru3","111",0.8271516463800026,,"Ir3Ru","Ir9Ru3"
"H2O(g) - 0.5H2(g) + * -> OH*","{""OH"": ""hollow|A_A_B|HCP""}","UmVhY3Rpb246NDMwMzI0","BEEF-vdW","{""star"": 1, ""H2gas"": -0.5, ""H2Ogas"": 1.0}","{""OHstar"": 1}","111","Ir9Ru3","111",0.6030272600809212,,"Ir3Ru","Ir9Ru3"
"H2O(g) + * -> OH* + 0.5H2(g)",,"UmVhY3Rpb246NDA2NA==","RPBE","{""star"": 1, ""H2Ogas"": 1}","{""H2gas"": 0.5, ""OHstar"": 1}","2ML","Ir16Sr8H3O43","2ML",0.212888066853,,"IrO2-Anatase-SrIrO3","Ir16Sr8H3O43"
"H2O(g) - 0.5H2(g) + * -> OH*",,"UmVhY3Rpb246NDE4Mw==","BEEF-vdW","{""star"": 1, ""H2gas"": -0.5, ""H2Ogas"": 1}","{""OHstar"": 1}","0.5H","Mo16H2P16","0.5H",-0.547261226209,,"MoP","Mo16H2P16"
"0.5H2(g) + O* -> OH*",,"UmVhY3Rpb246NDE1Nw==","BEEF-vdW","{""H2gas"": 0.5, ""Ostar"": 1}","{""OHstar"": 1}","101","Co24H2P12","101",-0.487297673881,,"Co2P","Co24H2P12"
"H2O(g) - 0.5H2(g) + * -> OH*",,"UmVhY3Rpb246NDEzNQ==","RPBE","{""star"": 1, ""H2gas"": -0.5, ""H2Ogas"": 1.0}","{""OHstar"": 1}","110","Ir16H8O37","110",-0.291908636496,,"IrO2","Ir16H8O37"
"H2O(g) + * -> OH* + 0.5H2(g)",,"UmVhY3Rpb246NDA2OQ==","RPBE","{""star"": 1, ""H2Ogas"": 1}","{""H2gas"": 0.5, ""OHstar"": 1}","001","Ir16Sr16O51","001",0.183980460119,,"SrIrO3","Ir16Sr16O51"
"H2O(g) + * -> OH* + 0.5H2(g)",,"UmVhY3Rpb246NDA2OA==","RPBE","{""star"": 1, ""H2Ogas"": 1}","{""H2gas"": 0.5, ""OHstar"": 1}","2ML","Ir16Sr8O51","2ML",1.09222064135,,"IrO3-SrIrO3","Ir16Sr8O51"
"COH* + * -> OH* + C*",,"UmVhY3Rpb246NDExOA==","BEEF-vdW","{""star"": 1, ""COHstar"": 1}","{""Cstar"": 1, ""OHstar"": 1}","211","Rh18","211",-0.593560445472,0.683764009998,"Rh","Rh18"
"H2O(g) - 0.5H2(g) + * -> OH*","{""OH"": ""hollow|A_A_A|FCC""}","UmVhY3Rpb246MzM5MzM2","BEEF-vdW","{""star"": 1, ""H2gas"": -0.5, ""H2Ogas"": 1.0}","{""OHstar"": 1}","111","W12","111",-1.2727696223183784,,"W","W12"
"H2O(g) - 0.5H2(g) + * -> OH*","{""OH"": ""hollow|A_A_A|HCP""}","UmVhY3Rpb246MzM5MzM3","BEEF-vdW","{""star"": 1, ""H2gas"": -0.5, ""H2Ogas"": 1.0}","{""OHstar"": 1}","111","W12","111",-1.421855624418754,,"W","W12"
"H2O(g) - 0.5H2(g) + * -> OH*","{""OH"": ""top|A""}","UmVhY3Rpb246MzM5MzQw","BEEF-vdW","{""star"": 1, ""H2gas"": -0.5, ""H2Ogas"": 1.0}","{""OHstar"": 1}","111","W12","111",-1.066736860720198,,"W","W12"
"H2O(g) - 0.5H2(g) + * -> OH*","{""OH"": ""hollow|A_A_A|FCC""}","UmVhY3Rpb246MzM5Mzcz","BEEF-vdW","{""star"": 1, ""H2gas"": -0.5, ""H2Ogas"": 1.0}","{""OHstar"": 1}","111","Y12","111",-2.672594502220022,,"Y","Y12"
"H2O(g) - 0.5H2(g) + * -> OH*","{""OH"": ""hollow|A_A_A|HCP""}","UmVhY3Rpb246MzM5Mzc0","BEEF-vdW","{""star"": 1, ""H2gas"": -0.5, ""H2Ogas"": 1.0}","{""OHstar"": 1}","111","Y12","111",-2.5678463209197844,,"Y","Y12"
"H2O(g) - 0.5H2(g) + * -> OH*","{""OH"": ""bridge|A_A|A""}","UmVhY3Rpb246MzM5NzY5","BEEF-vdW","{""star"": 1, ""H2gas"": -0.5, ""H2Ogas"": 1.0}","{""OHstar"": 1}","111","In12","111",0.17441245338056888,,"In","In12"
"H2O(g) - 0.5H2(g) + * -> OH*","{""OH"": ""hollow|A_A_A|FCC""}","UmVhY3Rpb246MzM5Nzcw","BEEF-vdW","{""star"": 1, ""H2gas"": -0.5, ""H2Ogas"": 1.0}","{""OHstar"": 1}","111","In12","111",0.19773097667791717,,"In","In12"
"H2O(g) - 0.5H2(g) + * -> OH*","{""OH"": ""top|A""}","UmVhY3Rpb246MzM5Mzc3","BEEF-vdW","{""star"": 1, ""H2gas"": -0.5, ""H2Ogas"": 1.0}","{""OHstar"": 1}","111","Y12","111",-1.5586088830197014,,"Y","Y12"
"H2O(g) - 0.5H2(g) + * -> OH*","{""OH"": ""hollow|A_A_A|HCP""}","UmVhY3Rpb246MzM5Nzcx","BEEF-vdW","{""star"": 1, ""H2gas"": -0.5, ""H2Ogas"": 1.0}","{""OHstar"": 1}","111","In12","111",0.23505193388052703,,"In","In12"
"H2O(g) - 0.5H2(g) + * -> OH*","{""OHstar"": ""bridge""}","UmVhY3Rpb246NDUyODA5","BEEF-vdW","{""star"": 1, ""H2gas"": -0.5, ""H2Ogas"": 1}","{""OHstar"": 1}","100","Cu36","100",0.04914791114424588,,"Cu","Cu36"
"H2O(g) - 0.5H2(g) + * -> OH*","{""OHstar"": ""4foldhollow""}","UmVhY3Rpb246NDUyODE0","BEEF-vdW","{""star"": 1, ""H2gas"": -0.5, ""H2Ogas"": 1}","{""OHstar"": 1}","100","Cu36","100",-0.08346568544948241,,"Cu","Cu36"
"H2O(g) - 0.5H2(g) + * -> OH*","{""OHstar"": ""atop""}","UmVhY3Rpb246NDUyODI5","BEEF-vdW","{""star"": 1, ""H2gas"": -0.5, ""H2Ogas"": 1}","{""OHstar"": 1}","100","Cu36","100",0.7406250562562491,,"Cu","Cu36"
"H2O(g) - 0.5H2(g) + * -> OH*","{""OH"": ""hollow|A_A_A|FCC""}","UmVhY3Rpb246MzM5Mzk4","BEEF-vdW","{""star"": 1, ""H2gas"": -0.5, ""H2Ogas"": 1.0}","{""OHstar"": 1}","111","Zn12","111",0.05887019628141843,,"Zn","Zn12"
"H2O(g) - 0.5H2(g) + * -> OH*","{""OH"": ""hollow|A_A_A|HCP""}","UmVhY3Rpb246MzM5Mzk5","BEEF-vdW","{""star"": 1, ""H2gas"": -0.5, ""H2Ogas"": 1.0}","{""OHstar"": 1}","111","Zn12","111",-0.006871418622836245,,"Zn","Zn12"
"H2O(g) - 0.5H2(g) + * -> OH*","{""OH"": ""hollow|A_A_A|FCC""}","UmVhY3Rpb246MzM5NDIz","BEEF-vdW","{""star"": 1, ""H2gas"": -0.5, ""H2Ogas"": 1.0}","{""OHstar"": 1}","111","V12","111",-2.3787608091216725,,"V","V12"
"H2O(g) - 0.5H2(g) + * -> OH*","{""OH"": ""hollow|A_A_A|HCP""}","UmVhY3Rpb246MzM5NDI0","BEEF-vdW","{""star"": 1, ""H2gas"": -0.5, ""H2Ogas"": 1.0}","{""OHstar"": 1}","111","V12","111",-2.3632254219220385,,"V","V12"
"H2O(g) - 0.5H2(g) + * -> OH*","{""OH"": ""top|A""}","UmVhY3Rpb246MzM5NDI3","BEEF-vdW","{""star"": 1, ""H2gas"": -0.5, ""H2Ogas"": 1.0}","{""OHstar"": 1}","111","V12","111",-1.2904842333219904,,"V","V12"
"H2O(g) - 0.5H2(g) + * -> OH*","{}","UmVhY3Rpb246NDU2MTYx","PBE+U","{""star"": 1, ""H2gas"": -0.5, ""H2Ogas"": 1}","{""OHstar"": 1}","facet","Ti8O16","facet",1.8333787050000012,,"TiO2","Ti8O16"
"H2O(g) - 0.5H2(g) + * -> OH*","{}","UmVhY3Rpb246NDU2MTY0","PBE+U","{""star"": 1, ""H2gas"": -0.5, ""H2Ogas"": 1}","{""OHstar"": 1}","facet","Ti32NO63","facet",1.3871250950001013,,"Ti32NO63","Ti32NO63"
"H2O(g) - 0.5H2(g) + * -> OH*","{}","UmVhY3Rpb246NDU2MTY3","PBE+U","{""star"": 1, ""H2gas"": -0.5, ""H2Ogas"": 1}","{""OHstar"": 1}","110","Ti32O64","110",1.7197428800000125,,"TiO2-cus-Ti-site-dark","Ti32O64"
"H2O(g) - 0.5H2(g) + * -> OH*","{}","UmVhY3Rpb246NDU2MTcx","PBE+U","{""star"": 1, ""H2gas"": -0.5, ""H2Ogas"": 1}","{""OHstar"": 1}","110","Ti32NO63","110",1.3208895600000687,,"TiO2-cus-Ti-site-sub-surface-polaron","Ti32NO63"
"H2O(g) - 0.5H2(g) + * -> OH*","{}","UmVhY3Rpb246NDU2MTc1","PBE+U","{""star"": 1, ""H2gas"": -0.5, ""H2Ogas"": 1}","{""OHstar"": 1}","110","Ti32NO63","110",1.4050390000001016,,"TiO2-cus-Ti-site-bridge-polaron","Ti32NO63"
"H2O(g) - 0.5H2(g) + * -> OH*","{}","UmVhY3Rpb246NDU2MTc5","PBE+U","{""star"": 1, ""H2gas"": -0.5, ""H2Ogas"": 1}","{""OHstar"": 1}","110","Ti32NO63","110",0.5391798700001118,,"TiO2-cus-Ti-site-axial-polaron","Ti32NO63"
"H2O(g) - 0.5H2(g) + * -> OH*","{}","UmVhY3Rpb246NDU2MTgy","PBE+U","{""star"": 1, ""H2gas"": -0.5, ""H2Ogas"": 1}","{""OHstar"": 1}","110","Ti64NO126","110",-1.3965556799998922,,"TiO2-bridge-Ti-Ti-site-far-by-polaron","Ti64NO126"
"H2O(g) - 0.5H2(g) + * -> OH*","{}","UmVhY3Rpb246NDU2MTg2","PBE+U","{""star"": 1, ""H2gas"": -0.5, ""H2Ogas"": 1}","{""OHstar"": 1}","110","Ti32NO63","110",1.0762085400000387,,"TiO2-cus-Ti-site-equatorial-polaron","Ti32NO63"
"H2O(g) - 0.5H2(g) + * -> OH*","{}","UmVhY3Rpb246NDU2MTg5","PBE+U","{""star"": 1, ""H2gas"": -0.5, ""H2Ogas"": 1}","{""OHstar"": 1}","110","Ti64O127","110",-1.3391252100000202,,"TiO2-bridge-Ti-Ti-site-dark","Ti64O127"
"H2O(g) - 0.5H2(g) + * -> OH*","{}","UmVhY3Rpb246NDU2MTky","PBE+U","{""star"": 1, ""H2gas"": -0.5, ""H2Ogas"": 1}","{""OHstar"": 1}","110","Ti64NO126","110",-1.6168356299999687,,"TiO2-bridge-Ti-Ti-site-near-by-polaron","Ti64NO126"
"H2O(g) - 0.5H2(g) + * -> OH*","{}","UmVhY3Rpb246NDU2MTk1","PBE+U","{""star"": 1, ""H2gas"": -0.5, ""H2Ogas"": 1}","{""OHstar"": 1}","110","Ag8O16","110",2.0888029000000046,,"AgO2-rutile","Ag8O16"
"H2O(g) - 0.5H2(g) + * -> OH*","{}","UmVhY3Rpb246NDU2MTk3","PBE+U","{""star"": 1, ""H2gas"": -0.5, ""H2Ogas"": 1}","{""OHstar"": 1}","100","Ag6O12","100",1.9078245000000038,,"AgO2-rutile","Ag6O12"
"H2O(g) - 0.5H2(g) + * -> OH*","{}","UmVhY3Rpb246NDU2MTk5","PBE+U","{""star"": 1, ""H2gas"": -0.5, ""H2Ogas"": 1}","{""OHstar"": 1}","110","Au8O16","110",1.5057529100000124,,"AuO2-rutile","Au8O16"
"H2O(g) - 0.5H2(g) + * -> OH*","{}","UmVhY3Rpb246NDU2MjAx","PBE+U","{""star"": 1, ""H2gas"": -0.5, ""H2Ogas"": 1}","{""OHstar"": 1}","100","Au6O12","100",1.3927296500000068,,"AuO2-rutile","Au6O12"
"H2O(g) - 0.5H2(g) + * -> OH*","{}","UmVhY3Rpb246NDU2MjAz","PBE+U","{""star"": 1, ""H2gas"": -0.5, ""H2Ogas"": 1}","{""OHstar"": 1}","110","Cd8O16","110",2.256772500000011,,"CdO2-rutile","Cd8O16"
"H2O(g) - 0.5H2(g) + * -> OH*","{}","UmVhY3Rpb246NDU2MjA1","PBE+U","{""star"": 1, ""H2gas"": -0.5, ""H2Ogas"": 1}","{""OHstar"": 1}","100","Cd6O12","100",2.0806685000000016,,"CdO2-rutile","Cd6O12"
"H2O(g) - 0.5H2(g) + * -> OH*","{}","UmVhY3Rpb246NDU2MjA3","PBE+U","{""star"": 1, ""H2gas"": -0.5, ""H2Ogas"": 1}","{""OHstar"": 1}","110","Co8O16","110",1.3849585600000012,,"CoO2-rutile","Co8O16"
"H2O(g) - 0.5H2(g) + * -> OH*","{}","UmVhY3Rpb246NDU2MjA5","PBE+U","{""star"": 1, ""H2gas"": -0.5, ""H2Ogas"": 1}","{""OHstar"": 1}","100","Co6O12","100",1.3429571800000133,,"CoO2-rutile","Co6O12"
"H2O(g) - 0.5H2(g) + * -> OH*","{}","UmVhY3Rpb246NDU2MjEx","PBE+U","{""star"": 1, ""H2gas"": -0.5, ""H2Ogas"": 1}","{""OHstar"": 1}","110","Cr8O16","110",1.125645999999989,,"CrO2-rutile","Cr8O16"
"H2O(g) - 0.5H2(g) + * -> OH*","{}","UmVhY3Rpb246NDU2MjEz","PBE+U","{""star"": 1, ""H2gas"": -0.5, ""H2Ogas"": 1}","{""OHstar"": 1}","100","Cr6O12","100",1.3257011599999942,,"CrO2-rutile","Cr6O12"
"H2O(g) - 0.5H2(g) + * -> OH*","{}","UmVhY3Rpb246NDU2MjE1","PBE+U","{""star"": 1, ""H2gas"": -0.5, ""H2Ogas"": 1}","{""OHstar"": 1}","110","Cu8O16","110",2.2884642799999995,,"CuO2-rutile","Cu8O16"
"H2O(g) - 0.5H2(g) + * -> OH*","{}","UmVhY3Rpb246NDU2MjE3","PBE+U","{""star"": 1, ""H2gas"": -0.5, ""H2Ogas"": 1}","{""OHstar"": 1}","100","Cu6O12","100",2.278097509999995,,"CuO2-rutile","Cu6O12"
"H2O(g) - 0.5H2(g) + * -> OH*","{}","UmVhY3Rpb246NDU2MjE5","PBE+U","{""star"": 1, ""H2gas"": -0.5, ""H2Ogas"": 1}","{""OHstar"": 1}","110","Fe8O16","110",1.8822180100000026,,"FeO2-rutile","Fe8O16"
"H2O(g) - 0.5H2(g) + * -> OH*","{}","UmVhY3Rpb246NDU2MjIx","PBE+U","{""star"": 1, ""H2gas"": -0.5, ""H2Ogas"": 1}","{""OHstar"": 1}","100","Fe6O12","100",1.8332475400000021,,"FeO2-rutile","Fe6O12"
"H2O(g) - 0.5H2(g) + * -> OH*","{}","UmVhY3Rpb246NDU2MjIz","PBE+U","{""star"": 1, ""H2gas"": -0.5, ""H2Ogas"": 1}","{""OHstar"": 1}","100","Ga6O12","100",2.168456400000011,,"GaO2-rutile","Ga6O12"
"H2O(g) - 0.5H2(g) + * -> OH*","{}","UmVhY3Rpb246NDU2MjI1","PBE+U","{""star"": 1, ""H2gas"": -0.5, ""H2Ogas"": 1}","{""OHstar"": 1}","110","Ga8O16","110",2.081958209999982,,"GaO2-rutile","Ga8O16"
"H2O(g) - 0.5H2(g) + * -> OH*","{}","UmVhY3Rpb246NDU2MjI3","PBE+U","{""star"": 1, ""H2gas"": -0.5, ""H2Ogas"": 1}","{""OHstar"": 1}","110","Ge8O16","110",1.6025459399999988,,"GeO2-rutile","Ge8O16"
"H2O(g) - 0.5H2(g) + * -> OH*","{}","UmVhY3Rpb246NDU2MjI5","PBE+U","{""star"": 1, ""H2gas"": -0.5, ""H2Ogas"": 1}","{""OHstar"": 1}","100","Ge6O12","100",1.7843677000000042,,"GeO2-rutile","Ge6O12"
"H2O(g) - 0.5H2(g) + * -> OH*","{}","UmVhY3Rpb246NDU2MjMx","PBE+U","{""star"": 1, ""H2gas"": -0.5, ""H2Ogas"": 1}","{""OHstar"": 1}","110","Hf8O16","110",1.536630439999982,,"HfO2-rutile","Hf8O16"
"H2O(g) - 0.5H2(g) + * -> OH*","{}","UmVhY3Rpb246NDU2MjMz","PBE+U","{""star"": 1, ""H2gas"": -0.5, ""H2Ogas"": 1}","{""OHstar"": 1}","100","Hf6O12","100",1.5856020299999898,,"HfO2-rutile","Hf6O12"
"H2O(g) - 0.5H2(g) + * -> OH*","{}","UmVhY3Rpb246NDU2MjM1","PBE+U","{""star"": 1, ""H2gas"": -0.5, ""H2Ogas"": 1}","{""OHstar"": 1}","110","Hg8O16","110",2.809764130000005,,"HgO2-rutile","Hg8O16"
"H2O(g) - 0.5H2(g) + * -> OH*","{}","UmVhY3Rpb246NDU2MjM3","PBE+U","{""star"": 1, ""H2gas"": -0.5, ""H2Ogas"": 1}","{""OHstar"": 1}","100","Hg6O12","100",2.7388193199999975,,"HgO2-rutile","Hg6O12"
"H2O(g) - 0.5H2(g) + * -> OH*","{}","UmVhY3Rpb246NDU2MjM5","PBE+U","{""star"": 1, ""H2gas"": -0.5, ""H2Ogas"": 1}","{""OHstar"": 1}","110","In8O16","110",2.127687750000007,,"InO2-rutile","In8O16"
"H2O(g) - 0.5H2(g) + * -> OH*","{}","UmVhY3Rpb246NDU2MjQw","PBE+U","{""star"": 1, ""H2gas"": -0.5, ""H2Ogas"": 1}","{""OHstar"": 1}","100","In6O12","100",2.027657860000005,,"InO2-rutile","In6O12"
"H2O(g) - 0.5H2(g) + * -> OH*","{}","UmVhY3Rpb246NDU2MjQz","PBE+U","{""star"": 1, ""H2gas"": -0.5, ""H2Ogas"": 1}","{""OHstar"": 1}","110","Ir8O16","110",-0.34482077999999206,,"IrO2-rutile","Ir8O16"
"H2O(g) - 0.5H2(g) + * -> OH*","{}","UmVhY3Rpb246NDU2MjQ1","PBE+U","{""star"": 1, ""H2gas"": -0.5, ""H2Ogas"": 1}","{""OHstar"": 1}","100","Ir6O12","100",-0.24125521999999933,,"IrO2-rutile","Ir6O12"
"H2O(g) - 0.5H2(g) + * -> OH*","{}","UmVhY3Rpb246NDU2MjQ3","PBE+U","{""star"": 1, ""H2gas"": -0.5, ""H2Ogas"": 1}","{""OHstar"": 1}","110","Mn8O16","110",1.5346961499999736,,"MnO2-rutile","Mn8O16"
"H2O(g) - 0.5H2(g) + * -> OH*","{}","UmVhY3Rpb246NDU2MjQ5","PBE+U","{""star"": 1, ""H2gas"": -0.5, ""H2Ogas"": 1}","{""OHstar"": 1}","100","Mn6O12","100",1.479763840000004,,"MnO2-rutile","Mn6O12"
"H2O(g) - 0.5H2(g) + * -> OH*","{}","UmVhY3Rpb246NDU2MjUx","PBE+U","{""star"": 1, ""H2gas"": -0.5, ""H2Ogas"": 1}","{""OHstar"": 1}","110","Mo8O16","110",-0.6729427900000076,,"MoO2-rutile","Mo8O16"
"H2O(g) - 0.5H2(g) + * -> OH*","{}","UmVhY3Rpb246NDU2MjUz","PBE+U","{""star"": 1, ""H2gas"": -0.5, ""H2Ogas"": 1}","{""OHstar"": 1}","100","Mo6O12","100",-0.6243819400000064,,"MoO2-rutile","Mo6O12"
"H2O(g) - 0.5H2(g) + * -> OH*","{}","UmVhY3Rpb246NDU2MjU1","PBE+U","{""star"": 1, ""H2gas"": -0.5, ""H2Ogas"": 1}","{""OHstar"": 1}","110","Nb8O16","110",-1.0331504800000175,,"NbO2-rutile","Nb8O16"
"H2O(g) - 0.5H2(g) + * -> OH*","{}","UmVhY3Rpb246NDU2MjU3","PBE+U","{""star"": 1, ""H2gas"": -0.5, ""H2Ogas"": 1}","{""OHstar"": 1}","100","Nb6O12","100",-0.7488003199999866,,"NbO2-rutile","Nb6O12"
"H2O(g) - 0.5H2(g) + * -> OH*","{}","UmVhY3Rpb246NDU2MjU5","PBE+U","{""star"": 1, ""H2gas"": -0.5, ""H2Ogas"": 1}","{""OHstar"": 1}","110","Ni8O16","110",2.0972767400000123,,"NiO2-rutile","Ni8O16"
"H2O(g) - 0.5H2(g) + * -> OH*","{}","UmVhY3Rpb246NDU2MjYx","PBE+U","{""star"": 1, ""H2gas"": -0.5, ""H2Ogas"": 1}","{""OHstar"": 1}","100","Ni6O12","100",1.6035417900000084,,"NiO2-rutile","Ni6O12"
"H2O(g) - 0.5H2(g) + * -> OH*","{}","UmVhY3Rpb246NDU2MjYz","PBE+U","{""star"": 1, ""H2gas"": -0.5, ""H2Ogas"": 1}","{""OHstar"": 1}","110","Os8O16","110",-0.6594035900000108,,"OsO2-rutile","Os8O16"
"H2O(g) - 0.5H2(g) + * -> OH*","{}","UmVhY3Rpb246NDU2MjY1","PBE+U","{""star"": 1, ""H2gas"": -0.5, ""H2Ogas"": 1}","{""OHstar"": 1}","100","Os6O12","100",-0.36301788000002944,,"OsO2-rutile","Os6O12"
"H2O(g) - 0.5H2(g) + * -> OH*","{}","UmVhY3Rpb246NDU2MjY3","PBE+U","{""star"": 1, ""H2gas"": -0.5, ""H2Ogas"": 1}","{""OHstar"": 1}","110","Pb8O16","110",2.0040039300000103,,"PbO2-rutile","Pb8O16"
"H2O(g) - 0.5H2(g) + * -> OH*","{}","UmVhY3Rpb246NDU2MjY5","PBE+U","{""star"": 1, ""H2gas"": -0.5, ""H2Ogas"": 1}","{""OHstar"": 1}","100","Pb6O12","100",1.9783995800000014,,"PbO2-rutile","Pb6O12"
"H2O(g) - 0.5H2(g) + * -> OH*","{}","UmVhY3Rpb246NDU2Mjcx","PBE+U","{""star"": 1, ""H2gas"": -0.5, ""H2Ogas"": 1}","{""OHstar"": 1}","110","Pd8O16","110",0.8814808300000152,,"PdO2-rutile","Pd8O16"
"H2O(g) - 0.5H2(g) + * -> OH*","{}","UmVhY3Rpb246NDU2Mjcz","PBE+U","{""star"": 1, ""H2gas"": -0.5, ""H2Ogas"": 1}","{""OHstar"": 1}","100","Pd6O12","100",1.2362825600000065,,"PdO2-rutile","Pd6O12"
"H2O(g) - 0.5H2(g) + * -> OH*","{}","UmVhY3Rpb246NDU2Mjc1","PBE+U","{""star"": 1, ""H2gas"": -0.5, ""H2Ogas"": 1}","{""OHstar"": 1}","110","Pt8O16","110",0.5042582600000003,,"PtO2-rutile","Pt8O16"
"H2O(g) - 0.5H2(g) + * -> OH*","{}","UmVhY3Rpb246NDU2Mjc3","PBE+U","{""star"": 1, ""H2gas"": -0.5, ""H2Ogas"": 1}","{""OHstar"": 1}","100","Pt6O12","100",0.40920365000000913,,"PtO2-rutile","Pt6O12"
"H2O(g) - 0.5H2(g) + * -> OH*","{}","UmVhY3Rpb246NDU2Mjc5","PBE+U","{""star"": 1, ""H2gas"": -0.5, ""H2Ogas"": 1}","{""OHstar"": 1}","110","Re8O16","110",-1.2456720500000245,,"ReO2-rutile","Re8O16"
"H2O(g) - 0.5H2(g) + * -> OH*","{}","UmVhY3Rpb246NDU2Mjgx","PBE+U","{""star"": 1, ""H2gas"": -0.5, ""H2Ogas"": 1}","{""OHstar"": 1}","100","Re6O12","100",-0.5968070200000284,,"ReO2-rutile","Re6O12"
"H2O(g) - 0.5H2(g) + * -> OH*","{}","UmVhY3Rpb246NDU2Mjgz","PBE+U","{""star"": 1, ""H2gas"": -0.5, ""H2Ogas"": 1}","{""OHstar"": 1}","110","Rh8O16","110",0.4624788099999648,,"RhO2-rutile","Rh8O16"
"H2O(g) - 0.5H2(g) + * -> OH*","{}","UmVhY3Rpb246NDU2Mjg1","PBE+U","{""star"": 1, ""H2gas"": -0.5, ""H2Ogas"": 1}","{""OHstar"": 1}","100","Rh6O12","100",0.6185678900000084,,"RhO2-rutile","Rh6O12"
"H2O(g) - 0.5H2(g) + * -> OH*","{}","UmVhY3Rpb246NDU2Mjg3","PBE+U","{""star"": 1, ""H2gas"": -0.5, ""H2Ogas"": 1}","{""OHstar"": 1}","110","Ru8O16","110",0.16800036999998724,,"RuO2-rutile","Ru8O16"
"H2O(g) - 0.5H2(g) + * -> OH*","{}","UmVhY3Rpb246NDU2Mjg5","PBE+U","{""star"": 1, ""H2gas"": -0.5, ""H2Ogas"": 1}","{""OHstar"": 1}","100","Ru6O12","100",0.4127437599999837,,"RuO2-rutile","Ru6O12"
"H2O(g) - 0.5H2(g) + * -> OH*","{}","UmVhY3Rpb246NDU2Mjkx","PBE+U","{""star"": 1, ""H2gas"": -0.5, ""H2Ogas"": 1}","{""OHstar"": 1}","110","Sn8O16","110",1.4002222199999892,,"SnO2-rutile","Sn8O16"
"H2O(g) - 0.5H2(g) + * -> OH*","{}","UmVhY3Rpb246NDU2Mjkz","PBE+U","{""star"": 1, ""H2gas"": -0.5, ""H2Ogas"": 1}","{""OHstar"": 1}","100","Sn6O12","100",1.6606341699999945,,"SnO2-rutile","Sn6O12"
"H2O(g) - 0.5H2(g) + * -> OH*","{}","UmVhY3Rpb246NDU2Mjk1","PBE+U","{""star"": 1, ""H2gas"": -0.5, ""H2Ogas"": 1}","{""OHstar"": 1}","110","Ta8O16","110",-1.8457094800000107,,"TaO2-rutile","Ta8O16"
"H2O(g) - 0.5H2(g) + * -> OH*","{}","UmVhY3Rpb246NDU2Mjk3","PBE+U","{""star"": 1, ""H2gas"": -0.5, ""H2Ogas"": 1}","{""OHstar"": 1}","100","Ta6O12","100",-1.4648872700000197,,"TaO2-rutile","Ta6O12"
"H2O(g) - 0.5H2(g) + * -> OH*","{}","UmVhY3Rpb246NDU2Mjk5","PBE+U","{""star"": 1, ""H2gas"": -0.5, ""H2Ogas"": 1}","{""OHstar"": 1}","110","Tc8O16","110",-0.36355546999999433,,"TcO2-rutile","Tc8O16"
"H2O(g) - 0.5H2(g) + * -> OH*","{}","UmVhY3Rpb246NDU2MzAx","PBE+U","{""star"": 1, ""H2gas"": -0.5, ""H2Ogas"": 1}","{""OHstar"": 1}","100","Tc6O12","100",0.16733536999998933,,"TcO2-rutile","Tc6O12"
"H2O(g) - 0.5H2(g) + * -> OH*","{}","UmVhY3Rpb246NDU2MzAz","PBE+U","{""star"": 1, ""H2gas"": -0.5, ""H2Ogas"": 1}","{""OHstar"": 1}","110","Ti8O16","110",1.720904179999991,,"TiO2-rutile","Ti8O16"
"H2O(g) - 0.5H2(g) + * -> OH*","{}","UmVhY3Rpb246NDU2MzA1","PBE+U","{""star"": 1, ""H2gas"": -0.5, ""H2Ogas"": 1}","{""OHstar"": 1}","100","Ti6O12","100",1.8279682099999945,,"TiO2-rutile","Ti6O12"
"H2O(g) - 0.5H2(g) + * -> OH*","{}","UmVhY3Rpb246NDU2MzA3","PBE+U","{""star"": 1, ""H2gas"": -0.5, ""H2Ogas"": 1}","{""OHstar"": 1}","110","Tl8O16","110",2.4098369300000115,,"TlO2-rutile","Tl8O16"
"H2O(g) - 0.5H2(g) + * -> OH*","{}","UmVhY3Rpb246NDU2MzA5","PBE+U","{""star"": 1, ""H2gas"": -0.5, ""H2Ogas"": 1}","{""OHstar"": 1}","100","Tl6O12","100",2.08294810000001,,"TlO2-rutile","Tl6O12"
"H2O(g) - 0.5H2(g) + * -> OH*","{}","UmVhY3Rpb246NDU2MzEx","PBE+U","{""star"": 1, ""H2gas"": -0.5, ""H2Ogas"": 1}","{""OHstar"": 1}","110","V8O16","110",0.19372555000001057,,"VO2-rutile","V8O16"
"H2O(g) - 0.5H2(g) + * -> OH*","{}","UmVhY3Rpb246NDU2MzEz","PBE+U","{""star"": 1, ""H2gas"": -0.5, ""H2Ogas"": 1}","{""OHstar"": 1}","100","V6O12","100",0.7030296899999939,,"VO2-rutile","V6O12"
"H2O(g) - 0.5H2(g) + * -> OH*","{}","UmVhY3Rpb246NDU2MzE1","PBE+U","{""star"": 1, ""H2gas"": -0.5, ""H2Ogas"": 1}","{""OHstar"": 1}","100","W6O12","100",-0.8223370100000125,,"WO2-rutile","W6O12"
"H2O(g) - 0.5H2(g) + * -> OH*","{}","UmVhY3Rpb246NDU2MzE3","PBE+U","{""star"": 1, ""H2gas"": -0.5, ""H2Ogas"": 1}","{""OHstar"": 1}","110","W8O16","110",-1.4536935800000208,,"WO2-rutile","W8O16"
"H2O(g) - 0.5H2(g) + * -> OH*","{}","UmVhY3Rpb246NDU2MzE5","PBE+U","{""star"": 1, ""H2gas"": -0.5, ""H2Ogas"": 1}","{""OHstar"": 1}","110","Zn8O16","110",2.230525390000011,,"ZnO2-rutile","Zn8O16"
"H2O(g) - 0.5H2(g) + * -> OH*","{}","UmVhY3Rpb246NDU2MzIx","PBE+U","{""star"": 1, ""H2gas"": -0.5, ""H2Ogas"": 1}","{""OHstar"": 1}","100","Zn6O12","100",2.573420529999993,,"ZnO2-rutile","Zn6O12"
"H2O(g) - 0.5H2(g) + * -> OH*","{}","UmVhY3Rpb246NDU2MzIz","PBE+U","{""star"": 1, ""H2gas"": -0.5, ""H2Ogas"": 1}","{""OHstar"": 1}","110","Zr8O16","110",1.7159347999999852,,"ZrO2-rutile","Zr8O16"
"H2O(g) - 0.5H2(g) + * -> OH*","{}","UmVhY3Rpb246NDU2MzI1","PBE+U","{""star"": 1, ""H2gas"": -0.5, ""H2Ogas"": 1}","{""OHstar"": 1}","100","Zr6O12","100",1.7708062300000051,,"ZrO2-rutile","Zr6O12"
"H2O(g) - 0.5H2(g) + * -> OH*","{}","UmVhY3Rpb246NDU2MzI3","PBE+U","{""star"": 1, ""H2gas"": -0.5, ""H2Ogas"": 1}","{""OHstar"": 1}","012","Ag12O18","012",2.0584894400000024,,"Ag2O3-corundum","Ag12O18"
"H2O(g) - 0.5H2(g) + * -> OH*","{}","UmVhY3Rpb246NDU2MzI5","PBE+U","{""star"": 1, ""H2gas"": -0.5, ""H2Ogas"": 1}","{""OHstar"": 1}","012","Au12O18","012",1.8421802500000126,,"Au2O3-corundum","Au12O18"
"H2O(g) - 0.5H2(g) + * -> OH*","{}","UmVhY3Rpb246NDU2MzMx","PBE+U","{""star"": 1, ""H2gas"": -0.5, ""H2Ogas"": 1}","{""OHstar"": 1}","012","Cd12O18","012",2.1329888600000118,,"Cd2O3-corundum","Cd12O18"
"H2O(g) - 0.5H2(g) + * -> OH*","{}","UmVhY3Rpb246NDU2MzMz","PBE+U","{""star"": 1, ""H2gas"": -0.5, ""H2Ogas"": 1}","{""OHstar"": 1}","012","Co12O18","012",0.7621218399999918,,"Co2O3-corundum","Co12O18"
"H2O(g) - 0.5H2(g) + * -> OH*","{}","UmVhY3Rpb246NDU2MzM1","PBE+U","{""star"": 1, ""H2gas"": -0.5, ""H2Ogas"": 1}","{""OHstar"": 1}","012","Cr12O18","012",0.684970050000004,,"Cr2O3-corundum","Cr12O18"
"H2O(g) - 0.5H2(g) + * -> OH*","{}","UmVhY3Rpb246NDU2MzM3","PBE+U","{""star"": 1, ""H2gas"": -0.5, ""H2Ogas"": 1}","{""OHstar"": 1}","012","Cu12O18","012",1.8925867799999878,,"Cu2O3-corundum","Cu12O18"
"H2O(g) - 0.5H2(g) + * -> OH*","{}","UmVhY3Rpb246NDU2MzM5","PBE+U","{""star"": 1, ""H2gas"": -0.5, ""H2Ogas"": 1}","{""OHstar"": 1}","012","Fe12O18","012",1.3946918299999993,,"Fe2O3-corundum","Fe12O18"
"H2O(g) - 0.5H2(g) + * -> OH*","{}","UmVhY3Rpb246NDU2MzQx","PBE+U","{""star"": 1, ""H2gas"": -0.5, ""H2Ogas"": 1}","{""OHstar"": 1}","012","Ga12O18","012",1.6799711099999968,,"Ga2O3-corundum","Ga12O18"
"H2O(g) - 0.5H2(g) + * -> OH*","{}","UmVhY3Rpb246NDU2MzQz","PBE+U","{""star"": 1, ""H2gas"": -0.5, ""H2Ogas"": 1}","{""OHstar"": 1}","012","Hf12O18","012",-2.7323724999999968,,"Hf2O3-corundum","Hf12O18"
"H2O(g) - 0.5H2(g) + * -> OH*","{}","UmVhY3Rpb246NDU2MzQ1","PBE+U","{""star"": 1, ""H2gas"": -0.5, ""H2Ogas"": 1}","{""OHstar"": 1}","012","Hg12O18","012",2.160839690000003,,"Hg2O3-corundum","Hg12O18"
"H2O(g) - 0.5H2(g) + * -> OH*","{}","UmVhY3Rpb246NDU2MzQ2","PBE+U","{""star"": 1, ""H2gas"": -0.5, ""H2Ogas"": 1}","{""OHstar"": 1}","012","In12O18","012",1.7646770199999935,,"In2O3-corundum","In12O18"
"H2O(g) - 0.5H2(g) + * -> OH*","{}","UmVhY3Rpb246NDU2MzQ4","PBE+U","{""star"": 1, ""H2gas"": -0.5, ""H2Ogas"": 1}","{""OHstar"": 1}","012","Ir12O18","012",-0.4576025300000026,,"Ir2O3-corundum","Ir12O18"
"H2O(g) - 0.5H2(g) + * -> OH*","{}","UmVhY3Rpb246NDU2MzUx","PBE+U","{""star"": 1, ""H2gas"": -0.5, ""H2Ogas"": 1}","{""OHstar"": 1}","012","La12O18","012",1.3737738699999795,,"La2O3-corundum","La12O18"
"H2O(g) - 0.5H2(g) + * -> OH*","{}","UmVhY3Rpb246NDU2MzUz","PBE+U","{""star"": 1, ""H2gas"": -0.5, ""H2Ogas"": 1}","{""OHstar"": 1}","012","Mn12O18","012",1.3870310699999777,,"Mn2O3-corundum","Mn12O18"
"H2O(g) - 0.5H2(g) + * -> OH*","{}","UmVhY3Rpb246NDU2MzU1","PBE+U","{""star"": 1, ""H2gas"": -0.5, ""H2Ogas"": 1}","{""OHstar"": 1}","012","Mo12O18","012",-0.9144637300000227,,"Mo2O3-corundum","Mo12O18"
"H2O(g) - 0.5H2(g) + * -> OH*","{}","UmVhY3Rpb246NDU2MzU2","PBE+U","{""star"": 1, ""H2gas"": -0.5, ""H2Ogas"": 1}","{""OHstar"": 1}","012","Nb12O18","012",-1.2096175899999935,,"Nb2O3-corundum","Nb12O18"
"H2O(g) - 0.5H2(g) + * -> OH*","{}","UmVhY3Rpb246NDU2MzU5","PBE+U","{""star"": 1, ""H2gas"": -0.5, ""H2Ogas"": 1}","{""OHstar"": 1}","012","Ni12O18","012",1.7548626099999751,,"Ni2O3-corundum","Ni12O18"
"H2O(g) - 0.5H2(g) + * -> OH*","{}","UmVhY3Rpb246NDU2MzYx","PBE+U","{""star"": 1, ""H2gas"": -0.5, ""H2Ogas"": 1}","{""OHstar"": 1}","012","Os12O18","012",-1.0434500599999978,,"Os2O3-corundum","Os12O18"
"H2O(g) - 0.5H2(g) + * -> OH*","{}","UmVhY3Rpb246NDU2MzYy","PBE+U","{""star"": 1, ""H2gas"": -0.5, ""H2Ogas"": 1}","{""OHstar"": 1}","012","Pd12O18","012",0.9838424399999894,,"Pd2O3-corundum","Pd12O18"
"H2O(g) - 0.5H2(g) + * -> OH*","{}","UmVhY3Rpb246NDU2MzY1","PBE+U","{""star"": 1, ""H2gas"": -0.5, ""H2Ogas"": 1}","{""OHstar"": 1}","012","Pt12O18","012",0.7057685099999844,,"Pt2O3-corundum","Pt12O18"
"H2O(g) - 0.5H2(g) + * -> OH*","{}","UmVhY3Rpb246NDU2MzY3","PBE+U","{""star"": 1, ""H2gas"": -0.5, ""H2Ogas"": 1}","{""OHstar"": 1}","012","Re12O18","012",-1.228741819999982,,"Re2O3-corundum","Re12O18"
"H2O(g) - 0.5H2(g) + * -> OH*","{}","UmVhY3Rpb246NDU2MzY5","PBE+U","{""star"": 1, ""H2gas"": -0.5, ""H2Ogas"": 1}","{""OHstar"": 1}","012","Rh12O18","012",0.19431743999996343,,"Rh2O3-corundum","Rh12O18"
"H2O(g) - 0.5H2(g) + * -> OH*","{}","UmVhY3Rpb246NDU2Mzcx","PBE+U","{""star"": 1, ""H2gas"": -0.5, ""H2Ogas"": 1}","{""OHstar"": 1}","012","Ru12O18","012",-0.37957944999999427,,"Ru2O3-corundum","Ru12O18"
"H2O(g) - 0.5H2(g) + * -> OH*","{}","UmVhY3Rpb246NDU2Mzcz","PBE+U","{""star"": 1, ""H2gas"": -0.5, ""H2Ogas"": 1}","{""OHstar"": 1}","012","Sc12O18","012",1.6034874900000204,,"Sc2O3-corundum","Sc12O18"
"H2O(g) - 0.5H2(g) + * -> OH*","{}","UmVhY3Rpb246NDU2Mzc1","PBE+U","{""star"": 1, ""H2gas"": -0.5, ""H2Ogas"": 1}","{""OHstar"": 1}","012","Ta12O18","012",-1.923207609999963,,"Ta2O3-corundum","Ta12O18"
"H2O(g) - 0.5H2(g) + * -> OH*","{}","UmVhY3Rpb246NDU2Mzc3","PBE+U","{""star"": 1, ""H2gas"": -0.5, ""H2Ogas"": 1}","{""OHstar"": 1}","012","Tc12O18","012",-0.6444628100000216,,"Tc2O3-corundum","Tc12O18"
"H2O(g) - 0.5H2(g) + * -> OH*","{}","UmVhY3Rpb246NDU2Mzc5","PBE+U","{""star"": 1, ""H2gas"": -0.5, ""H2Ogas"": 1}","{""OHstar"": 1}","012","Ti12O18","012",-1.063356099999993,,"Ti2O3-corundum","Ti12O18"
"H2O(g) - 0.5H2(g) + * -> OH*","{}","UmVhY3Rpb246NDU2Mzgx","PBE+U","{""star"": 1, ""H2gas"": -0.5, ""H2Ogas"": 1}","{""OHstar"": 1}","012","Tl12O18","012",2.0933311899999865,,"Tl2O3-corundum","Tl12O18"
"H2O(g) - 0.5H2(g) + * -> OH*","{}","UmVhY3Rpb246NDU2Mzgy","PBE+U","{""star"": 1, ""H2gas"": -0.5, ""H2Ogas"": 1}","{""OHstar"": 1}","012","V12O18","012",0.017007939999984956,,"V2O3-corundum","V12O18"
"H2O(g) - 0.5H2(g) + * -> OH*","{}","UmVhY3Rpb246NDU2Mzg1","PBE+U","{""star"": 1, ""H2gas"": -0.5, ""H2Ogas"": 1}","{""OHstar"": 1}","012","W12O18","012",-1.6869104599999787,,"W2O3-corundum","W12O18"
"H2O(g) - 0.5H2(g) + * -> OH*","{}","UmVhY3Rpb246NDU2Mzg2","PBE+U","{""star"": 1, ""H2gas"": -0.5, ""H2Ogas"": 1}","{""OHstar"": 1}","012","Y12O18","012",1.3363815499999987,,"Y2O3-corundum","Y12O18"
"H2O(g) - 0.5H2(g) + * -> OH*","{}","UmVhY3Rpb246NDU2Mzg5","PBE+U","{""star"": 1, ""H2gas"": -0.5, ""H2Ogas"": 1}","{""OHstar"": 1}","012","Zn12O18","012",1.9112189499999772,,"Zn2O3-corundum","Zn12O18"
"H2O(g) - 0.5H2(g) + * -> OH*","{}","UmVhY3Rpb246NDU2Mzkx","PBE+U","{""star"": 1, ""H2gas"": -0.5, ""H2Ogas"": 1}","{""OHstar"": 1}","012","Zr12O18","012",-2.187311790000024,,"Zr2O3-corundum","Zr12O18"
"H2O(g) - 0.5H2(g) + * -> OH*","{}","UmVhY3Rpb246NDU2Mzky","PBE+U","{""star"": 1, ""H2gas"": -0.5, ""H2Ogas"": 1}","{""OHstar"": 1}","100-lc","Au8O18","100-lc",1.4952997799999963,,"Au2O5-C12c","Au8O18"
"H2O(g) - 0.5H2(g) + * -> OH*","{}","UmVhY3Rpb246NDU2Mzk0","PBE+U","{""star"": 1, ""H2gas"": -0.5, ""H2Ogas"": 1}","{""OHstar"": 1}","100-lc","Co8O18","100-lc",1.3709691799999746,,"Co2O5-C12c","Co8O18"
"H2O(g) - 0.5H2(g) + * -> OH*","{}","UmVhY3Rpb246NDU2Mzk2","PBE+U","{""star"": 1, ""H2gas"": -0.5, ""H2Ogas"": 1}","{""OHstar"": 1}","100-hc","Co8O19","100-hc",1.7826373000000046,,"Co2O5-C12c","Co8O19"
"H2O(g) - 0.5H2(g) + * -> OH*","{}","UmVhY3Rpb246NDU2Mzk4","PBE+U","{""star"": 1, ""H2gas"": -0.5, ""H2Ogas"": 1}","{""OHstar"": 1}","100-lc","Cr8O18","100-lc",1.376989079999987,,"Cr2O5-C12c","Cr8O18"
"H2O(g) - 0.5H2(g) + * -> OH*","{}","UmVhY3Rpb246NDU2NDAw","PBE+U","{""star"": 1, ""H2gas"": -0.5, ""H2Ogas"": 1}","{""OHstar"": 1}","100-hc","Cr8O19","100-hc",1.5167923099999712,,"Cr2O5-C12c","Cr8O19"
"H2O(g) - 0.5H2(g) + * -> OH*","{}","UmVhY3Rpb246NDU2NDAy","PBE+U","{""star"": 1, ""H2gas"": -0.5, ""H2Ogas"": 1}","{""OHstar"": 1}","100-lc","Fe8O18","100-lc",1.564258489999986,,"Fe2O5-C12c","Fe8O18"
"H2O(g) - 0.5H2(g) + * -> OH*","{}","UmVhY3Rpb246NDU2NDA0","PBE+U","{""star"": 1, ""H2gas"": -0.5, ""H2Ogas"": 1}","{""OHstar"": 1}","100-hc","Fe8O19","100-hc",1.606227969999992,,"Fe2O5-C12c","Fe8O19"
"H2O(g) - 0.5H2(g) + * -> OH*","{}","UmVhY3Rpb246NDU2NDA2","PBE+U","{""star"": 1, ""H2gas"": -0.5, ""H2Ogas"": 1}","{""OHstar"": 1}","100-lc","Ga8O18","100-lc",1.8992933600000015,,"Ga2O5-C12c","Ga8O18"
"H2O(g) - 0.5H2(g) + * -> OH*","{}","UmVhY3Rpb246NDU2NDA5","PBE+U","{""star"": 1, ""H2gas"": -0.5, ""H2Ogas"": 1}","{""OHstar"": 1}","100-lc","Hf8O18","100-lc",1.4159193099999925,,"Hf2O5-C12c","Hf8O18"
"H2O(g) - 0.5H2(g) + * -> OH*","{}","UmVhY3Rpb246NDU2NDEw","PBE+U","{""star"": 1, ""H2gas"": -0.5, ""H2Ogas"": 1}","{""OHstar"": 1}","100-lc","In8O18","100-lc",1.627310289999997,,"In2O5-C12c","In8O18"
"H2O(g) - 0.5H2(g) + * -> OH*","{}","UmVhY3Rpb246NDU2NDEy","PBE+U","{""star"": 1, ""H2gas"": -0.5, ""H2Ogas"": 1}","{""OHstar"": 1}","100-lc","Ir8O18","100-lc",-0.06200908000002414,,"Ir2O5-C12c","Ir8O18"
"H2O(g) - 0.5H2(g) + * -> OH*","{}","UmVhY3Rpb246NDU2NDE0","PBE+U","{""star"": 1, ""H2gas"": -0.5, ""H2Ogas"": 1}","{""OHstar"": 1}","100-hc","Ir8O19","100-hc",0.24359881000000883,,"Ir2O5-C12c","Ir8O19"
"H2O(g) - 0.5H2(g) + * -> OH*","{}","UmVhY3Rpb246NDU2NDE2","PBE+U","{""star"": 1, ""H2gas"": -0.5, ""H2Ogas"": 1}","{""OHstar"": 1}","100-lc","Mn8O18","100-lc",1.3904358499999887,,"Mn2O5-C12c","Mn8O18"
"H2O(g) - 0.5H2(g) + * -> OH*","{}","UmVhY3Rpb246NDU2NDE4","PBE+U","{""star"": 1, ""H2gas"": -0.5, ""H2Ogas"": 1}","{""OHstar"": 1}","100-hc","Mn8O19","100-hc",1.401593599999984,,"Mn2O5-C12c","Mn8O19"
"H2O(g) - 0.5H2(g) + * -> OH*","{}","UmVhY3Rpb246NDU2NDIw","PBE+U","{""star"": 1, ""H2gas"": -0.5, ""H2Ogas"": 1}","{""OHstar"": 1}","100-lc","Mo8O18","100-lc",-0.44290501000003246,,"Mo2O5-C12c","Mo8O18"
"H2O(g) - 0.5H2(g) + * -> OH*","{}","UmVhY3Rpb246NDU2NDIy","PBE+U","{""star"": 1, ""H2gas"": -0.5, ""H2Ogas"": 1}","{""OHstar"": 1}","100-hc","Mo8O19","100-hc",-0.3700403500000107,,"Mo2O5-C12c","Mo8O19"
"H2O(g) - 0.5H2(g) + * -> OH*","{}","UmVhY3Rpb246NDU2NDI0","PBE+U","{""star"": 1, ""H2gas"": -0.5, ""H2Ogas"": 1}","{""OHstar"": 1}","100-lc","Nb8O18","100-lc",-1.1476626600000088,,"Nb2O5-C12c","Nb8O18"
"H2O(g) - 0.5H2(g) + * -> OH*","{}","UmVhY3Rpb246NDU2NDI2","PBE+U","{""star"": 1, ""H2gas"": -0.5, ""H2Ogas"": 1}","{""OHstar"": 1}","100-hc","Nb8O19","100-hc",0.2564070299999912,,"Nb2O5-C12c","Nb8O19"
"H2O(g) - 0.5H2(g) + * -> OH*","{}","UmVhY3Rpb246NDU2NDI5","PBE+U","{""star"": 1, ""H2gas"": -0.5, ""H2Ogas"": 1}","{""OHstar"": 1}","100-hc","Os8O19","100-hc",-0.3332735399999933,,"Os2O5-C12c","Os8O19"
"H2O(g) - 0.5H2(g) + * -> OH*","{}","UmVhY3Rpb246NDU2NDMx","PBE+U","{""star"": 1, ""H2gas"": -0.5, ""H2Ogas"": 1}","{""OHstar"": 1}","100-lc","Os8O18","100-lc",-0.39768399000001864,,"Os2O5-C12c","Os8O18"
"H2O(g) - 0.5H2(g) + * -> OH*","{}","UmVhY3Rpb246NDU2NDMz","PBE+U","{""star"": 1, ""H2gas"": -0.5, ""H2Ogas"": 1}","{""OHstar"": 1}","100-hc","Pd8O19","100-hc",0.9859642799999904,,"Pd2O5-C12c","Pd8O19"
"H2O(g) - 0.5H2(g) + * -> OH*","{}","UmVhY3Rpb246NDU2NDM1","PBE+U","{""star"": 1, ""H2gas"": -0.5, ""H2Ogas"": 1}","{""OHstar"": 1}","100-lc","Pd8O18","100-lc",1.077498179999992,,"Pd2O5-C12c","Pd8O18"
"H2O(g) - 0.5H2(g) + * -> OH*","{}","UmVhY3Rpb246NDU2NDM3","PBE+U","{""star"": 1, ""H2gas"": -0.5, ""H2Ogas"": 1}","{""OHstar"": 1}","100-hc","Pt8O19","100-hc",0.4115735799999811,,"Pt2O5-C12c","Pt8O19"
"H2O(g) - 0.5H2(g) + * -> OH*","{}","UmVhY3Rpb246NDU2NDM5","PBE+U","{""star"": 1, ""H2gas"": -0.5, ""H2Ogas"": 1}","{""OHstar"": 1}","100-lc","Pt8O18","100-lc",0.42760924000000955,,"Pt2O5-C12c","Pt8O18"
"H2O(g) - 0.5H2(g) + * -> OH*","{}","UmVhY3Rpb246NDU2NDQx","PBE+U","{""star"": 1, ""H2gas"": -0.5, ""H2Ogas"": 1}","{""OHstar"": 1}","100-hc","Re8O19","100-hc",-0.6760553100000095,,"Re2O5-C12c","Re8O19"
"H2O(g) - 0.5H2(g) + * -> OH*","{}","UmVhY3Rpb246NDU2NDQz","PBE+U","{""star"": 1, ""H2gas"": -0.5, ""H2Ogas"": 1}","{""OHstar"": 1}","100-lc","Re8O18","100-lc",-0.8600174800000104,,"Re2O5-C12c","Re8O18"
"H2O(g) - 0.5H2(g) + * -> OH*","{}","UmVhY3Rpb246NDU2NDQ1","PBE+U","{""star"": 1, ""H2gas"": -0.5, ""H2Ogas"": 1}","{""OHstar"": 1}","100-hc","Rh8O19","100-hc",0.8179115000000081,,"Rh2O5-C12c","Rh8O19"
"H2O(g) - 0.5H2(g) + * -> OH*","{}","UmVhY3Rpb246NDU2NDQ3","PBE+U","{""star"": 1, ""H2gas"": -0.5, ""H2Ogas"": 1}","{""OHstar"": 1}","100-lc","Rh8O18","100-lc",0.6903577299999881,,"Rh2O5-C12c","Rh8O18"
"H2O(g) - 0.5H2(g) + * -> OH*","{}","UmVhY3Rpb246NDU2NDQ5","PBE+U","{""star"": 1, ""H2gas"": -0.5, ""H2Ogas"": 1}","{""OHstar"": 1}","100-hc","Ru8O19","100-hc",0.4742302200000097,,"Ru2O5-C12c","Ru8O19"
"H2O(g) - 0.5H2(g) + * -> OH*","{}","UmVhY3Rpb246NDU2NDUx","PBE+U","{""star"": 1, ""H2gas"": -0.5, ""H2Ogas"": 1}","{""OHstar"": 1}","100-lc","Ru8O18","100-lc",0.33081790999997907,,"Ru2O5-C12c","Ru8O18"
"H2O(g) - 0.5H2(g) + * -> OH*","{}","UmVhY3Rpb246NDU2NDUz","PBE+U","{""star"": 1, ""H2gas"": -0.5, ""H2Ogas"": 1}","{""OHstar"": 1}","100-hc","Tc8O19","100-hc",0.047270650000001524,,"Tc2O5-C12c","Tc8O19"
"H2O(g) - 0.5H2(g) + * -> OH*","{}","UmVhY3Rpb246NDU2NDU1","PBE+U","{""star"": 1, ""H2gas"": -0.5, ""H2Ogas"": 1}","{""OHstar"": 1}","100-lc","Tc8O18","100-lc",-0.127957140000035,,"Tc2O5-C12c","Tc8O18"
"H2O(g) - 0.5H2(g) + * -> OH*","{}","UmVhY3Rpb246NDU2NDU3","PBE+U","{""star"": 1, ""H2gas"": -0.5, ""H2Ogas"": 1}","{""OHstar"": 1}","100-hc","V8O19","100-hc",1.442124409999991,,"V2O5-C12c","V8O19"
"H2O(g) - 0.5H2(g) + * -> OH*","{}","UmVhY3Rpb246NDU2NDU5","PBE+U","{""star"": 1, ""H2gas"": -0.5, ""H2Ogas"": 1}","{""OHstar"": 1}","100-lc","V8O18","100-lc",0.4548601200000064,,"V2O5-C12c","V8O18"
"H2O(g) - 0.5H2(g) + * -> OH*","{}","UmVhY3Rpb246NDU2NDYx","PBE+U","{""star"": 1, ""H2gas"": -0.5, ""H2Ogas"": 1}","{""OHstar"": 1}","100-hc","W8O19","100-hc",-1.0328901199999905,,"W2O5-C12c","W8O19"
"H2O(g) - 0.5H2(g) + * -> OH*","{}","UmVhY3Rpb246NDU2NDYz","PBE+U","{""star"": 1, ""H2gas"": -0.5, ""H2Ogas"": 1}","{""OHstar"": 1}","100-lc","W8O18","100-lc",-1.1664782000000002,,"W2O5-C12c","W8O18"
"H2O(g) - 0.5H2(g) + * -> OH*","{}","UmVhY3Rpb246NDU2NDY1","PBE+U","{""star"": 1, ""H2gas"": -0.5, ""H2Ogas"": 1}","{""OHstar"": 1}","100-hc","Ta8O19","100-hc",-0.1608814599999846,,"Ta2O5-C12c","Ta8O19"
"H2O(g) - 0.5H2(g) + * -> OH*","{}","UmVhY3Rpb246NDU2NDY3","PBE+U","{""star"": 1, ""H2gas"": -0.5, ""H2Ogas"": 1}","{""OHstar"": 1}","100-lc","Ta8O18","100-lc",-2.044229180000002,,"Ta2O5-C12c","Ta8O18"
"H2O(g) - 0.5H2(g) + * -> OH*","{}","UmVhY3Rpb246NDU2NDY5","PBE+U","{""star"": 1, ""H2gas"": -0.5, ""H2Ogas"": 1}","{""OHstar"": 1}","100-lc","O18Sb8","100-lc",0.05770563000001516,,"Sb2O5-C12c","O18Sb8"
"H2O(g) - 0.5H2(g) + * -> OH*","{}","UmVhY3Rpb246NDU2NDcx","PBE+U","{""star"": 1, ""H2gas"": -0.5, ""H2Ogas"": 1}","{""OHstar"": 1}","100-lc","Sn8O18","100-lc",0.9694774000000166,,"Sn2O5-C12c","Sn8O18"
"H2O(g) - 0.5H2(g) + * -> OH*","{}","UmVhY3Rpb246NDU2NDcz","PBE+U","{""star"": 1, ""H2gas"": -0.5, ""H2Ogas"": 1}","{""OHstar"": 1}","100-lc","Zn8O18","100-lc",2.1505056999999965,,"Zn2O5-C12c","Zn8O18"
"H2O(g) - 0.5H2(g) + * -> OH*","{}","UmVhY3Rpb246NDU2NDc0","PBE+U","{""star"": 1, ""H2gas"": -0.5, ""H2Ogas"": 1}","{""OHstar"": 1}","100-lc","Zr8O18","100-lc",1.572928499999989,,"Zr2O5-C12c","Zr8O18"
"H2O(g) - 0.5H2(g) + * -> OH*","{}","UmVhY3Rpb246NDU2NDc2","PBE+U","{""star"": 1, ""H2gas"": -0.5, ""H2Ogas"": 1}","{""OHstar"": 1}","001","W16O48","001",2.1912818800000196,,"WO3","W16O48"
"H2O(g) - 0.5H2(g) + * -> OH*","{}","UmVhY3Rpb246NDU2NDc4","PBE+U","{""star"": 1, ""H2gas"": -0.5, ""H2Ogas"": 1}","{""OHstar"": 1}","001","Re4O12","001",-0.5072324000000208,,"ReO3-Pm3m","Re4O12"
"H2O(g) - 0.5H2(g) + * -> OH*","{}","UmVhY3Rpb246NDU2NDgw","PBE+U","{""star"": 1, ""H2gas"": -0.5, ""H2Ogas"": 1}","{""OHstar"": 1}","001","Os4O12","001",-0.1778749899999923,,"OsO3-Pm3m","Os4O12"
"H2O(g) - 0.5H2(g) + * -> OH*","{}","UmVhY3Rpb246NDU2NDgy","PBE+U","{""star"": 1, ""H2gas"": -0.5, ""H2Ogas"": 1}","{""OHstar"": 1}","001","Ir4O12","001",0.48953946000000315,,"IrO3-Pm3m","Ir4O12"
"H2O(g) - 0.5H2(g) + * -> OH*","{}","UmVhY3Rpb246NDU2NDg0","PBE+U","{""star"": 1, ""H2gas"": -0.5, ""H2Ogas"": 1}","{""OHstar"": 1}","001","Ru4O12","001",0.7694890300000026,,"RuO3-Pm3m","Ru4O12"
"H2O(g) - 0.5H2(g) + * -> OH*","{}","UmVhY3Rpb246NDU2NDg2","PBE+U","{""star"": 1, ""H2gas"": -0.5, ""H2Ogas"": 1}","{""OHstar"": 1}","001","Tc4O12","001",0.3946813699999723,,"TcO3-Pm3m","Tc4O12"
"H2O(g) - 0.5H2(g) + * -> OH*","{}","UmVhY3Rpb246NDU2NDg4","PBE+U","{""star"": 1, ""H2gas"": -0.5, ""H2Ogas"": 1}","{""OHstar"": 1}","001","Mo16O51","001",2.281572780000033,,"Mo16O51","Mo16O51"
"H2O(g) - 0.5H2(g) + * -> OH*","{}","UmVhY3Rpb246NDU2NDkw","PBE+U","{""star"": 1, ""H2gas"": -0.5, ""H2Ogas"": 1}","{""OHstar"": 1}","001","Mn4O12","001",1.442182520000003,,"MnO3-Pm3m","Mn4O12"
"2.0H2O(g) - H2(g) + * -> 2.0OH*","{}","UmVhY3Rpb246NDU2NDkx","PBE+U","{""star"": 1.0, ""H2gas"": -1.0, ""H2Ogas"": 2.0}","{""OHstar"": 2.0}","100","Ag10O10","100",3.7199277899999856,,"AgO-Fm3m","Ag10O10"
"2.0H2O(g) - H2(g) + * -> 2.0OH*","{}","UmVhY3Rpb246NDU2NDkz","PBE+U","{""star"": 1.0, ""H2gas"": -1.0, ""H2Ogas"": 2.0}","{""OHstar"": 2.0}","100","Cd10O10","100",4.297960770000003,,"CdO-Fm3m","Cd10O10"
"2.0H2O(g) - H2(g) + * -> 2.0OH*","{}","UmVhY3Rpb246NDU2NDk2","PBE+U","{""star"": 1.0, ""H2gas"": -1.0, ""H2Ogas"": 2.0}","{""OHstar"": 2.0}","100","Co10O10","100",2.155103260000004,,"CoO-Fm3m","Co10O10"
"2.0H2O(g) - H2(g) + * -> 2.0OH*","{}","UmVhY3Rpb246NDU2NDk4","PBE+U","{""star"": 1.0, ""H2gas"": -1.0, ""H2Ogas"": 2.0}","{""OHstar"": 2.0}","100","Cu10O10","100",2.7724703800000015,,"CuO-Fm3m","Cu10O10"
"2.0H2O(g) - H2(g) + * -> 2.0OH*","{}","UmVhY3Rpb246NDU2NTAw","PBE+U","{""star"": 1.0, ""H2gas"": -1.0, ""H2Ogas"": 2.0}","{""OHstar"": 2.0}","100","Fe10O10","100",1.015554250000008,,"FeO-Fm3m","Fe10O10"
"2.0H2O(g) - H2(g) + * -> 2.0OH*","{}","UmVhY3Rpb246NDU2NTAy","PBE+U","{""star"": 1.0, ""H2gas"": -1.0, ""H2Ogas"": 2.0}","{""OHstar"": 2.0}","100","Hg10O10","100",3.8738190100000054,,"HgO-Fm3m","Hg10O10"
"2.0H2O(g) - H2(g) + * -> 2.0OH*","{}","UmVhY3Rpb246NDU2NTA0","PBE+U","{""star"": 1.0, ""H2gas"": -1.0, ""H2Ogas"": 2.0}","{""OHstar"": 2.0}","100","Mn10O10","100",1.9749196799999993,,"MnO-Fm3m","Mn10O10"
"2.0H2O(g) - H2(g) + * -> 2.0OH*","{}","UmVhY3Rpb246NDU2NTA2","PBE+U","{""star"": 1.0, ""H2gas"": -1.0, ""H2Ogas"": 2.0}","{""OHstar"": 2.0}","100","Ni10O10","100",3.7220931399999984,,"NiO-Fm3m","Ni10O10"
"2.0H2O(g) - H2(g) + * -> 2.0OH*","{}","UmVhY3Rpb246NDU2NTA4","PBE+U","{""star"": 1.0, ""H2gas"": -1.0, ""H2Ogas"": 2.0}","{""OHstar"": 2.0}","100","Pd10O10","100",1.8897015099999948,,"PdO-Fm3m","Pd10O10"
"2.0H2O(g) - H2(g) + * -> 2.0OH*","{}","UmVhY3Rpb246NDU2NTEw","PBE+U","{""star"": 1.0, ""H2gas"": -1.0, ""H2Ogas"": 2.0}","{""OHstar"": 2.0}","100","Pt10O10","100",0.8121947300000016,,"PtO-Fm3m","Pt10O10"
"2.0H2O(g) - H2(g) + * -> 2.0OH*","{}","UmVhY3Rpb246NDU2NTEy","PBE+U","{""star"": 1.0, ""H2gas"": -1.0, ""H2Ogas"": 2.0}","{""OHstar"": 2.0}","100","Sc10O10","100",-3.3397977399999945,,"ScO-Fm3m","Sc10O10"
"2.0H2O(g) - H2(g) + * -> 2.0OH*","{}","UmVhY3Rpb246NDU2NTE0","PBE+U","{""star"": 1.0, ""H2gas"": -1.0, ""H2Ogas"": 2.0}","{""OHstar"": 2.0}","100","Ti10O10","100",-2.5285455099999865,,"TiO-Fm3m","Ti10O10"
"2.0H2O(g) - H2(g) + * -> 2.0OH*","{}","UmVhY3Rpb246NDU2NTE2","PBE+U","{""star"": 1.0, ""H2gas"": -1.0, ""H2Ogas"": 2.0}","{""OHstar"": 2.0}","100","V10O10","100",-0.6891684499999826,,"VO-Fm3m","V10O10"
"2.0H2O(g) - H2(g) + * -> 2.0OH*","{}","UmVhY3Rpb246NDU2NTE4","PBE+U","{""star"": 1.0, ""H2gas"": -1.0, ""H2Ogas"": 2.0}","{""OHstar"": 2.0}","100","Zn10O10","100",3.633032749999998,,"ZnO-Fm3m","Zn10O10"
"H2O(g) - 0.5H2(g) + * -> OH*","{""OH"": ""M1""}","UmVhY3Rpb246NDU2NTIz","PBE+U+D3+VASPsol","{""star"": 1, ""H2gas"": -0.5, ""H2Ogas"": 1}","{""OHstar"": 1}","100","Co3Ni6C96H48N48","100",1.6074597999997877,,"NiCo-MOF","Co3Ni6C96H48N48"
"H2O(g) - 0.5H2(g) + * -> OH*","{""OH"": ""M2""}","UmVhY3Rpb246NDU2NTI0","PBE+U+D3+VASPsol","{""star"": 1, ""H2gas"": -0.5, ""H2Ogas"": 1}","{""OHstar"": 1}","100","Co3Ni6C96H48N48","100",0.7593399999998383,,"NiCo-MOF","Co3Ni6C96H48N48"
"H2O(g) - 0.5H2(g) + * -> OH*","{""OH"": ""M1""}","UmVhY3Rpb246NDU2NTI5","PBE+U+D3+VASPsol","{""star"": 1, ""H2gas"": -0.5, ""H2Ogas"": 1}","{""OHstar"": 1}","100","Cu6Ni3C96H48N48","100",1.4796173600000202,,"CuNi-MOF","Cu6Ni3C96H48N48"
"H2O(g) - 0.5H2(g) + * -> OH*","{""OH"": ""M2""}","UmVhY3Rpb246NDU2NTMw","PBE+U+D3+VASPsol","{""star"": 1, ""H2gas"": -0.5, ""H2Ogas"": 1}","{""OHstar"": 1}","100","Cu6Ni3C96H48N48","100",1.6336982099999204,,"CuNi-MOF","Cu6Ni3C96H48N48"
"H2O(g) - 0.5H2(g) + * -> OH*","{""OH"": ""M1""}","UmVhY3Rpb246NDU2NTM1","PBE+U+D3+VASPsol","{""star"": 1, ""H2gas"": -0.5, ""H2Ogas"": 1}","{""OHstar"": 1}","100","Cu3Ni6C96H48N48","100",1.4275020400000358,,"NiCu-MOF","Cu3Ni6C96H48N48"
"H2O(g) - 0.5H2(g) + * -> OH*","{""OH"": ""M2""}","UmVhY3Rpb246NDU2NTM2","PBE+U+D3+VASPsol","{""star"": 1, ""H2gas"": -0.5, ""H2Ogas"": 1}","{""OHstar"": 1}","100","Cu3Ni6C96H48N48","100",1.1918850899999143,,"NiCu-MOF","Cu3Ni6C96H48N48"
"H2O(g) - 0.5H2(g) + * -> OH*","{""OH"": ""M1""}","UmVhY3Rpb246NDU2NTQx","PBE+U+D3+VASPsol","{""star"": 1, ""H2gas"": -0.5, ""H2Ogas"": 1}","{""OHstar"": 1}","100","Co9C96H48N48","100",1.1190924900001846,,"CoCo-MOF","Co9C96H48N48"
"H2O(g) - 0.5H2(g) + * -> OH*","{""OH"": ""M2""}","UmVhY3Rpb246NDU2NTQy","PBE+U+D3+VASPsol","{""star"": 1, ""H2gas"": -0.5, ""H2Ogas"": 1}","{""OHstar"": 1}","100","Co9C96H48N48","100",0.932594390000304,,"CoCo-MOF","Co9C96H48N48"
"H2O(g) - 0.5H2(g) + * -> OH*","{""OH"": ""M1""}","UmVhY3Rpb246NDU2NTQ3","PBE+U+D3+VASPsol","{""star"": 1, ""H2gas"": -0.5, ""H2Ogas"": 1}","{""OHstar"": 1}","100","Co3Cu6C96H48N48","100",1.0438337499999761,,"CuCo-MOF","Co3Cu6C96H48N48"
"H2O(g) - 0.5H2(g) + * -> OH*","{""OH"": ""M2""}","UmVhY3Rpb246NDU2NTQ4","PBE+U+D3+VASPsol","{""star"": 1, ""H2gas"": -0.5, ""H2Ogas"": 1}","{""OHstar"": 1}","100","Co3Cu6C96H48N48","100",0.4922212999999829,,"CuCo-MOF","Co3Cu6C96H48N48"
"H2O(g) - 0.5H2(g) + * -> OH*","{""OH"": ""M1""}","UmVhY3Rpb246NDU2NTUz","PBE+U+D3+VASPsol","{""star"": 1, ""H2gas"": -0.5, ""H2Ogas"": 1}","{""OHstar"": 1}","100","Cu9C96H48N48","100",1.481537489999937,,"CuCu-MOF","Cu9C96H48N48"
"H2O(g) - 0.5H2(g) + * -> OH*","{""OH"": ""M2""}","UmVhY3Rpb246NDU2NTU0","PBE+U+D3+VASPsol","{""star"": 1, ""H2gas"": -0.5, ""H2Ogas"": 1}","{""OHstar"": 1}","100","Cu9C96H48N48","100",1.2994102000000112,,"CuCu-MOF","Cu9C96H48N48"
"H2O(g) - 0.5H2(g) + * -> OH*","{""OH"": ""M1""}","UmVhY3Rpb246NDU2NTU5","PBE+U+D3+VASPsol","{""star"": 1, ""H2gas"": -0.5, ""H2Ogas"": 1}","{""OHstar"": 1}","100","Co6Ni3C96H48N48","100",0.7928901499999483,,"CoNi-MOF","Co6Ni3C96H48N48"
"H2O(g) - 0.5H2(g) + * -> OH*","{""OH"": ""M2""}","UmVhY3Rpb246NDU2NTYw","PBE+U+D3+VASPsol","{""star"": 1, ""H2gas"": -0.5, ""H2Ogas"": 1}","{""OHstar"": 1}","100","Co6Ni3C96H48N48","100",1.284505210000134,,"CoNi-MOF","Co6Ni3C96H48N48"
"H2O(g) - 0.5H2(g) + * -> OH*","{""OH"": ""M1""}","UmVhY3Rpb246NDU2NTY1","PBE+U+D3+VASPsol","{""star"": 1, ""H2gas"": -0.5, ""H2Ogas"": 1}","{""OHstar"": 1}","100","Ni9C96H48N48","100",1.6110570200000893,,"NiNi-MOF","Ni9C96H48N48"
"H2O(g) - 0.5H2(g) + * -> OH*","{""OH"": ""M2""}","UmVhY3Rpb246NDU2NTY2","PBE+U+D3+VASPsol","{""star"": 1, ""H2gas"": -0.5, ""H2Ogas"": 1}","{""OHstar"": 1}","100","Ni9C96H48N48","100",1.5625627599999916,,"NiNi-MOF","Ni9C96H48N48"
"H2O(g) - 0.5H2(g) + * -> OH*","{""OH"": ""M1""}","UmVhY3Rpb246NDU2NTcx","PBE+U+D3+VASPsol","{""star"": 1, ""H2gas"": -0.5, ""H2Ogas"": 1}","{""OHstar"": 1}","100","Co6Cu3C96H48N48","100",1.117932939999946,,"CoCu-MOF","Co6Cu3C96H48N48"
"H2O(g) - 0.5H2(g) + * -> OH*","{""OH"": ""M2""}","UmVhY3Rpb246NDU2NTcy","PBE+U+D3+VASPsol","{""star"": 1, ""H2gas"": -0.5, ""H2Ogas"": 1}","{""OHstar"": 1}","100","Co6Cu3C96H48N48","100",1.3989138800000092,,"CoCu-MOF","Co6Cu3C96H48N48"
"H2O(g) - 0.5H2(g) + * -> OH*","{}","UmVhY3Rpb246NDU2NTcz","BEEF-vdW","{""star"": 1, ""H2gas"": -0.5, ""H2Ogas"": 1.0}","{""OHstar"": 1}","111","Cu36","111",0.11153103178367019,,"Cu-fcc","Cu36"
"H2O(g) - 0.5H2(g) + * -> OH*","{}","UmVhY3Rpb246NDU2NTc1","BEEF-vdW","{""star"": 1, ""H2gas"": -0.5, ""H2Ogas"": 1.0}","{""OHstar"": 1}","0001","Ru36","0001",-0.2776549048394372,,"Ru-hcp","Ru36"
"H2O(g) - 0.5H2(g) + * -> OH*","{}","UmVhY3Rpb246NDU2NTc3","BEEF-vdW","{""star"": 1, ""H2gas"": -0.5, ""H2Ogas"": 1.0}","{""OHstar"": 1}","111","Ag27","111",0.49561769091087626,,"Ag-fcc","Ag27"
"H2O(g) - 0.5H2(g) + * -> OH*","{}","UmVhY3Rpb246NDU2NTc5","BEEF-vdW","{""star"": 1, ""H2gas"": -0.5, ""H2Ogas"": 1.0}","{""OHstar"": 1}","100","Ag36","100",0.23919902717898367,,"Ag-fcc","Ag36"
"H2O(g) - 0.5H2(g) + * -> OH*","{}","UmVhY3Rpb246NDU2NTg1","BEEF-vdW","{""star"": 1, ""H2gas"": -0.5, ""H2Ogas"": 1.0}","{""OHstar"": 1}","111","Ni27","111",-0.15415528546873247,,"Ni-fcc","Ni27"
"H2O(g) - 0.5H2(g) + * -> OH*","{}","UmVhY3Rpb246NDU2NTg3","BEEF-vdW","{""star"": 1, ""H2gas"": -0.5, ""H2Ogas"": 1.0}","{""OHstar"": 1}","111","Rh27","111",0.20146425120765343,,"Rh-fcc","Rh27"
"H2O(g) - 0.5H2(g) + * -> OH*","{}","UmVhY3Rpb246NDU2NTg5","BEEF-vdW","{""star"": 1, ""H2gas"": -0.5, ""H2Ogas"": 1.0}","{""OHstar"": 1}","111","Au27","111",1.15477478556204,,"Au-fcc","Au27"
"H2O(g) - 0.5H2(g) + * -> OH*","{}","UmVhY3Rpb246NDU2NTkx","BEEF-vdW","{""star"": 1, ""H2gas"": -0.5, ""H2Ogas"": 1.0}","{""OHstar"": 1}","100","Au36","100",0.9886722054288839,,"Au-fcc","Au36"
"H2O(g) - 0.5H2(g) + * -> OH*","{}","UmVhY3Rpb246NDU2NTk3","BEEF-vdW","{""star"": 1, ""H2gas"": -0.5, ""H2Ogas"": 1.0}","{""OHstar"": 1}","0001","Co36","0001",-0.417603534348018,,"Co-hcp","Co36"
"H2O(g) - 0.5H2(g) + * -> OH*","{}","UmVhY3Rpb246NDU2NTk5","BEEF-vdW","{""star"": 1, ""H2gas"": -0.5, ""H2Ogas"": 1.0}","{""OHstar"": 1}","111","Pt27","111",0.7380922885640757,,"Pt-fcc","Pt27"
"H2O(g) - 0.5H2(g) + * -> OH*","{}","UmVhY3Rpb246NDU2NjAx","BEEF-vdW","{""star"": 1, ""H2gas"": -0.5, ""H2Ogas"": 1.0}","{""OHstar"": 1}","211","Pt27","211",0.09775996207099524,,"Pt-fcc","Pt27"
"H2O(g) - 0.5H2(g) + * -> OH*","{}","UmVhY3Rpb246NDU2NjA4","BEEF-vdW","{""star"": 1, ""H2gas"": -0.5, ""H2Ogas"": 1.0}","{""OHstar"": 1}","100-4lays","Cu64","100-4lays",-0.05914163244597148,,"Cu-fcc","Cu64"
"H2O(g) - 0.5H2(g) + * -> OH*","{}","UmVhY3Rpb246NDU2NjI2","BEEF-vdW","{""star"": 1, ""H2gas"": -0.5, ""H2Ogas"": 1.0}","{""OHstar"": 1}","100","Cu36","100",-0.08266362986614695,,"Cu-fcc","Cu36"
"HNO3(g) + 2.0* -> NO2* + OH*","{}","UmVhY3Rpb246NDU2NjQ5","BEEF-vdW","{""star"": 2.0, ""HNO3gas"": 1}","{""OHstar"": 1, ""NO2star"": 1}","111","Rh27","111",-1.7935018444113666,,"Rh-fcc","Rh27"
"0.5H2(g) + O* -> OH*","{}","UmVhY3Rpb246NDU2NjYz","BEEF-vdW","{""H2gas"": 0.5, ""Ostar"": 1}","{""OHstar"": 1}","111","Cu36","111",-0.8463772062023054,,"Cu-fcc","Cu36"
"0.5H2(g) + O* -> OH*","{}","UmVhY3Rpb246NDU2Njc1","BEEF-vdW","{""H2gas"": 0.5, ""Ostar"": 1}","{""OHstar"": 1}","100","Cu36","100",-0.5842725194743252,,"Cu-fcc","Cu36"
"HNO3(g) + 2.0* -> NO2* + OH*","{}","UmVhY3Rpb246NDU2Njc4","BEEF-vdW","{""star"": 2.0, ""HNO3gas"": 1}","{""OHstar"": 1, ""NO2star"": 1}","111","Pt27","111",-0.9825988283664628,0.32300349436263787,"Pt-fcc","Pt27"
"0.5H2(g) + O* -> OH*","{}","UmVhY3Rpb246NDU2Njkx","BEEF-vdW","{""H2gas"": 0.5, ""Ostar"": 1}","{""OHstar"": 1}","0001","Ru36","0001",-0.07457538581365952,,"Ru-hcp","Ru36"
"0.5H2(g) + O* -> OH*","{}","UmVhY3Rpb246NDU2NzAz","BEEF-vdW","{""H2gas"": 0.5, ""Ostar"": 1}","{""OHstar"": 1}","111","Ag27","111",-1.4542361460626125,,"Ag-fcc","Ag27"
"0.5H2(g) + O* -> OH*","{}","UmVhY3Rpb246NDU2NzE2","BEEF-vdW","{""H2gas"": 0.5, ""Ostar"": 1}","{""OHstar"": 1}","111","Ni27","111",-0.28339745947596384,,"Ni-fcc","Ni27"
"HNO3(g) + 2.0* -> NO2* + OH*","{}","UmVhY3Rpb246NDU2NzE5","BEEF-vdW","{""star"": 2.0, ""HNO3gas"": 1}","{""OHstar"": 1, ""NO2star"": 1}","111","Cu36","111",-1.5238700123736635,0.24098225725902012,"Cu-fcc","Cu36"
"0.5H2(g) + O* -> OH*","{}","UmVhY3Rpb246NDU2NzMy","BEEF-vdW","{""H2gas"": 0.5, ""Ostar"": 1}","{""OHstar"": 1}","111","Rh27","111",-0.36248449292907026,,"Rh-fcc","Rh27"
"0.5H2(g) + O* -> OH*","{}","UmVhY3Rpb246NDU2NzUy","BEEF-vdW","{""H2gas"": 0.5, ""Ostar"": 1}","{""OHstar"": 1}","111","Pt27","111",-0.29761574831354665,,"Pt-fcc","Pt27"
"HNO3(g) + 2.0* -> NO2* + OH*","{}","UmVhY3Rpb246NDU2NzU5","BEEF-vdW","{""star"": 2.0, ""HNO3gas"": 1}","{""OHstar"": 1, ""NO2star"": 1}","111","Ag36","111",-1.044998003737419,0.2198467663183692,"Ag-fcc","Ag36"
"H2O(g) - 0.5H2(g) + * -> OH*","{""OH"": ""fcc""}","UmVhY3Rpb246NDU2OTkx","PBE","{""star"": 1, ""H2gas"": -0.5, ""H2Ogas"": 1}","{""OHstar"": 1}","111","Ag16","111",0.7180485551725724,,"Ag-fcc","Ag16"
"H2O(g) - 0.5H2(g) + * -> OH*","{""OH"": ""hcp""}","UmVhY3Rpb246NDU2OTky","PBE","{""star"": 1, ""H2gas"": -0.5, ""H2Ogas"": 1}","{""OHstar"": 1}","111","Ag16","111",0.746135465313273,,"Ag-fcc","Ag16"
"H2O(g) - 0.5H2(g) + * -> OH*","{""OH"": ""ontop""}","UmVhY3Rpb246NDU2OTkz","PBE","{""star"": 1, ""H2gas"": -0.5, ""H2Ogas"": 1}","{""OHstar"": 1}","111","Ag16","111",1.5713873489257821,,"Ag-fcc","Ag16"
"H2O(g) - 0.5H2(g) + * -> OH*","{""OH"": ""fcc""}","UmVhY3Rpb246NDU2OTk2","PBE","{""star"": 1, ""H2gas"": -0.5, ""H2Ogas"": 1}","{""OHstar"": 1}","111+2%","Ag16","111+2%",0.5650899650390784,,"Ag-fcc","Ag16"
"H2O(g) - 0.5H2(g) + * -> OH*","{""OH"": ""fcc""}","UmVhY3Rpb246NDU2OTk5","PBE","{""star"": 1, ""H2gas"": -0.5, ""H2Ogas"": 1}","{""OHstar"": 1}","111+5%","Ag16","111+5%",0.36804947727068793,,"Ag-fcc","Ag16"
"H2O(g) - 0.5H2(g) + * -> OH*","{""OH"": ""fcc""}","UmVhY3Rpb246NDU3MDAy","PBE","{""star"": 1, ""H2gas"": -0.5, ""H2Ogas"": 1}","{""OHstar"": 1}","111+8%","Ag16","111+8%",0.17355842405959265,,"Ag-fcc","Ag16"
"H2O(g) - 0.5H2(g) + * -> OH*","{""OH"": ""fcc""}","UmVhY3Rpb246NDU3MDA1","PBE","{""star"": 1, ""H2gas"": -0.5, ""H2Ogas"": 1}","{""OHstar"": 1}","111-1%","Ag16","111-1%",0.7802479282399872,,"Ag-fcc","Ag16"
"H2O(g) - 0.5H2(g) + * -> OH*","{""OH"": ""fcc""}","UmVhY3Rpb246NDU3MDA4","PBE","{""star"": 1, ""H2gas"": -0.5, ""H2Ogas"": 1}","{""OHstar"": 1}","111-2%","Ag16","111-2%",0.8286288163508289,,"Ag-fcc","Ag16"
"H2O(g) - 0.5H2(g) + * -> OH*","{""OH"": ""fcc""}","UmVhY3Rpb246NDU3MDEx","PBE","{""star"": 1, ""H2gas"": -0.5, ""H2Ogas"": 1}","{""OHstar"": 1}","111-3%","Ag16","111-3%",0.8704833261581371,,"Ag-fcc","Ag16"
"H2O(g) - 0.5H2(g) + * -> OH*","{""OH"": ""fcc""}","UmVhY3Rpb246NDU3MDE0","PBE","{""star"": 1, ""H2gas"": -0.5, ""H2Ogas"": 1}","{""OHstar"": 1}","111-5%","Ag16","111-5%",0.9229947662897757,,"Ag-fcc","Ag16"
"H2O(g) - 0.5H2(g) + * -> OH*","{""OH"": ""fccAAA""}","UmVhY3Rpb246NDU3MDI0","PBE","{""star"": 1, ""H2gas"": -0.5, ""H2Ogas"": 1}","{""OHstar"": 1}","111","Ag12In4","111",0.6414817074801249,,"Ag3In-fcc","Ag12In4"
"H2O(g) - 0.5H2(g) + * -> OH*","{""OH"": ""fccAAB""}","UmVhY3Rpb246NDU3MDI1","PBE","{""star"": 1, ""H2gas"": -0.5, ""H2Ogas"": 1}","{""OHstar"": 1}","111","Ag12In4","111",0.4256827801327745,,"Ag3In-fcc","Ag12In4"
"H2O(g) - 0.5H2(g) + * -> OH*","{""OH"": ""hcpAAA""}","UmVhY3Rpb246NDU3MDI2","PBE","{""star"": 1, ""H2gas"": -0.5, ""H2Ogas"": 1}","{""OHstar"": 1}","111","Ag12In4","111",0.6741684299522603,,"Ag3In-fcc","Ag12In4"
"H2O(g) - 0.5H2(g) + * -> OH*","{""OH"": ""hcpAAB""}","UmVhY3Rpb246NDU3MDI3","PBE","{""star"": 1, ""H2gas"": -0.5, ""H2Ogas"": 1}","{""OHstar"": 1}","111","Ag12In4","111",0.4167929570794513,,"Ag3In-fcc","Ag12In4"
"H2O(g) - 0.5H2(g) + * -> OH*","{""OH"": ""fccAAA""}","UmVhY3Rpb246NDU3MDM3","PBE","{""star"": 1, ""H2gas"": -0.5, ""H2Ogas"": 1}","{""OHstar"": 1}","111+2%","Ag12In4","111+2%",0.48465311433028546,,"Ag3In-fcc","Ag12In4"
"H2O(g) - 0.5H2(g) + * -> OH*","{""OH"": ""fccAAB""}","UmVhY3Rpb246NDU3MDM4","PBE","{""star"": 1, ""H2gas"": -0.5, ""H2Ogas"": 1}","{""OHstar"": 1}","111+2%","Ag12In4","111+2%",0.2963089766781195,,"Ag3In-fcc","Ag12In4"
"H2O(g) - 0.5H2(g) + * -> OH*","{""OH"": ""hcpAAA""}","UmVhY3Rpb246NDU3MDM5","PBE","{""star"": 1, ""H2gas"": -0.5, ""H2Ogas"": 1}","{""OHstar"": 1}","111+2%","Ag12In4","111+2%",0.5276023381156847,,"Ag3In-fcc","Ag12In4"
"H2O(g) - 0.5H2(g) + * -> OH*","{""OH"": ""hcpAAB""}","UmVhY3Rpb246NDU3MDQw","PBE","{""star"": 1, ""H2gas"": -0.5, ""H2Ogas"": 1}","{""OHstar"": 1}","111+2%","Ag12In4","111+2%",0.2913218103021791,,"Ag3In-fcc","Ag12In4"
"H2O(g) - 0.5H2(g) + * -> OH*","{""OH"": ""ontopB-d""}","UmVhY3Rpb246NDU3MDQx","PBE","{""star"": 1, ""H2gas"": -0.5, ""H2Ogas"": 1}","{""OHstar"": 1}","111+2%","Ag12In4","111+2%",0.32217625424164,,"Ag3In-fcc","Ag12In4"
"H2O(g) - 0.5H2(g) + * -> OH*","{""OH"": ""fccAAA""}","UmVhY3Rpb246NDU3MDUx","PBE","{""star"": 1, ""H2gas"": -0.5, ""H2Ogas"": 1}","{""OHstar"": 1}","111+5%","Ag12In4","111+5%",0.2926581613610324,,"Ag3In-fcc","Ag12In4"
"H2O(g) - 0.5H2(g) + * -> OH*","{""OH"": ""fccAAB""}","UmVhY3Rpb246NDU3MDUy","PBE","{""star"": 1, ""H2gas"": -0.5, ""H2Ogas"": 1}","{""OHstar"": 1}","111+5%","Ag12In4","111+5%",0.15130536250580917,,"Ag3In-fcc","Ag12In4"
"H2O(g) - 0.5H2(g) + * -> OH*","{""OH"": ""hcpAAA""}","UmVhY3Rpb246NDU3MDUz","PBE","{""star"": 1, ""H2gas"": -0.5, ""H2Ogas"": 1}","{""OHstar"": 1}","111+5%","Ag12In4","111+5%",0.37045537177618826,,"Ag3In-fcc","Ag12In4"
"H2O(g) - 0.5H2(g) + * -> OH*","{""OH"": ""hcpAAB""}","UmVhY3Rpb246NDU3MDU0","PBE","{""star"": 1, ""H2gas"": -0.5, ""H2Ogas"": 1}","{""OHstar"": 1}","111+5%","Ag12In4","111+5%",0.14456401426286902,,"Ag3In-fcc","Ag12In4"
"H2O(g) - 0.5H2(g) + * -> OH*","{""OH"": ""fccAAA""}","UmVhY3Rpb246NDU3MDY0","PBE","{""star"": 1, ""H2gas"": -0.5, ""H2Ogas"": 1}","{""OHstar"": 1}","111-2%","Ag12In4","111-2%",0.8413397979820729,,"Ag3In-fcc","Ag12In4"
"H2O(g) - 0.5H2(g) + * -> OH*","{""OH"": ""fccAAB""}","UmVhY3Rpb246NDU3MDY1","PBE","{""star"": 1, ""H2gas"": -0.5, ""H2Ogas"": 1}","{""OHstar"": 1}","111-2%","Ag12In4","111-2%",0.572936231521453,,"Ag3In-fcc","Ag12In4"
"H2O(g) - 0.5H2(g) + * -> OH*","{""OH"": ""hcpAAA""}","UmVhY3Rpb246NDU3MDY2","PBE","{""star"": 1, ""H2gas"": -0.5, ""H2Ogas"": 1}","{""OHstar"": 1}","111-2%","Ag12In4","111-2%",0.8602015047690657,,"Ag3In-fcc","Ag12In4"
"H2O(g) - 0.5H2(g) + * -> OH*","{""OH"": ""hcpAAB""}","UmVhY3Rpb246NDU3MDY3","PBE","{""star"": 1, ""H2gas"": -0.5, ""H2Ogas"": 1}","{""OHstar"": 1}","111-2%","Ag12In4","111-2%",0.5584381422522711,,"Ag3In-fcc","Ag12In4"
"H2O(g) - 0.5H2(g) + * -> OH*","{""OH"": ""ontopA-d""}","UmVhY3Rpb246NDU3MDY4","PBE","{""star"": 1, ""H2gas"": -0.5, ""H2Ogas"": 1}","{""OHstar"": 1}","111-2%","Ag12In4","111-2%",0.4920033172820695,,"Ag3In-fcc","Ag12In4"
"H2O(g) - 0.5H2(g) + * -> OH*","{""OH"": ""ontopB""}","UmVhY3Rpb246NDU3MDY5","PBE","{""star"": 1, ""H2gas"": -0.5, ""H2Ogas"": 1}","{""OHstar"": 1}","111-2%","Ag12In4","111-2%",0.6266878304668353,,"Ag3In-fcc","Ag12In4"
"H2O(g) - 0.5H2(g) + * -> OH*","{""OH"": ""hcpAAA""}","UmVhY3Rpb246NDU3MDc4","PBE","{""star"": 1, ""H2gas"": -0.5, ""H2Ogas"": 1}","{""OHstar"": 1}","111-5%","Ag12In4","111-5%",1.153183753711346,,"Ag3In-fcc","Ag12In4"
"H2O(g) - 0.5H2(g) + * -> OH*","{""OH"": ""ontopB""}","UmVhY3Rpb246NDU3MDc5","PBE","{""star"": 1, ""H2gas"": -0.5, ""H2Ogas"": 1}","{""OHstar"": 1}","111-5%","Ag12In4","111-5%",0.5379286501192837,,"Ag3In-fcc","Ag12In4"
"H2O(g) - 0.5H2(g) + * -> OH*","{""OH"": ""fccAAA""}","UmVhY3Rpb246NDU3MDkw","PBE","{""star"": 1, ""H2gas"": -0.5, ""H2Ogas"": 1}","{""OHstar"": 1}","111","Ag12Mg4","111",0.6675054504958098,,"Ag3Mg-fcc","Ag12Mg4"
"H2O(g) - 0.5H2(g) + * -> OH*","{""OH"": ""fccAAB""}","UmVhY3Rpb246NDU3MDkx","PBE","{""star"": 1, ""H2gas"": -0.5, ""H2Ogas"": 1}","{""OHstar"": 1}","111","Ag12Mg4","111",-0.30932078015393927,,"Ag3Mg-fcc","Ag12Mg4"
"H2O(g) - 0.5H2(g) + * -> OH*","{""OH"": ""hcpAAA""}","UmVhY3Rpb246NDU3MDky","PBE","{""star"": 1, ""H2gas"": -0.5, ""H2Ogas"": 1}","{""OHstar"": 1}","111","Ag12Mg4","111",0.8895699350323412,,"Ag3Mg-fcc","Ag12Mg4"
"H2O(g) - 0.5H2(g) + * -> OH*","{""OH"": ""hcpAAB""}","UmVhY3Rpb246NDU3MDkz","PBE","{""star"": 1, ""H2gas"": -0.5, ""H2Ogas"": 1}","{""OHstar"": 1}","111","Ag12Mg4","111",-0.32612884379341267,,"Ag3Mg-fcc","Ag12Mg4"
"H2O(g) - 0.5H2(g) + * -> OH*","{""OH"": ""ontopB""}","UmVhY3Rpb246NDU3MDk0","PBE","{""star"": 1, ""H2gas"": -0.5, ""H2Ogas"": 1}","{""OHstar"": 1}","111","Ag12Mg4","111",-0.007833068953914335,,"Ag3Mg-fcc","Ag12Mg4"
"H2O(g) - 0.5H2(g) + * -> OH*","{""OH"": ""hcpAAB""}","UmVhY3Rpb246NDU3MDk3","PBE","{""star"": 1, ""H2gas"": -0.5, ""H2Ogas"": 1}","{""OHstar"": 1}","111+3%","Ag12Mg4","111+3%",-0.44211192524744547,,"Ag3Mg-fcc","Ag12Mg4"
"H2O(g) - 0.5H2(g) + * -> OH*","{""OH"": ""hcpAAB""}","UmVhY3Rpb246NDU3MTAw","PBE","{""star"": 1, ""H2gas"": -0.5, ""H2Ogas"": 1}","{""OHstar"": 1}","111+5%","Ag12Mg4","111+5%",-0.5020366987409943,,"Ag3Mg-fcc","Ag12Mg4"
"H2O(g) - 0.5H2(g) + * -> OH*","{""OH"": ""hcpAAB""}","UmVhY3Rpb246NDU3MTAz","PBE","{""star"": 1, ""H2gas"": -0.5, ""H2Ogas"": 1}","{""OHstar"": 1}","111-3%","Ag12Mg4","111-3%",-0.2018246572224598,,"Ag3Mg-fcc","Ag12Mg4"
"H2O(g) - 0.5H2(g) + * -> OH*","{""OH"": ""hcpAAB""}","UmVhY3Rpb246NDU3MTA2","PBE","{""star"": 1, ""H2gas"": -0.5, ""H2Ogas"": 1}","{""OHstar"": 1}","111-5%","Ag12Mg4","111-5%",-0.11796053271609708,,"Ag3Mg-fcc","Ag12Mg4"
"H2O(g) - 0.5H2(g) + * -> OH*","{""OH"": ""fccAAA""}","UmVhY3Rpb246NDU3MTI5","PBE","{""star"": 1, ""H2gas"": -0.5, ""H2Ogas"": 1}","{""OHstar"": 1}","0001","Al12Pr4","0001",-0.038612001306319144,,"Al3Pr-hcp","Al12Pr4"
"H2O(g) - 0.5H2(g) + * -> OH*","{""OH"": ""fccAAB""}","UmVhY3Rpb246NDU3MTMw","PBE","{""star"": 1, ""H2gas"": -0.5, ""H2Ogas"": 1}","{""OHstar"": 1}","0001","Al12Pr4","0001",-0.931311109424314,,"Al3Pr-hcp","Al12Pr4"
"H2O(g) - 0.5H2(g) + * -> OH*","{""OH"": ""hcpAAA""}","UmVhY3Rpb246NDU3MTMx","PBE","{""star"": 1, ""H2gas"": -0.5, ""H2Ogas"": 1}","{""OHstar"": 1}","0001","Al12Pr4","0001",0.13367265787383076,,"Al3Pr-hcp","Al12Pr4"
"H2O(g) - 0.5H2(g) + * -> OH*","{""OH"": ""hcpAAB""}","UmVhY3Rpb246NDU3MTMy","PBE","{""star"": 1, ""H2gas"": -0.5, ""H2Ogas"": 1}","{""OHstar"": 1}","0001","Al12Pr4","0001",-1.1278076416265321,,"Al3Pr-hcp","Al12Pr4"
"H2O(g) - 0.5H2(g) + * -> OH*","{""OH"": ""ontopB""}","UmVhY3Rpb246NDU3MTMz","PBE","{""star"": 1, ""H2gas"": -0.5, ""H2Ogas"": 1}","{""OHstar"": 1}","0001","Al12Pr4","0001",-0.9787899401635514,,"Al3Pr-hcp","Al12Pr4"
"H2O(g) - 0.5H2(g) + * -> OH*","{""OH"": ""fccAAA""}","UmVhY3Rpb246NDU3MTUy","PBE","{""star"": 1, ""H2gas"": -0.5, ""H2Ogas"": 1}","{""OHstar"": 1}","0001","Al12Sm4","0001",-0.02502576551432867,,"Al3Sm-hcp","Al12Sm4"
"H2O(g) - 0.5H2(g) + * -> OH*","{""OH"": ""fccAAB""}","UmVhY3Rpb246NDU3MTUz","PBE","{""star"": 1, ""H2gas"": -0.5, ""H2Ogas"": 1}","{""OHstar"": 1}","0001","Al12Sm4","0001",-1.0830673645605202,,"Al3Sm-hcp","Al12Sm4"
"H2O(g) - 0.5H2(g) + * -> OH*","{""OH"": ""hcpAAA""}","UmVhY3Rpb246NDU3MTU0","PBE","{""star"": 1, ""H2gas"": -0.5, ""H2Ogas"": 1}","{""OHstar"": 1}","0001","Al12Sm4","0001",0.0033268637916989974,,"Al3Sm-hcp","Al12Sm4"
"H2O(g) - 0.5H2(g) + * -> OH*","{""OH"": ""hcpAAB""}","UmVhY3Rpb246NDU3MTU1","PBE","{""star"": 1, ""H2gas"": -0.5, ""H2Ogas"": 1}","{""OHstar"": 1}","0001","Al12Sm4","0001",-1.1750347670667907,,"Al3Sm-hcp","Al12Sm4"
"H2O(g) - 0.5H2(g) + * -> OH*","{""OH"": ""ontopB""}","UmVhY3Rpb246NDU3MTU2","PBE","{""star"": 1, ""H2gas"": -0.5, ""H2Ogas"": 1}","{""OHstar"": 1}","0001","Al12Sm4","0001",-1.1018307021913643,,"Al3Sm-hcp","Al12Sm4"
"H2O(g) - 0.5H2(g) + * -> OH*","{""OH"": ""longbridgeA""}","UmVhY3Rpb246NDU3MTY4","PBE","{""star"": 1, ""H2gas"": -0.5, ""H2Ogas"": 1}","{""OHstar"": 1}","101","Al8Co8","101",-0.33518533657479566,,"AlCo-bcc","Al8Co8"
"H2O(g) - 0.5H2(g) + * -> OH*","{""OH"": ""longbridgeB""}","UmVhY3Rpb246NDU3MTY5","PBE","{""star"": 1, ""H2gas"": -0.5, ""H2Ogas"": 1}","{""OHstar"": 1}","101","Al8Co8","101",0.22122256432339782,,"AlCo-bcc","Al8Co8"
"H2O(g) - 0.5H2(g) + * -> OH*","{""OH"": ""shortbridge""}","UmVhY3Rpb246NDU3MTcw","PBE","{""star"": 1, ""H2gas"": -0.5, ""H2Ogas"": 1}","{""OHstar"": 1}","101","Al8Co8","101",-0.40438810351042775,,"AlCo-bcc","Al8Co8"
"H2O(g) - 0.5H2(g) + * -> OH*","{""OH"": ""threefoldAAB""}","UmVhY3Rpb246NDU3MTcx","PBE","{""star"": 1, ""H2gas"": -0.5, ""H2Ogas"": 1}","{""OHstar"": 1}","101","Al8Co8","101",-0.4697978756521479,,"AlCo-bcc","Al8Co8"
"H2O(g) - 0.5H2(g) + * -> OH*","{""OH"": ""threefoldABB""}","UmVhY3Rpb246NDU3MTcy","PBE","{""star"": 1, ""H2gas"": -0.5, ""H2Ogas"": 1}","{""OHstar"": 1}","101","Al8Co8","101",-0.3947988118379726,,"AlCo-bcc","Al8Co8"
"H2O(g) - 0.5H2(g) + * -> OH*","{""OH"": ""longbridgeA""}","UmVhY3Rpb246NDU3MjA5","PBE","{""star"": 1, ""H2gas"": -0.5, ""H2Ogas"": 1}","{""OHstar"": 1}","101","Al8Ir8","101",0.035282144262055226,,"AlIr-bcc","Al8Ir8"
"H2O(g) - 0.5H2(g) + * -> OH*","{""OH"": ""longbridgeB""}","UmVhY3Rpb246NDU3MjEw","PBE","{""star"": 1, ""H2gas"": -0.5, ""H2Ogas"": 1}","{""OHstar"": 1}","101","Al8Ir8","101",1.26300046346023,,"AlIr-bcc","Al8Ir8"
"H2O(g) - 0.5H2(g) + * -> OH*","{""OH"": ""ontopA""}","UmVhY3Rpb246NDU3MjEx","PBE","{""star"": 1, ""H2gas"": -0.5, ""H2Ogas"": 1}","{""OHstar"": 1}","101","Al8Ir8","101",0.22536563357243722,,"AlIr-bcc","Al8Ir8"
"H2O(g) - 0.5H2(g) + * -> OH*","{""OH"": ""ontopB""}","UmVhY3Rpb246NDU3MjEy","PBE","{""star"": 1, ""H2gas"": -0.5, ""H2Ogas"": 1}","{""OHstar"": 1}","101","Al8Ir8","101",0.7444240053209796,,"AlIr-bcc","Al8Ir8"
"H2O(g) - 0.5H2(g) + * -> OH*","{""OH"": ""shortbridge""}","UmVhY3Rpb246NDU3MjEz","PBE","{""star"": 1, ""H2gas"": -0.5, ""H2Ogas"": 1}","{""OHstar"": 1}","101","Al8Ir8","101",-0.16671911483899748,,"AlIr-bcc","Al8Ir8"
"H2O(g) - 0.5H2(g) + * -> OH*","{""OH"": ""threefoldAAB""}","UmVhY3Rpb246NDU3MjE0","PBE","{""star"": 1, ""H2gas"": -0.5, ""H2Ogas"": 1}","{""OHstar"": 1}","101","Al8Ir8","101",-0.1821330032298647,,"AlIr-bcc","Al8Ir8"
"H2O(g) - 0.5H2(g) + * -> OH*","{""OH"": ""threefoldABB-d""}","UmVhY3Rpb246NDU3MjE1","PBE","{""star"": 1, ""H2gas"": -0.5, ""H2Ogas"": 1}","{""OHstar"": 1}","101","Al8Ir8","101",0.1783204162356924,,"AlIr-bcc","Al8Ir8"
"H2O(g) - 0.5H2(g) + * -> OH*","{""OH"": ""longbridgeA""}","UmVhY3Rpb246NDU3MjMx","PBE","{""star"": 1, ""H2gas"": -0.5, ""H2Ogas"": 1}","{""OHstar"": 1}","101","Al8Ni8","101",-0.5635877605891437,,"AlNi-bcc","Al8Ni8"
"H2O(g) - 0.5H2(g) + * -> OH*","{""OH"": ""longbridgeB""}","UmVhY3Rpb246NDU3MjMy","PBE","{""star"": 1, ""H2gas"": -0.5, ""H2Ogas"": 1}","{""OHstar"": 1}","101","Al8Ni8","101",0.6994026346656028,,"AlNi-bcc","Al8Ni8"
"H2O(g) - 0.5H2(g) + * -> OH*","{""OH"": ""ontopA""}","UmVhY3Rpb246NDU3MjMz","PBE","{""star"": 1, ""H2gas"": -0.5, ""H2Ogas"": 1}","{""OHstar"": 1}","101","Al8Ni8","101",-0.09567794680333463,,"AlNi-bcc","Al8Ni8"
"H2O(g) - 0.5H2(g) + * -> OH*","{""OH"": ""longbridgeA""}","UmVhY3Rpb246NDU3MjQ0","PBE","{""star"": 1, ""H2gas"": -0.5, ""H2Ogas"": 1}","{""OHstar"": 1}","101","Al8Rh8","101",-0.18078263830102514,,"AlRh-bcc","Al8Rh8"
"H2O(g) - 0.5H2(g) + * -> OH*","{""OH"": ""longbridgeB""}","UmVhY3Rpb246NDU3MjQ1","PBE","{""star"": 1, ""H2gas"": -0.5, ""H2Ogas"": 1}","{""OHstar"": 1}","101","Al8Rh8","101",0.920432406332111,,"AlRh-bcc","Al8Rh8"
"H2O(g) - 0.5H2(g) + * -> OH*","{""OH"": ""ontopA""}","UmVhY3Rpb246NDU3MjQ2","PBE","{""star"": 1, ""H2gas"": -0.5, ""H2Ogas"": 1}","{""OHstar"": 1}","101","Al8Rh8","101",-0.02481841476401314,,"AlRh-bcc","Al8Rh8"
"H2O(g) - 0.5H2(g) + * -> OH*","{""OH"": ""threefoldAAB""}","UmVhY3Rpb246NDU3MjQ3","PBE","{""star"": 1, ""H2gas"": -0.5, ""H2Ogas"": 1}","{""OHstar"": 1}","101","Al8Rh8","101",-0.2826865497372637,,"AlRh-bcc","Al8Rh8"
"H2O(g) - 0.5H2(g) + * -> OH*","{""OH"": ""longbridgeA""}","UmVhY3Rpb246NDU3MjUy","PBE","{""star"": 1, ""H2gas"": -0.5, ""H2Ogas"": 1}","{""OHstar"": 1}","101-1%","Al8Rh8","101-1%",-0.15470814605578198,,"AlRh-bcc","Al8Rh8"
"H2O(g) - 0.5H2(g) + * -> OH*","{""OH"": ""longbridgeB""}","UmVhY3Rpb246NDU3MjUz","PBE","{""star"": 1, ""H2gas"": -0.5, ""H2Ogas"": 1}","{""OHstar"": 1}","101-1%","Al8Rh8","101-1%",0.9371080865894328,,"AlRh-bcc","Al8Rh8"
"H2O(g) - 0.5H2(g) + * -> OH*","{""OH"": ""ontopA""}","UmVhY3Rpb246NDU3MjU0","PBE","{""star"": 1, ""H2gas"": -0.5, ""H2Ogas"": 1}","{""OHstar"": 1}","101-1%","Al8Rh8","101-1%",-0.006866520605399273,,"AlRh-bcc","Al8Rh8"
"H2O(g) - 0.5H2(g) + * -> OH*","{""OH"": ""shortbridge""}","UmVhY3Rpb246NDU3MjU1","PBE","{""star"": 1, ""H2gas"": -0.5, ""H2Ogas"": 1}","{""OHstar"": 1}","101-1%","Al8Rh8","101-1%",-0.2876836482755607,,"AlRh-bcc","Al8Rh8"
"H2O(g) - 0.5H2(g) + * -> OH*","{""OH"": ""threefoldAAB""}","UmVhY3Rpb246NDU3MjU2","PBE","{""star"": 1, ""H2gas"": -0.5, ""H2Ogas"": 1}","{""OHstar"": 1}","101-1%","Al8Rh8","101-1%",-0.262478559739975,,"AlRh-bcc","Al8Rh8"
"H2O(g) - 0.5H2(g) + * -> OH*","{""OH"": ""longbridgeA""}","UmVhY3Rpb246NDU3MjU5","PBE","{""star"": 1, ""H2gas"": -0.5, ""H2Ogas"": 1}","{""OHstar"": 1}","101-3%","Al8Rh8","101-3%",-0.15002248180826427,,"AlRh-bcc","Al8Rh8"
"H2O(g) - 0.5H2(g) + * -> OH*","{""OH"": ""longbridgeB""}","UmVhY3Rpb246NDU3MjYw","PBE","{""star"": 1, ""H2gas"": -0.5, ""H2Ogas"": 1}","{""OHstar"": 1}","101-3%","Al8Rh8","101-3%",0.9128002934412507,,"AlRh-bcc","Al8Rh8"
"H2O(g) - 0.5H2(g) + * -> OH*","{""OH"": ""ontopA""}","UmVhY3Rpb246NDU3MjYx","PBE","{""star"": 1, ""H2gas"": -0.5, ""H2Ogas"": 1}","{""OHstar"": 1}","101-3%","Al8Rh8","101-3%",-0.015239599473716225,,"AlRh-bcc","Al8Rh8"
"H2O(g) - 0.5H2(g) + * -> OH*","{""OH"": ""threefoldAAB""}","UmVhY3Rpb246NDU3MjYy","PBE","{""star"": 1, ""H2gas"": -0.5, ""H2Ogas"": 1}","{""OHstar"": 1}","101-3%","Al8Rh8","101-3%",-0.24723379009810742,,"AlRh-bcc","Al8Rh8"
"H2O(g) - 0.5H2(g) + * -> OH*","{""OH"": ""longbridgeA""}","UmVhY3Rpb246NDU3MjY1","PBE","{""star"": 1, ""H2gas"": -0.5, ""H2Ogas"": 1}","{""OHstar"": 1}","101-5%","Al8Rh8","101-5%",-0.24171654596648295,,"AlRh-bcc","Al8Rh8"
"H2O(g) - 0.5H2(g) + * -> OH*","{""OH"": ""longbridgeB""}","UmVhY3Rpb246NDU3MjY2","PBE","{""star"": 1, ""H2gas"": -0.5, ""H2Ogas"": 1}","{""OHstar"": 1}","101-5%","Al8Rh8","101-5%",0.7675183068095066,,"AlRh-bcc","Al8Rh8"
"H2O(g) - 0.5H2(g) + * -> OH*","{""OH"": ""ontopA""}","UmVhY3Rpb246NDU3MjY3","PBE","{""star"": 1, ""H2gas"": -0.5, ""H2Ogas"": 1}","{""OHstar"": 1}","101-5%","Al8Rh8","101-5%",-0.10748741529096151,,"AlRh-bcc","Al8Rh8"
"H2O(g) - 0.5H2(g) + * -> OH*","{""OH"": ""fcc""}","UmVhY3Rpb246NDU3Mjg4","PBE","{""star"": 1, ""H2gas"": -0.5, ""H2Ogas"": 1}","{""OHstar"": 1}","111","Au16","111",1.5193882991516148,,"Au-fcc","Au16"
"H2O(g) - 0.5H2(g) + * -> OH*","{""OH"": ""hcp""}","UmVhY3Rpb246NDU3Mjg5","PBE","{""star"": 1, ""H2gas"": -0.5, ""H2Ogas"": 1}","{""OHstar"": 1}","111","Au16","111",1.5766644525974698,,"Au-fcc","Au16"
"H2O(g) - 0.5H2(g) + * -> OH*","{""OH"": ""ontop""}","UmVhY3Rpb246NDU3Mjkw","PBE","{""star"": 1, ""H2gas"": -0.5, ""H2Ogas"": 1}","{""OHstar"": 1}","111","Au16","111",2.2236436759558273,,"Au-fcc","Au16"
"H2O(g) - 0.5H2(g) + * -> OH*","{""OH"": ""fcc""}","UmVhY3Rpb246NDU3Mjkz","PBE","{""star"": 1, ""H2gas"": -0.5, ""H2Ogas"": 1}","{""OHstar"": 1}","111+2%","Au16","111+2%",1.1904243012722873,,"Au-fcc","Au16"
"H2O(g) - 0.5H2(g) + * -> OH*","{""OH"": ""fcc""}","UmVhY3Rpb246NDU3Mjk2","PBE","{""star"": 1, ""H2gas"": -0.5, ""H2Ogas"": 1}","{""OHstar"": 1}","111+5%","Au16","111+5%",0.7859161955566378,,"Au-fcc","Au16"
"H2O(g) - 0.5H2(g) + * -> OH*","{""OH"": ""fcc""}","UmVhY3Rpb246NDU3Mjk5","PBE","{""star"": 1, ""H2gas"": -0.5, ""H2Ogas"": 1}","{""OHstar"": 1}","111+8%","Au16","111+8%",0.4335240125001292,,"Au-fcc","Au16"
"H2O(g) - 0.5H2(g) + * -> OH*","{""OH"": ""fcc""}","UmVhY3Rpb246NDU3MzAy","PBE","{""star"": 1, ""H2gas"": -0.5, ""H2Ogas"": 1}","{""OHstar"": 1}","111-1%","Au16","111-1%",1.661817308238824,,"Au-fcc","Au16"
"H2O(g) - 0.5H2(g) + * -> OH*","{""OH"": ""fcc""}","UmVhY3Rpb246NDU3MzA1","PBE","{""star"": 1, ""H2gas"": -0.5, ""H2Ogas"": 1}","{""OHstar"": 1}","111-2%","Au16","111-2%",1.7779478753909643,,"Au-fcc","Au16"
"H2O(g) - 0.5H2(g) + * -> OH*","{""OH"": ""fcc""}","UmVhY3Rpb246NDU3MzA4","PBE","{""star"": 1, ""H2gas"": -0.5, ""H2Ogas"": 1}","{""OHstar"": 1}","111-3%","Au16","111-3%",1.8830915741928038,,"Au-fcc","Au16"
"H2O(g) - 0.5H2(g) + * -> OH*","{""OH"": ""fcc""}","UmVhY3Rpb246NDU3MzEx","PBE","{""star"": 1, ""H2gas"": -0.5, ""H2Ogas"": 1}","{""OHstar"": 1}","111-5%","Au16","111-5%",2.1607739504433994,,"Au-fcc","Au16"
"H2O(g) - 0.5H2(g) + * -> OH*","{""OH"": ""fccAAA""}","UmVhY3Rpb246NDU3MzIy","PBE","{""star"": 1, ""H2gas"": -0.5, ""H2Ogas"": 1}","{""OHstar"": 1}","111","Au12Li4","111",1.3464849891588528,,"Au3Li-fcc","Au12Li4"
"H2O(g) - 0.5H2(g) + * -> OH*","{""OH"": ""fccAAB""}","UmVhY3Rpb246NDU3MzIz","PBE","{""star"": 1, ""H2gas"": -0.5, ""H2Ogas"": 1}","{""OHstar"": 1}","111","Au12Li4","111",0.4086830122851097,,"Au3Li-fcc","Au12Li4"
"H2O(g) - 0.5H2(g) + * -> OH*","{""OH"": ""hcpAAA""}","UmVhY3Rpb246NDU3MzI0","PBE","{""star"": 1, ""H2gas"": -0.5, ""H2Ogas"": 1}","{""OHstar"": 1}","111","Au12Li4","111",1.4891130495216203,,"Au3Li-fcc","Au12Li4"
"H2O(g) - 0.5H2(g) + * -> OH*","{""OH"": ""hcpAAB""}","UmVhY3Rpb246NDU3MzI1","PBE","{""star"": 1, ""H2gas"": -0.5, ""H2Ogas"": 1}","{""OHstar"": 1}","111","Au12Li4","111",0.4152842218954902,,"Au3Li-fcc","Au12Li4"
"H2O(g) - 0.5H2(g) + * -> OH*","{""OH"": ""ontopB""}","UmVhY3Rpb246NDU3MzI2","PBE","{""star"": 1, ""H2gas"": -0.5, ""H2Ogas"": 1}","{""OHstar"": 1}","111","Au12Li4","111",0.8462106356946606,,"Au3Li-fcc","Au12Li4"
"H2O(g) - 0.5H2(g) + * -> OH*","{""OH"": ""fccAAB""}","UmVhY3Rpb246NDU3MzI5","PBE","{""star"": 1, ""H2gas"": -0.5, ""H2Ogas"": 1}","{""OHstar"": 1}","111+3%","Au12Li4","111+3%",0.2820715724683396,,"Au3Li-fcc","Au12Li4"
"H2O(g) - 0.5H2(g) + * -> OH*","{""OH"": ""fccAAB""}","UmVhY3Rpb246NDU3MzMy","PBE","{""star"": 1, ""H2gas"": -0.5, ""H2Ogas"": 1}","{""OHstar"": 1}","111+5%","Au12Li4","111+5%",0.21585920056350005,,"Au3Li-fcc","Au12Li4"
"H2O(g) - 0.5H2(g) + * -> OH*","{""OH"": ""fccAAB""}","UmVhY3Rpb246NDU3MzM1","PBE","{""star"": 1, ""H2gas"": -0.5, ""H2Ogas"": 1}","{""OHstar"": 1}","111-3%","Au12Li4","111-3%",0.5303815728020709,,"Au3Li-fcc","Au12Li4"
"H2O(g) - 0.5H2(g) + * -> OH*","{""OH"": ""fccAAB""}","UmVhY3Rpb246NDU3MzM4","PBE","{""star"": 1, ""H2gas"": -0.5, ""H2Ogas"": 1}","{""OHstar"": 1}","111-5%","Au12Li4","111-5%",0.5956460361503559,,"Au3Li-fcc","Au12Li4"
"H2O(g) - 0.5H2(g) + * -> OH*","{""OH"": ""longbridgeA""}","UmVhY3Rpb246NDU3MzUx","PBE","{""star"": 1, ""H2gas"": -0.5, ""H2Ogas"": 1}","{""OHstar"": 1}","101","Ca8In8","101",-1.6341999305259378,,"CaIn-bcc","Ca8In8"
"H2O(g) - 0.5H2(g) + * -> OH*","{""OH"": ""longbridgeB""}","UmVhY3Rpb246NDU3MzUy","PBE","{""star"": 1, ""H2gas"": -0.5, ""H2Ogas"": 1}","{""OHstar"": 1}","101","Ca8In8","101",-0.1689350738779467,,"CaIn-bcc","Ca8In8"
"H2O(g) - 0.5H2(g) + * -> OH*","{""OH"": ""ontopA""}","UmVhY3Rpb246NDU3MzUz","PBE","{""star"": 1, ""H2gas"": -0.5, ""H2Ogas"": 1}","{""OHstar"": 1}","101","Ca8In8","101",-0.6489298714077449,,"CaIn-bcc","Ca8In8"
"H2O(g) - 0.5H2(g) + * -> OH*","{""OH"": ""threefoldAAB""}","UmVhY3Rpb246NDU3MzU0","PBE","{""star"": 1, ""H2gas"": -0.5, ""H2Ogas"": 1}","{""OHstar"": 1}","101","Ca8In8","101",-1.6457815036701504,,"CaIn-bcc","Ca8In8"
"H2O(g) - 0.5H2(g) + * -> OH*","{""OH"": ""longbridgeA""}","UmVhY3Rpb246NDU3Mzcy","PBE","{""star"": 1, ""H2gas"": -0.5, ""H2Ogas"": 1}","{""OHstar"": 1}","101","Ca8Pd8","101",-1.2711943553695164,,"CaPd-bcc","Ca8Pd8"
"H2O(g) - 0.5H2(g) + * -> OH*","{""OH"": ""longbridgeB""}","UmVhY3Rpb246NDU3Mzcz","PBE","{""star"": 1, ""H2gas"": -0.5, ""H2Ogas"": 1}","{""OHstar"": 1}","101","Ca8Pd8","101",-0.45877141473829397,,"CaPd-bcc","Ca8Pd8"
"H2O(g) - 0.5H2(g) + * -> OH*","{""OH"": ""ontopA""}","UmVhY3Rpb246NDU3Mzc0","PBE","{""star"": 1, ""H2gas"": -0.5, ""H2Ogas"": 1}","{""OHstar"": 1}","101","Ca8Pd8","101",-0.34158912760176463,,"CaPd-bcc","Ca8Pd8"
"H2O(g) - 0.5H2(g) + * -> OH*","{""OH"": ""threefoldAAB-d""}","UmVhY3Rpb246NDU3Mzc1","PBE","{""star"": 1, ""H2gas"": -0.5, ""H2Ogas"": 1}","{""OHstar"": 1}","101","Ca8Pd8","101",-1.3180089562301873,,"CaPd-bcc","Ca8Pd8"
"H2O(g) - 0.5H2(g) + * -> OH*","{""OH"": ""threefoldABB""}","UmVhY3Rpb246NDU3Mzc2","PBE","{""star"": 1, ""H2gas"": -0.5, ""H2Ogas"": 1}","{""OHstar"": 1}","101","Ca8Pd8","101",-0.30631501069547085,,"CaPd-bcc","Ca8Pd8"
"H2O(g) - 0.5H2(g) + * -> OH*","{""OH"": ""fcc""}","UmVhY3Rpb246NDU3Mzg5","PBE","{""star"": 1, ""H2gas"": -0.5, ""H2Ogas"": 1}","{""OHstar"": 1}","0001","Cd16","0001",0.3600959979376057,,"Cd-hcp","Cd16"
"H2O(g) - 0.5H2(g) + * -> OH*","{""OH"": ""hcp""}","UmVhY3Rpb246NDU3Mzkw","PBE","{""star"": 1, ""H2gas"": -0.5, ""H2Ogas"": 1}","{""OHstar"": 1}","0001","Cd16","0001",0.3089326097651792,,"Cd-hcp","Cd16"
"H2O(g) - 0.5H2(g) + * -> OH*","{""OH"": ""hcp""}","UmVhY3Rpb246NDU3Mzkz","PBE","{""star"": 1, ""H2gas"": -0.5, ""H2Ogas"": 1}","{""OHstar"": 1}","0001+2%","Cd16","0001+2%",0.2737093781506701,,"Cd-hcp","Cd16"
"H2O(g) - 0.5H2(g) + * -> OH*","{""OH"": ""hcp""}","UmVhY3Rpb246NDU3Mzk2","PBE","{""star"": 1, ""H2gas"": -0.5, ""H2Ogas"": 1}","{""OHstar"": 1}","0001+5%","Cd16","0001+5%",0.2244167726203159,,"Cd-hcp","Cd16"
"H2O(g) - 0.5H2(g) + * -> OH*","{""OH"": ""hcp""}","UmVhY3Rpb246NDU3Mzk5","PBE","{""star"": 1, ""H2gas"": -0.5, ""H2Ogas"": 1}","{""OHstar"": 1}","0001+8%","Cd16","0001+8%",0.1618210657434247,,"Cd-hcp","Cd16"
"H2O(g) - 0.5H2(g) + * -> OH*","{""OH"": ""hcp""}","UmVhY3Rpb246NDU3NDAy","PBE","{""star"": 1, ""H2gas"": -0.5, ""H2Ogas"": 1}","{""OHstar"": 1}","0001-1%","Cd16","0001-1%",0.33155765093761147,,"Cd-hcp","Cd16"
"H2O(g) - 0.5H2(g) + * -> OH*","{""OH"": ""hcp""}","UmVhY3Rpb246NDU3NDA1","PBE","{""star"": 1, ""H2gas"": -0.5, ""H2Ogas"": 1}","{""OHstar"": 1}","0001-2%","Cd16","0001-2%",0.3394727622217033,,"Cd-hcp","Cd16"
"H2O(g) - 0.5H2(g) + * -> OH*","{""OH"": ""hcp""}","UmVhY3Rpb246NDU3NDA4","PBE","{""star"": 1, ""H2gas"": -0.5, ""H2Ogas"": 1}","{""OHstar"": 1}","0001-3%","Cd16","0001-3%",0.3070129826919583,,"Cd-hcp","Cd16"
"H2O(g) - 0.5H2(g) + * -> OH*","{""OH"": ""hcp""}","UmVhY3Rpb246NDU3NDEx","PBE","{""star"": 1, ""H2gas"": -0.5, ""H2Ogas"": 1}","{""OHstar"": 1}","0001-5%","Cd16","0001-5%",0.49818587975460105,,"Cd-hcp","Cd16"
"H2O(g) - 0.5H2(g) + * -> OH*","{""OH"": ""fcc""}","UmVhY3Rpb246NDU3NDE3","PBE","{""star"": 1, ""H2gas"": -0.5, ""H2Ogas"": 1}","{""OHstar"": 1}","0001","Co16","0001",-0.1144007394759683,,"Co-fcc","Co16"
"H2O(g) - 0.5H2(g) + * -> OH*","{""OH"": ""hcp""}","UmVhY3Rpb246NDU3NDE4","PBE","{""star"": 1, ""H2gas"": -0.5, ""H2Ogas"": 1}","{""OHstar"": 1}","0001","Co16","0001",-0.18548598994675558,,"Co-fcc","Co16"
"H2O(g) - 0.5H2(g) + * -> OH*","{""OH"": ""ontop""}","UmVhY3Rpb246NDU3NDE5","PBE","{""star"": 1, ""H2gas"": -0.5, ""H2Ogas"": 1}","{""OHstar"": 1}","0001","Co16","0001",0.5543020119075663,,"Co-fcc","Co16"
"H2O(g) - 0.5H2(g) + * -> OH*","{""OH"": ""hcp""}","UmVhY3Rpb246NDU3NDIy","PBE","{""star"": 1, ""H2gas"": -0.5, ""H2Ogas"": 1}","{""OHstar"": 1}","0001+2%","Co16","0001+2%",-0.2864139650919242,,"Co-fcc","Co16"
"H2O(g) - 0.5H2(g) + * -> OH*","{""OH"": ""hcp""}","UmVhY3Rpb246NDU3NDI1","PBE","{""star"": 1, ""H2gas"": -0.5, ""H2Ogas"": 1}","{""OHstar"": 1}","0001+5%","Co16","0001+5%",-0.4367584936480853,,"Co-fcc","Co16"
"H2O(g) - 0.5H2(g) + * -> OH*","{""OH"": ""hcp""}","UmVhY3Rpb246NDU3NDI4","PBE","{""star"": 1, ""H2gas"": -0.5, ""H2Ogas"": 1}","{""OHstar"": 1}","0001+8%","Co16","0001+8%",-0.581751495374192,,"Co-fcc","Co16"
"H2O(g) - 0.5H2(g) + * -> OH*","{""OH"": ""hcp""}","UmVhY3Rpb246NDU3NDMx","PBE","{""star"": 1, ""H2gas"": -0.5, ""H2Ogas"": 1}","{""OHstar"": 1}","0001-1%","Co16","0001-1%",-0.13538575054553803,,"Co-fcc","Co16"
"H2O(g) - 0.5H2(g) + * -> OH*","{""OH"": ""hcp""}","UmVhY3Rpb246NDU3NDM0","PBE","{""star"": 1, ""H2gas"": -0.5, ""H2Ogas"": 1}","{""OHstar"": 1}","0001-2%","Co16","0001-2%",-0.0857588531653164,,"Co-fcc","Co16"
"H2O(g) - 0.5H2(g) + * -> OH*","{""OH"": ""hcp""}","UmVhY3Rpb246NDU3NDM3","PBE","{""star"": 1, ""H2gas"": -0.5, ""H2Ogas"": 1}","{""OHstar"": 1}","0001-3%","Co16","0001-3%",-0.03532581852778094,,"Co-fcc","Co16"
"H2O(g) - 0.5H2(g) + * -> OH*","{""OH"": ""hcp""}","UmVhY3Rpb246NDU3NDQw","PBE","{""star"": 1, ""H2gas"": -0.5, ""H2Ogas"": 1}","{""OHstar"": 1}","0001-5%","Co16","0001-5%",0.06602366095467005,,"Co-fcc","Co16"
"H2O(g) - 0.5H2(g) + * -> OH*","{""OH"": ""fccAAA""}","UmVhY3Rpb246NDU3NDUx","PBE","{""star"": 1, ""H2gas"": -0.5, ""H2Ogas"": 1}","{""OHstar"": 1}","0001","Co12Mo4","0001",0.07049789274606155,,"Co3Mo-hcp","Co12Mo4"
"H2O(g) - 0.5H2(g) + * -> OH*","{""OH"": ""fccAAB""}","UmVhY3Rpb246NDU3NDUy","PBE","{""star"": 1, ""H2gas"": -0.5, ""H2Ogas"": 1}","{""OHstar"": 1}","0001","Co12Mo4","0001",-0.6424723379095667,,"Co3Mo-hcp","Co12Mo4"
"H2O(g) - 0.5H2(g) + * -> OH*","{""OH"": ""hcpAAA""}","UmVhY3Rpb246NDU3NDUz","PBE","{""star"": 1, ""H2gas"": -0.5, ""H2Ogas"": 1}","{""OHstar"": 1}","0001","Co12Mo4","0001",-0.09526079630450113,,"Co3Mo-hcp","Co12Mo4"
"H2O(g) - 0.5H2(g) + * -> OH*","{""OH"": ""hcpAAB""}","UmVhY3Rpb246NDU3NDU0","PBE","{""star"": 1, ""H2gas"": -0.5, ""H2Ogas"": 1}","{""OHstar"": 1}","0001","Co12Mo4","0001",-0.6253673980609165,,"Co3Mo-hcp","Co12Mo4"
"H2O(g) - 0.5H2(g) + * -> OH*","{""OH"": ""hcpAAA""}","UmVhY3Rpb246NDU3NDcw","PBE","{""star"": 1, ""H2gas"": -0.5, ""H2Ogas"": 1}","{""OHstar"": 1}","111","Co12Ti4","111",0.5503192177056917,,"Co3Ti-fcc","Co12Ti4"
"H2O(g) - 0.5H2(g) + * -> OH*","{""OH"": ""hcpAAB""}","UmVhY3Rpb246NDU3NDcx","PBE","{""star"": 1, ""H2gas"": -0.5, ""H2Ogas"": 1}","{""OHstar"": 1}","111","Co12Ti4","111",0.09571481824241346,,"Co3Ti-fcc","Co12Ti4"
"H2O(g) - 0.5H2(g) + * -> OH*","{""OH"": ""fcc""}","UmVhY3Rpb246NDU3NDgy","PBE","{""star"": 1, ""H2gas"": -0.5, ""H2Ogas"": 1}","{""OHstar"": 1}","111","Cu16","111",0.1419359387946315,,"Cu-fcc","Cu16"
"H2O(g) - 0.5H2(g) + * -> OH*","{""OH"": ""hcp""}","UmVhY3Rpb246NDU3NDgz","PBE","{""star"": 1, ""H2gas"": -0.5, ""H2Ogas"": 1}","{""OHstar"": 1}","111","Cu16","111",0.17906804899394047,,"Cu-fcc","Cu16"
"H2O(g) - 0.5H2(g) + * -> OH*","{""OH"": ""ontop""}","UmVhY3Rpb246NDU3NDg0","PBE","{""star"": 1, ""H2gas"": -0.5, ""H2Ogas"": 1}","{""OHstar"": 1}","111","Cu16","111",1.0483166586054722,,"Cu-fcc","Cu16"
"H2O(g) - 0.5H2(g) + * -> OH*","{""OH"": ""fcc""}","UmVhY3Rpb246NDU3NDg3","PBE","{""star"": 1, ""H2gas"": -0.5, ""H2Ogas"": 1}","{""OHstar"": 1}","111+2%","Cu16","111+2%",-0.010280188696924597,,"Cu-fcc","Cu16"
"H2O(g) - 0.5H2(g) + * -> OH*","{""OH"": ""fcc""}","UmVhY3Rpb246NDU3NDkw","PBE","{""star"": 1, ""H2gas"": -0.5, ""H2Ogas"": 1}","{""OHstar"": 1}","111+5%","Cu16","111+5%",-0.20691032882314175,,"Cu-fcc","Cu16"
"H2O(g) - 0.5H2(g) + * -> OH*","{""OH"": ""fcc""}","UmVhY3Rpb246NDU3NDkz","PBE","{""star"": 1, ""H2gas"": -0.5, ""H2Ogas"": 1}","{""OHstar"": 1}","111+8%","Cu16","111+8%",-0.39050458335259464,,"Cu-fcc","Cu16"
"H2O(g) - 0.5H2(g) + * -> OH*","{""OH"": ""fcc""}","UmVhY3Rpb246NDU3NDk2","PBE","{""star"": 1, ""H2gas"": -0.5, ""H2Ogas"": 1}","{""OHstar"": 1}","111-1%","Cu16","111-1%",0.22424071496061515,,"Cu-fcc","Cu16"
"H2O(g) - 0.5H2(g) + * -> OH*","{""OH"": ""fcc""}","UmVhY3Rpb246NDU3NDk5","PBE","{""star"": 1, ""H2gas"": -0.5, ""H2Ogas"": 1}","{""OHstar"": 1}","111-2%","Cu16","111-2%",0.30457565902906936,,"Cu-fcc","Cu16"
"H2O(g) - 0.5H2(g) + * -> OH*","{""OH"": ""fcc""}","UmVhY3Rpb246NDU3NTAy","PBE","{""star"": 1, ""H2gas"": -0.5, ""H2Ogas"": 1}","{""OHstar"": 1}","111-3%","Cu16","111-3%",0.3791925389523385,,"Cu-fcc","Cu16"
"H2O(g) - 0.5H2(g) + * -> OH*","{""OH"": ""fcc""}","UmVhY3Rpb246NDU3NTA1","PBE","{""star"": 1, ""H2gas"": -0.5, ""H2Ogas"": 1}","{""OHstar"": 1}","111-5%","Cu16","111-5%",0.5092068983794888,,"Cu-fcc","Cu16"
"H2O(g) - 0.5H2(g) + * -> OH*","{""OH"": ""fccAAA""}","UmVhY3Rpb246NDU3NTE1","PBE","{""star"": 1, ""H2gas"": -0.5, ""H2Ogas"": 1}","{""OHstar"": 1}","111","Au4Cu12","111",0.1868132251984207,,"Cu3Au-fcc","Au4Cu12"
"H2O(g) - 0.5H2(g) + * -> OH*","{""OH"": ""hcpAAA""}","UmVhY3Rpb246NDU3NTE2","PBE","{""star"": 1, ""H2gas"": -0.5, ""H2Ogas"": 1}","{""OHstar"": 1}","111","Au4Cu12","111",0.22430942370556295,,"Cu3Au-fcc","Au4Cu12"
"H2O(g) - 0.5H2(g) + * -> OH*","{""OH"": ""ontopB""}","UmVhY3Rpb246NDU3NTE3","PBE","{""star"": 1, ""H2gas"": -0.5, ""H2Ogas"": 1}","{""OHstar"": 1}","111","Au4Cu12","111",1.9053319824597565,,"Cu3Au-fcc","Au4Cu12"
"H2O(g) - 0.5H2(g) + * -> OH*","{""OH"": ""fccAAA""}","UmVhY3Rpb246NDU3NTI0","PBE","{""star"": 1, ""H2gas"": -0.5, ""H2Ogas"": 1}","{""OHstar"": 1}","111-3%","Au4Cu12","111-3%",0.3898442991194315,,"Cu3Au-fcc","Au4Cu12"
"H2O(g) - 0.5H2(g) + * -> OH*","{""OH"": ""fccAAA""}","UmVhY3Rpb246NDU3NTM3","PBE","{""star"": 1, ""H2gas"": -0.5, ""H2Ogas"": 1}","{""OHstar"": 1}","111","Cu12Pd4","111",0.024486027701641433,,"Cu3Pd-fcc","Cu12Pd4"
"H2O(g) - 0.5H2(g) + * -> OH*","{""OH"": ""fccAAB-d""}","UmVhY3Rpb246NDU3NTM4","PBE","{""star"": 1, ""H2gas"": -0.5, ""H2Ogas"": 1}","{""OHstar"": 1}","111","Cu12Pd4","111",0.3919754946982721,,"Cu3Pd-fcc","Cu12Pd4"
"H2O(g) - 0.5H2(g) + * -> OH*","{""OH"": ""hcpAAA""}","UmVhY3Rpb246NDU3NTM5","PBE","{""star"": 1, ""H2gas"": -0.5, ""H2Ogas"": 1}","{""OHstar"": 1}","111","Cu12Pd4","111",0.33963562233839184,,"Cu3Pd-fcc","Cu12Pd4"
"H2O(g) - 0.5H2(g) + * -> OH*","{""OH"": ""ontopB""}","UmVhY3Rpb246NDU3NTQw","PBE","{""star"": 1, ""H2gas"": -0.5, ""H2Ogas"": 1}","{""OHstar"": 1}","111","Cu12Pd4","111",1.4741745440114755,,"Cu3Pd-fcc","Cu12Pd4"
"H2O(g) - 0.5H2(g) + * -> OH*","{""OH"": ""fccAAA""}","UmVhY3Rpb246NDU3NTQz","PBE","{""star"": 1, ""H2gas"": -0.5, ""H2Ogas"": 1}","{""OHstar"": 1}","111+3%","Cu12Pd4","111+3%",-0.10219684198091272,,"Cu3Pd-fcc","Cu12Pd4"
"H2O(g) - 0.5H2(g) + * -> OH*","{""OH"": ""fccAAA""}","UmVhY3Rpb246NDU3NTQ2","PBE","{""star"": 1, ""H2gas"": -0.5, ""H2Ogas"": 1}","{""OHstar"": 1}","111+5%","Cu12Pd4","111+5%",-0.18598082895914558,,"Cu3Pd-fcc","Cu12Pd4"
"H2O(g) - 0.5H2(g) + * -> OH*","{""OH"": ""longbridgeA""}","UmVhY3Rpb246NDU3NTYy","PBE","{""star"": 1, ""H2gas"": -0.5, ""H2Ogas"": 1}","{""OHstar"": 1}","101","Cu8Pd8","101",0.5242447254568106,,"CuPd-bcc","Cu8Pd8"
"H2O(g) - 0.5H2(g) + * -> OH*","{""OH"": ""longbridgeB""}","UmVhY3Rpb246NDU3NTYz","PBE","{""star"": 1, ""H2gas"": -0.5, ""H2Ogas"": 1}","{""OHstar"": 1}","101","Cu8Pd8","101",0.9487457151772105,,"CuPd-bcc","Cu8Pd8"
"H2O(g) - 0.5H2(g) + * -> OH*","{""OH"": ""ontopA""}","UmVhY3Rpb246NDU3NTY0","PBE","{""star"": 1, ""H2gas"": -0.5, ""H2Ogas"": 1}","{""OHstar"": 1}","101","Cu8Pd8","101",1.333251412899699,,"CuPd-bcc","Cu8Pd8"
"H2O(g) - 0.5H2(g) + * -> OH*","{""OH"": ""threefoldAAB""}","UmVhY3Rpb246NDU3NTY1","PBE","{""star"": 1, ""H2gas"": -0.5, ""H2Ogas"": 1}","{""OHstar"": 1}","101","Cu8Pd8","101",0.48190925443486776,,"CuPd-bcc","Cu8Pd8"
"H2O(g) - 0.5H2(g) + * -> OH*","{""OH"": ""threefoldAAB-d""}","UmVhY3Rpb246NDU3NTY4","PBE","{""star"": 1, ""H2gas"": -0.5, ""H2Ogas"": 1}","{""OHstar"": 1}","101+2%","Cu8Pd8","101+2%",0.3366970650095027,,"CuPd-bcc","Cu8Pd8"
"H2O(g) - 0.5H2(g) + * -> OH*","{""OH"": ""threefoldAAB-d""}","UmVhY3Rpb246NDU3NTcx","PBE","{""star"": 1, ""H2gas"": -0.5, ""H2Ogas"": 1}","{""OHstar"": 1}","101+5%","Cu8Pd8","101+5%",0.1916907296908903,,"CuPd-bcc","Cu8Pd8"
"H2O(g) - 0.5H2(g) + * -> OH*","{""OH"": ""threefoldAAB-d""}","UmVhY3Rpb246NDU3NTc0","PBE","{""star"": 1, ""H2gas"": -0.5, ""H2Ogas"": 1}","{""OHstar"": 1}","101+8%","Cu8Pd8","101+8%",0.07012972273514606,,"CuPd-bcc","Cu8Pd8"
"H2O(g) - 0.5H2(g) + * -> OH*","{""OH"": ""threefoldAAB""}","UmVhY3Rpb246NDU3NTc3","PBE","{""star"": 1, ""H2gas"": -0.5, ""H2Ogas"": 1}","{""OHstar"": 1}","101-1%","Cu8Pd8","101-1%",0.4251223616738571,,"CuPd-bcc","Cu8Pd8"
"H2O(g) - 0.5H2(g) + * -> OH*","{""OH"": ""threefoldAAB""}","UmVhY3Rpb246NDU3NTgw","PBE","{""star"": 1, ""H2gas"": -0.5, ""H2Ogas"": 1}","{""OHstar"": 1}","101-2%","Cu8Pd8","101-2%",0.4071960462097195,,"CuPd-bcc","Cu8Pd8"
"H2O(g) - 0.5H2(g) + * -> OH*","{""OH"": ""threefoldAAB""}","UmVhY3Rpb246NDU3NTgz","PBE","{""star"": 1, ""H2gas"": -0.5, ""H2Ogas"": 1}","{""OHstar"": 1}","101-3%","Cu8Pd8","101-3%",0.3614077227030066,,"CuPd-bcc","Cu8Pd8"
"H2O(g) - 0.5H2(g) + * -> OH*","{""OH"": ""threefoldAAB""}","UmVhY3Rpb246NDU3NTg2","PBE","{""star"": 1, ""H2gas"": -0.5, ""H2Ogas"": 1}","{""OHstar"": 1}","101-5%","Cu8Pd8","101-5%",0.16048947667877655,,"CuPd-bcc","Cu8Pd8"
"H2O(g) - 0.5H2(g) + * -> OH*","{""OH"": ""longbridgeA""}","UmVhY3Rpb246NDU3NTk0","PBE","{""star"": 1, ""H2gas"": -0.5, ""H2Ogas"": 1}","{""OHstar"": 1}","101","Dy8In8","101",-2.0320281857275404,,"DyIn-bcc","Dy8In8"
"H2O(g) - 0.5H2(g) + * -> OH*","{""OH"": ""longbridgeA""}","UmVhY3Rpb246NDU3NjA2","PBE","{""star"": 1, ""H2gas"": -0.5, ""H2Ogas"": 1}","{""OHstar"": 1}","101","Dy8Mg8","101",-2.3700279957411112,,"DyMg-bcc","Dy8Mg8"
"H2O(g) - 0.5H2(g) + * -> OH*","{""OH"": ""longbridgeB""}","UmVhY3Rpb246NDU3NjA3","PBE","{""star"": 1, ""H2gas"": -0.5, ""H2Ogas"": 1}","{""OHstar"": 1}","101","Dy8Mg8","101",-1.3802366291347425,,"DyMg-bcc","Dy8Mg8"
"H2O(g) - 0.5H2(g) + * -> OH*","{""OH"": ""ontopB""}","UmVhY3Rpb246NDU3NjA4","PBE","{""star"": 1, ""H2gas"": -0.5, ""H2Ogas"": 1}","{""OHstar"": 1}","101","Dy8Mg8","101",-0.5325929059072223,,"DyMg-bcc","Dy8Mg8"
"H2O(g) - 0.5H2(g) + * -> OH*","{""OH"": ""threefoldAAB""}","UmVhY3Rpb246NDU3NjA5","PBE","{""star"": 1, ""H2gas"": -0.5, ""H2Ogas"": 1}","{""OHstar"": 1}","101","Dy8Mg8","101",-2.4240210957177624,,"DyMg-bcc","Dy8Mg8"
"H2O(g) - 0.5H2(g) + * -> OH*","{""OH"": ""threefoldABB""}","UmVhY3Rpb246NDU3NjEw","PBE","{""star"": 1, ""H2gas"": -0.5, ""H2Ogas"": 1}","{""OHstar"": 1}","101","Dy8Mg8","101",-1.6614420632540714,,"DyMg-bcc","Dy8Mg8"
"H2O(g) - 0.5H2(g) + * -> OH*","{""OH"": ""longbridgeA""}","UmVhY3Rpb246NDU3NjE3","PBE","{""star"": 1, ""H2gas"": -0.5, ""H2Ogas"": 1}","{""OHstar"": 1}","101","Dy8Pd8","101",-2.0197524501854787,,"DyPd-bcc","Dy8Pd8"
"H2O(g) - 0.5H2(g) + * -> OH*","{""OH"": ""longbridgeB""}","UmVhY3Rpb246NDU3NjE4","PBE","{""star"": 1, ""H2gas"": -0.5, ""H2Ogas"": 1}","{""OHstar"": 1}","101","Dy8Pd8","101",-0.5026361655291112,,"DyPd-bcc","Dy8Pd8"
"H2O(g) - 0.5H2(g) + * -> OH*","{""OH"": ""ontopA""}","UmVhY3Rpb246NDU3NjE5","PBE","{""star"": 1, ""H2gas"": -0.5, ""H2Ogas"": 1}","{""OHstar"": 1}","101","Dy8Pd8","101",-1.4981265483111201,,"DyPd-bcc","Dy8Pd8"
"H2O(g) - 0.5H2(g) + * -> OH*","{""OH"": ""longbridgeA""}","UmVhY3Rpb246NDU3NjI5","PBE","{""star"": 1, ""H2gas"": -0.5, ""H2Ogas"": 1}","{""OHstar"": 1}","101","Dy8Rh8","101",-1.5988071719912114,,"DyRh-bcc","Dy8Rh8"
"H2O(g) - 0.5H2(g) + * -> OH*","{""OH"": ""longbridgeB""}","UmVhY3Rpb246NDU3NjMw","PBE","{""star"": 1, ""H2gas"": -0.5, ""H2Ogas"": 1}","{""OHstar"": 1}","101","Dy8Rh8","101",-0.309921879619651,,"DyRh-bcc","Dy8Rh8"
"H2O(g) - 0.5H2(g) + * -> OH*","{""OH"": ""ontopA""}","UmVhY3Rpb246NDU3NjMx","PBE","{""star"": 1, ""H2gas"": -0.5, ""H2Ogas"": 1}","{""OHstar"": 1}","101","Dy8Rh8","101",-0.976966777445341,,"DyRh-bcc","Dy8Rh8"
"H2O(g) - 0.5H2(g) + * -> OH*","{""OH"": ""threefoldAAB""}","UmVhY3Rpb246NDU3NjMy","PBE","{""star"": 1, ""H2gas"": -0.5, ""H2Ogas"": 1}","{""OHstar"": 1}","101","Dy8Rh8","101",-1.6406284839104046,,"DyRh-bcc","Dy8Rh8"
"H2O(g) - 0.5H2(g) + * -> OH*","{""OH"": ""hollow""}","UmVhY3Rpb246NDU3NjQx","PBE","{""star"": 1, ""H2gas"": -0.5, ""H2Ogas"": 1}","{""OHstar"": 1}","110","Fe16","110",-2.7486904569450417,,"Fe-bcc","Fe16"
"H2O(g) - 0.5H2(g) + * -> OH*","{""OH"": ""hollow""}","UmVhY3Rpb246NDU3NjQ0","PBE","{""star"": 1, ""H2gas"": -0.5, ""H2Ogas"": 1}","{""OHstar"": 1}","110+2%","Fe16","110+2%",-2.4479619433550397,,"Fe-bcc","Fe16"
"H2O(g) - 0.5H2(g) + * -> OH*","{""OH"": ""hollow""}","UmVhY3Rpb246NDU3NjQ3","PBE","{""star"": 1, ""H2gas"": -0.5, ""H2Ogas"": 1}","{""OHstar"": 1}","110+5%","Fe16","110+5%",-2.8673248795821564,,"Fe-bcc","Fe16"
"H2O(g) - 0.5H2(g) + * -> OH*","{""OH"": ""hollow""}","UmVhY3Rpb246NDU3NjUw","PBE","{""star"": 1, ""H2gas"": -0.5, ""H2Ogas"": 1}","{""OHstar"": 1}","110+8%","Fe16","110+8%",-2.9213562115546665,,"Fe-bcc","Fe16"
"H2O(g) - 0.5H2(g) + * -> OH*","{""OH"": ""longbridgeA""}","UmVhY3Rpb246NDU3NjY0","PBE","{""star"": 1, ""H2gas"": -0.5, ""H2Ogas"": 1}","{""OHstar"": 1}","101","Fe8Rh8","101",-0.28100352564797504,,"FeRh-bcc","Fe8Rh8"
"H2O(g) - 0.5H2(g) + * -> OH*","{""OH"": ""longbridgeB""}","UmVhY3Rpb246NDU3NjY1","PBE","{""star"": 1, ""H2gas"": -0.5, ""H2Ogas"": 1}","{""OHstar"": 1}","101","Fe8Rh8","101",0.46329775633785175,,"FeRh-bcc","Fe8Rh8"
"H2O(g) - 0.5H2(g) + * -> OH*","{""OH"": ""threefoldAAB""}","UmVhY3Rpb246NDU3NjY2","PBE","{""star"": 1, ""H2gas"": -0.5, ""H2Ogas"": 1}","{""OHstar"": 1}","101","Fe8Rh8","101",-0.35581823233223986,,"FeRh-bcc","Fe8Rh8"
"H2O(g) - 0.5H2(g) + * -> OH*","{""OH"": ""threefoldABB""}","UmVhY3Rpb246NDU3NjY3","PBE","{""star"": 1, ""H2gas"": -0.5, ""H2Ogas"": 1}","{""OHstar"": 1}","101","Fe8Rh8","101",0.0769827737021842,,"FeRh-bcc","Fe8Rh8"
"H2O(g) - 0.5H2(g) + * -> OH*","{""OH"": ""fccAAA""}","UmVhY3Rpb246NDU3Njg0","PBE","{""star"": 1, ""H2gas"": -0.5, ""H2Ogas"": 1}","{""OHstar"": 1}","0001","Ga12Tb4","0001",0.7036085622094106,,"Ga3Tb-hcp","Ga12Tb4"
"H2O(g) - 0.5H2(g) + * -> OH*","{""OH"": ""hcpAAA""}","UmVhY3Rpb246NDU3Njg1","PBE","{""star"": 1, ""H2gas"": -0.5, ""H2Ogas"": 1}","{""OHstar"": 1}","0001","Ga12Tb4","0001",0.43016109363088617,,"Ga3Tb-hcp","Ga12Tb4"
"H2O(g) - 0.5H2(g) + * -> OH*","{""OH"": ""ontopB""}","UmVhY3Rpb246NDU3Njg2","PBE","{""star"": 1, ""H2gas"": -0.5, ""H2Ogas"": 1}","{""OHstar"": 1}","0001","Ga12Tb4","0001",-1.2773067124653608,,"Ga3Tb-hcp","Ga12Tb4"
"H2O(g) - 0.5H2(g) + * -> OH*","{""OH"": ""longbridgeA""}","UmVhY3Rpb246NDU3Njk2","PBE","{""star"": 1, ""H2gas"": -0.5, ""H2Ogas"": 1}","{""OHstar"": 1}","101","Co8Ga8","101",0.5572212491606479,,"GaCo-bcc","Co8Ga8"
"H2O(g) - 0.5H2(g) + * -> OH*","{""OH"": ""longbridgeB""}","UmVhY3Rpb246NDU3Njk3","PBE","{""star"": 1, ""H2gas"": -0.5, ""H2Ogas"": 1}","{""OHstar"": 1}","101","Co8Ga8","101",0.7268809621964465,,"GaCo-bcc","Co8Ga8"
"H2O(g) - 0.5H2(g) + * -> OH*","{""OH"": ""threefoldABB""}","UmVhY3Rpb246NDU3Njk4","PBE","{""star"": 1, ""H2gas"": -0.5, ""H2Ogas"": 1}","{""OHstar"": 1}","101","Co8Ga8","101",0.48453637748752953,,"GaCo-bcc","Co8Ga8"
"H2O(g) - 0.5H2(g) + * -> OH*","{""OH"": ""threefoldABB-d""}","UmVhY3Rpb246NDU3NzAy","PBE","{""star"": 1, ""H2gas"": -0.5, ""H2Ogas"": 1}","{""OHstar"": 1}","101","Ga8Ir8","101",0.6757056010210363,,"GaIr-bcc","Ga8Ir8"
"H2O(g) - 0.5H2(g) + * -> OH*","{""OH"": ""threefoldABB""}","UmVhY3Rpb246NDU3NzA1","PBE","{""star"": 1, ""H2gas"": -0.5, ""H2Ogas"": 1}","{""OHstar"": 1}","101+2%","Ga8Ir8","101+2%",0.6942458053053997,,"GaIr-bcc","Ga8Ir8"
"H2O(g) - 0.5H2(g) + * -> OH*","{""OH"": ""threefoldABB""}","UmVhY3Rpb246NDU3NzA4","PBE","{""star"": 1, ""H2gas"": -0.5, ""H2Ogas"": 1}","{""OHstar"": 1}","101+5%","Ga8Ir8","101+5%",0.5579984062896983,,"GaIr-bcc","Ga8Ir8"
"H2O(g) - 0.5H2(g) + * -> OH*","{""OH"": ""threefoldABB-d""}","UmVhY3Rpb246NDU3NzEy","PBE","{""star"": 1, ""H2gas"": -0.5, ""H2Ogas"": 1}","{""OHstar"": 1}","101-1%","Ga8Ir8","101-1%",0.6498851270443993,,"GaIr-bcc","Ga8Ir8"
"H2O(g) - 0.5H2(g) + * -> OH*","{""OH"": ""threefoldABB-d""}","UmVhY3Rpb246NDU3NzE1","PBE","{""star"": 1, ""H2gas"": -0.5, ""H2Ogas"": 1}","{""OHstar"": 1}","101-2%","Ga8Ir8","101-2%",0.6115306814863288,,"GaIr-bcc","Ga8Ir8"
"H2O(g) - 0.5H2(g) + * -> OH*","{""OH"": ""threefoldABB-d""}","UmVhY3Rpb246NDU3NzE4","PBE","{""star"": 1, ""H2gas"": -0.5, ""H2Ogas"": 1}","{""OHstar"": 1}","101-3%","Ga8Ir8","101-3%",0.5565027325756091,,"GaIr-bcc","Ga8Ir8"
"H2O(g) - 0.5H2(g) + * -> OH*","{""OH"": ""ontopA""}","UmVhY3Rpb246NDU3NzIx","PBE","{""star"": 1, ""H2gas"": -0.5, ""H2Ogas"": 1}","{""OHstar"": 1}","101-5%","Ga8Ir8","101-5%",0.3700716912608186,,"GaIr-bcc","Ga8Ir8"
"H2O(g) - 0.5H2(g) + * -> OH*","{""OH"": ""threefoldAAB-d""}","UmVhY3Rpb246NDU3NzI2","PBE","{""star"": 1, ""H2gas"": -0.5, ""H2Ogas"": 1}","{""OHstar"": 1}","101","Ga8Rh8","101",0.4990397729779943,,"GaRh-bcc","Ga8Rh8"
"H2O(g) - 0.5H2(g) + * -> OH*","{""OH"": ""threefoldAAB""}","UmVhY3Rpb246NDU3NzI5","PBE","{""star"": 1, ""H2gas"": -0.5, ""H2Ogas"": 1}","{""OHstar"": 1}","101+2%","Ga8Rh8","101+2%",0.42814105655270396,,"GaRh-bcc","Ga8Rh8"
"H2O(g) - 0.5H2(g) + * -> OH*","{""OH"": ""threefoldAAB""}","UmVhY3Rpb246NDU3NzMx","PBE","{""star"": 1, ""H2gas"": -0.5, ""H2Ogas"": 1}","{""OHstar"": 1}","101+5%","Ga8Rh8","101+5%",0.30220609172829427,,"GaRh-bcc","Ga8Rh8"
"H2O(g) - 0.5H2(g) + * -> OH*","{""OH"": ""threefoldAAB""}","UmVhY3Rpb246NDU3NzMz","PBE","{""star"": 1, ""H2gas"": -0.5, ""H2Ogas"": 1}","{""OHstar"": 1}","101+8%","Ga8Rh8","101+8%",0.16279822654178133,,"GaRh-bcc","Ga8Rh8"
"H2O(g) - 0.5H2(g) + * -> OH*","{""OH"": ""threefoldAAB-d""}","UmVhY3Rpb246NDU3NzM2","PBE","{""star"": 1, ""H2gas"": -0.5, ""H2Ogas"": 1}","{""OHstar"": 1}","101-1%","Ga8Rh8","101-1%",0.5382404925767332,,"GaRh-bcc","Ga8Rh8"
"H2O(g) - 0.5H2(g) + * -> OH*","{""OH"": ""threefoldAAB-d""}","UmVhY3Rpb246NDU3NzM5","PBE","{""star"": 1, ""H2gas"": -0.5, ""H2Ogas"": 1}","{""OHstar"": 1}","101-2%","Ga8Rh8","101-2%",0.5663506684577442,,"GaRh-bcc","Ga8Rh8"
"H2O(g) - 0.5H2(g) + * -> OH*","{""OH"": ""threefoldAAB""}","UmVhY3Rpb246NDU3NzQy","PBE","{""star"": 1, ""H2gas"": -0.5, ""H2Ogas"": 1}","{""OHstar"": 1}","101-3%","Ga8Rh8","101-3%",0.5892573474484379,,"GaRh-bcc","Ga8Rh8"
"H2O(g) - 0.5H2(g) + * -> OH*","{""OH"": ""threefoldAAB""}","UmVhY3Rpb246NDU3NzQ1","PBE","{""star"": 1, ""H2gas"": -0.5, ""H2Ogas"": 1}","{""OHstar"": 1}","101-5%","Ga8Rh8","101-5%",0.4565662041932228,,"GaRh-bcc","Ga8Rh8"
"H2O(g) - 0.5H2(g) + * -> OH*","{""OH"": ""fcc""}","UmVhY3Rpb246NDU3NzUy","PBE","{""star"": 1, ""H2gas"": -0.5, ""H2Ogas"": 1}","{""OHstar"": 1}","0001","Hf16","0001",-2.5439086025835422,,"Hf-hcp","Hf16"
"H2O(g) - 0.5H2(g) + * -> OH*","{""OH"": ""hcp""}","UmVhY3Rpb246NDU3NzUz","PBE","{""star"": 1, ""H2gas"": -0.5, ""H2Ogas"": 1}","{""OHstar"": 1}","0001","Hf16","0001",-2.2493015619111247,,"Hf-hcp","Hf16"
"H2O(g) - 0.5H2(g) + * -> OH*","{""OH"": ""ontop""}","UmVhY3Rpb246NDU3NzU0","PBE","{""star"": 1, ""H2gas"": -0.5, ""H2Ogas"": 1}","{""OHstar"": 1}","0001","Hf16","0001",-1.4069435139426787,,"Hf-hcp","Hf16"
"H2O(g) - 0.5H2(g) + * -> OH*","{""OH"": ""longbridgeA""}","UmVhY3Rpb246NDU3NzY2","PBE","{""star"": 1, ""H2gas"": -0.5, ""H2Ogas"": 1}","{""OHstar"": 1}","101","Hf8Os8","101",-1.3349453215414542,,"HfOs-bcc","Hf8Os8"
"H2O(g) - 0.5H2(g) + * -> OH*","{""OH"": ""longbridgeB""}","UmVhY3Rpb246NDU3NzY3","PBE","{""star"": 1, ""H2gas"": -0.5, ""H2Ogas"": 1}","{""OHstar"": 1}","101","Hf8Os8","101",-0.020277379029721487,,"HfOs-bcc","Hf8Os8"
"H2O(g) - 0.5H2(g) + * -> OH*","{""OH"": ""ontopA""}","UmVhY3Rpb246NDU3NzY4","PBE","{""star"": 1, ""H2gas"": -0.5, ""H2Ogas"": 1}","{""OHstar"": 1}","101","Hf8Os8","101",-1.1010300072157406,,"HfOs-bcc","Hf8Os8"
"H2O(g) - 0.5H2(g) + * -> OH*","{""OH"": ""ontopB""}","UmVhY3Rpb246NDU3NzY5","PBE","{""star"": 1, ""H2gas"": -0.5, ""H2Ogas"": 1}","{""OHstar"": 1}","101","Hf8Os8","101",0.5578159539581975,,"HfOs-bcc","Hf8Os8"
"H2O(g) - 0.5H2(g) + * -> OH*","{""OH"": ""threefoldAAB""}","UmVhY3Rpb246NDU3Nzcw","PBE","{""star"": 1, ""H2gas"": -0.5, ""H2Ogas"": 1}","{""OHstar"": 1}","101","Hf8Os8","101",-1.6723399503753171,,"HfOs-bcc","Hf8Os8"
"H2O(g) - 0.5H2(g) + * -> OH*","{""OH"": ""threefoldAAB""}","UmVhY3Rpb246NDU3Nzcz","PBE","{""star"": 1, ""H2gas"": -0.5, ""H2Ogas"": 1}","{""OHstar"": 1}","101+3%","Hf8Os8","101+3%",-1.7671780178279732,,"HfOs-bcc","Hf8Os8"
"H2O(g) - 0.5H2(g) + * -> OH*","{""OH"": ""threefoldAAB""}","UmVhY3Rpb246NDU3Nzc2","PBE","{""star"": 1, ""H2gas"": -0.5, ""H2Ogas"": 1}","{""OHstar"": 1}","101+5%","Hf8Os8","101+5%",-1.8242348475250765,,"HfOs-bcc","Hf8Os8"
"H2O(g) - 0.5H2(g) + * -> OH*","{""OH"": ""threefoldAAB""}","UmVhY3Rpb246NDU3Nzc5","PBE","{""star"": 1, ""H2gas"": -0.5, ""H2Ogas"": 1}","{""OHstar"": 1}","101-3%","Hf8Os8","101-3%",-1.582711366318108,,"HfOs-bcc","Hf8Os8"
"H2O(g) - 0.5H2(g) + * -> OH*","{""OH"": ""threefoldAAB""}","UmVhY3Rpb246NDU3Nzgy","PBE","{""star"": 1, ""H2gas"": -0.5, ""H2Ogas"": 1}","{""OHstar"": 1}","101-5%","Hf8Os8","101-5%",-1.5319350600839243,,"HfOs-bcc","Hf8Os8"
"H2O(g) - 0.5H2(g) + * -> OH*","{""OH"": ""longbridgeA""}","UmVhY3Rpb246NDU3Nzk0","PBE","{""star"": 1, ""H2gas"": -0.5, ""H2Ogas"": 1}","{""OHstar"": 1}","101","Hf8Rh8","101",-1.6800462142928154,,"HfRh-bcc","Hf8Rh8"
"H2O(g) - 0.5H2(g) + * -> OH*","{""OH"": ""longbridgeB""}","UmVhY3Rpb246NDU3Nzk1","PBE","{""star"": 1, ""H2gas"": -0.5, ""H2Ogas"": 1}","{""OHstar"": 1}","101","Hf8Rh8","101",0.15708478831948014,,"HfRh-bcc","Hf8Rh8"
"H2O(g) - 0.5H2(g) + * -> OH*","{""OH"": ""ontopA""}","UmVhY3Rpb246NDU3Nzk2","PBE","{""star"": 1, ""H2gas"": -0.5, ""H2Ogas"": 1}","{""OHstar"": 1}","101","Hf8Rh8","101",-1.7793386492194259,,"HfRh-bcc","Hf8Rh8"
"H2O(g) - 0.5H2(g) + * -> OH*","{""OH"": ""ontopB""}","UmVhY3Rpb246NDU3Nzk3","PBE","{""star"": 1, ""H2gas"": -0.5, ""H2Ogas"": 1}","{""OHstar"": 1}","101","Hf8Rh8","101",1.0860845628048992,,"HfRh-bcc","Hf8Rh8"
"H2O(g) - 0.5H2(g) + * -> OH*","{""OH"": ""threefoldAAB""}","UmVhY3Rpb246NDU3Nzk4","PBE","{""star"": 1, ""H2gas"": -0.5, ""H2Ogas"": 1}","{""OHstar"": 1}","101","Hf8Rh8","101",-1.8206411761057097,,"HfRh-bcc","Hf8Rh8"
"H2O(g) - 0.5H2(g) + * -> OH*","{""OH"": ""threefoldAAB""}","UmVhY3Rpb246NDU3ODAx","PBE","{""star"": 1, ""H2gas"": -0.5, ""H2Ogas"": 1}","{""OHstar"": 1}","101+3%","Hf8Rh8","101+3%",-1.8639437397068832,,"HfRh-bcc","Hf8Rh8"
"H2O(g) - 0.5H2(g) + * -> OH*","{""OH"": ""threefoldAAB""}","UmVhY3Rpb246NDU3ODA0","PBE","{""star"": 1, ""H2gas"": -0.5, ""H2Ogas"": 1}","{""OHstar"": 1}","101+5%","Hf8Rh8","101+5%",-1.9179398329288233,,"HfRh-bcc","Hf8Rh8"
"H2O(g) - 0.5H2(g) + * -> OH*","{""OH"": ""threefoldAAB""}","UmVhY3Rpb246NDU3ODA3","PBE","{""star"": 1, ""H2gas"": -0.5, ""H2Ogas"": 1}","{""OHstar"": 1}","101-3%","Hf8Rh8","101-3%",-1.8159450354796718,,"HfRh-bcc","Hf8Rh8"
"H2O(g) - 0.5H2(g) + * -> OH*","{""OH"": ""threefoldAAB""}","UmVhY3Rpb246NDU3ODEw","PBE","{""star"": 1, ""H2gas"": -0.5, ""H2Ogas"": 1}","{""OHstar"": 1}","101-5%","Hf8Rh8","101-5%",-1.7873007001326187,,"HfRh-bcc","Hf8Rh8"
"H2O(g) - 0.5H2(g) + * -> OH*","{""OH"": ""longbridgeA""}","UmVhY3Rpb246NDU3ODIy","PBE","{""star"": 1, ""H2gas"": -0.5, ""H2Ogas"": 1}","{""OHstar"": 1}","101","Hf8Ru8","101",-1.5729837047547335,,"HfRu-bcc","Hf8Ru8"
"H2O(g) - 0.5H2(g) + * -> OH*","{""OH"": ""longbridgeB""}","UmVhY3Rpb246NDU3ODIz","PBE","{""star"": 1, ""H2gas"": -0.5, ""H2Ogas"": 1}","{""OHstar"": 1}","101","Hf8Ru8","101",-0.29434513110027183,,"HfRu-bcc","Hf8Ru8"
"H2O(g) - 0.5H2(g) + * -> OH*","{""OH"": ""ontopA""}","UmVhY3Rpb246NDU3ODI0","PBE","{""star"": 1, ""H2gas"": -0.5, ""H2Ogas"": 1}","{""OHstar"": 1}","101","Hf8Ru8","101",-1.3316678464179859,,"HfRu-bcc","Hf8Ru8"
"H2O(g) - 0.5H2(g) + * -> OH*","{""OH"": ""ontopB""}","UmVhY3Rpb246NDU3ODI1","PBE","{""star"": 1, ""H2gas"": -0.5, ""H2Ogas"": 1}","{""OHstar"": 1}","101","Hf8Ru8","101",0.5838324859651038,,"HfRu-bcc","Hf8Ru8"
"H2O(g) - 0.5H2(g) + * -> OH*","{""OH"": ""threefoldAAB""}","UmVhY3Rpb246NDU3ODI2","PBE","{""star"": 1, ""H2gas"": -0.5, ""H2Ogas"": 1}","{""OHstar"": 1}","101","Hf8Ru8","101",-1.7993771122928592,,"HfRu-bcc","Hf8Ru8"
"H2O(g) - 0.5H2(g) + * -> OH*","{""OH"": ""threefoldAAB""}","UmVhY3Rpb246NDU3ODI5","PBE","{""star"": 1, ""H2gas"": -0.5, ""H2Ogas"": 1}","{""OHstar"": 1}","101+3%","Hf8Ru8","101+3%",-1.8545413902393193,,"HfRu-bcc","Hf8Ru8"
"H2O(g) - 0.5H2(g) + * -> OH*","{""OH"": ""threefoldAAB""}","UmVhY3Rpb246NDU3ODMy","PBE","{""star"": 1, ""H2gas"": -0.5, ""H2Ogas"": 1}","{""OHstar"": 1}","101+5%","Hf8Ru8","101+5%",-1.878123727889033,,"HfRu-bcc","Hf8Ru8"
"H2O(g) - 0.5H2(g) + * -> OH*","{""OH"": ""threefoldAAB""}","UmVhY3Rpb246NDU3ODM1","PBE","{""star"": 1, ""H2gas"": -0.5, ""H2Ogas"": 1}","{""OHstar"": 1}","101-3%","Hf8Ru8","101-3%",-1.7348113012340036,,"HfRu-bcc","Hf8Ru8"
"H2O(g) - 0.5H2(g) + * -> OH*","{""OH"": ""threefoldAAB""}","UmVhY3Rpb246NDU3ODM4","PBE","{""star"": 1, ""H2gas"": -0.5, ""H2Ogas"": 1}","{""OHstar"": 1}","101-5%","Hf8Ru8","101-5%",-1.6878728885785677,,"HfRu-bcc","Hf8Ru8"
"H2O(g) - 0.5H2(g) + * -> OH*","{""OH"": ""fccAAA""}","UmVhY3Rpb246NDU3ODQz","PBE","{""star"": 1, ""H2gas"": -0.5, ""H2Ogas"": 1}","{""OHstar"": 1}","111","In12Sc4","111",0.746217643692944,,"In3Sc-fcc","In12Sc4"
"H2O(g) - 0.5H2(g) + * -> OH*","{""OH"": ""hcpAAA""}","UmVhY3Rpb246NDU3ODQ0","PBE","{""star"": 1, ""H2gas"": -0.5, ""H2Ogas"": 1}","{""OHstar"": 1}","111","In12Sc4","111",0.5183593112960807,,"In3Sc-fcc","In12Sc4"
"H2O(g) - 0.5H2(g) + * -> OH*","{""OH"": ""ontopB""}","UmVhY3Rpb246NDU3ODQ1","PBE","{""star"": 1, ""H2gas"": -0.5, ""H2Ogas"": 1}","{""OHstar"": 1}","111","In12Sc4","111",-0.961600100807118,,"In3Sc-fcc","In12Sc4"
"H2O(g) - 0.5H2(g) + * -> OH*","{""OH"": ""ontopB""}","UmVhY3Rpb246NDU3ODQ4","PBE","{""star"": 1, ""H2gas"": -0.5, ""H2Ogas"": 1}","{""OHstar"": 1}","111+3%","In12Sc4","111+3%",-1.1146810061036376,,"In3Sc-fcc","In12Sc4"
"H2O(g) - 0.5H2(g) + * -> OH*","{""OH"": ""ontopB""}","UmVhY3Rpb246NDU3ODUx","PBE","{""star"": 1, ""H2gas"": -0.5, ""H2Ogas"": 1}","{""OHstar"": 1}","111+5%","In12Sc4","111+5%",-1.2222466541279573,,"In3Sc-fcc","In12Sc4"
"H2O(g) - 0.5H2(g) + * -> OH*","{""OH"": ""ontopB""}","UmVhY3Rpb246NDU3ODU0","PBE","{""star"": 1, ""H2gas"": -0.5, ""H2Ogas"": 1}","{""OHstar"": 1}","111-3%","In12Sc4","111-3%",-0.8311404270789353,,"In3Sc-fcc","In12Sc4"
"H2O(g) - 0.5H2(g) + * -> OH*","{""OH"": ""ontopB""}","UmVhY3Rpb246NDU3ODU3","PBE","{""star"": 1, ""H2gas"": -0.5, ""H2Ogas"": 1}","{""OHstar"": 1}","111-5%","In12Sc4","111-5%",-0.7727125518140383,,"In3Sc-fcc","In12Sc4"
"H2O(g) - 0.5H2(g) + * -> OH*","{""OH"": ""fccAAA""}","UmVhY3Rpb246NDU3ODY5","PBE","{""star"": 1, ""H2gas"": -0.5, ""H2Ogas"": 1}","{""OHstar"": 1}","111","In12Y4","111",0.7799016633798601,,"In3Y-fcc","In12Y4"
"H2O(g) - 0.5H2(g) + * -> OH*","{""OH"": ""ontopB""}","UmVhY3Rpb246NDU3ODcw","PBE","{""star"": 1, ""H2gas"": -0.5, ""H2Ogas"": 1}","{""OHstar"": 1}","111","In12Y4","111",-0.9299218322194065,,"In3Y-fcc","In12Y4"
"H2O(g) - 0.5H2(g) + * -> OH*","{""OH"": ""ontopB""}","UmVhY3Rpb246NDU3ODcz","PBE","{""star"": 1, ""H2gas"": -0.5, ""H2Ogas"": 1}","{""OHstar"": 1}","111+3%","In12Y4","111+3%",-1.0942648490236024,,"In3Y-fcc","In12Y4"
"H2O(g) - 0.5H2(g) + * -> OH*","{""OH"": ""ontopB""}","UmVhY3Rpb246NDU3ODc2","PBE","{""star"": 1, ""H2gas"": -0.5, ""H2Ogas"": 1}","{""OHstar"": 1}","111+5%","In12Y4","111+5%",-1.214613180665765,,"In3Y-fcc","In12Y4"
"H2O(g) - 0.5H2(g) + * -> OH*","{""OH"": ""ontopB""}","UmVhY3Rpb246NDU3ODc5","PBE","{""star"": 1, ""H2gas"": -0.5, ""H2Ogas"": 1}","{""OHstar"": 1}","111-3%","In12Y4","111-3%",-0.7872084641749097,,"In3Y-fcc","In12Y4"
"H2O(g) - 0.5H2(g) + * -> OH*","{""OH"": ""ontopB""}","UmVhY3Rpb246NDU3ODgy","PBE","{""star"": 1, ""H2gas"": -0.5, ""H2Ogas"": 1}","{""OHstar"": 1}","111-5%","In12Y4","111-5%",-0.7289854906230175,,"In3Y-fcc","In12Y4"
"H2O(g) - 0.5H2(g) + * -> OH*","{""OH"": ""threefoldAAB""}","UmVhY3Rpb246NDU3ODg2","PBE","{""star"": 1, ""H2gas"": -0.5, ""H2Ogas"": 1}","{""OHstar"": 1}","101","In8Pd8","101",0.3522279623466602,,"InPd-bcc","In8Pd8"
"H2O(g) - 0.5H2(g) + * -> OH*","{""OH"": ""threefoldAAB""}","UmVhY3Rpb246NDU3ODg5","PBE","{""star"": 1, ""H2gas"": -0.5, ""H2Ogas"": 1}","{""OHstar"": 1}","101+2%","In8Pd8","101+2%",0.36726538124639774,,"InPd-bcc","In8Pd8"
"H2O(g) - 0.5H2(g) + * -> OH*","{""OH"": ""threefoldAAB""}","UmVhY3Rpb246NDU3ODky","PBE","{""star"": 1, ""H2gas"": -0.5, ""H2Ogas"": 1}","{""OHstar"": 1}","101+5%","In8Pd8","101+5%",0.35032751930339145,,"InPd-bcc","In8Pd8"
"H2O(g) - 0.5H2(g) + * -> OH*","{""OH"": ""shortbridge""}","UmVhY3Rpb246NDU3ODk1","PBE","{""star"": 1, ""H2gas"": -0.5, ""H2Ogas"": 1}","{""OHstar"": 1}","101+8%","In8Pd8","101+8%",0.264062398342503,,"InPd-bcc","In8Pd8"
"H2O(g) - 0.5H2(g) + * -> OH*","{""OH"": ""threefoldAAB""}","UmVhY3Rpb246NDU3ODk4","PBE","{""star"": 1, ""H2gas"": -0.5, ""H2Ogas"": 1}","{""OHstar"": 1}","101-1%","In8Pd8","101-1%",0.33227535118930973,,"InPd-bcc","In8Pd8"
"H2O(g) - 0.5H2(g) + * -> OH*","{""OH"": ""threefoldAAB""}","UmVhY3Rpb246NDU3OTAw","PBE","{""star"": 1, ""H2gas"": -0.5, ""H2Ogas"": 1}","{""OHstar"": 1}","101-2%","In8Pd8","101-2%",0.302498886223475,,"InPd-bcc","In8Pd8"
"H2O(g) - 0.5H2(g) + * -> OH*","{""OH"": ""threefoldAAB""}","UmVhY3Rpb246NDU3OTAy","PBE","{""star"": 1, ""H2gas"": -0.5, ""H2Ogas"": 1}","{""OHstar"": 1}","101-3%","In8Pd8","101-3%",0.273912647189718,,"InPd-bcc","In8Pd8"
"H2O(g) - 0.5H2(g) + * -> OH*","{""OH"": ""shortbridge""}","UmVhY3Rpb246NDU3OTA4","PBE","{""star"": 1, ""H2gas"": -0.5, ""H2Ogas"": 1}","{""OHstar"": 1}","101","In8Rh8","101",0.4334923112473916,,"InRh-bcc","In8Rh8"
"H2O(g) - 0.5H2(g) + * -> OH*","{""OH"": ""shortbridge""}","UmVhY3Rpb246NDU3OTEx","PBE","{""star"": 1, ""H2gas"": -0.5, ""H2Ogas"": 1}","{""OHstar"": 1}","101+2%","In8Rh8","101+2%",0.33637705913133686,,"InRh-bcc","In8Rh8"
"H2O(g) - 0.5H2(g) + * -> OH*","{""OH"": ""shortbridge""}","UmVhY3Rpb246NDU3OTE0","PBE","{""star"": 1, ""H2gas"": -0.5, ""H2Ogas"": 1}","{""OHstar"": 1}","101+5%","In8Rh8","101+5%",0.19633135910407873,,"InRh-bcc","In8Rh8"
"H2O(g) - 0.5H2(g) + * -> OH*","{""OH"": ""shortbridge""}","UmVhY3Rpb246NDU3OTE3","PBE","{""star"": 1, ""H2gas"": -0.5, ""H2Ogas"": 1}","{""OHstar"": 1}","101+8%","In8Rh8","101+8%",0.0470171896085958,,"InRh-bcc","In8Rh8"
"H2O(g) - 0.5H2(g) + * -> OH*","{""OH"": ""shortbridge""}","UmVhY3Rpb246NDU3OTIw","PBE","{""star"": 1, ""H2gas"": -0.5, ""H2Ogas"": 1}","{""OHstar"": 1}","101-1%","In8Rh8","101-1%",0.4759749958466273,,"InRh-bcc","In8Rh8"
"H2O(g) - 0.5H2(g) + * -> OH*","{""OH"": ""shortbridge""}","UmVhY3Rpb246NDU3OTIz","PBE","{""star"": 1, ""H2gas"": -0.5, ""H2Ogas"": 1}","{""OHstar"": 1}","101-2%","In8Rh8","101-2%",0.5214916136901593,,"InRh-bcc","In8Rh8"
"H2O(g) - 0.5H2(g) + * -> OH*","{""OH"": ""shortbridge-d""}","UmVhY3Rpb246NDU3OTI2","PBE","{""star"": 1, ""H2gas"": -0.5, ""H2Ogas"": 1}","{""OHstar"": 1}","101-3%","In8Rh8","101-3%",0.5645420638247742,,"InRh-bcc","In8Rh8"
"H2O(g) - 0.5H2(g) + * -> OH*","{""OH"": ""shortbridge-d""}","UmVhY3Rpb246NDU3OTI5","PBE","{""star"": 1, ""H2gas"": -0.5, ""H2Ogas"": 1}","{""OHstar"": 1}","101-5%","In8Rh8","101-5%",0.6407570683295489,,"InRh-bcc","In8Rh8"
"H2O(g) - 0.5H2(g) + * -> OH*","{""OH"": ""fcc""}","UmVhY3Rpb246NDU3OTM3","PBE","{""star"": 1, ""H2gas"": -0.5, ""H2Ogas"": 1}","{""OHstar"": 1}","111","Ir16","111",0.7625588960436289,,"Ir-fcc","Ir16"
"H2O(g) - 0.5H2(g) + * -> OH*","{""OH"": ""hcp""}","UmVhY3Rpb246NDU3OTM4","PBE","{""star"": 1, ""H2gas"": -0.5, ""H2Ogas"": 1}","{""OHstar"": 1}","111","Ir16","111",0.9813114830540144,,"Ir-fcc","Ir16"
"H2O(g) - 0.5H2(g) + * -> OH*","{""OH"": ""ontop""}","UmVhY3Rpb246NDU3OTM5","PBE","{""star"": 1, ""H2gas"": -0.5, ""H2Ogas"": 1}","{""OHstar"": 1}","111","Ir16","111",1.2944463468302274,,"Ir-fcc","Ir16"
"H2O(g) - 0.5H2(g) + * -> OH*","{""OH"": ""fcc""}","UmVhY3Rpb246NDU3OTQy","PBE","{""star"": 1, ""H2gas"": -0.5, ""H2Ogas"": 1}","{""OHstar"": 1}","111+2%","Ir16","111+2%",0.6367968595732236,,"Ir-fcc","Ir16"
"H2O(g) - 0.5H2(g) + * -> OH*","{""OH"": ""fcc""}","UmVhY3Rpb246NDU3OTQ1","PBE","{""star"": 1, ""H2gas"": -0.5, ""H2Ogas"": 1}","{""OHstar"": 1}","111+5%","Ir16","111+5%",0.45133263873140095,,"Ir-fcc","Ir16"
"H2O(g) - 0.5H2(g) + * -> OH*","{""OH"": ""fcc""}","UmVhY3Rpb246NDU3OTQ4","PBE","{""star"": 1, ""H2gas"": -0.5, ""H2Ogas"": 1}","{""OHstar"": 1}","111+8%","Ir16","111+8%",0.06256550224497914,,"Ir-fcc","Ir16"
"H2O(g) - 0.5H2(g) + * -> OH*","{""OH"": ""fcc""}","UmVhY3Rpb246NDU3OTUx","PBE","{""star"": 1, ""H2gas"": -0.5, ""H2Ogas"": 1}","{""OHstar"": 1}","111-1%","Ir16","111-1%",0.8207010517799063,,"Ir-fcc","Ir16"
"H2O(g) - 0.5H2(g) + * -> OH*","{""OH"": ""fcc""}","UmVhY3Rpb246NDU3OTU0","PBE","{""star"": 1, ""H2gas"": -0.5, ""H2Ogas"": 1}","{""OHstar"": 1}","111-2%","Ir16","111-2%",0.8731197010783944,,"Ir-fcc","Ir16"
"H2O(g) - 0.5H2(g) + * -> OH*","{""OH"": ""fcc""}","UmVhY3Rpb246NDU3OTU3","PBE","{""star"": 1, ""H2gas"": -0.5, ""H2Ogas"": 1}","{""OHstar"": 1}","111-3%","Ir16","111-3%",0.9185403988085454,,"Ir-fcc","Ir16"
"H2O(g) - 0.5H2(g) + * -> OH*","{""OH"": ""fcc""}","UmVhY3Rpb246NDU3OTYw","PBE","{""star"": 1, ""H2gas"": -0.5, ""H2Ogas"": 1}","{""OHstar"": 1}","111-5%","Ir16","111-5%",0.9716775647102622,,"Ir-fcc","Ir16"
"H2O(g) - 0.5H2(g) + * -> OH*","{""OH"": ""fccAAA""}","UmVhY3Rpb246NDU3OTcx","PBE","{""star"": 1, ""H2gas"": -0.5, ""H2Ogas"": 1}","{""OHstar"": 1}","111","Ir12Ti4","111",1.0301624478233862,,"Ir3Ti-fcc","Ir12Ti4"
"H2O(g) - 0.5H2(g) + * -> OH*","{""OH"": ""fccAAB""}","UmVhY3Rpb246NDU3OTcy","PBE","{""star"": 1, ""H2gas"": -0.5, ""H2Ogas"": 1}","{""OHstar"": 1}","111","Ir12Ti4","111",-0.5640876337056397,,"Ir3Ti-fcc","Ir12Ti4"
"H2O(g) - 0.5H2(g) + * -> OH*","{""OH"": ""hcpAAA""}","UmVhY3Rpb246NDU3OTcz","PBE","{""star"": 1, ""H2gas"": -0.5, ""H2Ogas"": 1}","{""OHstar"": 1}","111","Ir12Ti4","111",0.5041925206314772,,"Ir3Ti-fcc","Ir12Ti4"
"H2O(g) - 0.5H2(g) + * -> OH*","{""OH"": ""ontopA-d""}","UmVhY3Rpb246NDU3OTc0","PBE","{""star"": 1, ""H2gas"": -0.5, ""H2Ogas"": 1}","{""OHstar"": 1}","111","Ir12Ti4","111",0.2502028241942753,,"Ir3Ti-fcc","Ir12Ti4"
"H2O(g) - 0.5H2(g) + * -> OH*","{""OH"": ""ontopB""}","UmVhY3Rpb246NDU3OTc1","PBE","{""star"": 1, ""H2gas"": -0.5, ""H2Ogas"": 1}","{""OHstar"": 1}","111","Ir12Ti4","111",-0.6679413768579252,,"Ir3Ti-fcc","Ir12Ti4"
"H2O(g) - 0.5H2(g) + * -> OH*","{""OH"": ""hcpAAB-d""}","UmVhY3Rpb246NDU3OTc4","PBE","{""star"": 1, ""H2gas"": -0.5, ""H2Ogas"": 1}","{""OHstar"": 1}","111+3%","Ir12Ti4","111+3%",-0.7177854210822261,,"Ir3Ti-fcc","Ir12Ti4"
"H2O(g) - 0.5H2(g) + * -> OH*","{""OH"": ""hcpAAB""}","UmVhY3Rpb246NDU3OTgx","PBE","{""star"": 1, ""H2gas"": -0.5, ""H2Ogas"": 1}","{""OHstar"": 1}","111+5%","Ir12Ti4","111+5%",-0.5051304970256751,,"Ir3Ti-fcc","Ir12Ti4"
"H2O(g) - 0.5H2(g) + * -> OH*","{""OH"": ""hcpAAB-d""}","UmVhY3Rpb246NDU3OTg0","PBE","{""star"": 1, ""H2gas"": -0.5, ""H2Ogas"": 1}","{""OHstar"": 1}","111-3%","Ir12Ti4","111-3%",-0.6984420728040277,,"Ir3Ti-fcc","Ir12Ti4"
"H2O(g) - 0.5H2(g) + * -> OH*","{""OH"": ""fccAAA""}","UmVhY3Rpb246NDU3OTk3","PBE","{""star"": 1, ""H2gas"": -0.5, ""H2Ogas"": 1}","{""OHstar"": 1}","111","Ir12Zr4","111",1.5919078616716433,,"Ir3Zr-fcc","Ir12Zr4"
"H2O(g) - 0.5H2(g) + * -> OH*","{""OH"": ""fccAAB""}","UmVhY3Rpb246NDU3OTk4","PBE","{""star"": 1, ""H2gas"": -0.5, ""H2Ogas"": 1}","{""OHstar"": 1}","111","Ir12Zr4","111",-0.6640023929867311,,"Ir3Zr-fcc","Ir12Zr4"
"H2O(g) - 0.5H2(g) + * -> OH*","{""OH"": ""hcpAAA""}","UmVhY3Rpb246NDU3OTk5","PBE","{""star"": 1, ""H2gas"": -0.5, ""H2Ogas"": 1}","{""OHstar"": 1}","111","Ir12Zr4","111",0.5434314722224372,,"Ir3Zr-fcc","Ir12Zr4"
"H2O(g) - 0.5H2(g) + * -> OH*","{""OH"": ""ontopB""}","UmVhY3Rpb246NDU4MDAw","PBE","{""star"": 1, ""H2gas"": -0.5, ""H2Ogas"": 1}","{""OHstar"": 1}","111","Ir12Zr4","111",-0.7779692469484871,,"Ir3Zr-fcc","Ir12Zr4"
"H2O(g) - 0.5H2(g) + * -> OH*","{""OH"": ""ontopB""}","UmVhY3Rpb246NDU4MDAz","PBE","{""star"": 1, ""H2gas"": -0.5, ""H2Ogas"": 1}","{""OHstar"": 1}","111+3%","Ir12Zr4","111+3%",-0.790205117824371,,"Ir3Zr-fcc","Ir12Zr4"
"H2O(g) - 0.5H2(g) + * -> OH*","{""OH"": ""hcpAAB-d""}","UmVhY3Rpb246NDU4MDA2","PBE","{""star"": 1, ""H2gas"": -0.5, ""H2Ogas"": 1}","{""OHstar"": 1}","111+5%","Ir12Zr4","111+5%",-0.4931041538147838,,"Ir3Zr-fcc","Ir12Zr4"
"H2O(g) - 0.5H2(g) + * -> OH*","{""OH"": ""ontopB""}","UmVhY3Rpb246NDU4MDA5","PBE","{""star"": 1, ""H2gas"": -0.5, ""H2Ogas"": 1}","{""OHstar"": 1}","111-3%","Ir12Zr4","111-3%",-0.8677495344745694,,"Ir3Zr-fcc","Ir12Zr4"
"H2O(g) - 0.5H2(g) + * -> OH*","{""OH"": ""ontopB""}","UmVhY3Rpb246NDU4MDEy","PBE","{""star"": 1, ""H2gas"": -0.5, ""H2Ogas"": 1}","{""OHstar"": 1}","111-5%","Ir12Zr4","111-5%",-1.0622618125707959,,"Ir3Zr-fcc","Ir12Zr4"
"H2O(g) - 0.5H2(g) + * -> OH*","{""OH"": ""longbridgeA""}","UmVhY3Rpb246NDU4MDIx","PBE","{""star"": 1, ""H2gas"": -0.5, ""H2Ogas"": 1}","{""OHstar"": 1}","101","Mg8Pd8","101",-0.8857851036482316,,"MgPd-bcc","Mg8Pd8"
"H2O(g) - 0.5H2(g) + * -> OH*","{""OH"": ""longbridgeB""}","UmVhY3Rpb246NDU4MDIy","PBE","{""star"": 1, ""H2gas"": -0.5, ""H2Ogas"": 1}","{""OHstar"": 1}","101","Mg8Pd8","101",0.42510889203913393,,"MgPd-bcc","Mg8Pd8"
"H2O(g) - 0.5H2(g) + * -> OH*","{""OH"": ""ontopA""}","UmVhY3Rpb246NDU4MDIz","PBE","{""star"": 1, ""H2gas"": -0.5, ""H2Ogas"": 1}","{""OHstar"": 1}","101","Mg8Pd8","101",0.06015280489009456,,"MgPd-bcc","Mg8Pd8"
"H2O(g) - 0.5H2(g) + * -> OH*","{""OH"": ""ontopB""}","UmVhY3Rpb246NDU4MDI0","PBE","{""star"": 1, ""H2gas"": -0.5, ""H2Ogas"": 1}","{""OHstar"": 1}","101","Mg8Pd8","101",1.150114037496678,,"MgPd-bcc","Mg8Pd8"
"H2O(g) - 0.5H2(g) + * -> OH*","{""OH"": ""threefoldAAB""}","UmVhY3Rpb246NDU4MDI1","PBE","{""star"": 1, ""H2gas"": -0.5, ""H2Ogas"": 1}","{""OHstar"": 1}","101","Mg8Pd8","101",-0.9064759596549266,,"MgPd-bcc","Mg8Pd8"
"H2O(g) - 0.5H2(g) + * -> OH*","{""OH"": ""threefoldABB""}","UmVhY3Rpb246NDU4MDI2","PBE","{""star"": 1, ""H2gas"": -0.5, ""H2Ogas"": 1}","{""OHstar"": 1}","101","Mg8Pd8","101",-0.13097764241319965,,"MgPd-bcc","Mg8Pd8"
"H2O(g) - 0.5H2(g) + * -> OH*","{""OH"": ""longbridgeA""}","UmVhY3Rpb246NDU4MDM3","PBE","{""star"": 1, ""H2gas"": -0.5, ""H2Ogas"": 1}","{""OHstar"": 1}","101","Mg8Rh8","101",-0.7831059398813522,,"MgRh-bcc","Mg8Rh8"
"H2O(g) - 0.5H2(g) + * -> OH*","{""OH"": ""longbridgeB""}","UmVhY3Rpb246NDU4MDM4","PBE","{""star"": 1, ""H2gas"": -0.5, ""H2Ogas"": 1}","{""OHstar"": 1}","101","Mg8Rh8","101",-0.07375427905935794,,"MgRh-bcc","Mg8Rh8"
"H2O(g) - 0.5H2(g) + * -> OH*","{""OH"": ""ontopA""}","UmVhY3Rpb246NDU4MDM5","PBE","{""star"": 1, ""H2gas"": -0.5, ""H2Ogas"": 1}","{""OHstar"": 1}","101","Mg8Rh8","101",0.33881138953438494,,"MgRh-bcc","Mg8Rh8"
"H2O(g) - 0.5H2(g) + * -> OH*","{""OH"": ""ontopB""}","UmVhY3Rpb246NDU4MDQw","PBE","{""star"": 1, ""H2gas"": -0.5, ""H2Ogas"": 1}","{""OHstar"": 1}","101","Mg8Rh8","101",0.6809707316788263,,"MgRh-bcc","Mg8Rh8"
"H2O(g) - 0.5H2(g) + * -> OH*","{""OH"": ""threefoldAAB""}","UmVhY3Rpb246NDU4MDQx","PBE","{""star"": 1, ""H2gas"": -0.5, ""H2Ogas"": 1}","{""OHstar"": 1}","101","Mg8Rh8","101",-0.8411388419117429,,"MgRh-bcc","Mg8Rh8"
"H2O(g) - 0.5H2(g) + * -> OH*","{""OH"": ""threefoldABB""}","UmVhY3Rpb246NDU4MDQy","PBE","{""star"": 1, ""H2gas"": -0.5, ""H2Ogas"": 1}","{""OHstar"": 1}","101","Mg8Rh8","101",-0.32177556661190465,,"MgRh-bcc","Mg8Rh8"
"H2O(g) - 0.5H2(g) + * -> OH*","{""OH"": ""longbridgeA""}","UmVhY3Rpb246NDU4MDU0","PBE","{""star"": 1, ""H2gas"": -0.5, ""H2Ogas"": 1}","{""OHstar"": 1}","101","Mg8Sc8","101",-1.3102130308070628,,"MgSc-bcc","Mg8Sc8"
"H2O(g) - 0.5H2(g) + * -> OH*","{""OH"": ""longbridgeB""}","UmVhY3Rpb246NDU4MDU1","PBE","{""star"": 1, ""H2gas"": -0.5, ""H2Ogas"": 1}","{""OHstar"": 1}","101","Mg8Sc8","101",-2.384885003160889,,"MgSc-bcc","Mg8Sc8"
"H2O(g) - 0.5H2(g) + * -> OH*","{""OH"": ""ontopB""}","UmVhY3Rpb246NDU4MDU2","PBE","{""star"": 1, ""H2gas"": -0.5, ""H2Ogas"": 1}","{""OHstar"": 1}","101","Mg8Sc8","101",-1.5060182578054082,,"MgSc-bcc","Mg8Sc8"
"H2O(g) - 0.5H2(g) + * -> OH*","{""OH"": ""threefoldAAB""}","UmVhY3Rpb246NDU4MDU3","PBE","{""star"": 1, ""H2gas"": -0.5, ""H2Ogas"": 1}","{""OHstar"": 1}","101","Mg8Sc8","101",-1.704773879093409,,"MgSc-bcc","Mg8Sc8"
"H2O(g) - 0.5H2(g) + * -> OH*","{""OH"": ""threefoldABB""}","UmVhY3Rpb246NDU4MDU4","PBE","{""star"": 1, ""H2gas"": -0.5, ""H2Ogas"": 1}","{""OHstar"": 1}","101","Mg8Sc8","101",-2.438056047234568,,"MgSc-bcc","Mg8Sc8"
"H2O(g) - 0.5H2(g) + * -> OH*","{""OH"": ""longbridgeA""}","UmVhY3Rpb246NDU4MDY5","PBE","{""star"": 1, ""H2gas"": -0.5, ""H2Ogas"": 1}","{""OHstar"": 1}","101","Mn8V8","101",-1.0578093498770613,,"MnV-bcc","Mn8V8"
"H2O(g) - 0.5H2(g) + * -> OH*","{""OH"": ""longbridgeB""}","UmVhY3Rpb246NDU4MDcw","PBE","{""star"": 1, ""H2gas"": -0.5, ""H2Ogas"": 1}","{""OHstar"": 1}","101","Mn8V8","101",-1.4300048896548105,,"MnV-bcc","Mn8V8"
"H2O(g) - 0.5H2(g) + * -> OH*","{""OH"": ""ontopA""}","UmVhY3Rpb246NDU4MDcx","PBE","{""star"": 1, ""H2gas"": -0.5, ""H2Ogas"": 1}","{""OHstar"": 1}","101","Mn8V8","101",-0.028656308350036852,,"MnV-bcc","Mn8V8"
"H2O(g) - 0.5H2(g) + * -> OH*","{""OH"": ""ontopB""}","UmVhY3Rpb246NDU4MDcy","PBE","{""star"": 1, ""H2gas"": -0.5, ""H2Ogas"": 1}","{""OHstar"": 1}","101","Mn8V8","101",-0.8584358941225219,,"MnV-bcc","Mn8V8"
"H2O(g) - 0.5H2(g) + * -> OH*","{""OH"": ""threefoldAAB""}","UmVhY3Rpb246NDU4MDcz","PBE","{""star"": 1, ""H2gas"": -0.5, ""H2Ogas"": 1}","{""OHstar"": 1}","101","Mn8V8","101",-1.1703697834673221,,"MnV-bcc","Mn8V8"
"H2O(g) - 0.5H2(g) + * -> OH*","{""OH"": ""threefoldABB""}","UmVhY3Rpb246NDU4MDc0","PBE","{""star"": 1, ""H2gas"": -0.5, ""H2Ogas"": 1}","{""OHstar"": 1}","101","Mn8V8","101",-1.606966097264376,,"MnV-bcc","Mn8V8"
"H2O(g) - 0.5H2(g) + * -> OH*","{""OH"": ""threefoldABB""}","UmVhY3Rpb246NDU4MDc3","PBE","{""star"": 1, ""H2gas"": -0.5, ""H2Ogas"": 1}","{""OHstar"": 1}","101+3%","Mn8V8","101+3%",-1.659061339283653,,"MnV-bcc","Mn8V8"
"H2O(g) - 0.5H2(g) + * -> OH*","{""OH"": ""threefoldABB""}","UmVhY3Rpb246NDU4MDgw","PBE","{""star"": 1, ""H2gas"": -0.5, ""H2Ogas"": 1}","{""OHstar"": 1}","101+5%","Mn8V8","101+5%",-1.6713048293313477,,"MnV-bcc","Mn8V8"
"H2O(g) - 0.5H2(g) + * -> OH*","{""OH"": ""threefoldABB""}","UmVhY3Rpb246NDU4MDgz","PBE","{""star"": 1, ""H2gas"": -0.5, ""H2Ogas"": 1}","{""OHstar"": 1}","101-3%","Mn8V8","101-3%",-1.5169466216830187,,"MnV-bcc","Mn8V8"
"H2O(g) - 0.5H2(g) + * -> OH*","{""OH"": ""threefoldABB""}","UmVhY3Rpb246NDU4MDg2","PBE","{""star"": 1, ""H2gas"": -0.5, ""H2Ogas"": 1}","{""OHstar"": 1}","101-5%","Mn8V8","101-5%",-1.4530702110205311,,"MnV-bcc","Mn8V8"
"H2O(g) - 0.5H2(g) + * -> OH*","{""OH"": ""hollow""}","UmVhY3Rpb246NDU4MDk1","PBE","{""star"": 1, ""H2gas"": -0.5, ""H2Ogas"": 1}","{""OHstar"": 1}","110","Mo16","110",-1.1770971178484615,,"Mo-bcc","Mo16"
"H2O(g) - 0.5H2(g) + * -> OH*","{""OH"": ""longbridge""}","UmVhY3Rpb246NDU4MDk2","PBE","{""star"": 1, ""H2gas"": -0.5, ""H2Ogas"": 1}","{""OHstar"": 1}","110","Mo16","110",-0.8634187066745653,,"Mo-bcc","Mo16"
"H2O(g) - 0.5H2(g) + * -> OH*","{""OH"": ""ontop""}","UmVhY3Rpb246NDU4MDk3","PBE","{""star"": 1, ""H2gas"": -0.5, ""H2Ogas"": 1}","{""OHstar"": 1}","110","Mo16","110",-0.5222823765070643,,"Mo-bcc","Mo16"
"H2O(g) - 0.5H2(g) + * -> OH*","{""OH"": ""shortbridge""}","UmVhY3Rpb246NDU4MDk4","PBE","{""star"": 1, ""H2gas"": -0.5, ""H2Ogas"": 1}","{""OHstar"": 1}","110","Mo16","110",-0.9357626197052014,,"Mo-bcc","Mo16"
"H2O(g) - 0.5H2(g) + * -> OH*","{""OH"": ""hollow""}","UmVhY3Rpb246NDU4MTA3","PBE","{""star"": 1, ""H2gas"": -0.5, ""H2Ogas"": 1}","{""OHstar"": 1}","110","Nb16","110",-1.8036431770015042,,"Nb-bcc","Nb16"
"H2O(g) - 0.5H2(g) + * -> OH*","{""OH"": ""longbridge""}","UmVhY3Rpb246NDU4MTA4","PBE","{""star"": 1, ""H2gas"": -0.5, ""H2Ogas"": 1}","{""OHstar"": 1}","110","Nb16","110",-1.742747365275136,,"Nb-bcc","Nb16"
"H2O(g) - 0.5H2(g) + * -> OH*","{""OH"": ""ontop""}","UmVhY3Rpb246NDU4MTA5","PBE","{""star"": 1, ""H2gas"": -0.5, ""H2Ogas"": 1}","{""OHstar"": 1}","110","Nb16","110",-0.7956264418244245,,"Nb-bcc","Nb16"
"H2O(g) - 0.5H2(g) + * -> OH*","{""OH"": ""shortbridge""}","UmVhY3Rpb246NDU4MTEw","PBE","{""star"": 1, ""H2gas"": -0.5, ""H2Ogas"": 1}","{""OHstar"": 1}","110","Nb16","110",-1.4159439512732206,,"Nb-bcc","Nb16"
"H2O(g) - 0.5H2(g) + * -> OH*","{""OH"": ""hollow""}","UmVhY3Rpb246NDU4MTEz","PBE","{""star"": 1, ""H2gas"": -0.5, ""H2Ogas"": 1}","{""OHstar"": 1}","110+2%","Nb16","110+2%",-1.8346176231461868,,"Nb-bcc","Nb16"
"H2O(g) - 0.5H2(g) + * -> OH*","{""OH"": ""hollow""}","UmVhY3Rpb246NDU4MTE2","PBE","{""star"": 1, ""H2gas"": -0.5, ""H2Ogas"": 1}","{""OHstar"": 1}","110+5%","Nb16","110+5%",-1.83146981025493,,"Nb-bcc","Nb16"
"H2O(g) - 0.5H2(g) + * -> OH*","{""OH"": ""hollow""}","UmVhY3Rpb246NDU4MTE5","PBE","{""star"": 1, ""H2gas"": -0.5, ""H2Ogas"": 1}","{""OHstar"": 1}","110-2%","Nb16","110-2%",-1.7582936370527023,,"Nb-bcc","Nb16"
"H2O(g) - 0.5H2(g) + * -> OH*","{""OH"": ""hollow""}","UmVhY3Rpb246NDU4MTIy","PBE","{""star"": 1, ""H2gas"": -0.5, ""H2Ogas"": 1}","{""OHstar"": 1}","110-5%","Nb16","110-5%",-1.6643925936041342,,"Nb-bcc","Nb16"
"H2O(g) - 0.5H2(g) + * -> OH*","{""OH"": ""longbridgeA""}","UmVhY3Rpb246NDU4MTMw","PBE","{""star"": 1, ""H2gas"": -0.5, ""H2Ogas"": 1}","{""OHstar"": 1}","101","Ag8Nd8","101",-2.0997407212271355,,"NdAg-bcc","Ag8Nd8"
"H2O(g) - 0.5H2(g) + * -> OH*","{""OH"": ""longbridgeB""}","UmVhY3Rpb246NDU4MTMx","PBE","{""star"": 1, ""H2gas"": -0.5, ""H2Ogas"": 1}","{""OHstar"": 1}","101","Ag8Nd8","101",-0.608743147317,,"NdAg-bcc","Ag8Nd8"
"H2O(g) - 0.5H2(g) + * -> OH*","{""OH"": ""ontopA""}","UmVhY3Rpb246NDU4MTMy","PBE","{""star"": 1, ""H2gas"": -0.5, ""H2Ogas"": 1}","{""OHstar"": 1}","101","Ag8Nd8","101",-1.4913034298624552,,"NdAg-bcc","Ag8Nd8"
"H2O(g) - 0.5H2(g) + * -> OH*","{""OH"": ""ontopB""}","UmVhY3Rpb246NDU4MTMz","PBE","{""star"": 1, ""H2gas"": -0.5, ""H2Ogas"": 1}","{""OHstar"": 1}","101","Ag8Nd8","101",0.4287843336642254,,"NdAg-bcc","Ag8Nd8"
"H2O(g) - 0.5H2(g) + * -> OH*","{""OH"": ""threefoldAAB""}","UmVhY3Rpb246NDU4MTM0","PBE","{""star"": 1, ""H2gas"": -0.5, ""H2Ogas"": 1}","{""OHstar"": 1}","101","Ag8Nd8","101",-2.1284675070601224,,"NdAg-bcc","Ag8Nd8"
"H2O(g) - 0.5H2(g) + * -> OH*","{""OH"": ""threefoldAAB""}","UmVhY3Rpb246NDU4MTM3","PBE","{""star"": 1, ""H2gas"": -0.5, ""H2Ogas"": 1}","{""OHstar"": 1}","101+3%","Ag8Nd8","101+3%",-2.145416525672772,,"NdAg-bcc","Ag8Nd8"
"H2O(g) - 0.5H2(g) + * -> OH*","{""OH"": ""hollow|A_A_A|FCC""}","UmVhY3Rpb246MzM5NDYy","BEEF-vdW","{""star"": 1, ""H2gas"": -0.5, ""H2Ogas"": 1.0}","{""OHstar"": 1}","111","Tc12","111",-0.5251329050180402,,"Tc","Tc12"
"H2O(g) - 0.5H2(g) + * -> OH*","{""OH"": ""threefoldAAB""}","UmVhY3Rpb246NDU4MTQw","PBE","{""star"": 1, ""H2gas"": -0.5, ""H2Ogas"": 1}","{""OHstar"": 1}","101+5%","Ag8Nd8","101+5%",-2.15522446081377,,"NdAg-bcc","Ag8Nd8"
"H2O(g) - 0.5H2(g) + * -> OH*","{""OH"": ""threefoldAAB""}","UmVhY3Rpb246NDU4MTQz","PBE","{""star"": 1, ""H2gas"": -0.5, ""H2Ogas"": 1}","{""OHstar"": 1}","101-3%","Ag8Nd8","101-3%",-2.1193006721223355,,"NdAg-bcc","Ag8Nd8"
"H2O(g) - 0.5H2(g) + * -> OH*","{""OH"": ""threefoldAAB""}","UmVhY3Rpb246NDU4MTQ2","PBE","{""star"": 1, ""H2gas"": -0.5, ""H2Ogas"": 1}","{""OHstar"": 1}","101-5%","Ag8Nd8","101-5%",-2.1159027866160613,,"NdAg-bcc","Ag8Nd8"
"H2O(g) - 0.5H2(g) + * -> OH*","{""OH"": ""longbridgeA""}","UmVhY3Rpb246NDU4MTU3","PBE","{""star"": 1, ""H2gas"": -0.5, ""H2Ogas"": 1}","{""OHstar"": 1}","101","Mg8Nd8","101",-2.0617930858570617,,"NdMg-bcc","Mg8Nd8"
"H2O(g) - 0.5H2(g) + * -> OH*","{""OH"": ""longbridgeB""}","UmVhY3Rpb246NDU4MTU4","PBE","{""star"": 1, ""H2gas"": -0.5, ""H2Ogas"": 1}","{""OHstar"": 1}","101","Mg8Nd8","101",-1.3856670689528983,,"NdMg-bcc","Mg8Nd8"
"H2O(g) - 0.5H2(g) + * -> OH*","{""OH"": ""ontopA""}","UmVhY3Rpb246NDU4MTU5","PBE","{""star"": 1, ""H2gas"": -0.5, ""H2Ogas"": 1}","{""OHstar"": 1}","101","Mg8Nd8","101",-1.337486592685309,,"NdMg-bcc","Mg8Nd8"
"H2O(g) - 0.5H2(g) + * -> OH*","{""OH"": ""ontopB""}","UmVhY3Rpb246NDU4MTYw","PBE","{""star"": 1, ""H2gas"": -0.5, ""H2Ogas"": 1}","{""OHstar"": 1}","101","Mg8Nd8","101",-0.6522480275525595,,"NdMg-bcc","Mg8Nd8"
"H2O(g) - 0.5H2(g) + * -> OH*","{""OH"": ""threefoldAAB""}","UmVhY3Rpb246NDU4MTYx","PBE","{""star"": 1, ""H2gas"": -0.5, ""H2Ogas"": 1}","{""OHstar"": 1}","101","Mg8Nd8","101",-2.165527371031203,,"NdMg-bcc","Mg8Nd8"
"H2O(g) - 0.5H2(g) + * -> OH*","{""OH"": ""threefoldAAB""}","UmVhY3Rpb246NDU4MTY0","PBE","{""star"": 1, ""H2gas"": -0.5, ""H2Ogas"": 1}","{""OHstar"": 1}","101+3%","Mg8Nd8","101+3%",-2.198156813534297,,"NdMg-bcc","Mg8Nd8"
"H2O(g) - 0.5H2(g) + * -> OH*","{""OH"": ""threefoldAAB""}","UmVhY3Rpb246NDU4MTY3","PBE","{""star"": 1, ""H2gas"": -0.5, ""H2Ogas"": 1}","{""OHstar"": 1}","101+5%","Mg8Nd8","101+5%",-2.21109868376152,,"NdMg-bcc","Mg8Nd8"
"H2O(g) - 0.5H2(g) + * -> OH*","{""OH"": ""hollow|A_A_A|HCP""}","UmVhY3Rpb246MzM5NDYz","BEEF-vdW","{""star"": 1, ""H2gas"": -0.5, ""H2Ogas"": 1.0}","{""OHstar"": 1}","111","Tc12","111",-0.8103178680204337,,"Tc","Tc12"
"H2O(g) - 0.5H2(g) + * -> OH*","{""OH"": ""threefoldAAB""}","UmVhY3Rpb246NDU4MTcw","PBE","{""star"": 1, ""H2gas"": -0.5, ""H2Ogas"": 1}","{""OHstar"": 1}","101-3%","Mg8Nd8","101-3%",-2.1094760019805108,,"NdMg-bcc","Mg8Nd8"
"H2O(g) - 0.5H2(g) + * -> OH*","{""OH"": ""threefoldAAB""}","UmVhY3Rpb246NDU4MTcz","PBE","{""star"": 1, ""H2gas"": -0.5, ""H2Ogas"": 1}","{""OHstar"": 1}","101-5%","Mg8Nd8","101-5%",-2.057568790623918,,"NdMg-bcc","Mg8Nd8"
"H2O(g) - 0.5H2(g) + * -> OH*","{""OH"": ""longbridgeA""}","UmVhY3Rpb246NDU4MTgy","PBE","{""star"": 1, ""H2gas"": -0.5, ""H2Ogas"": 1}","{""OHstar"": 1}","101","Nd8Zn8","101",-1.8787376167238108,,"NdZn-bcc","Nd8Zn8"
"H2O(g) - 0.5H2(g) + * -> OH*","{""OH"": ""longbridgeB""}","UmVhY3Rpb246NDU4MTgz","PBE","{""star"": 1, ""H2gas"": -0.5, ""H2Ogas"": 1}","{""OHstar"": 1}","101","Nd8Zn8","101",-0.6247906527787563,,"NdZn-bcc","Nd8Zn8"
"H2O(g) - 0.5H2(g) + * -> OH*","{""OH"": ""ontopA""}","UmVhY3Rpb246NDU4MTg0","PBE","{""star"": 1, ""H2gas"": -0.5, ""H2Ogas"": 1}","{""OHstar"": 1}","101","Nd8Zn8","101",-1.1952657506844844,,"NdZn-bcc","Nd8Zn8"
"H2O(g) - 0.5H2(g) + * -> OH*","{""OH"": ""threefoldAAB""}","UmVhY3Rpb246NDU4MTg1","PBE","{""star"": 1, ""H2gas"": -0.5, ""H2Ogas"": 1}","{""OHstar"": 1}","101","Nd8Zn8","101",-1.8899836734999553,,"NdZn-bcc","Nd8Zn8"
"H2O(g) - 0.5H2(g) + * -> OH*","{""OH"": ""threefoldABB""}","UmVhY3Rpb246NDU4MTg2","PBE","{""star"": 1, ""H2gas"": -0.5, ""H2Ogas"": 1}","{""OHstar"": 1}","101","Nd8Zn8","101",-0.6400256263223127,,"NdZn-bcc","Nd8Zn8"
"H2O(g) - 0.5H2(g) + * -> OH*","{""OH"": ""threefoldAAB""}","UmVhY3Rpb246NDU4MTg5","PBE","{""star"": 1, ""H2gas"": -0.5, ""H2Ogas"": 1}","{""OHstar"": 1}","101+3%","Nd8Zn8","101+3%",-1.9404448719142238,,"NdZn-bcc","Nd8Zn8"
"H2O(g) - 0.5H2(g) + * -> OH*","{""OH"": ""threefoldAAB""}","UmVhY3Rpb246NDU4MTky","PBE","{""star"": 1, ""H2gas"": -0.5, ""H2Ogas"": 1}","{""OHstar"": 1}","101+5%","Nd8Zn8","101+5%",-1.9729660131124547,,"NdZn-bcc","Nd8Zn8"
"H2O(g) - 0.5H2(g) + * -> OH*","{""OH"": ""threefoldAAB""}","UmVhY3Rpb246NDU4MTk1","PBE","{""star"": 1, ""H2gas"": -0.5, ""H2Ogas"": 1}","{""OHstar"": 1}","101-3%","Nd8Zn8","101-3%",-1.8699145976206637,,"NdZn-bcc","Nd8Zn8"
"H2O(g) - 0.5H2(g) + * -> OH*","{""OH"": ""threefoldAAB""}","UmVhY3Rpb246NDU4MTk4","PBE","{""star"": 1, ""H2gas"": -0.5, ""H2Ogas"": 1}","{""OHstar"": 1}","101-5%","Nd8Zn8","101-5%",-1.9071994997284492,,"NdZn-bcc","Nd8Zn8"
"H2O(g) - 0.5H2(g) + * -> OH*","{""OH"": ""fcc""}","UmVhY3Rpb246NDU4MjA1","PBE","{""star"": 1, ""H2gas"": -0.5, ""H2Ogas"": 1}","{""OHstar"": 1}","111","Ni16","111",0.027117504592752084,,"Ni-fcc","Ni16"
"H2O(g) - 0.5H2(g) + * -> OH*","{""OH"": ""hcp""}","UmVhY3Rpb246NDU4MjA2","PBE","{""star"": 1, ""H2gas"": -0.5, ""H2Ogas"": 1}","{""OHstar"": 1}","111","Ni16","111",0.5660064444527961,,"Ni-fcc","Ni16"
"H2O(g) - 0.5H2(g) + * -> OH*","{""OH"": ""ontop""}","UmVhY3Rpb246NDU4MjA3","PBE","{""star"": 1, ""H2gas"": -0.5, ""H2Ogas"": 1}","{""OHstar"": 1}","111","Ni16","111",1.0370644792856183,,"Ni-fcc","Ni16"
"H2O(g) - 0.5H2(g) + * -> OH*","{""OH"": ""fcc""}","UmVhY3Rpb246NDU4MjEw","PBE","{""star"": 1, ""H2gas"": -0.5, ""H2Ogas"": 1}","{""OHstar"": 1}","111+2%","Ni16","111+2%",-0.07451293243502732,,"Ni-fcc","Ni16"
"H2O(g) - 0.5H2(g) + * -> OH*","{""OH"": ""fcc""}","UmVhY3Rpb246NDU4MjEz","PBE","{""star"": 1, ""H2gas"": -0.5, ""H2Ogas"": 1}","{""OHstar"": 1}","111+5%","Ni16","111+5%",-0.22358682542108,,"Ni-fcc","Ni16"
"H2O(g) - 0.5H2(g) + * -> OH*","{""OH"": ""fcc""}","UmVhY3Rpb246NDU4MjE2","PBE","{""star"": 1, ""H2gas"": -0.5, ""H2Ogas"": 1}","{""OHstar"": 1}","111+8%","Ni16","111+8%",-0.3625457027810626,,"Ni-fcc","Ni16"
"H2O(g) - 0.5H2(g) + * -> OH*","{""OH"": ""fcc""}","UmVhY3Rpb246NDU4MjE5","PBE","{""star"": 1, ""H2gas"": -0.5, ""H2Ogas"": 1}","{""OHstar"": 1}","111-1%","Ni16","111-1%",0.07789517140190583,,"Ni-fcc","Ni16"
"H2O(g) - 0.5H2(g) + * -> OH*","{""OH"": ""fcc""}","UmVhY3Rpb246NDU4MjIy","PBE","{""star"": 1, ""H2gas"": -0.5, ""H2Ogas"": 1}","{""OHstar"": 1}","111-2%","Ni16","111-2%",0.12979462748626247,,"Ni-fcc","Ni16"
"H2O(g) - 0.5H2(g) + * -> OH*","{""OH"": ""fcc""}","UmVhY3Rpb246NDU4MjI1","PBE","{""star"": 1, ""H2gas"": -0.5, ""H2Ogas"": 1}","{""OHstar"": 1}","111-3%","Ni16","111-3%",0.18360146555642132,,"Ni-fcc","Ni16"
"H2O(g) - 0.5H2(g) + * -> OH*","{""OH"": ""fcc""}","UmVhY3Rpb246NDU4MjI4","PBE","{""star"": 1, ""H2gas"": -0.5, ""H2Ogas"": 1}","{""OHstar"": 1}","111-5%","Ni16","111-5%",0.29211638269771356,,"Ni-fcc","Ni16"
"H2O(g) - 0.5H2(g) + * -> OH*","{""OH"": ""fccAAB""}","UmVhY3Rpb246NDU4MjM2","PBE","{""star"": 1, ""H2gas"": -0.5, ""H2Ogas"": 1}","{""OHstar"": 1}","111","Al4Ni12","111",-0.32674354895425495,,"Ni3Al-fcc","Al4Ni12"
"H2O(g) - 0.5H2(g) + * -> OH*","{""OH"": ""hcpAAA""}","UmVhY3Rpb246NDU4MjM3","PBE","{""star"": 1, ""H2gas"": -0.5, ""H2Ogas"": 1}","{""OHstar"": 1}","111","Al4Ni12","111",0.050255616413778625,,"Ni3Al-fcc","Al4Ni12"
"H2O(g) - 0.5H2(g) + * -> OH*","{""OH"": ""fccAAB""}","UmVhY3Rpb246NDU4MjQw","PBE","{""star"": 1, ""H2gas"": -0.5, ""H2Ogas"": 1}","{""OHstar"": 1}","111+3%","Al4Ni12","111+3%",-0.44728453720745165,,"Ni3Al-fcc","Al4Ni12"
"H2O(g) - 0.5H2(g) + * -> OH*","{""OH"": ""fccAAB""}","UmVhY3Rpb246NDU4MjQy","PBE","{""star"": 1, ""H2gas"": -0.5, ""H2Ogas"": 1}","{""OHstar"": 1}","111+5%","Al4Ni12","111+5%",-0.5276730877085356,,"Ni3Al-fcc","Al4Ni12"
"H2O(g) - 0.5H2(g) + * -> OH*","{""OH"": ""fccAAB""}","UmVhY3Rpb246NDU4MjQ1","PBE","{""star"": 1, ""H2gas"": -0.5, ""H2Ogas"": 1}","{""OHstar"": 1}","111-3%","Al4Ni12","111-3%",-0.215470349889074,,"Ni3Al-fcc","Al4Ni12"
"H2O(g) - 0.5H2(g) + * -> OH*","{""OH"": ""fccAAB""}","UmVhY3Rpb246NDU4MjQ4","PBE","{""star"": 1, ""H2gas"": -0.5, ""H2Ogas"": 1}","{""OHstar"": 1}","111-5%","Al4Ni12","111-5%",-0.15282294137432473,,"Ni3Al-fcc","Al4Ni12"
"H2O(g) - 0.5H2(g) + * -> OH*","{""OH"": ""top|A""}","UmVhY3Rpb246MzM5NDY2","BEEF-vdW","{""star"": 1, ""H2gas"": -0.5, ""H2Ogas"": 1.0}","{""OHstar"": 1}","111","Tc12","111",0.10338570728060859,,"Tc","Tc12"
"H2O(g) - 0.5H2(g) + * -> OH*","{""OH"": ""fccAAB""}","UmVhY3Rpb246NDU4MjU5","PBE","{""star"": 1, ""H2gas"": -0.5, ""H2Ogas"": 1}","{""OHstar"": 1}","111","Fe4Ni12","111",4.8784638383222045,,"Ni3Fe-fcc","Fe4Ni12"
"H2O(g) - 0.5H2(g) + * -> OH*","{""OH"": ""hcpAAA""}","UmVhY3Rpb246NDU4MjYw","PBE","{""star"": 1, ""H2gas"": -0.5, ""H2Ogas"": 1}","{""OHstar"": 1}","111","Fe4Ni12","111",5.587688966203132,,"Ni3Fe-fcc","Fe4Ni12"
"H2O(g) - 0.5H2(g) + * -> OH*","{""OH"": ""hcpAAB""}","UmVhY3Rpb246NDU4MjYx","PBE","{""star"": 1, ""H2gas"": -0.5, ""H2Ogas"": 1}","{""OHstar"": 1}","111","Fe4Ni12","111",4.96113406335644,,"Ni3Fe-fcc","Fe4Ni12"
"H2O(g) - 0.5H2(g) + * -> OH*","{""OH"": ""fccAAB""}","UmVhY3Rpb246NDU4MjY2","PBE","{""star"": 1, ""H2gas"": -0.5, ""H2Ogas"": 1}","{""OHstar"": 1}","111+5%","Fe4Ni12","111+5%",5.377027548136539,,"Ni3Fe-fcc","Fe4Ni12"
"H2O(g) - 0.5H2(g) + * -> OH*","{""OH"": ""fccAAB""}","UmVhY3Rpb246NDU4MjY5","PBE","{""star"": 1, ""H2gas"": -0.5, ""H2Ogas"": 1}","{""OHstar"": 1}","111-3%","Fe4Ni12","111-3%",4.51817749676411,,"Ni3Fe-fcc","Fe4Ni12"
"H2O(g) - 0.5H2(g) + * -> OH*","{""OH"": ""fccAAB""}","UmVhY3Rpb246NDU4Mjcy","PBE","{""star"": 1, ""H2gas"": -0.5, ""H2Ogas"": 1}","{""OHstar"": 1}","111-5%","Fe4Ni12","111-5%",4.283514005423058,,"Ni3Fe-fcc","Fe4Ni12"
"H2O(g) - 0.5H2(g) + * -> OH*","{""OH"": ""fccAAA""}","UmVhY3Rpb246NDU4Mjc5","PBE","{""star"": 1, ""H2gas"": -0.5, ""H2Ogas"": 1}","{""OHstar"": 1}","111","Mn4Ni12","111",0.10822810915124137,,"Ni3Mn-fcc","Mn4Ni12"
"H2O(g) - 0.5H2(g) + * -> OH*","{""OH"": ""fccAAB""}","UmVhY3Rpb246NDU4Mjgw","PBE","{""star"": 1, ""H2gas"": -0.5, ""H2Ogas"": 1}","{""OHstar"": 1}","111","Mn4Ni12","111",-0.37986207506037317,,"Ni3Mn-fcc","Mn4Ni12"
"H2O(g) - 0.5H2(g) + * -> OH*","{""OH"": ""hcpAAA""}","UmVhY3Rpb246NDU4Mjgx","PBE","{""star"": 1, ""H2gas"": -0.5, ""H2Ogas"": 1}","{""OHstar"": 1}","111","Mn4Ni12","111",0.019094092000159435,,"Ni3Mn-fcc","Mn4Ni12"
"H2O(g) - 0.5H2(g) + * -> OH*","{""OH"": ""hcpAAB""}","UmVhY3Rpb246NDU4Mjgy","PBE","{""star"": 1, ""H2gas"": -0.5, ""H2Ogas"": 1}","{""OHstar"": 1}","111","Mn4Ni12","111",-0.2560053796914872,,"Ni3Mn-fcc","Mn4Ni12"
"H2O(g) - 0.5H2(g) + * -> OH*","{""OH"": ""ontopB""}","UmVhY3Rpb246NDU4Mjgz","PBE","{""star"": 1, ""H2gas"": -0.5, ""H2Ogas"": 1}","{""OHstar"": 1}","111","Mn4Ni12","111",0.15579238365171477,,"Ni3Mn-fcc","Mn4Ni12"
"H2O(g) - 0.5H2(g) + * -> OH*","{""OH"": ""fccAAA""}","UmVhY3Rpb246NDU4Mjkz","PBE","{""star"": 1, ""H2gas"": -0.5, ""H2Ogas"": 1}","{""OHstar"": 1}","111","Ni12Si4","111",0.4809881491019041,,"Ni3Si-fcc","Ni12Si4"
"H2O(g) - 0.5H2(g) + * -> OH*","{""OH"": ""fccAAB""}","UmVhY3Rpb246NDU4Mjk0","PBE","{""star"": 1, ""H2gas"": -0.5, ""H2Ogas"": 1}","{""OHstar"": 1}","111","Ni12Si4","111",0.11441039952478604,,"Ni3Si-fcc","Ni12Si4"
"H2O(g) - 0.5H2(g) + * -> OH*","{""OH"": ""hcpAAA""}","UmVhY3Rpb246NDU4Mjk1","PBE","{""star"": 1, ""H2gas"": -0.5, ""H2Ogas"": 1}","{""OHstar"": 1}","111","Ni12Si4","111",-0.021839040346094407,,"Ni3Si-fcc","Ni12Si4"
"H2O(g) - 0.5H2(g) + * -> OH*","{""OH"": ""fccAAA""}","UmVhY3Rpb246NDU4Mjk4","PBE","{""star"": 1, ""H2gas"": -0.5, ""H2Ogas"": 1}","{""OHstar"": 1}","111+3%","Ni12Si4","111+3%",0.3265016397635918,,"Ni3Si-fcc","Ni12Si4"
"H2O(g) - 0.5H2(g) + * -> OH*","{""OH"": ""fccAAB""}","UmVhY3Rpb246NDU4Mjk5","PBE","{""star"": 1, ""H2gas"": -0.5, ""H2Ogas"": 1}","{""OHstar"": 1}","111+3%","Ni12Si4","111+3%",-0.09040029890456935,,"Ni3Si-fcc","Ni12Si4"
"H2O(g) - 0.5H2(g) + * -> OH*","{""OH"": ""hcpAAA""}","UmVhY3Rpb246NDU4MzAw","PBE","{""star"": 1, ""H2gas"": -0.5, ""H2Ogas"": 1}","{""OHstar"": 1}","111+3%","Ni12Si4","111+3%",-0.14245145847235108,,"Ni3Si-fcc","Ni12Si4"
"H2O(g) - 0.5H2(g) + * -> OH*","{""OH"": ""ontopA""}","UmVhY3Rpb246NDU4MzAx","PBE","{""star"": 1, ""H2gas"": -0.5, ""H2Ogas"": 1}","{""OHstar"": 1}","111+3%","Ni12Si4","111+3%",-0.04204893514543073,,"Ni3Si-fcc","Ni12Si4"
"H2O(g) - 0.5H2(g) + * -> OH*","{""OH"": ""fccAAA""}","UmVhY3Rpb246NDU4MzA0","PBE","{""star"": 1, ""H2gas"": -0.5, ""H2Ogas"": 1}","{""OHstar"": 1}","111+5%","Ni12Si4","111+5%",0.23531125832232647,,"Ni3Si-fcc","Ni12Si4"
"H2O(g) - 0.5H2(g) + * -> OH*","{""OH"": ""fccAAB""}","UmVhY3Rpb246NDU4MzA1","PBE","{""star"": 1, ""H2gas"": -0.5, ""H2Ogas"": 1}","{""OHstar"": 1}","111+5%","Ni12Si4","111+5%",-0.22379812180588488,,"Ni3Si-fcc","Ni12Si4"
"H2O(g) - 0.5H2(g) + * -> OH*","{""OH"": ""hcpAAA""}","UmVhY3Rpb246NDU4MzA2","PBE","{""star"": 1, ""H2gas"": -0.5, ""H2Ogas"": 1}","{""OHstar"": 1}","111+5%","Ni12Si4","111+5%",-0.20552554148889612,,"Ni3Si-fcc","Ni12Si4"
"H2O(g) - 0.5H2(g) + * -> OH*","{""OH"": ""fccAAA""}","UmVhY3Rpb246NDU4MzA4","PBE","{""star"": 1, ""H2gas"": -0.5, ""H2Ogas"": 1}","{""OHstar"": 1}","111-3%","Ni12Si4","111-3%",0.6513470586432959,,"Ni3Si-fcc","Ni12Si4"
"H2O(g) - 0.5H2(g) + * -> OH*","{""OH"": ""fccAAB""}","UmVhY3Rpb246NDU4MzA5","PBE","{""star"": 1, ""H2gas"": -0.5, ""H2Ogas"": 1}","{""OHstar"": 1}","111-3%","Ni12Si4","111-3%",0.30377673282055184,,"Ni3Si-fcc","Ni12Si4"
"H2O(g) - 0.5H2(g) + * -> OH*","{""OH"": ""hcpAAA""}","UmVhY3Rpb246NDU4MzEw","PBE","{""star"": 1, ""H2gas"": -0.5, ""H2Ogas"": 1}","{""OHstar"": 1}","111-3%","Ni12Si4","111-3%",0.1327550900168717,,"Ni3Si-fcc","Ni12Si4"
"H2O(g) - 0.5H2(g) + * -> OH*","{""OH"": ""fccAAA""}","UmVhY3Rpb246NDU4MzEz","PBE","{""star"": 1, ""H2gas"": -0.5, ""H2Ogas"": 1}","{""OHstar"": 1}","111-5%","Ni12Si4","111-5%",0.768817106159986,,"Ni3Si-fcc","Ni12Si4"
"H2O(g) - 0.5H2(g) + * -> OH*","{""OH"": ""hcpAAA""}","UmVhY3Rpb246NDU4MzE0","PBE","{""star"": 1, ""H2gas"": -0.5, ""H2Ogas"": 1}","{""OHstar"": 1}","111-5%","Ni12Si4","111-5%",0.2552059092267882,,"Ni3Si-fcc","Ni12Si4"
"H2O(g) - 0.5H2(g) + * -> OH*","{""OH"": ""ontopA-d""}","UmVhY3Rpb246NDU4MzE1","PBE","{""star"": 1, ""H2gas"": -0.5, ""H2Ogas"": 1}","{""OHstar"": 1}","111-5%","Ni12Si4","111-5%",0.5816049620698323,,"Ni3Si-fcc","Ni12Si4"
"H2O(g) - 0.5H2(g) + * -> OH*","{""OH"": ""ontopB""}","UmVhY3Rpb246NDU4MzE2","PBE","{""star"": 1, ""H2gas"": -0.5, ""H2Ogas"": 1}","{""OHstar"": 1}","111-5%","Ni12Si4","111-5%",0.198607727419585,,"Ni3Si-fcc","Ni12Si4"
"H2O(g) - 0.5H2(g) + * -> OH*","{""OH"": ""fccAAA""}","UmVhY3Rpb246NDU4MzI2","PBE","{""star"": 1, ""H2gas"": -0.5, ""H2Ogas"": 1}","{""OHstar"": 1}","0001","Ni12Zr4","0001",0.27102143765660003,,"Ni3Zr-hcp","Ni12Zr4"
"H2O(g) - 0.5H2(g) + * -> OH*","{""OH"": ""hcpAAA""}","UmVhY3Rpb246NDU4MzI3","PBE","{""star"": 1, ""H2gas"": -0.5, ""H2Ogas"": 1}","{""OHstar"": 1}","0001","Ni12Zr4","0001",-0.008073209428403061,,"Ni3Zr-hcp","Ni12Zr4"
"H2O(g) - 0.5H2(g) + * -> OH*","{""OH"": ""hcpAAB""}","UmVhY3Rpb246NDU4MzI4","PBE","{""star"": 1, ""H2gas"": -0.5, ""H2Ogas"": 1}","{""OHstar"": 1}","0001","Ni12Zr4","0001",-0.8314968962149578,,"Ni3Zr-hcp","Ni12Zr4"
"H2O(g) - 0.5H2(g) + * -> OH*","{""OH"": ""ontopB""}","UmVhY3Rpb246NDU4MzI5","PBE","{""star"": 1, ""H2gas"": -0.5, ""H2Ogas"": 1}","{""OHstar"": 1}","0001","Ni12Zr4","0001",-0.8559777537666378,,"Ni3Zr-hcp","Ni12Zr4"
"H2O(g) - 0.5H2(g) + * -> OH*","{""OH"": ""fcc""}","UmVhY3Rpb246NDU4MzQ0","PBE","{""star"": 1, ""H2gas"": -0.5, ""H2Ogas"": 1}","{""OHstar"": 1}","0001","Os16","0001",0.146173023400479,,"Os-hcp","Os16"
"H2O(g) - 0.5H2(g) + * -> OH*","{""OH"": ""hcp""}","UmVhY3Rpb246NDU4MzQ1","PBE","{""star"": 1, ""H2gas"": -0.5, ""H2Ogas"": 1}","{""OHstar"": 1}","0001","Os16","0001",0.2227642252764781,,"Os-hcp","Os16"
"H2O(g) - 0.5H2(g) + * -> OH*","{""OH"": ""ontop""}","UmVhY3Rpb246NDU4MzQ2","PBE","{""star"": 1, ""H2gas"": -0.5, ""H2Ogas"": 1}","{""OHstar"": 1}","0001","Os16","0001",0.6314951295935316,,"Os-hcp","Os16"
"H2O(g) - 0.5H2(g) + * -> OH*","{""OH"": ""fcc""}","UmVhY3Rpb246NDU4MzQ5","PBE","{""star"": 1, ""H2gas"": -0.5, ""H2Ogas"": 1}","{""OHstar"": 1}","0001+2%","Os16","0001+2%",0.021301343411323614,,"Os-hcp","Os16"
"H2O(g) - 0.5H2(g) + * -> OH*","{""OH"": ""fcc""}","UmVhY3Rpb246NDU4MzUy","PBE","{""star"": 1, ""H2gas"": -0.5, ""H2Ogas"": 1}","{""OHstar"": 1}","0001+5%","Os16","0001+5%",-0.15705648848961573,,"Os-hcp","Os16"
"H2O(g) - 0.5H2(g) + * -> OH*","{""OH"": ""fcc""}","UmVhY3Rpb246NDU4MzU1","PBE","{""star"": 1, ""H2gas"": -0.5, ""H2Ogas"": 1}","{""OHstar"": 1}","0001+8%","Os16","0001+8%",-0.38442202271835413,,"Os-hcp","Os16"
"H2O(g) - 0.5H2(g) + * -> OH*","{""OH"": ""fcc""}","UmVhY3Rpb246NDU4MzU4","PBE","{""star"": 1, ""H2gas"": -0.5, ""H2Ogas"": 1}","{""OHstar"": 1}","0001-1%","Os16","0001-1%",0.20803415895352373,,"Os-hcp","Os16"
"H2O(g) - 0.5H2(g) + * -> OH*","{""OH"": ""fcc""}","UmVhY3Rpb246NDU4MzYx","PBE","{""star"": 1, ""H2gas"": -0.5, ""H2Ogas"": 1}","{""OHstar"": 1}","0001-2%","Os16","0001-2%",0.26782137890404556,,"Os-hcp","Os16"
"H2O(g) - 0.5H2(g) + * -> OH*","{""OH"": ""fcc""}","UmVhY3Rpb246NDU4MzY0","PBE","{""star"": 1, ""H2gas"": -0.5, ""H2Ogas"": 1}","{""OHstar"": 1}","0001-3%","Os16","0001-3%",0.3263321128397365,,"Os-hcp","Os16"
"H2O(g) - 0.5H2(g) + * -> OH*","{""OH"": ""fcc""}","UmVhY3Rpb246NDU4MzY3","PBE","{""star"": 1, ""H2gas"": -0.5, ""H2Ogas"": 1}","{""OHstar"": 1}","0001-5%","Os16","0001-5%",0.4587605301858275,,"Os-hcp","Os16"
"H2O(g) - 0.5H2(g) + * -> OH*","{""OH"": ""fcc""}","UmVhY3Rpb246NDU4Mzgw","PBE","{""star"": 1, ""H2gas"": -0.5, ""H2Ogas"": 1}","{""OHstar"": 1}","111","Pd16","111",0.7076423777507443,,"Pd-fcc","Pd16"
"H2O(g) - 0.5H2(g) + * -> OH*","{""OH"": ""hcp""}","UmVhY3Rpb246NDU4Mzgx","PBE","{""star"": 1, ""H2gas"": -0.5, ""H2Ogas"": 1}","{""OHstar"": 1}","111","Pd16","111",0.8468540488647704,,"Pd-fcc","Pd16"
"H2O(g) - 0.5H2(g) + * -> OH*","{""OH"": ""ontop""}","UmVhY3Rpb246NDU4Mzgy","PBE","{""star"": 1, ""H2gas"": -0.5, ""H2Ogas"": 1}","{""OHstar"": 1}","111","Pd16","111",1.6354089323122025,,"Pd-fcc","Pd16"
"H2O(g) - 0.5H2(g) + * -> OH*","{""OH"": ""fcc""}","UmVhY3Rpb246NDU4Mzg1","PBE","{""star"": 1, ""H2gas"": -0.5, ""H2Ogas"": 1}","{""OHstar"": 1}","111+2%","Pd16","111+2%",0.5891410187814472,,"Pd-fcc","Pd16"
"H2O(g) - 0.5H2(g) + * -> OH*","{""OH"": ""fcc""}","UmVhY3Rpb246NDU4Mzg4","PBE","{""star"": 1, ""H2gas"": -0.5, ""H2Ogas"": 1}","{""OHstar"": 1}","111+5%","Pd16","111+5%",0.43886628743894107,,"Pd-fcc","Pd16"
"H2O(g) - 0.5H2(g) + * -> OH*","{""OH"": ""fcc""}","UmVhY3Rpb246NDU4Mzkx","PBE","{""star"": 1, ""H2gas"": -0.5, ""H2Ogas"": 1}","{""OHstar"": 1}","111+8%","Pd16","111+8%",0.25674988315222436,,"Pd-fcc","Pd16"
"H2O(g) - 0.5H2(g) + * -> OH*","{""OH"": ""fcc""}","UmVhY3Rpb246NDU4Mzk0","PBE","{""star"": 1, ""H2gas"": -0.5, ""H2Ogas"": 1}","{""OHstar"": 1}","111-1%","Pd16","111-1%",0.7773171261396783,,"Pd-fcc","Pd16"
"H2O(g) - 0.5H2(g) + * -> OH*","{""OH"": ""fcc""}","UmVhY3Rpb246NDU4Mzk3","PBE","{""star"": 1, ""H2gas"": -0.5, ""H2Ogas"": 1}","{""OHstar"": 1}","111-2%","Pd16","111-2%",0.886536409958353,,"Pd-fcc","Pd16"
"H2O(g) - 0.5H2(g) + * -> OH*","{""OH"": ""fcc""}","UmVhY3Rpb246NDU4NDAw","PBE","{""star"": 1, ""H2gas"": -0.5, ""H2Ogas"": 1}","{""OHstar"": 1}","111-3%","Pd16","111-3%",0.9572401568275382,,"Pd-fcc","Pd16"
"H2O(g) - 0.5H2(g) + * -> OH*","{""OH"": ""fcc""}","UmVhY3Rpb246NDU4NDAz","PBE","{""star"": 1, ""H2gas"": -0.5, ""H2Ogas"": 1}","{""OHstar"": 1}","111-5%","Pd16","111-5%",1.080965285154889,,"Pd-fcc","Pd16"
"H2O(g) - 0.5H2(g) + * -> OH*","{""OH"": ""fccAAA""}","UmVhY3Rpb246NDU4NDA4","PBE","{""star"": 1, ""H2gas"": -0.5, ""H2Ogas"": 1}","{""OHstar"": 1}","111","Pd12Y4","111",0.9551218866472482,,"Pd3Y-fcc","Pd12Y4"
"H2O(g) - 0.5H2(g) + * -> OH*","{""OH"": ""fccAAB""}","UmVhY3Rpb246NDU4NDA5","PBE","{""star"": 1, ""H2gas"": -0.5, ""H2Ogas"": 1}","{""OHstar"": 1}","111","Pd12Y4","111",-0.5860066755303706,,"Pd3Y-fcc","Pd12Y4"
"H2O(g) - 0.5H2(g) + * -> OH*","{""OH"": ""hcpAAA""}","UmVhY3Rpb246NDU4NDEw","PBE","{""star"": 1, ""H2gas"": -0.5, ""H2Ogas"": 1}","{""OHstar"": 1}","111","Pd12Y4","111",0.6031746097214636,,"Pd3Y-fcc","Pd12Y4"
"H2O(g) - 0.5H2(g) + * -> OH*","{""OH"": ""ontopB""}","UmVhY3Rpb246NDU4NDEx","PBE","{""star"": 1, ""H2gas"": -0.5, ""H2Ogas"": 1}","{""OHstar"": 1}","111","Pd12Y4","111",-0.5544367082547978,,"Pd3Y-fcc","Pd12Y4"
"H2O(g) - 0.5H2(g) + * -> OH*","{""OH"": ""fccAAB""}","UmVhY3Rpb246NDU4NDE0","PBE","{""star"": 1, ""H2gas"": -0.5, ""H2Ogas"": 1}","{""OHstar"": 1}","111+3%","Pd12Y4","111+3%",-0.6508051439268456,,"Pd3Y-fcc","Pd12Y4"
"H2O(g) - 0.5H2(g) + * -> OH*","{""OH"": ""fccAAB""}","UmVhY3Rpb246NDU4NDE3","PBE","{""star"": 1, ""H2gas"": -0.5, ""H2Ogas"": 1}","{""OHstar"": 1}","111+5%","Pd12Y4","111+5%",-0.690085184707641,,"Pd3Y-fcc","Pd12Y4"
"H2O(g) - 0.5H2(g) + * -> OH*","{""OH"": ""fccAAB""}","UmVhY3Rpb246NDU4NDIw","PBE","{""star"": 1, ""H2gas"": -0.5, ""H2Ogas"": 1}","{""OHstar"": 1}","111-3%","Pd12Y4","111-3%",-0.5114204084111407,,"Pd3Y-fcc","Pd12Y4"
"H2O(g) - 0.5H2(g) + * -> OH*","{""OH"": ""ontopB""}","UmVhY3Rpb246NDU4NDIz","PBE","{""star"": 1, ""H2gas"": -0.5, ""H2Ogas"": 1}","{""OHstar"": 1}","111-5%","Pd12Y4","111-5%",-0.7041112925235211,,"Pd3Y-fcc","Pd12Y4"
"H2O(g) - 0.5H2(g) + * -> OH*","{""OH"": ""fcc""}","UmVhY3Rpb246NDU4NDI4","PBE","{""star"": 1, ""H2gas"": -0.5, ""H2Ogas"": 1}","{""OHstar"": 1}","111","Pt16","111",1.1867352539557032,,"Pt-fcc","Pt16"
"H2O(g) - 0.5H2(g) + * -> OH*","{""OH"": ""hcp""}","UmVhY3Rpb246NDU4NDI5","PBE","{""star"": 1, ""H2gas"": -0.5, ""H2Ogas"": 1}","{""OHstar"": 1}","111","Pt16","111",1.4962235201892327,,"Pt-fcc","Pt16"
"H2O(g) - 0.5H2(g) + * -> OH*","{""OH"": ""fcc""}","UmVhY3Rpb246NDU4NDM4","PBE","{""star"": 1, ""H2gas"": -0.5, ""H2Ogas"": 1}","{""OHstar"": 1}","111+2%","Pt16","111+2%",0.9211800390985445,,"Pt-fcc","Pt16"
"H2O(g) - 0.5H2(g) + * -> OH*","{""OH"": ""fcc""}","UmVhY3Rpb246NDU4NDQ1","PBE","{""star"": 1, ""H2gas"": -0.5, ""H2Ogas"": 1}","{""OHstar"": 1}","111+5%","Pt16","111+5%",0.6205308467033319,,"Pt-fcc","Pt16"
"H2O(g) - 0.5H2(g) + * -> OH*","{""OH"": ""fcc""}","UmVhY3Rpb246NDU4NDUy","PBE","{""star"": 1, ""H2gas"": -0.5, ""H2Ogas"": 1}","{""OHstar"": 1}","111+8%","Pt16","111+8%",0.44895531618385576,,"Pt-fcc","Pt16"
"H2O(g) - 0.5H2(g) + * -> OH*","{""OH"": ""fcc""}","UmVhY3Rpb246NDU4NDU3","PBE","{""star"": 1, ""H2gas"": -0.5, ""H2Ogas"": 1}","{""OHstar"": 1}","111-1%","Pt16","111-1%",1.3212081986275734,,"Pt-fcc","Pt16"
"H2O(g) - 0.5H2(g) + * -> OH*","{""OH"": ""fcc""}","UmVhY3Rpb246NDU4NDY0","PBE","{""star"": 1, ""H2gas"": -0.5, ""H2Ogas"": 1}","{""OHstar"": 1}","111-2%","Pt16","111-2%",1.441095569432946,,"Pt-fcc","Pt16"
"H2O(g) - 0.5H2(g) + * -> OH*","{""OH"": ""fcc""}","UmVhY3Rpb246NDU4NDcx","PBE","{""star"": 1, ""H2gas"": -0.5, ""H2Ogas"": 1}","{""OHstar"": 1}","111-3%","Pt16","111-3%",1.535789008376014,,"Pt-fcc","Pt16"
"H2O(g) - 0.5H2(g) + * -> OH*","{""OH"": ""fcc""}","UmVhY3Rpb246NDU4NDc2","PBE","{""star"": 1, ""H2gas"": -0.5, ""H2Ogas"": 1}","{""OHstar"": 1}","111-5%","Pt16","111-5%",1.619712997933675,,"Pt-fcc","Pt16"
"H2O(g) - 0.5H2(g) + * -> OH*","{""OH"": ""fccAAA""}","UmVhY3Rpb246NDU4NDg3","PBE","{""star"": 1, ""H2gas"": -0.5, ""H2Ogas"": 1}","{""OHstar"": 1}","111","In4Pt12","111",1.6751239470613655,,"Pt3In-fcc","In4Pt12"
"H2O(g) - 0.5H2(g) + * -> OH*","{""OH"": ""fccAAB-d""}","UmVhY3Rpb246NDU4NDg4","PBE","{""star"": 1, ""H2gas"": -0.5, ""H2Ogas"": 1}","{""OHstar"": 1}","111","In4Pt12","111",0.5803839872824028,,"Pt3In-fcc","In4Pt12"
"H2O(g) - 0.5H2(g) + * -> OH*","{""OH"": ""hcpAAA""}","UmVhY3Rpb246NDU4NDg5","PBE","{""star"": 1, ""H2gas"": -0.5, ""H2Ogas"": 1}","{""OHstar"": 1}","111","In4Pt12","111",1.1473021491401596,,"Pt3In-fcc","In4Pt12"
"H2O(g) - 0.5H2(g) + * -> OH*","{""OH"": ""hcpAAB""}","UmVhY3Rpb246NDU4NDkw","PBE","{""star"": 1, ""H2gas"": -0.5, ""H2Ogas"": 1}","{""OHstar"": 1}","111","In4Pt12","111",0.980540720600402,,"Pt3In-fcc","In4Pt12"
"H2O(g) - 0.5H2(g) + * -> OH*","{""OH"": ""ontopA-d""}","UmVhY3Rpb246NDU4NDkx","PBE","{""star"": 1, ""H2gas"": -0.5, ""H2Ogas"": 1}","{""OHstar"": 1}","111","In4Pt12","111",0.8062024182800087,,"Pt3In-fcc","In4Pt12"
"H2O(g) - 0.5H2(g) + * -> OH*","{""OH"": ""ontopB""}","UmVhY3Rpb246NDU4NDky","PBE","{""star"": 1, ""H2gas"": -0.5, ""H2Ogas"": 1}","{""OHstar"": 1}","111","In4Pt12","111",1.3848810681301984,,"Pt3In-fcc","In4Pt12"
"H2O(g) - 0.5H2(g) + * -> OH*","{""OH"": ""fccAAB-d""}","UmVhY3Rpb246NDU4NDk0","PBE","{""star"": 1, ""H2gas"": -0.5, ""H2Ogas"": 1}","{""OHstar"": 1}","111+2%","In4Pt12","111+2%",0.5106399859214434,,"Pt3In-fcc","In4Pt12"
"H2O(g) - 0.5H2(g) + * -> OH*","{""OH"": ""fccAAB-d""}","UmVhY3Rpb246NDU4NDk2","PBE","{""star"": 1, ""H2gas"": -0.5, ""H2Ogas"": 1}","{""OHstar"": 1}","111+5%","In4Pt12","111+5%",0.3918054235546151,,"Pt3In-fcc","In4Pt12"
"H2O(g) - 0.5H2(g) + * -> OH*","{""OH"": ""fccAAB-d""}","UmVhY3Rpb246NDU4NDk5","PBE","{""star"": 1, ""H2gas"": -0.5, ""H2Ogas"": 1}","{""OHstar"": 1}","111-5%","In4Pt12","111-5%",0.8905164830212016,,"Pt3In-fcc","In4Pt12"
"H2O(g) - 0.5H2(g) + * -> OH*","{""OH"": ""fccAAA""}","UmVhY3Rpb246NDU4NTA5","PBE","{""star"": 1, ""H2gas"": -0.5, ""H2Ogas"": 1}","{""OHstar"": 1}","111","Pt12Zn4","111",1.6396271049743518,,"Pt3Zn-fcc","Pt12Zn4"
"H2O(g) - 0.5H2(g) + * -> OH*","{""OH"": ""fccAAB-d""}","UmVhY3Rpb246NDU4NTEw","PBE","{""star"": 1, ""H2gas"": -0.5, ""H2Ogas"": 1}","{""OHstar"": 1}","111","Pt12Zn4","111",0.5581358237759559,,"Pt3Zn-fcc","Pt12Zn4"
"H2O(g) - 0.5H2(g) + * -> OH*","{""OH"": ""hcpAAA""}","UmVhY3Rpb246NDU4NTEx","PBE","{""star"": 1, ""H2gas"": -0.5, ""H2Ogas"": 1}","{""OHstar"": 1}","111","Pt12Zn4","111",1.0784332658877247,,"Pt3Zn-fcc","Pt12Zn4"
"H2O(g) - 0.5H2(g) + * -> OH*","{""OH"": ""hcpAAB""}","UmVhY3Rpb246NDU4NTEy","PBE","{""star"": 1, ""H2gas"": -0.5, ""H2Ogas"": 1}","{""OHstar"": 1}","111","Pt12Zn4","111",0.8894627221816336,,"Pt3Zn-fcc","Pt12Zn4"
"H2O(g) - 0.5H2(g) + * -> OH*","{""OH"": ""ontopA-d""}","UmVhY3Rpb246NDU4NTEz","PBE","{""star"": 1, ""H2gas"": -0.5, ""H2Ogas"": 1}","{""OHstar"": 1}","111","Pt12Zn4","111",0.8131444504761021,,"Pt3Zn-fcc","Pt12Zn4"
"H2O(g) - 0.5H2(g) + * -> OH*","{""OH"": ""ontopB""}","UmVhY3Rpb246NDU4NTE0","PBE","{""star"": 1, ""H2gas"": -0.5, ""H2Ogas"": 1}","{""OHstar"": 1}","111","Pt12Zn4","111",1.4095321328859427,,"Pt3Zn-fcc","Pt12Zn4"
"H2O(g) - 0.5H2(g) + * -> OH*","{""OH"": ""fccAAB""}","UmVhY3Rpb246NDU4NTE3","PBE","{""star"": 1, ""H2gas"": -0.5, ""H2Ogas"": 1}","{""OHstar"": 1}","111+3%","Pt12Zn4","111+3%",0.44147381829679944,,"Pt3Zn-fcc","Pt12Zn4"
"H2O(g) - 0.5H2(g) + * -> OH*","{""OH"": ""fccAAB""}","UmVhY3Rpb246NDU4NTIw","PBE","{""star"": 1, ""H2gas"": -0.5, ""H2Ogas"": 1}","{""OHstar"": 1}","111+5%","Pt12Zn4","111+5%",0.3206237087288173,,"Pt3Zn-fcc","Pt12Zn4"
"H2O(g) - 0.5H2(g) + * -> OH*","{""OH"": ""fccAAB-d""}","UmVhY3Rpb246NDU4NTIz","PBE","{""star"": 1, ""H2gas"": -0.5, ""H2Ogas"": 1}","{""OHstar"": 1}","111-3%","Pt12Zn4","111-3%",0.6634686416873592,,"Pt3Zn-fcc","Pt12Zn4"
"H2O(g) - 0.5H2(g) + * -> OH*","{""OH"": ""hcpAAA""}","UmVhY3Rpb246NDU4NTI2","PBE","{""star"": 1, ""H2gas"": -0.5, ""H2Ogas"": 1}","{""OHstar"": 1}","111-5%","Pt12Zn4","111-5%",0.6953216073670774,,"Pt3Zn-fcc","Pt12Zn4"
"H2O(g) - 0.5H2(g) + * -> OH*","{""OH"": ""fcc""}","UmVhY3Rpb246NDU4NTMz","PBE","{""star"": 1, ""H2gas"": -0.5, ""H2Ogas"": 1}","{""OHstar"": 1}","0001","Re16","0001",-0.2184076827179524,,"Re-hcp","Re16"
"H2O(g) - 0.5H2(g) + * -> OH*","{""OH"": ""hcp""}","UmVhY3Rpb246NDU4NTM0","PBE","{""star"": 1, ""H2gas"": -0.5, ""H2Ogas"": 1}","{""OHstar"": 1}","0001","Re16","0001",-0.6360477301714127,,"Re-hcp","Re16"
"H2O(g) - 0.5H2(g) + * -> OH*","{""OH"": ""ontop""}","UmVhY3Rpb246NDU4NTM1","PBE","{""star"": 1, ""H2gas"": -0.5, ""H2Ogas"": 1}","{""OHstar"": 1}","0001","Re16","0001",0.14914681947993813,,"Re-hcp","Re16"
"H2O(g) - 0.5H2(g) + * -> OH*","{""OH"": ""fcc""}","UmVhY3Rpb246NDU4NTUx","PBE","{""star"": 1, ""H2gas"": -0.5, ""H2Ogas"": 1}","{""OHstar"": 1}","111","Rh16","111",0.26833853125572205,,"Rh-fcc","Rh16"
"H2O(g) - 0.5H2(g) + * -> OH*","{""OH"": ""hcp""}","UmVhY3Rpb246NDU4NTUy","PBE","{""star"": 1, ""H2gas"": -0.5, ""H2Ogas"": 1}","{""OHstar"": 1}","111","Rh16","111",0.4470537846791558,,"Rh-fcc","Rh16"
"H2O(g) - 0.5H2(g) + * -> OH*","{""OH"": ""ontop""}","UmVhY3Rpb246NDU4NTUz","PBE","{""star"": 1, ""H2gas"": -0.5, ""H2Ogas"": 1}","{""OHstar"": 1}","111","Rh16","111",1.1479820255626692,,"Rh-fcc","Rh16"
"H2O(g) - 0.5H2(g) + * -> OH*","{""OH"": ""fcc""}","UmVhY3Rpb246NDU4NTU2","PBE","{""star"": 1, ""H2gas"": -0.5, ""H2Ogas"": 1}","{""OHstar"": 1}","111+2%","Rh16","111+2%",0.18920034384791506,,"Rh-fcc","Rh16"
"H2O(g) - 0.5H2(g) + * -> OH*","{""OH"": ""fcc""}","UmVhY3Rpb246NDU4NTU5","PBE","{""star"": 1, ""H2gas"": -0.5, ""H2Ogas"": 1}","{""OHstar"": 1}","111+5%","Rh16","111+5%",0.08963538691023132,,"Rh-fcc","Rh16"
"H2O(g) - 0.5H2(g) + * -> OH*","{""OH"": ""fcc""}","UmVhY3Rpb246NDU4NTYy","PBE","{""star"": 1, ""H2gas"": -0.5, ""H2Ogas"": 1}","{""OHstar"": 1}","111+8%","Rh16","111+8%",0.008256069922936149,,"Rh-fcc","Rh16"
"H2O(g) - 0.5H2(g) + * -> OH*","{""OH"": ""fcc""}","UmVhY3Rpb246NDU4NTY1","PBE","{""star"": 1, ""H2gas"": -0.5, ""H2Ogas"": 1}","{""OHstar"": 1}","111-1%","Rh16","111-1%",0.30756238052708795,,"Rh-fcc","Rh16"
"H2O(g) - 0.5H2(g) + * -> OH*","{""OH"": ""fcc""}","UmVhY3Rpb246NDU4NTY4","PBE","{""star"": 1, ""H2gas"": -0.5, ""H2Ogas"": 1}","{""OHstar"": 1}","111-2%","Rh16","111-2%",0.3441853657277534,,"Rh-fcc","Rh16"
"H2O(g) - 0.5H2(g) + * -> OH*","{""OH"": ""fcc""}","UmVhY3Rpb246NDU4NTcw","PBE","{""star"": 1, ""H2gas"": -0.5, ""H2Ogas"": 1}","{""OHstar"": 1}","111-3%","Rh16","111-3%",0.3719238341000164,,"Rh-fcc","Rh16"
"H2O(g) - 0.5H2(g) + * -> OH*","{""OH"": ""fcc""}","UmVhY3Rpb246NDU4NTcz","PBE","{""star"": 1, ""H2gas"": -0.5, ""H2Ogas"": 1}","{""OHstar"": 1}","111-5%","Rh16","111-5%",0.36344585534970975,,"Rh-fcc","Rh16"
"H2O(g) - 0.5H2(g) + * -> OH*","{""OH"": ""fccAAA""}","UmVhY3Rpb246NDU4NTc3","PBE","{""star"": 1, ""H2gas"": -0.5, ""H2Ogas"": 1}","{""OHstar"": 1}","111","Ce4Rh12","111",0.4766022182375309,,"Rh3Ce-fcc","Ce4Rh12"
"H2O(g) - 0.5H2(g) + * -> OH*","{""OH"": ""fccAAB-d""}","UmVhY3Rpb246NDU4NTc4","PBE","{""star"": 1, ""H2gas"": -0.5, ""H2Ogas"": 1}","{""OHstar"": 1}","111","Ce4Rh12","111",-0.7424292748328298,,"Rh3Ce-fcc","Ce4Rh12"
"H2O(g) - 0.5H2(g) + * -> OH*","{""OH"": ""hcpAAA""}","UmVhY3Rpb246NDU4NTc5","PBE","{""star"": 1, ""H2gas"": -0.5, ""H2Ogas"": 1}","{""OHstar"": 1}","111","Ce4Rh12","111",-0.21463142292486737,,"Rh3Ce-fcc","Ce4Rh12"
"H2O(g) - 0.5H2(g) + * -> OH*","{""OH"": ""hcpAAB-d""}","UmVhY3Rpb246NDU4NTgw","PBE","{""star"": 1, ""H2gas"": -0.5, ""H2Ogas"": 1}","{""OHstar"": 1}","111","Ce4Rh12","111",-0.3284739208611427,,"Rh3Ce-fcc","Ce4Rh12"
"H2O(g) - 0.5H2(g) + * -> OH*","{""OH"": ""ontopB""}","UmVhY3Rpb246NDU4NTgx","PBE","{""star"": 1, ""H2gas"": -0.5, ""H2Ogas"": 1}","{""OHstar"": 1}","111","Ce4Rh12","111",-0.2600534812154365,,"Rh3Ce-fcc","Ce4Rh12"
"H2O(g) - 0.5H2(g) + * -> OH*","{""OH"": ""fccAAA""}","UmVhY3Rpb246NDU4NTg0","PBE","{""star"": 1, ""H2gas"": -0.5, ""H2Ogas"": 1}","{""OHstar"": 1}","111+3%","Ce4Rh12","111+3%",0.5862340266394312,,"Rh3Ce-fcc","Ce4Rh12"
"H2O(g) - 0.5H2(g) + * -> OH*","{""OH"": ""fccAAB-d""}","UmVhY3Rpb246NDU4NTg1","PBE","{""star"": 1, ""H2gas"": -0.5, ""H2Ogas"": 1}","{""OHstar"": 1}","111+3%","Ce4Rh12","111+3%",-0.83025496864866,,"Rh3Ce-fcc","Ce4Rh12"
"H2O(g) - 0.5H2(g) + * -> OH*","{""OH"": ""hcpAAA""}","UmVhY3Rpb246NDU4NTg2","PBE","{""star"": 1, ""H2gas"": -0.5, ""H2Ogas"": 1}","{""OHstar"": 1}","111+3%","Ce4Rh12","111+3%",-0.39528494320984464,,"Rh3Ce-fcc","Ce4Rh12"
"H2O(g) - 0.5H2(g) + * -> OH*","{""OH"": ""hcpAAB-d""}","UmVhY3Rpb246NDU4NTg3","PBE","{""star"": 1, ""H2gas"": -0.5, ""H2Ogas"": 1}","{""OHstar"": 1}","111+3%","Ce4Rh12","111+3%",-0.44734100082860095,,"Rh3Ce-fcc","Ce4Rh12"
"H2O(g) - 0.5H2(g) + * -> OH*","{""OH"": ""ontopB""}","UmVhY3Rpb246NDU4NTg4","PBE","{""star"": 1, ""H2gas"": -0.5, ""H2Ogas"": 1}","{""OHstar"": 1}","111+3%","Ce4Rh12","111+3%",-0.3523432025613147,,"Rh3Ce-fcc","Ce4Rh12"
"H2O(g) - 0.5H2(g) + * -> OH*","{""OH"": ""fccAAA""}","UmVhY3Rpb246NDU4NTkx","PBE","{""star"": 1, ""H2gas"": -0.5, ""H2Ogas"": 1}","{""OHstar"": 1}","111+5%","Ce4Rh12","111+5%",0.5464843173758709,,"Rh3Ce-fcc","Ce4Rh12"
"H2O(g) - 0.5H2(g) + * -> OH*","{""OH"": ""fccAAB-d""}","UmVhY3Rpb246NDU4NTky","PBE","{""star"": 1, ""H2gas"": -0.5, ""H2Ogas"": 1}","{""OHstar"": 1}","111+5%","Ce4Rh12","111+5%",-0.8770586849568645,,"Rh3Ce-fcc","Ce4Rh12"
"H2O(g) - 0.5H2(g) + * -> OH*","{""OH"": ""hcpAAA""}","UmVhY3Rpb246NDU4NTkz","PBE","{""star"": 1, ""H2gas"": -0.5, ""H2Ogas"": 1}","{""OHstar"": 1}","111+5%","Ce4Rh12","111+5%",-0.4849603308539372,,"Rh3Ce-fcc","Ce4Rh12"
"H2O(g) - 0.5H2(g) + * -> OH*","{""OH"": ""hcpAAB-d""}","UmVhY3Rpb246NDU4NTk0","PBE","{""star"": 1, ""H2gas"": -0.5, ""H2Ogas"": 1}","{""OHstar"": 1}","111+5%","Ce4Rh12","111+5%",-0.505943028954789,,"Rh3Ce-fcc","Ce4Rh12"
"H2O(g) - 0.5H2(g) + * -> OH*","{""OH"": ""ontopB""}","UmVhY3Rpb246NDU4NTk1","PBE","{""star"": 1, ""H2gas"": -0.5, ""H2Ogas"": 1}","{""OHstar"": 1}","111+5%","Ce4Rh12","111+5%",-0.45414615976187633,,"Rh3Ce-fcc","Ce4Rh12"
"H2O(g) - 0.5H2(g) + * -> OH*","{""OH"": ""fccAAA""}","UmVhY3Rpb246NDU4NTk4","PBE","{""star"": 1, ""H2gas"": -0.5, ""H2Ogas"": 1}","{""OHstar"": 1}","111-3%","Ce4Rh12","111-3%",0.8427610485668993,,"Rh3Ce-fcc","Ce4Rh12"
"H2O(g) - 0.5H2(g) + * -> OH*","{""OH"": ""fccAAB-d""}","UmVhY3Rpb246NDU4NTk5","PBE","{""star"": 1, ""H2gas"": -0.5, ""H2Ogas"": 1}","{""OHstar"": 1}","111-3%","Ce4Rh12","111-3%",-0.6308438251217012,,"Rh3Ce-fcc","Ce4Rh12"
"H2O(g) - 0.5H2(g) + * -> OH*","{""OH"": ""hcpAAA""}","UmVhY3Rpb246NDU4NjAw","PBE","{""star"": 1, ""H2gas"": -0.5, ""H2Ogas"": 1}","{""OHstar"": 1}","111-3%","Ce4Rh12","111-3%",0.0035784330320893787,,"Rh3Ce-fcc","Ce4Rh12"
"H2O(g) - 0.5H2(g) + * -> OH*","{""OH"": ""hcpAAB-d""}","UmVhY3Rpb246NDU4NjAx","PBE","{""star"": 1, ""H2gas"": -0.5, ""H2Ogas"": 1}","{""OHstar"": 1}","111-3%","Ce4Rh12","111-3%",-0.19179685409471858,,"Rh3Ce-fcc","Ce4Rh12"
"H2O(g) - 0.5H2(g) + * -> OH*","{""OH"": ""ontopB""}","UmVhY3Rpb246NDU4NjAy","PBE","{""star"": 1, ""H2gas"": -0.5, ""H2Ogas"": 1}","{""OHstar"": 1}","111-3%","Ce4Rh12","111-3%",-0.28290015910897637,,"Rh3Ce-fcc","Ce4Rh12"
"H2O(g) - 0.5H2(g) + * -> OH*","{""OH"": ""fccAAA""}","UmVhY3Rpb246NDU4NjA1","PBE","{""star"": 1, ""H2gas"": -0.5, ""H2Ogas"": 1}","{""OHstar"": 1}","111-5%","Ce4Rh12","111-5%",0.7785778295510681,,"Rh3Ce-fcc","Ce4Rh12"
"H2O(g) - 0.5H2(g) + * -> OH*","{""OH"": ""fccAAB-d""}","UmVhY3Rpb246NDU4NjA2","PBE","{""star"": 1, ""H2gas"": -0.5, ""H2Ogas"": 1}","{""OHstar"": 1}","111-5%","Ce4Rh12","111-5%",-0.5384222646171111,,"Rh3Ce-fcc","Ce4Rh12"
"H2O(g) - 0.5H2(g) + * -> OH*","{""OH"": ""hcpAAA""}","UmVhY3Rpb246NDU4NjA3","PBE","{""star"": 1, ""H2gas"": -0.5, ""H2Ogas"": 1}","{""OHstar"": 1}","111-5%","Ce4Rh12","111-5%",0.15859923789685126,,"Rh3Ce-fcc","Ce4Rh12"
"H2O(g) - 0.5H2(g) + * -> OH*","{""OH"": ""ontopB""}","UmVhY3Rpb246NDU4NjA4","PBE","{""star"": 1, ""H2gas"": -0.5, ""H2Ogas"": 1}","{""OHstar"": 1}","111-5%","Ce4Rh12","111-5%",-0.34315405428787926,,"Rh3Ce-fcc","Ce4Rh12"
"H2O(g) - 0.5H2(g) + * -> OH*","{""OH"": ""fccAAA""}","UmVhY3Rpb246NDU4NjE5","PBE","{""star"": 1, ""H2gas"": -0.5, ""H2Ogas"": 1}","{""OHstar"": 1}","0001","Mo4Rh12","0001",0.890674989335821,,"Rh3Mo-hcp","Mo4Rh12"
"H2O(g) - 0.5H2(g) + * -> OH*","{""OH"": ""fccAAB""}","UmVhY3Rpb246NDU4NjIw","PBE","{""star"": 1, ""H2gas"": -0.5, ""H2Ogas"": 1}","{""OHstar"": 1}","0001","Mo4Rh12","0001",-0.5202611149070435,,"Rh3Mo-hcp","Mo4Rh12"
"H2O(g) - 0.5H2(g) + * -> OH*","{""OH"": ""hcpAAA""}","UmVhY3Rpb246NDU4NjIx","PBE","{""star"": 1, ""H2gas"": -0.5, ""H2Ogas"": 1}","{""OHstar"": 1}","0001","Mo4Rh12","0001",0.3644415198941715,,"Rh3Mo-hcp","Mo4Rh12"
"H2O(g) - 0.5H2(g) + * -> OH*","{""OH"": ""hcpAAB-d""}","UmVhY3Rpb246NDU4NjIy","PBE","{""star"": 1, ""H2gas"": -0.5, ""H2Ogas"": 1}","{""OHstar"": 1}","0001","Mo4Rh12","0001",-0.4650097605335759,,"Rh3Mo-hcp","Mo4Rh12"
"H2O(g) - 0.5H2(g) + * -> OH*","{""OH"": ""ontopB""}","UmVhY3Rpb246NDU4NjIz","PBE","{""star"": 1, ""H2gas"": -0.5, ""H2Ogas"": 1}","{""OHstar"": 1}","0001","Mo4Rh12","0001",-0.3641416504251538,,"Rh3Mo-hcp","Mo4Rh12"
"H2O(g) - 0.5H2(g) + * -> OH*","{""OH"": ""fccAAB""}","UmVhY3Rpb246NDU4NjI1","PBE","{""star"": 1, ""H2gas"": -0.5, ""H2Ogas"": 1}","{""OHstar"": 1}","0001+3%","Mo4Rh12","0001+3%",-0.6374733345655841,,"Rh3Mo-hcp","Mo4Rh12"
"H2O(g) - 0.5H2(g) + * -> OH*","{""OH"": ""fccAAB""}","UmVhY3Rpb246NDU4NjI3","PBE","{""star"": 1, ""H2gas"": -0.5, ""H2Ogas"": 1}","{""OHstar"": 1}","0001+5%","Mo4Rh12","0001+5%",-0.7281575842716848,,"Rh3Mo-hcp","Mo4Rh12"
"H2O(g) - 0.5H2(g) + * -> OH*","{""OH"": ""fccAAB""}","UmVhY3Rpb246NDU4NjI5","PBE","{""star"": 1, ""H2gas"": -0.5, ""H2Ogas"": 1}","{""OHstar"": 1}","0001-3%","Mo4Rh12","0001-3%",-0.3661669937282568,,"Rh3Mo-hcp","Mo4Rh12"
"H2O(g) - 0.5H2(g) + * -> OH*","{""OH"": ""fccAAB""}","UmVhY3Rpb246NDU4NjMx","PBE","{""star"": 1, ""H2gas"": -0.5, ""H2Ogas"": 1}","{""OHstar"": 1}","0001-5%","Mo4Rh12","0001-5%",-0.22500862021843204,,"Rh3Mo-hcp","Mo4Rh12"
"H2O(g) - 0.5H2(g) + * -> OH*","{""OH"": ""fcc""}","UmVhY3Rpb246NDU4NjQx","PBE","{""star"": 1, ""H2gas"": -0.5, ""H2Ogas"": 1}","{""OHstar"": 1}","0001","Ru16","0001",-0.20556472587486496,,"Ru-hcp","Ru16"
"H2O(g) - 0.5H2(g) + * -> OH*","{""OH"": ""hcp""}","UmVhY3Rpb246NDU4NjQy","PBE","{""star"": 1, ""H2gas"": -0.5, ""H2Ogas"": 1}","{""OHstar"": 1}","0001","Ru16","0001",-0.14919661630847258,,"Ru-hcp","Ru16"
"H2O(g) - 0.5H2(g) + * -> OH*","{""OH"": ""ontop""}","UmVhY3Rpb246NDU4NjQz","PBE","{""star"": 1, ""H2gas"": -0.5, ""H2Ogas"": 1}","{""OHstar"": 1}","0001","Ru16","0001",0.5637511649474618,,"Ru-hcp","Ru16"
"H2O(g) - 0.5H2(g) + * -> OH*","{""OH"": ""fcc""}","UmVhY3Rpb246NDU4NjQ3","PBE","{""star"": 1, ""H2gas"": -0.5, ""H2Ogas"": 1}","{""OHstar"": 1}","0001+2%","Ru16","0001+2%",-0.28693275013938546,,"Ru-hcp","Ru16"
"H2O(g) - 0.5H2(g) + * -> OH*","{""OH"": ""fcc""}","UmVhY3Rpb246NDU4NjUx","PBE","{""star"": 1, ""H2gas"": -0.5, ""H2Ogas"": 1}","{""OHstar"": 1}","0001+5%","Ru16","0001+5%",-0.41584885810880223,,"Ru-hcp","Ru16"
"H2O(g) - 0.5H2(g) + * -> OH*","{""OH"": ""fcc""}","UmVhY3Rpb246NDU4NjU1","PBE","{""star"": 1, ""H2gas"": -0.5, ""H2Ogas"": 1}","{""OHstar"": 1}","0001+8%","Ru16","0001+8%",-0.5478831185610034,,"Ru-hcp","Ru16"
"H2O(g) - 0.5H2(g) + * -> OH*","{""OH"": ""fcc""}","UmVhY3Rpb246NDU4NjU5","PBE","{""star"": 1, ""H2gas"": -0.5, ""H2Ogas"": 1}","{""OHstar"": 1}","0001-1%","Ru16","0001-1%",-0.16279917892825324,,"Ru-hcp","Ru16"
"H2O(g) - 0.5H2(g) + * -> OH*","{""OH"": ""fcc""}","UmVhY3Rpb246NDU4NjYz","PBE","{""star"": 1, ""H2gas"": -0.5, ""H2Ogas"": 1}","{""OHstar"": 1}","0001-2%","Ru16","0001-2%",-0.11530837518512271,,"Ru-hcp","Ru16"
"H2O(g) - 0.5H2(g) + * -> OH*","{""OH"": ""fcc""}","UmVhY3Rpb246NDU4NjY3","PBE","{""star"": 1, ""H2gas"": -0.5, ""H2Ogas"": 1}","{""OHstar"": 1}","0001-3%","Ru16","0001-3%",-0.06185582934267586,,"Ru-hcp","Ru16"
"H2O(g) - 0.5H2(g) + * -> OH*","{""OH"": ""fcc""}","UmVhY3Rpb246NDU4Njcx","PBE","{""star"": 1, ""H2gas"": -0.5, ""H2Ogas"": 1}","{""OHstar"": 1}","0001-5%","Ru16","0001-5%",0.06094111868151231,,"Ru-hcp","Ru16"
"H2O(g) - 0.5H2(g) + * -> OH*","{""OH"": ""fccAAA""}","UmVhY3Rpb246NDU4Njg3","PBE","{""star"": 1, ""H2gas"": -0.5, ""H2Ogas"": 1}","{""OHstar"": 1}","111","Nb4Ru12","111",0.2899797448553727,,"Ru3Nb-fcc","Nb4Ru12"
"H2O(g) - 0.5H2(g) + * -> OH*","{""OH"": ""fccAAB""}","UmVhY3Rpb246NDU4Njg4","PBE","{""star"": 1, ""H2gas"": -0.5, ""H2Ogas"": 1}","{""OHstar"": 1}","111","Nb4Ru12","111",-0.7308188576062093,,"Ru3Nb-fcc","Nb4Ru12"
"H2O(g) - 0.5H2(g) + * -> OH*","{""OH"": ""hcpAAA""}","UmVhY3Rpb246NDU4Njg5","PBE","{""star"": 1, ""H2gas"": -0.5, ""H2Ogas"": 1}","{""OHstar"": 1}","111","Nb4Ru12","111",-0.3052858761511743,,"Ru3Nb-fcc","Nb4Ru12"
"H2O(g) - 0.5H2(g) + * -> OH*","{""OH"": ""hcpAAB""}","UmVhY3Rpb246NDU4Njkw","PBE","{""star"": 1, ""H2gas"": -0.5, ""H2Ogas"": 1}","{""OHstar"": 1}","111","Nb4Ru12","111",-0.7614683998253895,,"Ru3Nb-fcc","Nb4Ru12"
"H2O(g) - 0.5H2(g) + * -> OH*","{""OH"": ""ontopA-d""}","UmVhY3Rpb246NDU4Njkx","PBE","{""star"": 1, ""H2gas"": -0.5, ""H2Ogas"": 1}","{""OHstar"": 1}","111","Nb4Ru12","111",0.10013435515429592,,"Ru3Nb-fcc","Nb4Ru12"
"H2O(g) - 0.5H2(g) + * -> OH*","{""OH"": ""ontopB""}","UmVhY3Rpb246NDU4Njky","PBE","{""star"": 1, ""H2gas"": -0.5, ""H2Ogas"": 1}","{""OHstar"": 1}","111","Nb4Ru12","111",-0.5816070029177354,,"Ru3Nb-fcc","Nb4Ru12"
"H2O(g) - 0.5H2(g) + * -> OH*","{""OH"": ""hcpAAB""}","UmVhY3Rpb246NDU4Njk1","PBE","{""star"": 1, ""H2gas"": -0.5, ""H2Ogas"": 1}","{""OHstar"": 1}","111+3%","Nb4Ru12","111+3%",-0.9465826822779491,,"Ru3Nb-fcc","Nb4Ru12"
"H2O(g) - 0.5H2(g) + * -> OH*","{""OH"": ""hcpAAB""}","UmVhY3Rpb246NDU4Njk4","PBE","{""star"": 1, ""H2gas"": -0.5, ""H2Ogas"": 1}","{""OHstar"": 1}","111+5%","Nb4Ru12","111+5%",-1.0574853983562207,,"Ru3Nb-fcc","Nb4Ru12"
"H2O(g) - 0.5H2(g) + * -> OH*","{""OH"": ""hcpAAB""}","UmVhY3Rpb246NDU4NzAx","PBE","{""star"": 1, ""H2gas"": -0.5, ""H2Ogas"": 1}","{""OHstar"": 1}","111-3%","Nb4Ru12","111-3%",-0.5778525122368592,,"Ru3Nb-fcc","Nb4Ru12"
"H2O(g) - 0.5H2(g) + * -> OH*","{""OH"": ""hcpAAB""}","UmVhY3Rpb246NDU4NzA0","PBE","{""star"": 1, ""H2gas"": -0.5, ""H2Ogas"": 1}","{""OHstar"": 1}","111-5%","Nb4Ru12","111-5%",-0.4561119101344957,,"Ru3Nb-fcc","Nb4Ru12"
"H2O(g) - 0.5H2(g) + * -> OH*","{""OH"": ""fccAAA""}","UmVhY3Rpb246NDU4NzE2","PBE","{""star"": 1, ""H2gas"": -0.5, ""H2Ogas"": 1}","{""OHstar"": 1}","0001","In4Sc12","0001",-2.85451008651944,,"Sc3In-hcp","In4Sc12"
"H2O(g) - 0.5H2(g) + * -> OH*","{""OH"": ""hcpAAA""}","UmVhY3Rpb246NDU4NzE3","PBE","{""star"": 1, ""H2gas"": -0.5, ""H2Ogas"": 1}","{""OHstar"": 1}","0001","In4Sc12","0001",-2.800585831344506,,"Sc3In-hcp","In4Sc12"
"H2O(g) - 0.5H2(g) + * -> OH*","{""OH"": ""ontopB""}","UmVhY3Rpb246NDU4NzE4","PBE","{""star"": 1, ""H2gas"": -0.5, ""H2Ogas"": 1}","{""OHstar"": 1}","0001","In4Sc12","0001",0.9460134201290202,,"Sc3In-hcp","In4Sc12"
"H2O(g) - 0.5H2(g) + * -> OH*","{""OH"": ""longbridgeA""}","UmVhY3Rpb246NDU4NzMz","PBE","{""star"": 1, ""H2gas"": -0.5, ""H2Ogas"": 1}","{""OHstar"": 1}","101","Ag8Sc8","101",-2.2344528539651947,,"ScAg-bcc","Ag8Sc8"
"H2O(g) - 0.5H2(g) + * -> OH*","{""OH"": ""ontopA""}","UmVhY3Rpb246NDU4NzM0","PBE","{""star"": 1, ""H2gas"": -0.5, ""H2Ogas"": 1}","{""OHstar"": 1}","101","Ag8Sc8","101",-1.6437225543086242,,"ScAg-bcc","Ag8Sc8"
"H2O(g) - 0.5H2(g) + * -> OH*","{""OH"": ""ontopB""}","UmVhY3Rpb246NDU4NzM1","PBE","{""star"": 1, ""H2gas"": -0.5, ""H2Ogas"": 1}","{""OHstar"": 1}","101","Ag8Sc8","101",0.7026028294567368,,"ScAg-bcc","Ag8Sc8"
"H2O(g) - 0.5H2(g) + * -> OH*","{""OH"": ""threefoldAAB""}","UmVhY3Rpb246NDU4NzM2","PBE","{""star"": 1, ""H2gas"": -0.5, ""H2Ogas"": 1}","{""OHstar"": 1}","101","Ag8Sc8","101",-2.2676338712226425,,"ScAg-bcc","Ag8Sc8"
"H2O(g) - 0.5H2(g) + * -> OH*","{""OH"": ""threefoldAAB""}","UmVhY3Rpb246NDU4NzM5","PBE","{""star"": 1, ""H2gas"": -0.5, ""H2Ogas"": 1}","{""OHstar"": 1}","101+3%","Ag8Sc8","101+3%",-2.269183695592801,,"ScAg-bcc","Ag8Sc8"
"H2O(g) - 0.5H2(g) + * -> OH*","{""OH"": ""threefoldAAB""}","UmVhY3Rpb246NDU4NzQy","PBE","{""star"": 1, ""H2gas"": -0.5, ""H2Ogas"": 1}","{""OHstar"": 1}","101+5%","Ag8Sc8","101+5%",-2.274081472573016,,"ScAg-bcc","Ag8Sc8"
"H2O(g) - 0.5H2(g) + * -> OH*","{""OH"": ""threefoldAAB""}","UmVhY3Rpb246NDU4NzQ1","PBE","{""star"": 1, ""H2gas"": -0.5, ""H2Ogas"": 1}","{""OHstar"": 1}","101-3%","Ag8Sc8","101-3%",-2.272343345426634,,"ScAg-bcc","Ag8Sc8"
"H2O(g) - 0.5H2(g) + * -> OH*","{""OH"": ""threefoldAAB""}","UmVhY3Rpb246NDU4NzQ4","PBE","{""star"": 1, ""H2gas"": -0.5, ""H2Ogas"": 1}","{""OHstar"": 1}","101-5%","Ag8Sc8","101-5%",-2.2779712038391153,,"ScAg-bcc","Ag8Sc8"
"H2O(g) - 0.5H2(g) + * -> OH*","{""OH"": ""longbridgeA""}","UmVhY3Rpb246NDU4NzYw","PBE","{""star"": 1, ""H2gas"": -0.5, ""H2Ogas"": 1}","{""OHstar"": 1}","101","Co8Sc8","101",-1.7606183055686415,,"ScCo-bcc","Co8Sc8"
"H2O(g) - 0.5H2(g) + * -> OH*","{""OH"": ""longbridgeB""}","UmVhY3Rpb246NDU4NzYx","PBE","{""star"": 1, ""H2gas"": -0.5, ""H2Ogas"": 1}","{""OHstar"": 1}","101","Co8Sc8","101",-1.1006494560133433,,"ScCo-bcc","Co8Sc8"
"H2O(g) - 0.5H2(g) + * -> OH*","{""OH"": ""ontopA""}","UmVhY3Rpb246NDU4NzYy","PBE","{""star"": 1, ""H2gas"": -0.5, ""H2Ogas"": 1}","{""OHstar"": 1}","101","Co8Sc8","101",-0.890844380191993,,"ScCo-bcc","Co8Sc8"
"H2O(g) - 0.5H2(g) + * -> OH*","{""OH"": ""threefoldAAB""}","UmVhY3Rpb246NDU4NzYz","PBE","{""star"": 1, ""H2gas"": -0.5, ""H2Ogas"": 1}","{""OHstar"": 1}","101","Co8Sc8","101",-1.9331601123340079,,"ScCo-bcc","Co8Sc8"
"H2O(g) - 0.5H2(g) + * -> OH*","{""OH"": ""threefoldABB""}","UmVhY3Rpb246NDU4NzY0","PBE","{""star"": 1, ""H2gas"": -0.5, ""H2Ogas"": 1}","{""OHstar"": 1}","101","Co8Sc8","101",-1.0794389986331225,,"ScCo-bcc","Co8Sc8"
"H2O(g) - 0.5H2(g) + * -> OH*","{""OH"": ""threefoldAAB""}","UmVhY3Rpb246NDU4NzY4","PBE","{""star"": 1, ""H2gas"": -0.5, ""H2Ogas"": 1}","{""OHstar"": 1}","101+3%","Co8Sc8","101+3%",-1.9766305701705278,,"ScCo-bcc","Co8Sc8"
"H2O(g) - 0.5H2(g) + * -> OH*","{""OH"": ""threefoldAAB""}","UmVhY3Rpb246NDU4Nzcy","PBE","{""star"": 1, ""H2gas"": -0.5, ""H2Ogas"": 1}","{""OHstar"": 1}","101+5%","Co8Sc8","101+5%",-1.9962581413492444,,"ScCo-bcc","Co8Sc8"
"H2O(g) - 0.5H2(g) + * -> OH*","{""OH"": ""threefoldAAB-d""}","UmVhY3Rpb246NDU4Nzc2","PBE","{""star"": 1, ""H2gas"": -0.5, ""H2Ogas"": 1}","{""OHstar"": 1}","101-3%","Co8Sc8","101-3%",-1.8721106923403568,,"ScCo-bcc","Co8Sc8"
"H2O(g) - 0.5H2(g) + * -> OH*","{""OH"": ""threefoldAAB-d""}","UmVhY3Rpb246NDU4Nzgw","PBE","{""star"": 1, ""H2gas"": -0.5, ""H2Ogas"": 1}","{""OHstar"": 1}","101-5%","Co8Sc8","101-5%",-1.8151988993340638,,"ScCo-bcc","Co8Sc8"
"H2O(g) - 0.5H2(g) + * -> OH*","{""OH"": ""longbridgeA""}","UmVhY3Rpb246NDU4Nzkw","PBE","{""star"": 1, ""H2gas"": -0.5, ""H2Ogas"": 1}","{""OHstar"": 1}","101","Cu8Sc8","101",-2.187107631121762,,"ScCu-bcc","Cu8Sc8"
"H2O(g) - 0.5H2(g) + * -> OH*","{""OH"": ""longbridgeB""}","UmVhY3Rpb246NDU4Nzkx","PBE","{""star"": 1, ""H2gas"": -0.5, ""H2Ogas"": 1}","{""OHstar"": 1}","101","Cu8Sc8","101",-0.9187667975202203,,"ScCu-bcc","Cu8Sc8"
"H2O(g) - 0.5H2(g) + * -> OH*","{""OH"": ""ontopA""}","UmVhY3Rpb246NDU4Nzky","PBE","{""star"": 1, ""H2gas"": -0.5, ""H2Ogas"": 1}","{""OHstar"": 1}","101","Cu8Sc8","101",-1.49153350211418,,"ScCu-bcc","Cu8Sc8"
"H2O(g) - 0.5H2(g) + * -> OH*","{""OH"": ""threefoldAAB""}","UmVhY3Rpb246NDU4Nzkz","PBE","{""star"": 1, ""H2gas"": -0.5, ""H2Ogas"": 1}","{""OHstar"": 1}","101","Cu8Sc8","101",-2.2225520912834327,,"ScCu-bcc","Cu8Sc8"
"H2O(g) - 0.5H2(g) + * -> OH*","{""OH"": ""threefoldAAB""}","UmVhY3Rpb246NDU4Nzk2","PBE","{""star"": 1, ""H2gas"": -0.5, ""H2Ogas"": 1}","{""OHstar"": 1}","101+3%","Cu8Sc8","101+3%",-2.2286863535555312,,"ScCu-bcc","Cu8Sc8"
"H2O(g) - 0.5H2(g) + * -> OH*","{""OH"": ""threefoldAAB""}","UmVhY3Rpb246NDU4Nzk5","PBE","{""star"": 1, ""H2gas"": -0.5, ""H2Ogas"": 1}","{""OHstar"": 1}","101+5%","Cu8Sc8","101+5%",-2.2281928751108353,,"ScCu-bcc","Cu8Sc8"
"H2O(g) - 0.5H2(g) + * -> OH*","{""OH"": ""threefoldAAB""}","UmVhY3Rpb246NDU4ODAy","PBE","{""star"": 1, ""H2gas"": -0.5, ""H2Ogas"": 1}","{""OHstar"": 1}","101-3%","Cu8Sc8","101-3%",-2.200097393375472,,"ScCu-bcc","Cu8Sc8"
"H2O(g) - 0.5H2(g) + * -> OH*","{""OH"": ""threefoldAAB""}","UmVhY3Rpb246NDU4ODA1","PBE","{""star"": 1, ""H2gas"": -0.5, ""H2Ogas"": 1}","{""OHstar"": 1}","101-5%","Cu8Sc8","101-5%",-2.178667340122047,,"ScCu-bcc","Cu8Sc8"
"H2O(g) - 0.5H2(g) + * -> OH*","{""OH"": ""longbridgeA""}","UmVhY3Rpb246NDU4ODE2","PBE","{""star"": 1, ""H2gas"": -0.5, ""H2Ogas"": 1}","{""OHstar"": 1}","101","Ir8Sc8","101",-1.1697173905449745,,"ScIr-bcc","Ir8Sc8"
"H2O(g) - 0.5H2(g) + * -> OH*","{""OH"": ""longbridgeB""}","UmVhY3Rpb246NDU4ODE3","PBE","{""star"": 1, ""H2gas"": -0.5, ""H2Ogas"": 1}","{""OHstar"": 1}","101","Ir8Sc8","101",0.17989881255562068,,"ScIr-bcc","Ir8Sc8"
"H2O(g) - 0.5H2(g) + * -> OH*","{""OH"": ""ontopA""}","UmVhY3Rpb246NDU4ODE4","PBE","{""star"": 1, ""H2gas"": -0.5, ""H2Ogas"": 1}","{""OHstar"": 1}","101","Ir8Sc8","101",-0.5957072617638914,,"ScIr-bcc","Ir8Sc8"
"H2O(g) - 0.5H2(g) + * -> OH*","{""OH"": ""threefoldAAB-d""}","UmVhY3Rpb246NDU4ODE5","PBE","{""star"": 1, ""H2gas"": -0.5, ""H2Ogas"": 1}","{""OHstar"": 1}","101","Ir8Sc8","101",-1.4858633300027577,,"ScIr-bcc","Ir8Sc8"
"H2O(g) - 0.5H2(g) + * -> OH*","{""OH"": ""threefoldAAB""}","UmVhY3Rpb246NDU4ODIy","PBE","{""star"": 1, ""H2gas"": -0.5, ""H2Ogas"": 1}","{""OHstar"": 1}","101+3%","Ir8Sc8","101+3%",-1.5916629592065874,,"ScIr-bcc","Ir8Sc8"
"H2O(g) - 0.5H2(g) + * -> OH*","{""OH"": ""threefoldAAB""}","UmVhY3Rpb246NDU4ODI1","PBE","{""star"": 1, ""H2gas"": -0.5, ""H2Ogas"": 1}","{""OHstar"": 1}","101+5%","Ir8Sc8","101+5%",-1.6532334772055037,,"ScIr-bcc","Ir8Sc8"
"H2O(g) - 0.5H2(g) + * -> OH*","{""OH"": ""threefoldAAB-d""}","UmVhY3Rpb246NDU4ODI4","PBE","{""star"": 1, ""H2gas"": -0.5, ""H2Ogas"": 1}","{""OHstar"": 1}","101-3%","Ir8Sc8","101-3%",-1.3711629931895004,,"ScIr-bcc","Ir8Sc8"
"H2O(g) - 0.5H2(g) + * -> OH*","{""OH"": ""threefoldAAB-d""}","UmVhY3Rpb246NDU4ODMx","PBE","{""star"": 1, ""H2gas"": -0.5, ""H2Ogas"": 1}","{""OHstar"": 1}","101-5%","Ir8Sc8","101-5%",-1.3074279456668592,,"ScIr-bcc","Ir8Sc8"
"H2O(g) - 0.5H2(g) + * -> OH*","{""OH"": ""longbridgeA""}","UmVhY3Rpb246NDU4ODQy","PBE","{""star"": 1, ""H2gas"": -0.5, ""H2Ogas"": 1}","{""OHstar"": 1}","101","Ni8Sc8","101",-1.8104895611904794,,"ScNi-bcc","Ni8Sc8"
"H2O(g) - 0.5H2(g) + * -> OH*","{""OH"": ""longbridgeB""}","UmVhY3Rpb246NDU4ODQz","PBE","{""star"": 1, ""H2gas"": -0.5, ""H2Ogas"": 1}","{""OHstar"": 1}","101","Ni8Sc8","101",-0.63565330117126,,"ScNi-bcc","Ni8Sc8"
"H2O(g) - 0.5H2(g) + * -> OH*","{""OH"": ""ontopA""}","UmVhY3Rpb246NDU4ODQ0","PBE","{""star"": 1, ""H2gas"": -0.5, ""H2Ogas"": 1}","{""OHstar"": 1}","101","Ni8Sc8","101",-1.188895701779984,,"ScNi-bcc","Ni8Sc8"
"H2O(g) - 0.5H2(g) + * -> OH*","{""OH"": ""ontopB""}","UmVhY3Rpb246NDU4ODQ1","PBE","{""star"": 1, ""H2gas"": -0.5, ""H2Ogas"": 1}","{""OHstar"": 1}","101","Ni8Sc8","101",0.14426795440522255,,"ScNi-bcc","Ni8Sc8"
"H2O(g) - 0.5H2(g) + * -> OH*","{""OH"": ""threefoldAAB""}","UmVhY3Rpb246NDU4ODQ2","PBE","{""star"": 1, ""H2gas"": -0.5, ""H2Ogas"": 1}","{""OHstar"": 1}","101","Ni8Sc8","101",-1.8557273984042695,,"ScNi-bcc","Ni8Sc8"
"H2O(g) - 0.5H2(g) + * -> OH*","{""OH"": ""threefoldAAB""}","UmVhY3Rpb246NDU4ODQ5","PBE","{""star"": 1, ""H2gas"": -0.5, ""H2Ogas"": 1}","{""OHstar"": 1}","101+3%","Ni8Sc8","101+3%",-1.81085977206385,,"ScNi-bcc","Ni8Sc8"
"H2O(g) - 0.5H2(g) + * -> OH*","{""OH"": ""threefoldAAB""}","UmVhY3Rpb246NDU4ODUy","PBE","{""star"": 1, ""H2gas"": -0.5, ""H2Ogas"": 1}","{""OHstar"": 1}","101+5%","Ni8Sc8","101+5%",-1.8354004946522764,,"ScNi-bcc","Ni8Sc8"
"H2O(g) - 0.5H2(g) + * -> OH*","{""OH"": ""threefoldAAB""}","UmVhY3Rpb246NDU4ODU1","PBE","{""star"": 1, ""H2gas"": -0.5, ""H2Ogas"": 1}","{""OHstar"": 1}","101-3%","Ni8Sc8","101-3%",-1.8560654998436803,,"ScNi-bcc","Ni8Sc8"
"H2O(g) - 0.5H2(g) + * -> OH*","{""OH"": ""threefoldAAB""}","UmVhY3Rpb246NDU4ODU4","PBE","{""star"": 1, ""H2gas"": -0.5, ""H2Ogas"": 1}","{""OHstar"": 1}","101-5%","Ni8Sc8","101-5%",-1.8515616076474544,,"ScNi-bcc","Ni8Sc8"
"H2O(g) - 0.5H2(g) + * -> OH*","{""OH"": ""longbridgeA""}","UmVhY3Rpb246NDU4ODY5","PBE","{""star"": 1, ""H2gas"": -0.5, ""H2Ogas"": 1}","{""OHstar"": 1}","101","Pd8Sc8","101",-1.8427708340313984,,"ScPd-bcc","Pd8Sc8"
"H2O(g) - 0.5H2(g) + * -> OH*","{""OH"": ""longbridgeB""}","UmVhY3Rpb246NDU4ODcw","PBE","{""star"": 1, ""H2gas"": -0.5, ""H2Ogas"": 1}","{""OHstar"": 1}","101","Pd8Sc8","101",-0.14921539216084057,,"ScPd-bcc","Pd8Sc8"
"H2O(g) - 0.5H2(g) + * -> OH*","{""OH"": ""ontopA""}","UmVhY3Rpb246NDU4ODcx","PBE","{""star"": 1, ""H2gas"": -0.5, ""H2Ogas"": 1}","{""OHstar"": 1}","101","Pd8Sc8","101",-1.3786194565909682,,"ScPd-bcc","Pd8Sc8"
"H2O(g) - 0.5H2(g) + * -> OH*","{""OH"": ""ontopB""}","UmVhY3Rpb246NDU4ODcy","PBE","{""star"": 1, ""H2gas"": -0.5, ""H2Ogas"": 1}","{""OHstar"": 1}","101","Pd8Sc8","101",0.8278064883379557,,"ScPd-bcc","Pd8Sc8"
"H2O(g) - 0.5H2(g) + * -> OH*","{""OH"": ""threefoldAAB""}","UmVhY3Rpb246NDU4ODcz","PBE","{""star"": 1, ""H2gas"": -0.5, ""H2Ogas"": 1}","{""OHstar"": 1}","101","Pd8Sc8","101",-1.9054749782699218,,"ScPd-bcc","Pd8Sc8"
"H2O(g) - 0.5H2(g) + * -> OH*","{""OH"": ""threefoldAAB""}","UmVhY3Rpb246NDU4ODc2","PBE","{""star"": 1, ""H2gas"": -0.5, ""H2Ogas"": 1}","{""OHstar"": 1}","101+3%","Pd8Sc8","101+3%",-1.9092547755499254,,"ScPd-bcc","Pd8Sc8"
"H2O(g) - 0.5H2(g) + * -> OH*","{""OH"": ""threefoldAAB""}","UmVhY3Rpb246NDU4ODc5","PBE","{""star"": 1, ""H2gas"": -0.5, ""H2Ogas"": 1}","{""OHstar"": 1}","101+5%","Pd8Sc8","101+5%",-1.9172266225650674,,"ScPd-bcc","Pd8Sc8"
"H2O(g) - 0.5H2(g) + * -> OH*","{""OH"": ""threefoldAAB""}","UmVhY3Rpb246NDU4ODgy","PBE","{""star"": 1, ""H2gas"": -0.5, ""H2Ogas"": 1}","{""OHstar"": 1}","101-3%","Pd8Sc8","101-3%",-1.9255752111930633,,"ScPd-bcc","Pd8Sc8"
"H2O(g) - 0.5H2(g) + * -> OH*","{""OH"": ""threefoldAAB""}","UmVhY3Rpb246NDU4ODg1","PBE","{""star"": 1, ""H2gas"": -0.5, ""H2Ogas"": 1}","{""OHstar"": 1}","101-5%","Pd8Sc8","101-5%",-1.9352519874701102,,"ScPd-bcc","Pd8Sc8"
"H2O(g) - 0.5H2(g) + * -> OH*","{""OH"": ""longbridgeA""}","UmVhY3Rpb246NDU4ODk2","PBE","{""star"": 1, ""H2gas"": -0.5, ""H2Ogas"": 1}","{""OHstar"": 1}","101","Pt8Sc8","101",-1.4886401156691136,,"ScPt-bcc","Pt8Sc8"
"H2O(g) - 0.5H2(g) + * -> OH*","{""OH"": ""longbridgeB""}","UmVhY3Rpb246NDU4ODk3","PBE","{""star"": 1, ""H2gas"": -0.5, ""H2Ogas"": 1}","{""OHstar"": 1}","101","Pt8Sc8","101",0.31811155376635725,,"ScPt-bcc","Pt8Sc8"
"H2O(g) - 0.5H2(g) + * -> OH*","{""OH"": ""ontopA""}","UmVhY3Rpb246NDU4ODk4","PBE","{""star"": 1, ""H2gas"": -0.5, ""H2Ogas"": 1}","{""OHstar"": 1}","101","Pt8Sc8","101",-1.1582965006236918,,"ScPt-bcc","Pt8Sc8"
"H2O(g) - 0.5H2(g) + * -> OH*","{""OH"": ""ontopB""}","UmVhY3Rpb246NDU4ODk5","PBE","{""star"": 1, ""H2gas"": -0.5, ""H2Ogas"": 1}","{""OHstar"": 1}","101","Pt8Sc8","101",1.167161153141933,,"ScPt-bcc","Pt8Sc8"
"H2O(g) - 0.5H2(g) + * -> OH*","{""OH"": ""threefoldAAB""}","UmVhY3Rpb246NDU4OTAw","PBE","{""star"": 1, ""H2gas"": -0.5, ""H2Ogas"": 1}","{""OHstar"": 1}","101","Pt8Sc8","101",-1.5869051848058007,,"ScPt-bcc","Pt8Sc8"
"H2O(g) - 0.5H2(g) + * -> OH*","{""OH"": ""threefoldAAB""}","UmVhY3Rpb246NDU4OTAz","PBE","{""star"": 1, ""H2gas"": -0.5, ""H2Ogas"": 1}","{""OHstar"": 1}","101+3%","Pt8Sc8","101+3%",-1.5886034472641768,,"ScPt-bcc","Pt8Sc8"
"H2O(g) - 0.5H2(g) + * -> OH*","{""OH"": ""threefoldAAB""}","UmVhY3Rpb246NDU4OTA2","PBE","{""star"": 1, ""H2gas"": -0.5, ""H2Ogas"": 1}","{""OHstar"": 1}","101+5%","Pt8Sc8","101+5%",-1.6089210991412983,,"ScPt-bcc","Pt8Sc8"
"H2O(g) - 0.5H2(g) + * -> OH*","{""OH"": ""threefoldAAB""}","UmVhY3Rpb246NDU4OTA5","PBE","{""star"": 1, ""H2gas"": -0.5, ""H2Ogas"": 1}","{""OHstar"": 1}","101-3%","Pt8Sc8","101-3%",-1.6250384017985198,,"ScPt-bcc","Pt8Sc8"
"H2O(g) - 0.5H2(g) + * -> OH*","{""OH"": ""threefoldAAB""}","UmVhY3Rpb246NDU4OTEy","PBE","{""star"": 1, ""H2gas"": -0.5, ""H2Ogas"": 1}","{""OHstar"": 1}","101-5%","Pt8Sc8","101-5%",-1.648716523537587,,"ScPt-bcc","Pt8Sc8"
"H2O(g) - 0.5H2(g) + * -> OH*","{""OH"": ""longbridgeA""}","UmVhY3Rpb246NDU4OTIz","PBE","{""star"": 1, ""H2gas"": -0.5, ""H2Ogas"": 1}","{""OHstar"": 1}","101","Rh8Sc8","101",-1.5558077431996935,,"ScRh-bcc","Rh8Sc8"
"H2O(g) - 0.5H2(g) + * -> OH*","{""OH"": ""longbridgeB""}","UmVhY3Rpb246NDU4OTI0","PBE","{""star"": 1, ""H2gas"": -0.5, ""H2Ogas"": 1}","{""OHstar"": 1}","101","Rh8Sc8","101",-0.19585053394257557,,"ScRh-bcc","Rh8Sc8"
"H2O(g) - 0.5H2(g) + * -> OH*","{""OH"": ""ontopA""}","UmVhY3Rpb246NDU4OTI1","PBE","{""star"": 1, ""H2gas"": -0.5, ""H2Ogas"": 1}","{""OHstar"": 1}","101","Rh8Sc8","101",-0.9387334225393715,,"ScRh-bcc","Rh8Sc8"
"H2O(g) - 0.5H2(g) + * -> OH*","{""OH"": ""ontopB""}","UmVhY3Rpb246NDU4OTI2","PBE","{""star"": 1, ""H2gas"": -0.5, ""H2Ogas"": 1}","{""OHstar"": 1}","101","Rh8Sc8","101",0.6284285426954739,,"ScRh-bcc","Rh8Sc8"
"H2O(g) - 0.5H2(g) + * -> OH*","{""OH"": ""threefoldAAB""}","UmVhY3Rpb246NDU4OTI3","PBE","{""star"": 1, ""H2gas"": -0.5, ""H2Ogas"": 1}","{""OHstar"": 1}","101","Rh8Sc8","101",-1.6794132774957689,,"ScRh-bcc","Rh8Sc8"
"H2O(g) - 0.5H2(g) + * -> OH*","{""OH"": ""threefoldAAB""}","UmVhY3Rpb246NDU4OTMw","PBE","{""star"": 1, ""H2gas"": -0.5, ""H2Ogas"": 1}","{""OHstar"": 1}","101+3%","Rh8Sc8","101+3%",-1.7538517868088093,,"ScRh-bcc","Rh8Sc8"
"H2O(g) - 0.5H2(g) + * -> OH*","{""OH"": ""threefoldAAB""}","UmVhY3Rpb246NDU4OTMz","PBE","{""star"": 1, ""H2gas"": -0.5, ""H2Ogas"": 1}","{""OHstar"": 1}","101+5%","Rh8Sc8","101+5%",-1.7900543561263476,,"ScRh-bcc","Rh8Sc8"
"H2O(g) - 0.5H2(g) + * -> OH*","{""OH"": ""threefoldAAB""}","UmVhY3Rpb246NDU4OTM2","PBE","{""star"": 1, ""H2gas"": -0.5, ""H2Ogas"": 1}","{""OHstar"": 1}","101-3%","Rh8Sc8","101-3%",-1.6029473840462742,,"ScRh-bcc","Rh8Sc8"
"H2O(g) - 0.5H2(g) + * -> OH*","{""OH"": ""threefoldAAB""}","UmVhY3Rpb246NDU4OTM5","PBE","{""star"": 1, ""H2gas"": -0.5, ""H2Ogas"": 1}","{""OHstar"": 1}","101-5%","Rh8Sc8","101-5%",-1.5664541971418657,,"ScRh-bcc","Rh8Sc8"
"H2O(g) - 0.5H2(g) + * -> OH*","{""OH"": ""longbridgeA""}","UmVhY3Rpb246NDU4OTUw","PBE","{""star"": 1, ""H2gas"": -0.5, ""H2Ogas"": 1}","{""OHstar"": 1}","101","Ru8Sc8","101",-1.6093676379568933,,"ScRu-bcc","Ru8Sc8"
"H2O(g) - 0.5H2(g) + * -> OH*","{""OH"": ""longbridgeB""}","UmVhY3Rpb246NDU4OTUx","PBE","{""star"": 1, ""H2gas"": -0.5, ""H2Ogas"": 1}","{""OHstar"": 1}","101","Ru8Sc8","101",-0.9103485477535287,,"ScRu-bcc","Ru8Sc8"
"H2O(g) - 0.5H2(g) + * -> OH*","{""OH"": ""ontopA""}","UmVhY3Rpb246NDU4OTUy","PBE","{""star"": 1, ""H2gas"": -0.5, ""H2Ogas"": 1}","{""OHstar"": 1}","101","Ru8Sc8","101",-0.6124196773962467,,"ScRu-bcc","Ru8Sc8"
"H2O(g) - 0.5H2(g) + * -> OH*","{""OH"": ""ontopB""}","UmVhY3Rpb246NDU4OTUz","PBE","{""star"": 1, ""H2gas"": -0.5, ""H2Ogas"": 1}","{""OHstar"": 1}","101","Ru8Sc8","101",0.024929437211540062,,"ScRu-bcc","Ru8Sc8"
"H2O(g) - 0.5H2(g) + * -> OH*","{""OH"": ""threefoldAAB""}","UmVhY3Rpb246NDU4OTU0","PBE","{""star"": 1, ""H2gas"": -0.5, ""H2Ogas"": 1}","{""OHstar"": 1}","101","Ru8Sc8","101",-1.6651528796792263,,"ScRu-bcc","Ru8Sc8"
"H2O(g) - 0.5H2(g) + * -> OH*","{""OH"": ""threefoldABB""}","UmVhY3Rpb246NDU4OTU1","PBE","{""star"": 1, ""H2gas"": -0.5, ""H2Ogas"": 1}","{""OHstar"": 1}","101","Ru8Sc8","101",-1.0136181985471922,,"ScRu-bcc","Ru8Sc8"
"H2O(g) - 0.5H2(g) + * -> OH*","{""OH"": ""threefoldAAB""}","UmVhY3Rpb246NDU4OTU4","PBE","{""star"": 1, ""H2gas"": -0.5, ""H2Ogas"": 1}","{""OHstar"": 1}","101+3%","Ru8Sc8","101+3%",-1.730962387038744,,"ScRu-bcc","Ru8Sc8"
"H2O(g) - 0.5H2(g) + * -> OH*","{""OH"": ""threefoldAAB""}","UmVhY3Rpb246NDU4OTYx","PBE","{""star"": 1, ""H2gas"": -0.5, ""H2Ogas"": 1}","{""OHstar"": 1}","101+5%","Ru8Sc8","101+5%",-1.7699065032866201,,"ScRu-bcc","Ru8Sc8"
"H2O(g) - 0.5H2(g) + * -> OH*","{""OH"": ""threefoldAAB""}","UmVhY3Rpb246NDU4OTY0","PBE","{""star"": 1, ""H2gas"": -0.5, ""H2Ogas"": 1}","{""OHstar"": 1}","101-3%","Ru8Sc8","101-3%",-1.5917629610412405,,"ScRu-bcc","Ru8Sc8"
"H2O(g) - 0.5H2(g) + * -> OH*","{""OH"": ""threefoldAAB""}","UmVhY3Rpb246NDU4OTY3","PBE","{""star"": 1, ""H2gas"": -0.5, ""H2Ogas"": 1}","{""OHstar"": 1}","101-5%","Ru8Sc8","101-5%",-1.539483770076913,,"ScRu-bcc","Ru8Sc8"
"H2O(g) - 0.5H2(g) + * -> OH*","{""OH"": ""longbridgeA""}","UmVhY3Rpb246NDU4OTc2","PBE","{""star"": 1, ""H2gas"": -0.5, ""H2Ogas"": 1}","{""OHstar"": 1}","101","Sc8Zn8","101",-2.2246651913010282,,"ScZn-bcc","Sc8Zn8"
"H2O(g) - 0.5H2(g) + * -> OH*","{""OH"": ""longbridgeB""}","UmVhY3Rpb246NDU4OTc3","PBE","{""star"": 1, ""H2gas"": -0.5, ""H2Ogas"": 1}","{""OHstar"": 1}","101","Sc8Zn8","101",-0.5171263634838397,,"ScZn-bcc","Sc8Zn8"
"H2O(g) - 0.5H2(g) + * -> OH*","{""OH"": ""ontopA""}","UmVhY3Rpb246NDU4OTc4","PBE","{""star"": 1, ""H2gas"": -0.5, ""H2Ogas"": 1}","{""OHstar"": 1}","101","Sc8Zn8","101",-1.385728702734923,,"ScZn-bcc","Sc8Zn8"
"H2O(g) - 0.5H2(g) + * -> OH*","{""OH"": ""threefoldAAB""}","UmVhY3Rpb246NDU4OTc5","PBE","{""star"": 1, ""H2gas"": -0.5, ""H2Ogas"": 1}","{""OHstar"": 1}","101","Sc8Zn8","101",-2.2360818634551833,,"ScZn-bcc","Sc8Zn8"
"H2O(g) - 0.5H2(g) + * -> OH*","{""OH"": ""threefoldAAB""}","UmVhY3Rpb246NDU4OTgy","PBE","{""star"": 1, ""H2gas"": -0.5, ""H2Ogas"": 1}","{""OHstar"": 1}","101+3%","Sc8Zn8","101+3%",-2.24325655298162,,"ScZn-bcc","Sc8Zn8"
"H2O(g) - 0.5H2(g) + * -> OH*","{""OH"": ""longbridgeA""}","UmVhY3Rpb246NDU4OTg1","PBE","{""star"": 1, ""H2gas"": -0.5, ""H2Ogas"": 1}","{""OHstar"": 1}","101+5%","Sc8Zn8","101+5%",-2.2467655969958287,,"ScZn-bcc","Sc8Zn8"
"H2O(g) - 0.5H2(g) + * -> OH*","{""OH"": ""threefoldAAB""}","UmVhY3Rpb246NDU4OTg4","PBE","{""star"": 1, ""H2gas"": -0.5, ""H2Ogas"": 1}","{""OHstar"": 1}","101-3%","Sc8Zn8","101-3%",-2.2312978300687973,,"ScZn-bcc","Sc8Zn8"
"H2O(g) - 0.5H2(g) + * -> OH*","{""OH"": ""threefoldAAB""}","UmVhY3Rpb246NDU4OTkx","PBE","{""star"": 1, ""H2gas"": -0.5, ""H2Ogas"": 1}","{""OHstar"": 1}","101-5%","Sc8Zn8","101-5%",-2.2757372852865956,,"ScZn-bcc","Sc8Zn8"
"H2O(g) - 0.5H2(g) + * -> OH*","{""OH"": ""fccAAA""}","UmVhY3Rpb246NDU5MDAz","PBE","{""star"": 1, ""H2gas"": -0.5, ""H2Ogas"": 1}","{""OHstar"": 1}","111","Ca4Sn12","111",0.971319190783106,,"Sn3Ca-fcc","Ca4Sn12"
"H2O(g) - 0.5H2(g) + * -> OH*","{""OH"": ""fccAAB""}","UmVhY3Rpb246NDU5MDA0","PBE","{""star"": 1, ""H2gas"": -0.5, ""H2Ogas"": 1}","{""OHstar"": 1}","111","Ca4Sn12","111",-0.2772116193045804,,"Sn3Ca-fcc","Ca4Sn12"
"H2O(g) - 0.5H2(g) + * -> OH*","{""OH"": ""hcpAAA""}","UmVhY3Rpb246NDU5MDA1","PBE","{""star"": 1, ""H2gas"": -0.5, ""H2Ogas"": 1}","{""OHstar"": 1}","111","Ca4Sn12","111",0.704986546690634,,"Sn3Ca-fcc","Ca4Sn12"
"H2O(g) - 0.5H2(g) + * -> OH*","{""OH"": ""hcpAAB""}","UmVhY3Rpb246NDU5MDA2","PBE","{""star"": 1, ""H2gas"": -0.5, ""H2Ogas"": 1}","{""OHstar"": 1}","111","Ca4Sn12","111",-0.2630094538362755,,"Sn3Ca-fcc","Ca4Sn12"
"H2O(g) - 0.5H2(g) + * -> OH*","{""OH"": ""ontopA""}","UmVhY3Rpb246NDU5MDA3","PBE","{""star"": 1, ""H2gas"": -0.5, ""H2Ogas"": 1}","{""OHstar"": 1}","111","Ca4Sn12","111",0.3243833695851208,,"Sn3Ca-fcc","Ca4Sn12"
"H2O(g) - 0.5H2(g) + * -> OH*","{""OH"": ""ontopB""}","UmVhY3Rpb246NDU5MDA4","PBE","{""star"": 1, ""H2gas"": -0.5, ""H2Ogas"": 1}","{""OHstar"": 1}","111","Ca4Sn12","111",-0.25877386588035733,,"Sn3Ca-fcc","Ca4Sn12"
"H2O(g) - 0.5H2(g) + * -> OH*","{""OH"": ""fccAAB""}","UmVhY3Rpb246NDU5MDEx","PBE","{""star"": 1, ""H2gas"": -0.5, ""H2Ogas"": 1}","{""OHstar"": 1}","111+3%","Ca4Sn12","111+3%",-0.3630009492189856,,"Sn3Ca-fcc","Ca4Sn12"
"H2O(g) - 0.5H2(g) + * -> OH*","{""OH"": ""fccAAA""}","UmVhY3Rpb246NDU5MDE0","PBE","{""star"": 1, ""H2gas"": -0.5, ""H2Ogas"": 1}","{""OHstar"": 1}","111-3%","Ca4Sn12","111-3%",0.9457248433973291,,"Sn3Ca-fcc","Ca4Sn12"
"H2O(g) - 0.5H2(g) + * -> OH*","{""OH"": ""ontopB""}","UmVhY3Rpb246NDU5MDE1","PBE","{""star"": 1, ""H2gas"": -0.5, ""H2Ogas"": 1}","{""OHstar"": 1}","111-3%","Ca4Sn12","111-3%",-0.28318383778605494,,"Sn3Ca-fcc","Ca4Sn12"
"H2O(g) - 0.5H2(g) + * -> OH*","{""OH"": ""fccAAA""}","UmVhY3Rpb246NDU5MDE3","PBE","{""star"": 1, ""H2gas"": -0.5, ""H2Ogas"": 1}","{""OHstar"": 1}","111-5%","Ca4Sn12","111-5%",0.9248465009659412,,"Sn3Ca-fcc","Ca4Sn12"
"H2O(g) - 0.5H2(g) + * -> OH*","{""OH"": ""ontopB""}","UmVhY3Rpb246NDU5MDE4","PBE","{""star"": 1, ""H2gas"": -0.5, ""H2Ogas"": 1}","{""OHstar"": 1}","111-5%","Ca4Sn12","111-5%",-0.3428286061316612,,"Sn3Ca-fcc","Ca4Sn12"
"H2O(g) - 0.5H2(g) + * -> OH*","{""OH"": ""hollow""}","UmVhY3Rpb246NDU5MDI3","PBE","{""star"": 1, ""H2gas"": -0.5, ""H2Ogas"": 1}","{""OHstar"": 1}","110","Ta16","110",-1.8540828784243786,,"Ta-bcc","Ta16"
"H2O(g) - 0.5H2(g) + * -> OH*","{""OH"": ""longbridge""}","UmVhY3Rpb246NDU5MDI4","PBE","{""star"": 1, ""H2gas"": -0.5, ""H2Ogas"": 1}","{""OHstar"": 1}","110","Ta16","110",-1.811615976421308,,"Ta-bcc","Ta16"
"H2O(g) - 0.5H2(g) + * -> OH*","{""OH"": ""ontop""}","UmVhY3Rpb246NDU5MDI5","PBE","{""star"": 1, ""H2gas"": -0.5, ""H2Ogas"": 1}","{""OHstar"": 1}","110","Ta16","110",-0.908399804495275,,"Ta-bcc","Ta16"
"H2O(g) - 0.5H2(g) + * -> OH*","{""OH"": ""shortbridge""}","UmVhY3Rpb246NDU5MDMw","PBE","{""star"": 1, ""H2gas"": -0.5, ""H2Ogas"": 1}","{""OHstar"": 1}","110","Ta16","110",-1.541975788615673,,"Ta-bcc","Ta16"
"H2O(g) - 0.5H2(g) + * -> OH*","{""OH"": ""fcc""}","UmVhY3Rpb246NDU5MDM3","PBE","{""star"": 1, ""H2gas"": -0.5, ""H2Ogas"": 1}","{""OHstar"": 1}","0001","Tc16","0001",-0.4438522292984999,,"Tc-hcp","Tc16"
"H2O(g) - 0.5H2(g) + * -> OH*","{""OH"": ""hcp""}","UmVhY3Rpb246NDU5MDM4","PBE","{""star"": 1, ""H2gas"": -0.5, ""H2Ogas"": 1}","{""OHstar"": 1}","0001","Tc16","0001",-0.7788404194070608,,"Tc-hcp","Tc16"
"H2O(g) - 0.5H2(g) + * -> OH*","{""OH"": ""ontop""}","UmVhY3Rpb246NDU5MDM5","PBE","{""star"": 1, ""H2gas"": -0.5, ""H2Ogas"": 1}","{""OHstar"": 1}","0001","Tc16","0001",0.18015895339340204,,"Tc-hcp","Tc16"
"H2O(g) - 0.5H2(g) + * -> OH*","{""OH"": ""fccAAA""}","UmVhY3Rpb246NDU5MDQ2","PBE","{""star"": 1, ""H2gas"": -0.5, ""H2Ogas"": 1}","{""OHstar"": 1}","0001","In4Ti12","0001",-2.530807681825536,,"Ti3In-hcp","In4Ti12"
"H2O(g) - 0.5H2(g) + * -> OH*","{""OH"": ""hcpAAA""}","UmVhY3Rpb246NDU5MDQ3","PBE","{""star"": 1, ""H2gas"": -0.5, ""H2Ogas"": 1}","{""OHstar"": 1}","0001","In4Ti12","0001",-2.46195961527701,,"Ti3In-hcp","In4Ti12"
"H2O(g) - 0.5H2(g) + * -> OH*","{""OH"": ""longbridgeA""}","UmVhY3Rpb246NDU5MDU3","PBE","{""star"": 1, ""H2gas"": -0.5, ""H2Ogas"": 1}","{""OHstar"": 1}","101","Co8Ti8","101",-1.4681440931672114,,"TiCo-bcc","Co8Ti8"
"H2O(g) - 0.5H2(g) + * -> OH*","{""OH"": ""longbridgeB""}","UmVhY3Rpb246NDU5MDU4","PBE","{""star"": 1, ""H2gas"": -0.5, ""H2Ogas"": 1}","{""OHstar"": 1}","101","Co8Ti8","101",-0.2258623773814179,,"TiCo-bcc","Co8Ti8"
"H2O(g) - 0.5H2(g) + * -> OH*","{""OH"": ""ontopA""}","UmVhY3Rpb246NDU5MDU5","PBE","{""star"": 1, ""H2gas"": -0.5, ""H2Ogas"": 1}","{""OHstar"": 1}","101","Co8Ti8","101",-1.1532762724164058,,"TiCo-bcc","Co8Ti8"
"H2O(g) - 0.5H2(g) + * -> OH*","{""OH"": ""longbridgeA""}","UmVhY3Rpb246NDU5MDYw","PBE","{""star"": 1, ""H2gas"": -0.5, ""H2Ogas"": 1}","{""OHstar"": 1}","101+5%","Co8Ti8","101+5%",-1.5587328309120494,,"TiCo-bcc","Co8Ti8"
"H2O(g) - 0.5H2(g) + * -> OH*","{""OH"": ""longbridgeB""}","UmVhY3Rpb246NDU5MDYx","PBE","{""star"": 1, ""H2gas"": -0.5, ""H2Ogas"": 1}","{""OHstar"": 1}","101+5%","Co8Ti8","101+5%",-0.3924316935517709,,"TiCo-bcc","Co8Ti8"
"H2O(g) - 0.5H2(g) + * -> OH*","{""OH"": ""longbridgeA""}","UmVhY3Rpb246NDU5MDY0","PBE","{""star"": 1, ""H2gas"": -0.5, ""H2Ogas"": 1}","{""OHstar"": 1}","101-3%","Co8Ti8","101-3%",-1.40406849518331,,"TiCo-bcc","Co8Ti8"
"H2O(g) - 0.5H2(g) + * -> OH*","{""OH"": ""longbridgeB""}","UmVhY3Rpb246NDU5MDY1","PBE","{""star"": 1, ""H2gas"": -0.5, ""H2Ogas"": 1}","{""OHstar"": 1}","101-3%","Co8Ti8","101-3%",-0.20847797663736856,,"TiCo-bcc","Co8Ti8"
"H2O(g) - 0.5H2(g) + * -> OH*","{""OH"": ""ontopA""}","UmVhY3Rpb246NDU5MDY2","PBE","{""star"": 1, ""H2gas"": -0.5, ""H2Ogas"": 1}","{""OHstar"": 1}","101-3%","Co8Ti8","101-3%",-1.111296726296132,,"TiCo-bcc","Co8Ti8"
"H2O(g) - 0.5H2(g) + * -> OH*","{""OH"": ""longbridgeA""}","UmVhY3Rpb246NDU5MDY4","PBE","{""star"": 1, ""H2gas"": -0.5, ""H2Ogas"": 1}","{""OHstar"": 1}","101-5%","Co8Ti8","101-5%",-1.3725296849443112,,"TiCo-bcc","Co8Ti8"
"H2O(g) - 0.5H2(g) + * -> OH*","{""OH"": ""longbridgeB""}","UmVhY3Rpb246NDU5MDY5","PBE","{""star"": 1, ""H2gas"": -0.5, ""H2Ogas"": 1}","{""OHstar"": 1}","101-5%","Co8Ti8","101-5%",-0.22254530969075859,,"TiCo-bcc","Co8Ti8"
"H2O(g) - 0.5H2(g) + * -> OH*","{""OH"": ""ontopA""}","UmVhY3Rpb246NDU5MDcw","PBE","{""star"": 1, ""H2gas"": -0.5, ""H2Ogas"": 1}","{""OHstar"": 1}","101-5%","Co8Ti8","101-5%",-1.096157536820101,,"TiCo-bcc","Co8Ti8"
"H2O(g) - 0.5H2(g) + * -> OH*","{""OH"": ""longbridgeA""}","UmVhY3Rpb246NDU5MDcz","PBE","{""star"": 1, ""H2gas"": -0.5, ""H2Ogas"": 1}","{""OHstar"": 1}","101","Fe8Ti8","101",-1.5501035568595398,,"TiFe-bcc","Fe8Ti8"
"H2O(g) - 0.5H2(g) + * -> OH*","{""OH"": ""longbridgeB""}","UmVhY3Rpb246NDU5MDc0","PBE","{""star"": 1, ""H2gas"": -0.5, ""H2Ogas"": 1}","{""OHstar"": 1}","101","Fe8Ti8","101",-1.0308030037922435,,"TiFe-bcc","Fe8Ti8"
"H2O(g) - 0.5H2(g) + * -> OH*","{""OH"": ""ontopA""}","UmVhY3Rpb246NDU5MDc1","PBE","{""star"": 1, ""H2gas"": -0.5, ""H2Ogas"": 1}","{""OHstar"": 1}","101","Fe8Ti8","101",-0.8815884279611055,,"TiFe-bcc","Fe8Ti8"
"H2O(g) - 0.5H2(g) + * -> OH*","{""OH"": ""threefoldAAB""}","UmVhY3Rpb246NDU5MDc2","PBE","{""star"": 1, ""H2gas"": -0.5, ""H2Ogas"": 1}","{""OHstar"": 1}","101","Fe8Ti8","101",-1.7280947153485613,,"TiFe-bcc","Fe8Ti8"
"H2O(g) - 0.5H2(g) + * -> OH*","{""OH"": ""threefoldABB""}","UmVhY3Rpb246NDU5MDc3","PBE","{""star"": 1, ""H2gas"": -0.5, ""H2Ogas"": 1}","{""OHstar"": 1}","101","Fe8Ti8","101",-0.989218430913752,,"TiFe-bcc","Fe8Ti8"
"H2O(g) - 0.5H2(g) + * -> OH*","{""OH"": ""longbridgeA""}","UmVhY3Rpb246NDU5MDkz","PBE","{""star"": 1, ""H2gas"": -0.5, ""H2Ogas"": 1}","{""OHstar"": 1}","101","Os8Ti8","101",-1.2016430106086773,,"TiOs-bcc","Os8Ti8"
"H2O(g) - 0.5H2(g) + * -> OH*","{""OH"": ""longbridgeB""}","UmVhY3Rpb246NDU5MDk0","PBE","{""star"": 1, ""H2gas"": -0.5, ""H2Ogas"": 1}","{""OHstar"": 1}","101","Os8Ti8","101",-0.12050779035780579,,"TiOs-bcc","Os8Ti8"
"H2O(g) - 0.5H2(g) + * -> OH*","{""OH"": ""ontopA""}","UmVhY3Rpb246NDU5MDk1","PBE","{""star"": 1, ""H2gas"": -0.5, ""H2Ogas"": 1}","{""OHstar"": 1}","101","Os8Ti8","101",-0.8363558969722362,,"TiOs-bcc","Os8Ti8"
"H2O(g) - 0.5H2(g) + * -> OH*","{""OH"": ""threefoldAAB""}","UmVhY3Rpb246NDU5MDk2","PBE","{""star"": 1, ""H2gas"": -0.5, ""H2Ogas"": 1}","{""OHstar"": 1}","101","Os8Ti8","101",-1.471216666577675,,"TiOs-bcc","Os8Ti8"
"H2O(g) - 0.5H2(g) + * -> OH*","{""OH"": ""threefoldABB-d""}","UmVhY3Rpb246NDU5MDk3","PBE","{""star"": 1, ""H2gas"": -0.5, ""H2Ogas"": 1}","{""OHstar"": 1}","101","Os8Ti8","101",-0.8637995299941394,,"TiOs-bcc","Os8Ti8"
"H2O(g) - 0.5H2(g) + * -> OH*","{""OH"": ""longbridgeA""}","UmVhY3Rpb246NDU5MTE1","PBE","{""star"": 1, ""H2gas"": -0.5, ""H2Ogas"": 1}","{""OHstar"": 1}","101","Re8Ti8","101",-1.4785705430695089,,"TiRe-bcc","Re8Ti8"
"H2O(g) - 0.5H2(g) + * -> OH*","{""OH"": ""longbridgeB""}","UmVhY3Rpb246NDU5MTE2","PBE","{""star"": 1, ""H2gas"": -0.5, ""H2Ogas"": 1}","{""OHstar"": 1}","101","Re8Ti8","101",-0.9483756403569714,,"TiRe-bcc","Re8Ti8"
"H2O(g) - 0.5H2(g) + * -> OH*","{""OH"": ""threefoldAAB""}","UmVhY3Rpb246NDU5MTE3","PBE","{""star"": 1, ""H2gas"": -0.5, ""H2Ogas"": 1}","{""OHstar"": 1}","101","Re8Ti8","101",-1.531330695244833,,"TiRe-bcc","Re8Ti8"
"H2O(g) - 0.5H2(g) + * -> OH*","{""OH"": ""threefoldABB""}","UmVhY3Rpb246NDU5MTE4","PBE","{""star"": 1, ""H2gas"": -0.5, ""H2Ogas"": 1}","{""OHstar"": 1}","101","Re8Ti8","101",-1.0620302436873317,,"TiRe-bcc","Re8Ti8"
"H2O(g) - 0.5H2(g) + * -> OH*","{""OH"": ""longbridgeA""}","UmVhY3Rpb246NDU5MTI2","PBE","{""star"": 1, ""H2gas"": -0.5, ""H2Ogas"": 1}","{""OHstar"": 1}","101","Ru8Ti8","101",-1.4145888243510853,,"TiRu-bcc","Ru8Ti8"
"H2O(g) - 0.5H2(g) + * -> OH*","{""OH"": ""longbridgeB""}","UmVhY3Rpb246NDU5MTI3","PBE","{""star"": 1, ""H2gas"": -0.5, ""H2Ogas"": 1}","{""OHstar"": 1}","101","Ru8Ti8","101",-0.39710211942292517,,"TiRu-bcc","Ru8Ti8"
"H2O(g) - 0.5H2(g) + * -> OH*","{""OH"": ""ontopA""}","UmVhY3Rpb246NDU5MTI4","PBE","{""star"": 1, ""H2gas"": -0.5, ""H2Ogas"": 1}","{""OHstar"": 1}","101","Ru8Ti8","101",-1.0448470711198752,,"TiRu-bcc","Ru8Ti8"
"H2O(g) - 0.5H2(g) + * -> OH*","{""OH"": ""threefoldAAB""}","UmVhY3Rpb246NDU5MTI5","PBE","{""star"": 1, ""H2gas"": -0.5, ""H2Ogas"": 1}","{""OHstar"": 1}","101","Ru8Ti8","101",-1.5837934269948164,,"TiRu-bcc","Ru8Ti8"
"H2O(g) - 0.5H2(g) + * -> OH*","{""OH"": ""threefoldABB""}","UmVhY3Rpb246NDU5MTMw","PBE","{""star"": 1, ""H2gas"": -0.5, ""H2Ogas"": 1}","{""OHstar"": 1}","101","Ru8Ti8","101",-0.9428645187799702,,"TiRu-bcc","Ru8Ti8"
"H2O(g) - 0.5H2(g) + * -> OH*","{""OH"": ""bridge""}","UmVhY3Rpb246NDU5MTQ1","PBE","{""star"": 1, ""H2gas"": -0.5, ""H2Ogas"": 1}","{""OHstar"": 1}","100","V16","100",-1.5440429013870016,,"V-bcc","V16"
"H2O(g) - 0.5H2(g) + * -> OH*","{""OH"": ""hollow""}","UmVhY3Rpb246NDU5MTQ2","PBE","{""star"": 1, ""H2gas"": -0.5, ""H2Ogas"": 1}","{""OHstar"": 1}","100","V16","100",-1.4638610213478387,,"V-bcc","V16"
"H2O(g) - 0.5H2(g) + * -> OH*","{""OH"": ""ontop""}","UmVhY3Rpb246NDU5MTQ3","PBE","{""star"": 1, ""H2gas"": -0.5, ""H2Ogas"": 1}","{""OHstar"": 1}","100","V16","100",-1.290932948999398,,"V-bcc","V16"
"H2O(g) - 0.5H2(g) + * -> OH*","{""OH"": ""longbridgeA""}","UmVhY3Rpb246NDU5MTcw","PBE","{""star"": 1, ""H2gas"": -0.5, ""H2Ogas"": 1}","{""OHstar"": 1}","101","Ru8V8","101",-0.9792695408032159,,"VRu-bcc","Ru8V8"
"H2O(g) - 0.5H2(g) + * -> OH*","{""OH"": ""longbridgeB""}","UmVhY3Rpb246NDU5MTcx","PBE","{""star"": 1, ""H2gas"": -0.5, ""H2Ogas"": 1}","{""OHstar"": 1}","101","Ru8V8","101",0.13362476583279204,,"VRu-bcc","Ru8V8"
"H2O(g) - 0.5H2(g) + * -> OH*","{""OH"": ""ontopA""}","UmVhY3Rpb246NDU5MTcy","PBE","{""star"": 1, ""H2gas"": -0.5, ""H2Ogas"": 1}","{""OHstar"": 1}","101","Ru8V8","101",-0.9718144379730802,,"VRu-bcc","Ru8V8"
"H2O(g) - 0.5H2(g) + * -> OH*","{""OH"": ""threefoldAAB""}","UmVhY3Rpb246NDU5MTcz","PBE","{""star"": 1, ""H2gas"": -0.5, ""H2Ogas"": 1}","{""OHstar"": 1}","101","Ru8V8","101",-1.2677938847846235,,"VRu-bcc","Ru8V8"
"H2O(g) - 0.5H2(g) + * -> OH*","{""OH"": ""threefoldABB-d""}","UmVhY3Rpb246NDU5MTc0","PBE","{""star"": 1, ""H2gas"": -0.5, ""H2Ogas"": 1}","{""OHstar"": 1}","101","Ru8V8","101",-1.0411823780013947,,"VRu-bcc","Ru8V8"
"H2O(g) - 0.5H2(g) + * -> OH*","{""OH"": ""hollow""}","UmVhY3Rpb246NDU5MTg4","PBE","{""star"": 1, ""H2gas"": -0.5, ""H2Ogas"": 1}","{""OHstar"": 1}","110","W16","110",-1.0102510619108216,,"W-bcc","W16"
"H2O(g) - 0.5H2(g) + * -> OH*","{""OH"": ""longbridge""}","UmVhY3Rpb246NDU5MTg5","PBE","{""star"": 1, ""H2gas"": -0.5, ""H2Ogas"": 1}","{""OHstar"": 1}","110","W16","110",-0.6412555808710749,,"W-bcc","W16"
"H2O(g) - 0.5H2(g) + * -> OH*","{""OH"": ""ontop""}","UmVhY3Rpb246NDU5MTkw","PBE","{""star"": 1, ""H2gas"": -0.5, ""H2Ogas"": 1}","{""OHstar"": 1}","110","W16","110",-0.5599532721025753,,"W-bcc","W16"
"H2O(g) - 0.5H2(g) + * -> OH*","{""OH"": ""shortbridge""}","UmVhY3Rpb246NDU5MTkx","PBE","{""star"": 1, ""H2gas"": -0.5, ""H2Ogas"": 1}","{""OHstar"": 1}","110","W16","110",-0.7933223178988555,,"W-bcc","W16"
"H2O(g) - 0.5H2(g) + * -> OH*","{""OH"": ""longbridgeA""}","UmVhY3Rpb246NDU5MjA0","PBE","{""star"": 1, ""H2gas"": -0.5, ""H2Ogas"": 1}","{""OHstar"": 1}","101","Mg8Y8","101",-2.3427602843075874,,"YMg-bcc","Mg8Y8"
"H2O(g) - 0.5H2(g) + * -> OH*","{""OH"": ""longbridgeB""}","UmVhY3Rpb246NDU5MjA1","PBE","{""star"": 1, ""H2gas"": -0.5, ""H2Ogas"": 1}","{""OHstar"": 1}","101","Mg8Y8","101",-1.3680690588371363,,"YMg-bcc","Mg8Y8"
"H2O(g) - 0.5H2(g) + * -> OH*","{""OH"": ""ontopA""}","UmVhY3Rpb246NDU5MjA2","PBE","{""star"": 1, ""H2gas"": -0.5, ""H2Ogas"": 1}","{""OHstar"": 1}","101","Mg8Y8","101",-1.5052983806417615,,"YMg-bcc","Mg8Y8"
"H2O(g) - 0.5H2(g) + * -> OH*","{""OH"": ""ontopB""}","UmVhY3Rpb246NDU5MjA3","PBE","{""star"": 1, ""H2gas"": -0.5, ""H2Ogas"": 1}","{""OHstar"": 1}","101","Mg8Y8","101",-0.5842071867118648,,"YMg-bcc","Mg8Y8"
"H2O(g) - 0.5H2(g) + * -> OH*","{""OH"": ""threefoldAAB""}","UmVhY3Rpb246NDU5MjA4","PBE","{""star"": 1, ""H2gas"": -0.5, ""H2Ogas"": 1}","{""OHstar"": 1}","101","Mg8Y8","101",-2.404222092816781,,"YMg-bcc","Mg8Y8"
"H2O(g) - 0.5H2(g) + * -> OH*","{""OH"": ""threefoldABB""}","UmVhY3Rpb246NDU5MjA5","PBE","{""star"": 1, ""H2gas"": -0.5, ""H2Ogas"": 1}","{""OHstar"": 1}","101","Mg8Y8","101",-1.5583197621017462,,"YMg-bcc","Mg8Y8"
"H2O(g) - 0.5H2(g) + * -> OH*","{""OH"": ""threefoldAAB""}","UmVhY3Rpb246NDU5MjEy","PBE","{""star"": 1, ""H2gas"": -0.5, ""H2Ogas"": 1}","{""OHstar"": 1}","101+3%","Mg8Y8","101+3%",-2.4022011033375748,,"YMg-bcc","Mg8Y8"
"H2O(g) - 0.5H2(g) + * -> OH*","{""OH"": ""threefoldAAB""}","UmVhY3Rpb246NDU5MjE1","PBE","{""star"": 1, ""H2gas"": -0.5, ""H2Ogas"": 1}","{""OHstar"": 1}","101+5%","Mg8Y8","101+5%",-2.394356469543709,,"YMg-bcc","Mg8Y8"
"H2O(g) - 0.5H2(g) + * -> OH*","{""OH"": ""threefoldAAB""}","UmVhY3Rpb246NDU5MjE4","PBE","{""star"": 1, ""H2gas"": -0.5, ""H2Ogas"": 1}","{""OHstar"": 1}","101-3%","Mg8Y8","101-3%",-2.378856321065541,,"YMg-bcc","Mg8Y8"
"H2O(g) - 0.5H2(g) + * -> OH*","{""OH"": ""threefoldAAB""}","UmVhY3Rpb246NDU5MjIx","PBE","{""star"": 1, ""H2gas"": -0.5, ""H2Ogas"": 1}","{""OHstar"": 1}","101-5%","Mg8Y8","101-5%",-2.337040723534301,,"YMg-bcc","Mg8Y8"
"H2O(g) - 0.5H2(g) + * -> OH*","{""OH"": ""longbridgeA""}","UmVhY3Rpb246NDU5MjMy","PBE","{""star"": 1, ""H2gas"": -0.5, ""H2Ogas"": 1}","{""OHstar"": 1}","101","Rh8Y8","101",-1.5702719542969135,,"YRh-bcc","Rh8Y8"
"H2O(g) - 0.5H2(g) + * -> OH*","{""OH"": ""longbridgeB""}","UmVhY3Rpb246NDU5MjMz","PBE","{""star"": 1, ""H2gas"": -0.5, ""H2Ogas"": 1}","{""OHstar"": 1}","101","Rh8Y8","101",-0.4255861797137186,,"YRh-bcc","Rh8Y8"
"H2O(g) - 0.5H2(g) + * -> OH*","{""OH"": ""ontopA""}","UmVhY3Rpb246NDU5MjM0","PBE","{""star"": 1, ""H2gas"": -0.5, ""H2Ogas"": 1}","{""OHstar"": 1}","101","Rh8Y8","101",-0.9047989220634918,,"YRh-bcc","Rh8Y8"
"H2O(g) - 0.5H2(g) + * -> OH*","{""OH"": ""ontopB""}","UmVhY3Rpb246NDU5MjM1","PBE","{""star"": 1, ""H2gas"": -0.5, ""H2Ogas"": 1}","{""OHstar"": 1}","101","Rh8Y8","101",0.514816661234363,,"YRh-bcc","Rh8Y8"
"H2O(g) - 0.5H2(g) + * -> OH*","{""OH"": ""threefoldAAB""}","UmVhY3Rpb246NDU5MjM2","PBE","{""star"": 1, ""H2gas"": -0.5, ""H2Ogas"": 1}","{""OHstar"": 1}","101","Rh8Y8","101",-1.6898115636140574,,"YRh-bcc","Rh8Y8"
"H2O(g) - 0.5H2(g) + * -> OH*","{""OH"": ""threefoldAAB""}","UmVhY3Rpb246NDU5MjM5","PBE","{""star"": 1, ""H2gas"": -0.5, ""H2Ogas"": 1}","{""OHstar"": 1}","101+3%","Rh8Y8","101+3%",-1.787391722224129,,"YRh-bcc","Rh8Y8"
"H2O(g) - 0.5H2(g) + * -> OH*","{""OH"": ""threefoldAAB""}","UmVhY3Rpb246NDU5MjQy","PBE","{""star"": 1, ""H2gas"": -0.5, ""H2Ogas"": 1}","{""OHstar"": 1}","101+5%","Rh8Y8","101+5%",-1.8424524608417414,,"YRh-bcc","Rh8Y8"
"H2O(g) - 0.5H2(g) + * -> OH*","{""OH"": ""threefoldAAB""}","UmVhY3Rpb246NDU5MjQ1","PBE","{""star"": 1, ""H2gas"": -0.5, ""H2Ogas"": 1}","{""OHstar"": 1}","101-3%","Rh8Y8","101-3%",-1.5905185844603693,,"YRh-bcc","Rh8Y8"
"H2O(g) - 0.5H2(g) + * -> OH*","{""OH"": ""threefoldAAB""}","UmVhY3Rpb246NDU5MjQ4","PBE","{""star"": 1, ""H2gas"": -0.5, ""H2Ogas"": 1}","{""OHstar"": 1}","101-5%","Rh8Y8","101-5%",-1.5635618991509546,,"YRh-bcc","Rh8Y8"
"H2O(g) - 0.5H2(g) + * -> OH*","{""OH"": ""longbridgeA""}","UmVhY3Rpb246NDU5MjU4","PBE","{""star"": 1, ""H2gas"": -0.5, ""H2Ogas"": 1}","{""OHstar"": 1}","101","Y8Zn8","101",-2.193799862812739,,"YZn-bcc","Y8Zn8"
"H2O(g) - 0.5H2(g) + * -> OH*","{""OH"": ""longbridgeB""}","UmVhY3Rpb246NDU5MjU5","PBE","{""star"": 1, ""H2gas"": -0.5, ""H2Ogas"": 1}","{""OHstar"": 1}","101","Y8Zn8","101",-0.6157171528902836,,"YZn-bcc","Y8Zn8"
"H2O(g) - 0.5H2(g) + * -> OH*","{""OH"": ""ontopA""}","UmVhY3Rpb246NDU5MjYw","PBE","{""star"": 1, ""H2gas"": -0.5, ""H2Ogas"": 1}","{""OHstar"": 1}","101","Y8Zn8","101",-1.353954650076048,,"YZn-bcc","Y8Zn8"
"H2O(g) - 0.5H2(g) + * -> OH*","{""OH"": ""threefoldAAB""}","UmVhY3Rpb246NDU5MjYx","PBE","{""star"": 1, ""H2gas"": -0.5, ""H2Ogas"": 1}","{""OHstar"": 1}","101","Y8Zn8","101",-2.2062596833638963,,"YZn-bcc","Y8Zn8"
"H2O(g) - 0.5H2(g) + * -> OH*","{""OH"": ""threefoldAAB""}","UmVhY3Rpb246NDU5MjY0","PBE","{""star"": 1, ""H2gas"": -0.5, ""H2Ogas"": 1}","{""OHstar"": 1}","101+3%","Y8Zn8","101+3%",-2.2243760703422595,,"YZn-bcc","Y8Zn8"
"H2O(g) - 0.5H2(g) + * -> OH*","{""OH"": ""threefoldAAB""}","UmVhY3Rpb246NDU5MjY3","PBE","{""star"": 1, ""H2gas"": -0.5, ""H2Ogas"": 1}","{""OHstar"": 1}","101+5%","Y8Zn8","101+5%",-2.2380453008736367,,"YZn-bcc","Y8Zn8"
"H2O(g) - 0.5H2(g) + * -> OH*","{""OH"": ""threefoldAAB""}","UmVhY3Rpb246NDU5Mjcw","PBE","{""star"": 1, ""H2gas"": -0.5, ""H2Ogas"": 1}","{""OHstar"": 1}","101-3%","Y8Zn8","101-3%",-2.187198517138313,,"YZn-bcc","Y8Zn8"
"H2O(g) - 0.5H2(g) + * -> OH*","{""OH"": ""threefoldAAB""}","UmVhY3Rpb246NDU5Mjcz","PBE","{""star"": 1, ""H2gas"": -0.5, ""H2Ogas"": 1}","{""OHstar"": 1}","101-5%","Y8Zn8","101-5%",-2.195560167223448,,"YZn-bcc","Y8Zn8"
"H2O(g) - 0.5H2(g) + * -> OH*","{""OH"": ""fcc""}","UmVhY3Rpb246NDU5Mjc4","PBE","{""star"": 1, ""H2gas"": -0.5, ""H2Ogas"": 1}","{""OHstar"": 1}","0001","Zn16","0001",0.4583821558917407,,"Zn-hcp","Zn16"
"H2O(g) - 0.5H2(g) + * -> OH*","{""OH"": ""ontop-d""}","UmVhY3Rpb246NDU5Mjc5","PBE","{""star"": 1, ""H2gas"": -0.5, ""H2Ogas"": 1}","{""OHstar"": 1}","0001","Zn16","0001",0.20567969397234265,,"Zn-hcp","Zn16"
"H2O(g) - 0.5H2(g) + * -> OH*","{""OH"": ""hcp""}","UmVhY3Rpb246NDU5Mjgy","PBE","{""star"": 1, ""H2gas"": -0.5, ""H2Ogas"": 1}","{""OHstar"": 1}","0001+2%","Zn16","0001+2%",0.3252844745438779,,"Zn-hcp","Zn16"
"H2O(g) - 0.5H2(g) + * -> OH*","{""OH"": ""hcp""}","UmVhY3Rpb246NDU5Mjg1","PBE","{""star"": 1, ""H2gas"": -0.5, ""H2Ogas"": 1}","{""OHstar"": 1}","0001+5%","Zn16","0001+5%",0.14276289276313037,,"Zn-hcp","Zn16"
"H2O(g) - 0.5H2(g) + * -> OH*","{""OH"": ""hcp""}","UmVhY3Rpb246NDU5Mjg4","PBE","{""star"": 1, ""H2gas"": -0.5, ""H2Ogas"": 1}","{""OHstar"": 1}","0001+8%","Zn16","0001+8%",-0.031386290458613075,,"Zn-hcp","Zn16"
"H2O(g) - 0.5H2(g) + * -> OH*","{""OH"": ""hcp""}","UmVhY3Rpb246NDU5Mjkx","PBE","{""star"": 1, ""H2gas"": -0.5, ""H2Ogas"": 1}","{""OHstar"": 1}","0001-1%","Zn16","0001-1%",0.35068412448163144,,"Zn-hcp","Zn16"
"H2O(g) - 0.5H2(g) + * -> OH*","{""OH"": ""hcp""}","UmVhY3Rpb246NDU5Mjk0","PBE","{""star"": 1, ""H2gas"": -0.5, ""H2Ogas"": 1}","{""OHstar"": 1}","0001-2%","Zn16","0001-2%",0.288626114546787,,"Zn-hcp","Zn16"
"H2O(g) - 0.5H2(g) + * -> OH*","{""OH"": ""hcp""}","UmVhY3Rpb246NDU5Mjk3","PBE","{""star"": 1, ""H2gas"": -0.5, ""H2Ogas"": 1}","{""OHstar"": 1}","0001-3%","Zn16","0001-3%",0.1701214902132051,,"Zn-hcp","Zn16"
"H2O(g) - 0.5H2(g) + * -> OH*","{""OH"": ""hcp""}","UmVhY3Rpb246NDU5MzAw","PBE","{""star"": 1, ""H2gas"": -0.5, ""H2Ogas"": 1}","{""OHstar"": 1}","0001-5%","Zn16","0001-5%",0.30188336470746435,,"Zn-hcp","Zn16"
"H2O(g) - 0.5H2(g) + * -> OH*","{""OH"": ""fccAAA""}","UmVhY3Rpb246NDU5MzE5","PBE","{""star"": 1, ""H2gas"": -0.5, ""H2Ogas"": 1}","{""OHstar"": 1}","111","Mn4Zn12","111",3.9557222739531426,,"Zn3Mn-fcc","Mn4Zn12"
"H2O(g) - 0.5H2(g) + * -> OH*","{""OH"": ""hcpAAA""}","UmVhY3Rpb246NDU5MzIw","PBE","{""star"": 1, ""H2gas"": -0.5, ""H2Ogas"": 1}","{""OHstar"": 1}","111","Mn4Zn12","111",3.6369327485590475,,"Zn3Mn-fcc","Mn4Zn12"
"H2O(g) - 0.5H2(g) + * -> OH*","{""OH"": ""hcpAAB-d""}","UmVhY3Rpb246NDU5MzIx","PBE","{""star"": 1, ""H2gas"": -0.5, ""H2Ogas"": 1}","{""OHstar"": 1}","111","Mn4Zn12","111",3.015407733953907,,"Zn3Mn-fcc","Mn4Zn12"
"H2O(g) - 0.5H2(g) + * -> OH*","{""OH"": ""ontopB""}","UmVhY3Rpb246NDU5MzIy","PBE","{""star"": 1, ""H2gas"": -0.5, ""H2Ogas"": 1}","{""OHstar"": 1}","111","Mn4Zn12","111",3.532661718840245,,"Zn3Mn-fcc","Mn4Zn12"
"H2O(g) - 0.5H2(g) + * -> OH*","{""OH"": ""hcpAAB""}","UmVhY3Rpb246NDU5MzI1","PBE","{""star"": 1, ""H2gas"": -0.5, ""H2Ogas"": 1}","{""OHstar"": 1}","111+3%","Mn4Zn12","111+3%",3.395706551717012,,"Zn3Mn-fcc","Mn4Zn12"
"H2O(g) - 0.5H2(g) + * -> OH*","{""OH"": ""hcpAAB""}","UmVhY3Rpb246NDU5MzI4","PBE","{""star"": 1, ""H2gas"": -0.5, ""H2Ogas"": 1}","{""OHstar"": 1}","111+5%","Mn4Zn12","111+5%",3.64235475283931,,"Zn3Mn-fcc","Mn4Zn12"
"H2O(g) - 0.5H2(g) + * -> OH*","{""OH"": ""hcpAAB-d""}","UmVhY3Rpb246NDU5MzMx","PBE","{""star"": 1, ""H2gas"": -0.5, ""H2Ogas"": 1}","{""OHstar"": 1}","111-3%","Mn4Zn12","111-3%",2.6219888113846537,,"Zn3Mn-fcc","Mn4Zn12"
"H2O(g) - 0.5H2(g) + * -> OH*","{""OH"": ""hcpAAB-d""}","UmVhY3Rpb246NDU5MzM0","PBE","{""star"": 1, ""H2gas"": -0.5, ""H2Ogas"": 1}","{""OHstar"": 1}","111-5%","Mn4Zn12","111-5%",2.3882457451254595,,"Zn3Mn-fcc","Mn4Zn12"
"H2O(g) - 0.5H2(g) + * -> OH*","{""OH"": ""fccAAA""}","UmVhY3Rpb246NDU5MzQ2","PBE","{""star"": 1, ""H2gas"": -0.5, ""H2Ogas"": 1}","{""OHstar"": 1}","111","Nb4Zn12","111",0.4711753159062937,,"Zn3Nb-fcc","Nb4Zn12"
"H2O(g) - 0.5H2(g) + * -> OH*","{""OH"": ""hcpAAA""}","UmVhY3Rpb246NDU5MzQ3","PBE","{""star"": 1, ""H2gas"": -0.5, ""H2Ogas"": 1}","{""OHstar"": 1}","111","Nb4Zn12","111",0.30710332449234556,,"Zn3Nb-fcc","Nb4Zn12"
"H2O(g) - 0.5H2(g) + * -> OH*","{""OH"": ""ontopB""}","UmVhY3Rpb246NDU5MzQ4","PBE","{""star"": 1, ""H2gas"": -0.5, ""H2Ogas"": 1}","{""OHstar"": 1}","111","Nb4Zn12","111",-1.562983385141706,,"Zn3Nb-fcc","Nb4Zn12"
"H2O(g) - 0.5H2(g) + * -> OH*","{""OH"": ""ontopB""}","UmVhY3Rpb246NDU5MzUx","PBE","{""star"": 1, ""H2gas"": -0.5, ""H2Ogas"": 1}","{""OHstar"": 1}","111+3%","Nb4Zn12","111+3%",-1.6033077988249715,,"Zn3Nb-fcc","Nb4Zn12"
"H2O(g) - 0.5H2(g) + * -> OH*","{""OH"": ""ontopB""}","UmVhY3Rpb246NDU5MzU0","PBE","{""star"": 1, ""H2gas"": -0.5, ""H2Ogas"": 1}","{""OHstar"": 1}","111+5%","Nb4Zn12","111+5%",-1.617485337977996,,"Zn3Nb-fcc","Nb4Zn12"
"H2O(g) - 0.5H2(g) + * -> OH*","{""OH"": ""hcpAAB-d""}","UmVhY3Rpb246NDU5MzU3","PBE","{""star"": 1, ""H2gas"": -0.5, ""H2Ogas"": 1}","{""OHstar"": 1}","111-3%","Nb4Zn12","111-3%",-1.5123801433073822,,"Zn3Nb-fcc","Nb4Zn12"
"H2O(g) - 0.5H2(g) + * -> OH*","{""OH"": ""fccAAA""}","UmVhY3Rpb246NDU5Mzcx","PBE","{""star"": 1, ""H2gas"": -0.5, ""H2Ogas"": 1}","{""OHstar"": 1}","111","Ti4Zn12","111",0.373986593040172,,"Zn3Ti-fcc","Ti4Zn12"
"H2O(g) - 0.5H2(g) + * -> OH*","{""OH"": ""hcpAAA""}","UmVhY3Rpb246NDU5Mzcy","PBE","{""star"": 1, ""H2gas"": -0.5, ""H2Ogas"": 1}","{""OHstar"": 1}","111","Ti4Zn12","111",0.3349737680546241,,"Zn3Ti-fcc","Ti4Zn12"
"H2O(g) - 0.5H2(g) + * -> OH*","{""OH"": ""ontopB""}","UmVhY3Rpb246NDU5Mzcz","PBE","{""star"": 1, ""H2gas"": -0.5, ""H2Ogas"": 1}","{""OHstar"": 1}","111","Ti4Zn12","111",-1.6802645856660092,,"Zn3Ti-fcc","Ti4Zn12"
"H2O(g) - 0.5H2(g) + * -> OH*","{""OH"": ""ontopB""}","UmVhY3Rpb246NDU5Mzc2","PBE","{""star"": 1, ""H2gas"": -0.5, ""H2Ogas"": 1}","{""OHstar"": 1}","111+3%","Ti4Zn12","111+3%",-1.7126499420555774,,"Zn3Ti-fcc","Ti4Zn12"
"H2O(g) - 0.5H2(g) + * -> OH*","{""OH"": ""ontopB""}","UmVhY3Rpb246NDU5Mzc5","PBE","{""star"": 1, ""H2gas"": -0.5, ""H2Ogas"": 1}","{""OHstar"": 1}","111+5%","Ti4Zn12","111+5%",-1.7314449809346115,,"Zn3Ti-fcc","Ti4Zn12"
"H2O(g) - 0.5H2(g) + * -> OH*","{""OH"": ""ontopB""}","UmVhY3Rpb246NDU5Mzg0","PBE","{""star"": 1, ""H2gas"": -0.5, ""H2Ogas"": 1}","{""OHstar"": 1}","111-5%","Ti4Zn12","111-5%",-1.6153001277998555,,"Zn3Ti-fcc","Ti4Zn12"
"H2O(g) - 0.5H2(g) + * -> OH*","{""OH"": ""fccAAA""}","UmVhY3Rpb246NDU5Mzk2","PBE","{""star"": 1, ""H2gas"": -0.5, ""H2Ogas"": 1}","{""OHstar"": 1}","111","V4Zn12","111",0.562759173946688,,"Zn3V-fcc","V4Zn12"
"H2O(g) - 0.5H2(g) + * -> OH*","{""OH"": ""hcpAAA""}","UmVhY3Rpb246NDU5Mzk3","PBE","{""star"": 1, ""H2gas"": -0.5, ""H2Ogas"": 1}","{""OHstar"": 1}","111","V4Zn12","111",0.3778004045598209,,"Zn3V-fcc","V4Zn12"
"H2O(g) - 0.5H2(g) + * -> OH*","{""OH"": ""ontopB""}","UmVhY3Rpb246NDU5Mzk4","PBE","{""star"": 1, ""H2gas"": -0.5, ""H2Ogas"": 1}","{""OHstar"": 1}","111","V4Zn12","111",-1.4245910487807123,,"Zn3V-fcc","V4Zn12"
"H2O(g) - 0.5H2(g) + * -> OH*","{""OH"": ""hcpAAB-d""}","UmVhY3Rpb246NDU5NDAx","PBE","{""star"": 1, ""H2gas"": -0.5, ""H2Ogas"": 1}","{""OHstar"": 1}","111+3%","V4Zn12","111+3%",-1.48831317089207,,"Zn3V-fcc","V4Zn12"
"H2O(g) - 0.5H2(g) + * -> OH*","{""OH"": ""ontopB""}","UmVhY3Rpb246NDU5NDA0","PBE","{""star"": 1, ""H2gas"": -0.5, ""H2Ogas"": 1}","{""OHstar"": 1}","111+5%","V4Zn12","111+5%",-1.5148097117198631,,"Zn3V-fcc","V4Zn12"
"H2O(g) - 0.5H2(g) + * -> OH*","{""OH"": ""hcpAAB-d""}","UmVhY3Rpb246NDU5NDA3","PBE","{""star"": 1, ""H2gas"": -0.5, ""H2Ogas"": 1}","{""OHstar"": 1}","111-3%","V4Zn12","111-3%",-1.3552937222993933,,"Zn3V-fcc","V4Zn12"
"H2O(g) - 0.5H2(g) + * -> OH*","{""OH"": ""hcpAAB-d""}","UmVhY3Rpb246NDU5NDEw","PBE","{""star"": 1, ""H2gas"": -0.5, ""H2Ogas"": 1}","{""OHstar"": 1}","111-5%","V4Zn12","111-5%",-1.2841535048210062,,"Zn3V-fcc","V4Zn12"
"H2O(g) - 0.5H2(g) + * -> OH*","{""OH"": ""longbridgeA""}","UmVhY3Rpb246NDU5NDIz","PBE","{""star"": 1, ""H2gas"": -0.5, ""H2Ogas"": 1}","{""OHstar"": 1}","101","Au8Zn8","101",0.31171089205599856,,"ZnAu-bcc","Au8Zn8"
"H2O(g) - 0.5H2(g) + * -> OH*","{""OH"": ""longbridgeB""}","UmVhY3Rpb246NDU5NDI0","PBE","{""star"": 1, ""H2gas"": -0.5, ""H2Ogas"": 1}","{""OHstar"": 1}","101","Au8Zn8","101",1.35577604406717,,"ZnAu-bcc","Au8Zn8"
"H2O(g) - 0.5H2(g) + * -> OH*","{""OH"": ""ontopB""}","UmVhY3Rpb246NDU5NDI1","PBE","{""star"": 1, ""H2gas"": -0.5, ""H2Ogas"": 1}","{""OHstar"": 1}","101","Au8Zn8","101",2.0650210362655343,,"ZnAu-bcc","Au8Zn8"
"H2O(g) - 0.5H2(g) + * -> OH*","{""OH"": ""threefoldABB-d""}","UmVhY3Rpb246NDU5NDI2","PBE","{""star"": 1, ""H2gas"": -0.5, ""H2Ogas"": 1}","{""OHstar"": 1}","101","Au8Zn8","101",0.7178418847033754,,"ZnAu-bcc","Au8Zn8"
"H2O(g) - 0.5H2(g) + * -> OH*","{""OH"": ""threefoldAAB""}","UmVhY3Rpb246NDU5NDI5","PBE","{""star"": 1, ""H2gas"": -0.5, ""H2Ogas"": 1}","{""OHstar"": 1}","101+1%","Au8Zn8","101+1%",0.2577805143155274,,"ZnAu-bcc","Au8Zn8"
"H2O(g) - 0.5H2(g) + * -> OH*","{""OH"": ""threefoldAAB""}","UmVhY3Rpb246NDU5NDMy","PBE","{""star"": 1, ""H2gas"": -0.5, ""H2Ogas"": 1}","{""OHstar"": 1}","101+3%","Au8Zn8","101+3%",0.22194938038592227,,"ZnAu-bcc","Au8Zn8"
"H2O(g) - 0.5H2(g) + * -> OH*","{""OH"": ""threefoldAAB""}","UmVhY3Rpb246NDU5NDM1","PBE","{""star"": 1, ""H2gas"": -0.5, ""H2Ogas"": 1}","{""OHstar"": 1}","101+5%","Au8Zn8","101+5%",0.1636168810291565,,"ZnAu-bcc","Au8Zn8"
"H2O(g) - 0.5H2(g) + * -> OH*","{""OH"": ""threefoldAAB""}","UmVhY3Rpb246NDU5NDM4","PBE","{""star"": 1, ""H2gas"": -0.5, ""H2Ogas"": 1}","{""OHstar"": 1}","101-1%","Au8Zn8","101-1%",0.2652776587419794,,"ZnAu-bcc","Au8Zn8"
"H2O(g) - 0.5H2(g) + * -> OH*","{""OH"": ""threefoldAAB""}","UmVhY3Rpb246NDU5NDQx","PBE","{""star"": 1, ""H2gas"": -0.5, ""H2Ogas"": 1}","{""OHstar"": 1}","101-3%","Au8Zn8","101-3%",0.194714730787382,,"ZnAu-bcc","Au8Zn8"
"H2O(g) - 0.5H2(g) + * -> OH*","{""OH"": ""threefoldAAB""}","UmVhY3Rpb246NDU5NDQ0","PBE","{""star"": 1, ""H2gas"": -0.5, ""H2Ogas"": 1}","{""OHstar"": 1}","101-5%","Au8Zn8","101-5%",0.0877158958974178,,"ZnAu-bcc","Au8Zn8"
"H2O(g) - 0.5H2(g) + * -> OH*","{""OH"": ""longbridgeA""}","UmVhY3Rpb246NDU5NDcx","PBE","{""star"": 1, ""H2gas"": -0.5, ""H2Ogas"": 1}","{""OHstar"": 1}","101","Rh8Zn8","101",0.4083532103104517,,"ZnRh-bcc","Rh8Zn8"
"H2O(g) - 0.5H2(g) + * -> OH*","{""OH"": ""longbridgeB""}","UmVhY3Rpb246NDU5NDcy","PBE","{""star"": 1, ""H2gas"": -0.5, ""H2Ogas"": 1}","{""OHstar"": 1}","101","Rh8Zn8","101",0.5715269539505243,,"ZnRh-bcc","Rh8Zn8"
"H2O(g) - 0.5H2(g) + * -> OH*","{""OH"": ""shortbridge""}","UmVhY3Rpb246NDU5NDcz","PBE","{""star"": 1, ""H2gas"": -0.5, ""H2Ogas"": 1}","{""OHstar"": 1}","101","Rh8Zn8","101",0.3615475892147515,,"ZnRh-bcc","Rh8Zn8"
"H2O(g) - 0.5H2(g) + * -> OH*","{""OH"": ""threefoldAAB""}","UmVhY3Rpb246NDU5NDc0","PBE","{""star"": 1, ""H2gas"": -0.5, ""H2Ogas"": 1}","{""OHstar"": 1}","101","Rh8Zn8","101",0.32724886437063105,,"ZnRh-bcc","Rh8Zn8"
"H2O(g) - 0.5H2(g) + * -> OH*","{""OH"": ""fcc""}","UmVhY3Rpb246NDU5NDgy","PBE","{""star"": 1, ""H2gas"": -0.5, ""H2Ogas"": 1}","{""OHstar"": 1}","0001","Zr16","0001",-2.3850348018313525,,"Zr-hcp","Zr16"
"H2O(g) - 0.5H2(g) + * -> OH*","{""OH"": ""hcp""}","UmVhY3Rpb246NDU5NDgz","PBE","{""star"": 1, ""H2gas"": -0.5, ""H2Ogas"": 1}","{""OHstar"": 1}","0001","Zr16","0001",-2.2756631342635956,,"Zr-hcp","Zr16"
"H2O(g) - 0.5H2(g) + * -> OH*","{""OH"": ""ontop""}","UmVhY3Rpb246NDU5NDg0","PBE","{""star"": 1, ""H2gas"": -0.5, ""H2Ogas"": 1}","{""OHstar"": 1}","0001","Zr16","0001",-1.2934778936760267,,"Zr-hcp","Zr16"
"H2O(g) - 0.5H2(g) + * -> OH*","{""OH"": ""fcc""}","UmVhY3Rpb246NDU5NDg5","PBE","{""star"": 1, ""H2gas"": -0.5, ""H2Ogas"": 1}","{""OHstar"": 1}","0001+1%","Zr16","0001+1%",-2.4264532492125,,"Zr-hcp","Zr16"
"H2O(g) - 0.5H2(g) + * -> OH*","{""OH"": ""hcp""}","UmVhY3Rpb246NDU5NDkw","PBE","{""star"": 1, ""H2gas"": -0.5, ""H2Ogas"": 1}","{""OHstar"": 1}","0001+1%","Zr16","0001+1%",-2.268127213610569,,"Zr-hcp","Zr16"
"H2O(g) - 0.5H2(g) + * -> OH*","{""OH"": ""ontop""}","UmVhY3Rpb246NDU5NDkx","PBE","{""star"": 1, ""H2gas"": -0.5, ""H2Ogas"": 1}","{""OHstar"": 1}","0001+1%","Zr16","0001+1%",-1.2887790319073247,,"Zr-hcp","Zr16"
"H2O(g) - 0.5H2(g) + * -> OH*","{""OH"": ""fcc""}","UmVhY3Rpb246NDU5NDk1","PBE","{""star"": 1, ""H2gas"": -0.5, ""H2Ogas"": 1}","{""OHstar"": 1}","0001-1%","Zr16","0001-1%",-2.3402300337802444,,"Zr-hcp","Zr16"
"H2O(g) - 0.5H2(g) + * -> OH*","{""OH"": ""hcp""}","UmVhY3Rpb246NDU5NDk2","PBE","{""star"": 1, ""H2gas"": -0.5, ""H2Ogas"": 1}","{""OHstar"": 1}","0001-1%","Zr16","0001-1%",-2.2849873870545707,,"Zr-hcp","Zr16"
"H2O(g) - 0.5H2(g) + * -> OH*","{""OH"": ""ontop""}","UmVhY3Rpb246NDU5NDk3","PBE","{""star"": 1, ""H2gas"": -0.5, ""H2Ogas"": 1}","{""OHstar"": 1}","0001-1%","Zr16","0001-1%",-1.3082402054787963,,"Zr-hcp","Zr16"
"H2O(g) - 0.5H2(g) + * -> OH*","{""OH"": ""fcc""}","UmVhY3Rpb246NDU5NTAy","PBE","{""star"": 1, ""H2gas"": -0.5, ""H2Ogas"": 1}","{""OHstar"": 1}","0001-3%","Zr16","0001-3%",-2.2466098118238733,,"Zr-hcp","Zr16"
"H2O(g) - 0.5H2(g) + * -> OH*","{""OH"": ""hcp""}","UmVhY3Rpb246NDU5NTAz","PBE","{""star"": 1, ""H2gas"": -0.5, ""H2Ogas"": 1}","{""OHstar"": 1}","0001-3%","Zr16","0001-3%",-2.316741031172569,,"Zr-hcp","Zr16"
"H2O(g) - 0.5H2(g) + * -> OH*","{""OH"": ""ontop""}","UmVhY3Rpb246NDU5NTA0","PBE","{""star"": 1, ""H2gas"": -0.5, ""H2Ogas"": 1}","{""OHstar"": 1}","0001-3%","Zr16","0001-3%",-1.3573356645320018,,"Zr-hcp","Zr16"
"H2O(g) - 0.5H2(g) + * -> OH*","{""OH"": ""fccAAA""}","UmVhY3Rpb246NDU5NTE0","PBE","{""star"": 1, ""H2gas"": -0.5, ""H2Ogas"": 1}","{""OHstar"": 1}","111","Al4Zr12","111",-2.372406134632911,,"Zr3Al-fcc","Al4Zr12"
"H2O(g) - 0.5H2(g) + * -> OH*","{""OH"": ""fccAAB""}","UmVhY3Rpb246NDU5NTE1","PBE","{""star"": 1, ""H2gas"": -0.5, ""H2Ogas"": 1}","{""OHstar"": 1}","111","Al4Zr12","111",-1.5656404407054652,,"Zr3Al-fcc","Al4Zr12"
"H2O(g) - 0.5H2(g) + * -> OH*","{""OH"": ""hcpAAA""}","UmVhY3Rpb246NDU5NTE2","PBE","{""star"": 1, ""H2gas"": -0.5, ""H2Ogas"": 1}","{""OHstar"": 1}","111","Al4Zr12","111",-2.181961278147355,,"Zr3Al-fcc","Al4Zr12"
"H2O(g) - 0.5H2(g) + * -> OH*","{""OH"": ""ontopA""}","UmVhY3Rpb246NDU5NTE3","PBE","{""star"": 1, ""H2gas"": -0.5, ""H2Ogas"": 1}","{""OHstar"": 1}","111","Al4Zr12","111",-1.3547976587578887,,"Zr3Al-fcc","Al4Zr12"
"H2O(g) - 0.5H2(g) + * -> OH*","{""OH"": ""fccAAA""}","UmVhY3Rpb246NDU5NTIw","PBE","{""star"": 1, ""H2gas"": -0.5, ""H2Ogas"": 1}","{""OHstar"": 1}","111+3%","Al4Zr12","111+3%",-2.4909508957607613,,"Zr3Al-fcc","Al4Zr12"
"H2O(g) - 0.5H2(g) + * -> OH*","{""OH"": ""fccAAA""}","UmVhY3Rpb246NDU5NTIz","PBE","{""star"": 1, ""H2gas"": -0.5, ""H2Ogas"": 1}","{""OHstar"": 1}","111+5%","Al4Zr12","111+5%",-2.5429840958167915,,"Zr3Al-fcc","Al4Zr12"
"H2O(g) - 0.5H2(g) + * -> OH*","{""OH"": ""fccAAA""}","UmVhY3Rpb246NDU5NTI2","PBE","{""star"": 1, ""H2gas"": -0.5, ""H2Ogas"": 1}","{""OHstar"": 1}","111-3%","Al4Zr12","111-3%",-2.2408803188882302,,"Zr3Al-fcc","Al4Zr12"
"H2O(g) - 0.5H2(g) + * -> OH*","{""OH"": ""fccAAA""}","UmVhY3Rpb246NDU5NTI5","PBE","{""star"": 1, ""H2gas"": -0.5, ""H2Ogas"": 1}","{""OHstar"": 1}","111-5%","Al4Zr12","111-5%",-2.183054495493707,,"Zr3Al-fcc","Al4Zr12"
"H2O(g) - 0.5H2(g) + * -> OH*","{""OH"": ""fccAAA""}","UmVhY3Rpb246NDU5NTM2","PBE","{""star"": 1, ""H2gas"": -0.5, ""H2Ogas"": 1}","{""OHstar"": 1}","111","In4Zr12","111",-2.419911224362295,,"Zr3In-fcc","In4Zr12"
"H2O(g) - 0.5H2(g) + * -> OH*","{""OH"": ""hcpAAA""}","UmVhY3Rpb246NDU5NTM3","PBE","{""star"": 1, ""H2gas"": -0.5, ""H2Ogas"": 1}","{""OHstar"": 1}","111","In4Zr12","111",-2.211015416927694,,"Zr3In-fcc","In4Zr12"
"H2O(g) - 0.5H2(g) + * -> OH*","{""OH"": ""ontopA""}","UmVhY3Rpb246NDU5NTM4","PBE","{""star"": 1, ""H2gas"": -0.5, ""H2Ogas"": 1}","{""OHstar"": 1}","111","In4Zr12","111",-1.38563781672201,,"Zr3In-fcc","In4Zr12"
"H2O(g) - 0.5H2(g) + * -> OH*","{""OH"": ""fccAAA""}","UmVhY3Rpb246NDU5NTQx","PBE","{""star"": 1, ""H2gas"": -0.5, ""H2Ogas"": 1}","{""OHstar"": 1}","111+3%","In4Zr12","111+3%",-2.549941230328841,,"Zr3In-fcc","In4Zr12"
"H2O(g) - 0.5H2(g) + * -> OH*","{""OH"": ""fccAAA""}","UmVhY3Rpb246NDU5NTQ0","PBE","{""star"": 1, ""H2gas"": -0.5, ""H2Ogas"": 1}","{""OHstar"": 1}","111+5%","In4Zr12","111+5%",-2.6110880670712504,,"Zr3In-fcc","In4Zr12"
"H2O(g) - 0.5H2(g) + * -> OH*","{""OH"": ""fccAAA""}","UmVhY3Rpb246NDU5NTQ3","PBE","{""star"": 1, ""H2gas"": -0.5, ""H2Ogas"": 1}","{""OHstar"": 1}","111-3%","In4Zr12","111-3%",-2.266460108181491,,"Zr3In-fcc","In4Zr12"
"H2O(g) - 0.5H2(g) + * -> OH*","{""OH"": ""hcpAAB""}","UmVhY3Rpb246NDU5NTUw","PBE","{""star"": 1, ""H2gas"": -0.5, ""H2Ogas"": 1}","{""OHstar"": 1}","111-5%","In4Zr12","111-5%",-1.8705257652873115,,"Zr3In-fcc","In4Zr12"
"H2O(g) - 0.5H2(g) + * -> OH*","{""OH"": ""longbridgeA""}","UmVhY3Rpb246NDU5NTU2","PBE","{""star"": 1, ""H2gas"": -0.5, ""H2Ogas"": 1}","{""OHstar"": 1}","101","Co8Zr8","101",-1.587400431984861,,"ZrCo-bcc","Co8Zr8"
"H2O(g) - 0.5H2(g) + * -> OH*","{""OH"": ""longbridgeB""}","UmVhY3Rpb246NDU5NTU3","PBE","{""star"": 1, ""H2gas"": -0.5, ""H2Ogas"": 1}","{""OHstar"": 1}","101","Co8Zr8","101",-0.4243605789815774,,"ZrCo-bcc","Co8Zr8"
"H2O(g) - 0.5H2(g) + * -> OH*","{""OH"": ""ontopA""}","UmVhY3Rpb246NDU5NTU4","PBE","{""star"": 1, ""H2gas"": -0.5, ""H2Ogas"": 1}","{""OHstar"": 1}","101","Co8Zr8","101",-1.2638512273770175,,"ZrCo-bcc","Co8Zr8"
"H2O(g) - 0.5H2(g) + * -> OH*","{""OH"": ""ontopB""}","UmVhY3Rpb246NDU5NTU5","PBE","{""star"": 1, ""H2gas"": -0.5, ""H2Ogas"": 1}","{""OHstar"": 1}","101","Co8Zr8","101",0.19620006417972036,,"ZrCo-bcc","Co8Zr8"
"H2O(g) - 0.5H2(g) + * -> OH*","{""OH"": ""longbridgeA""}","UmVhY3Rpb246NDU5NTYx","PBE","{""star"": 1, ""H2gas"": -0.5, ""H2Ogas"": 1}","{""OHstar"": 1}","101+5%","Co8Zr8","101+5%",-1.6775441275458434,,"ZrCo-bcc","Co8Zr8"
"H2O(g) - 0.5H2(g) + * -> OH*","{""OH"": ""longbridgeB""}","UmVhY3Rpb246NDU5NTYy","PBE","{""star"": 1, ""H2gas"": -0.5, ""H2Ogas"": 1}","{""OHstar"": 1}","101+5%","Co8Zr8","101+5%",-0.5844565790466731,,"ZrCo-bcc","Co8Zr8"
"H2O(g) - 0.5H2(g) + * -> OH*","{""OH"": ""ontopA""}","UmVhY3Rpb246NDU5NTYz","PBE","{""star"": 1, ""H2gas"": -0.5, ""H2Ogas"": 1}","{""OHstar"": 1}","101+5%","Co8Zr8","101+5%",-1.3293166467919946,,"ZrCo-bcc","Co8Zr8"
"H2O(g) - 0.5H2(g) + * -> OH*","{""OH"": ""ontopB""}","UmVhY3Rpb246NDU5NTY0","PBE","{""star"": 1, ""H2gas"": -0.5, ""H2Ogas"": 1}","{""OHstar"": 1}","101+5%","Co8Zr8","101+5%",0.23700149342766963,,"ZrCo-bcc","Co8Zr8"
"H2O(g) - 0.5H2(g) + * -> OH*","{""OH"": ""longbridgeB""}","UmVhY3Rpb246NDU5NTY3","PBE","{""star"": 1, ""H2gas"": -0.5, ""H2Ogas"": 1}","{""OHstar"": 1}","101-3%","Co8Zr8","101-3%",-0.3976297481567599,,"ZrCo-bcc","Co8Zr8"
"H2O(g) - 0.5H2(g) + * -> OH*","{""OH"": ""ontopA""}","UmVhY3Rpb246NDU5NTY4","PBE","{""star"": 1, ""H2gas"": -0.5, ""H2Ogas"": 1}","{""OHstar"": 1}","101-3%","Co8Zr8","101-3%",-1.1814765179733513,,"ZrCo-bcc","Co8Zr8"
"H2O(g) - 0.5H2(g) + * -> OH*","{""OH"": ""ontopB""}","UmVhY3Rpb246NDU5NTY5","PBE","{""star"": 1, ""H2gas"": -0.5, ""H2Ogas"": 1}","{""OHstar"": 1}","101-3%","Co8Zr8","101-3%",0.09608053923147963,,"ZrCo-bcc","Co8Zr8"
"H2O(g) - 0.5H2(g) + * -> OH*","{""OH"": ""threefoldAAB-d""}","UmVhY3Rpb246NDU5NTcw","PBE","{""star"": 1, ""H2gas"": -0.5, ""H2Ogas"": 1}","{""OHstar"": 1}","101-3%","Co8Zr8","101-3%",-1.5365680702961981,,"ZrCo-bcc","Co8Zr8"
"H2O(g) - 0.5H2(g) + * -> OH*","{""OH"": ""longbridgeA""}","UmVhY3Rpb246NDU5NTcy","PBE","{""star"": 1, ""H2gas"": -0.5, ""H2Ogas"": 1}","{""OHstar"": 1}","101-5%","Co8Zr8","101-5%",0.6543351407090086,,"ZrCo-bcc","Co8Zr8"
"H2O(g) - 0.5H2(g) + * -> OH*","{""OH"": ""longbridgeB""}","UmVhY3Rpb246NDU5NTcz","PBE","{""star"": 1, ""H2gas"": -0.5, ""H2Ogas"": 1}","{""OHstar"": 1}","101-5%","Co8Zr8","101-5%",-0.37255473002733197,,"ZrCo-bcc","Co8Zr8"
"H2O(g) - 0.5H2(g) + * -> OH*","{""OH"": ""ontopA""}","UmVhY3Rpb246NDU5NTc0","PBE","{""star"": 1, ""H2gas"": -0.5, ""H2Ogas"": 1}","{""OHstar"": 1}","101-5%","Co8Zr8","101-5%",-1.150388464295247,,"ZrCo-bcc","Co8Zr8"
"H2O(g) - 0.5H2(g) + * -> OH*","{""OH"": ""ontopB""}","UmVhY3Rpb246NDU5NTc1","PBE","{""star"": 1, ""H2gas"": -0.5, ""H2Ogas"": 1}","{""OHstar"": 1}","101-5%","Co8Zr8","101-5%",0.007136729655030649,,"ZrCo-bcc","Co8Zr8"
"H2O(g) - 0.5H2(g) + * -> OH*","{""OH"": ""threefoldAAB-d""}","UmVhY3Rpb246NDU5NTc2","PBE","{""star"": 1, ""H2gas"": -0.5, ""H2Ogas"": 1}","{""OHstar"": 1}","101-5%","Co8Zr8","101-5%",-1.4762739022626192,,"ZrCo-bcc","Co8Zr8"
"H2O(g) - 0.5H2(g) + * -> OH*","{""OH"": ""longbridgeA""}","UmVhY3Rpb246NDU5NTg5","PBE","{""star"": 1, ""H2gas"": -0.5, ""H2Ogas"": 1}","{""OHstar"": 1}","101","Ru8Zr8","101",-1.4545296935903025,,"ZrRu-bcc","Ru8Zr8"
"H2O(g) - 0.5H2(g) + * -> OH*","{""OH"": ""longbridgeB""}","UmVhY3Rpb246NDU5NTkw","PBE","{""star"": 1, ""H2gas"": -0.5, ""H2Ogas"": 1}","{""OHstar"": 1}","101","Ru8Zr8","101",-0.39176161322393455,,"ZrRu-bcc","Ru8Zr8"
"H2O(g) - 0.5H2(g) + * -> OH*","{""OH"": ""ontopA""}","UmVhY3Rpb246NDU5NTkx","PBE","{""star"": 1, ""H2gas"": -0.5, ""H2Ogas"": 1}","{""OHstar"": 1}","101","Ru8Zr8","101",-1.1238162758418184,,"ZrRu-bcc","Ru8Zr8"
"H2O(g) - 0.5H2(g) + * -> OH*","{""OH"": ""ontopB""}","UmVhY3Rpb246NDU5NTky","PBE","{""star"": 1, ""H2gas"": -0.5, ""H2Ogas"": 1}","{""OHstar"": 1}","101","Ru8Zr8","101",0.44105068128556013,,"ZrRu-bcc","Ru8Zr8"
"H2O(g) - 0.5H2(g) + * -> OH*","{""OH"": ""threefoldAAB""}","UmVhY3Rpb246NDU5NTkz","PBE","{""star"": 1, ""H2gas"": -0.5, ""H2Ogas"": 1}","{""OHstar"": 1}","101","Ru8Zr8","101",-1.7280498165673635,,"ZrRu-bcc","Ru8Zr8"
"H2O(g) - 0.5H2(g) + * -> OH*","{""OH"": ""longbridgeA""}","UmVhY3Rpb246NDU5NjA0","PBE","{""star"": 1, ""H2gas"": -0.5, ""H2Ogas"": 1}","{""OHstar"": 1}","101","Zn8Zr8","101",-1.905326404114021,,"ZrZn-bcc","Zn8Zr8"
"H2O(g) - 0.5H2(g) + * -> OH*","{""OH"": ""longbridgeB""}","UmVhY3Rpb246NDU5NjA1","PBE","{""star"": 1, ""H2gas"": -0.5, ""H2Ogas"": 1}","{""OHstar"": 1}","101","Zn8Zr8","101",-0.1775184967482346,,"ZrZn-bcc","Zn8Zr8"
"H2O(g) - 0.5H2(g) + * -> OH*","{""OH"": ""ontopA""}","UmVhY3Rpb246NDU5NjA2","PBE","{""star"": 1, ""H2gas"": -0.5, ""H2Ogas"": 1}","{""OHstar"": 1}","101","Zn8Zr8","101",-1.4782833269055118,,"ZrZn-bcc","Zn8Zr8"
"H2O(g) - 0.5H2(g) + * -> OH*","{""OH"": ""hollow|A_A_A|FCC""}","UmVhY3Rpb246MzM5NDk4","BEEF-vdW","{""star"": 1, ""H2gas"": -0.5, ""H2Ogas"": 1.0}","{""OHstar"": 1}","111","Sc12","111",-2.734053181419881,,"Sc","Sc12"
"H2O(g) - 0.5H2(g) + * -> OH*","{""OH"": ""hollow|A_A_A|HCP""}","UmVhY3Rpb246MzM5NDk5","BEEF-vdW","{""star"": 1, ""H2gas"": -0.5, ""H2Ogas"": 1.0}","{""OHstar"": 1}","111","Sc12","111",-2.6700921433194935,,"Sc","Sc12"
"H2O(g) - 0.5H2(g) + * -> OH*","{""OH"": ""top|A""}","UmVhY3Rpb246MzM5NTAy","BEEF-vdW","{""star"": 1, ""H2gas"": -0.5, ""H2Ogas"": 1.0}","{""OHstar"": 1}","111","Sc12","111",-1.5786306111195927,,"Sc","Sc12"
"H2O(g) - 0.5H2(g) + * -> OH*","{}","UmVhY3Rpb246NDYwNjc3","PBE","{""star"": 1, ""H2gas"": -0.5, ""H2Ogas"": 1}","{""OHstar"": 1}","100-13OH","Cu64H13O13","100-13OH",1.340817125000001,,"Cu","Cu64H13O13"
"H2O(g) - 0.5H2(g) + * -> OH*","{}","UmVhY3Rpb246NDYwNjc4","PBE","{""star"": 1, ""H2gas"": -0.5, ""H2Ogas"": 1}","{""OHstar"": 1}","111-13OH","Cu64H13O13","111-13OH",1.3543052050000028,,"Cu","Cu64H13O13"
"H2O(g) - 0.5H2(g) + * -> OH*","{}","UmVhY3Rpb246NDYwNjc5","PBE","{""star"": 1, ""H2gas"": -0.5, ""H2Ogas"": 1}","{""OHstar"": 1}","100-5OH","Cu64H5O5","100-5OH",-0.054883384999982354,,"Cu","Cu64H5O5"
"H2O(g) - 0.5H2(g) + * -> OH*","{}","UmVhY3Rpb246NDYwNjgw","PBE","{""star"": 1, ""H2gas"": -0.5, ""H2Ogas"": 1}","{""OHstar"": 1}","100-6OH","Cu64H6O6","100-6OH",-0.09467149500000005,,"Cu","Cu64H6O6"
"H2O(g) - 0.5H2(g) + * -> OH*","{}","UmVhY3Rpb246NDYwNjgx","PBE","{""star"": 1, ""H2gas"": -0.5, ""H2Ogas"": 1}","{""OHstar"": 1}","111-8OH","Cu64H8O8","111-8OH",0.47863610500002096,,"Cu","Cu64H8O8"
"H2O(g) - 0.5H2(g) + * -> OH*","{}","UmVhY3Rpb246NDYwNjgy","PBE","{""star"": 1, ""H2gas"": -0.5, ""H2Ogas"": 1}","{""OHstar"": 1}","100-12OH","Cu64H12O12","100-12OH",1.290907935000007,,"Cu","Cu64H12O12"
"H2O(g) - 0.5H2(g) + * -> OH*","{}","UmVhY3Rpb246NDYwNjgz","PBE","{""star"": 1, ""H2gas"": -0.5, ""H2Ogas"": 1}","{""OHstar"": 1}","100-4OH","Cu64H4O4","100-4OH",-0.1122221550000404,,"Cu","Cu64H4O4"
"H2O(g) - 0.5H2(g) + * -> OH*","{}","UmVhY3Rpb246NDYwNjg0","PBE","{""star"": 1, ""H2gas"": -0.5, ""H2Ogas"": 1}","{""OHstar"": 1}","100-9OH","Cu64H9O9","100-9OH",0.6859155749999672,,"Cu","Cu64H9O9"
"H2O(g) - 0.5H2(g) + * -> OH*","{}","UmVhY3Rpb246NDYwNjg1","PBE","{""star"": 1, ""H2gas"": -0.5, ""H2Ogas"": 1}","{""OHstar"": 1}","111-12OH","Cu64H12O12","111-12OH",3.2974196750000146,,"Cu","Cu64H12O12"
"H2O(g) - 0.5H2(g) + * -> OH*","{}","UmVhY3Rpb246NDYwNjg2","PBE","{""star"": 1, ""H2gas"": -0.5, ""H2Ogas"": 1}","{""OHstar"": 1}","111-7OH","Cu64H7O7","111-7OH",0.7239565250000055,,"Cu","Cu64H7O7"
"H2O(g) - 0.5H2(g) + * -> OH*","{}","UmVhY3Rpb246NDYwNjg3","PBE","{""star"": 1, ""H2gas"": -0.5, ""H2Ogas"": 1}","{""OHstar"": 1}","100","Cu64","100",0.04194235500000332,,"Cu","Cu64"
"H2O(g) - 0.5H2(g) + * -> OH*","{}","UmVhY3Rpb246NDYwNjg4","PBE","{""star"": 1, ""H2gas"": -0.5, ""H2Ogas"": 1}","{""OHstar"": 1}","111-15OH","Cu64H15O15","111-15OH",2.1245339149999722,,"Cu","Cu64H15O15"
"H2O(g) - 0.5H2(g) + * -> OH*","{}","UmVhY3Rpb246NDYwNjg5","PBE","{""star"": 1, ""H2gas"": -0.5, ""H2Ogas"": 1}","{""OHstar"": 1}","111-11OH","Cu64H11O11","111-11OH",1.4961298050000096,,"Cu","Cu64H11O11"
"H2O(g) - 0.5H2(g) + * -> OH*","{}","UmVhY3Rpb246NDYwNjkw","PBE","{""star"": 1, ""H2gas"": -0.5, ""H2Ogas"": 1}","{""OHstar"": 1}","111-1OH","Cu64HO","111-1OH",0.2569771950000188,,"Cu","Cu64HO"
"H2O(g) - 0.5H2(g) + * -> OH*","{}","UmVhY3Rpb246NDYwNjkx","PBE","{""star"": 1, ""H2gas"": -0.5, ""H2Ogas"": 1}","{""OHstar"": 1}","111-3OH","Cu64H3O3","111-3OH",0.2249980349999987,,"Cu","Cu64H3O3"
"H2O(g) - 0.5H2(g) + * -> OH*","{}","UmVhY3Rpb246NDYwNjky","PBE","{""star"": 1, ""H2gas"": -0.5, ""H2Ogas"": 1}","{""OHstar"": 1}","100-8OH","Cu64H8O8","100-8OH",0.6034121750000168,,"Cu","Cu64H8O8"
"H2O(g) - 0.5H2(g) + * -> OH*","{}","UmVhY3Rpb246NDYwNjkz","PBE","{""star"": 1, ""H2gas"": -0.5, ""H2Ogas"": 1}","{""OHstar"": 1}","111","Cu64","111",0.18746604500000785,,"Cu","Cu64"
"H2O(g) - 0.5H2(g) + * -> OH*","{}","UmVhY3Rpb246NDYwNjk0","PBE","{""star"": 1, ""H2gas"": -0.5, ""H2Ogas"": 1}","{""OHstar"": 1}","100-2OH","Cu64H2O2","100-2OH",-0.12480259500000557,,"Cu","Cu64H2O2"
"H2O(g) - 0.5H2(g) + * -> OH*","{}","UmVhY3Rpb246NDYwNjk1","PBE","{""star"": 1, ""H2gas"": -0.5, ""H2Ogas"": 1}","{""OHstar"": 1}","111-9OH","Cu64H9O9","111-9OH",0.7669738349999875,,"Cu","Cu64H9O9"
"H2O(g) - 0.5H2(g) + * -> OH*","{}","UmVhY3Rpb246NDYwNjk2","PBE","{""star"": 1, ""H2gas"": -0.5, ""H2Ogas"": 1}","{""OHstar"": 1}","111-14OH","Cu64H14O14","111-14OH",2.305599035,,"Cu","Cu64H14O14"
"H2O(g) - 0.5H2(g) + * -> OH*","{}","UmVhY3Rpb246NDYwNjk3","PBE","{""star"": 1, ""H2gas"": -0.5, ""H2Ogas"": 1}","{""OHstar"": 1}","111-4OH","Cu64H4O4","111-4OH",0.22846513500002175,,"Cu","Cu64H4O4"
"H2O(g) - 0.5H2(g) + * -> OH*","{}","UmVhY3Rpb246NDYwNjk4","PBE","{""star"": 1, ""H2gas"": -0.5, ""H2Ogas"": 1}","{""OHstar"": 1}","111-10OH","Cu64H10O10","111-10OH",1.5342253750000054,,"Cu","Cu64H10O10"
"H2O(g) - 0.5H2(g) + * -> OH*","{}","UmVhY3Rpb246NDYwNjk5","PBE","{""star"": 1, ""H2gas"": -0.5, ""H2Ogas"": 1}","{""OHstar"": 1}","100-14OH","Cu64H14O14","100-14OH",1.3576254449999965,,"Cu","Cu64H14O14"
"H2O(g) - 0.5H2(g) + * -> OH*","{}","UmVhY3Rpb246NDYwNzAw","PBE","{""star"": 1, ""H2gas"": -0.5, ""H2Ogas"": 1}","{""OHstar"": 1}","100-15OH","Cu64H15O15","100-15OH",2.6255948449999664,,"Cu","Cu64H15O15"
"H2O(g) - 0.5H2(g) + * -> OH*","{}","UmVhY3Rpb246NDYwNzAx","PBE","{""star"": 1, ""H2gas"": -0.5, ""H2Ogas"": 1}","{""OHstar"": 1}","100-10OH","Cu64H10O10","100-10OH",0.838950495000006,,"Cu","Cu64H10O10"
"H2O(g) - 0.5H2(g) + * -> OH*","{}","UmVhY3Rpb246NDYwNzAy","PBE","{""star"": 1, ""H2gas"": -0.5, ""H2Ogas"": 1}","{""OHstar"": 1}","111-6OH","Cu64H6O6","111-6OH",0.28991347499999165,,"Cu","Cu64H6O6"
"H2O(g) - 0.5H2(g) + * -> OH*","{}","UmVhY3Rpb246NDYwNzAz","PBE","{""star"": 1, ""H2gas"": -0.5, ""H2Ogas"": 1}","{""OHstar"": 1}","100-1OH","Cu64HO","100-1OH",0.004997734999989234,,"Cu","Cu64HO"
"H2O(g) - 0.5H2(g) + * -> OH*","{}","UmVhY3Rpb246NDYwNzA0","PBE","{""star"": 1, ""H2gas"": -0.5, ""H2Ogas"": 1}","{""OHstar"": 1}","100-7OH","Cu64H7O7","100-7OH",-0.6230091649999849,,"Cu","Cu64H7O7"
"H2O(g) - 0.5H2(g) + * -> OH*","{}","UmVhY3Rpb246NDYwNzA1","PBE","{""star"": 1, ""H2gas"": -0.5, ""H2Ogas"": 1}","{""OHstar"": 1}","111-5OH","Cu64H5O5","111-5OH",0.32639122500000894,,"Cu","Cu64H5O5"
"H2O(g) - 0.5H2(g) + * -> OH*","{}","UmVhY3Rpb246NDYwNzA2","PBE","{""star"": 1, ""H2gas"": -0.5, ""H2Ogas"": 1}","{""OHstar"": 1}","100-11OH","Cu64H11O11","100-11OH",1.3151944350000235,,"Cu","Cu64H11O11"
"H2O(g) - 0.5H2(g) + * -> OH*","{}","UmVhY3Rpb246NDYwNzA3","PBE","{""star"": 1, ""H2gas"": -0.5, ""H2Ogas"": 1}","{""OHstar"": 1}","100-3OH","Cu64H3O3","100-3OH",-0.4501511549999577,,"Cu","Cu64H3O3"
"H2O(g) - 0.5H2(g) + * -> OH*","{}","UmVhY3Rpb246NDYwNzA4","PBE","{""star"": 1, ""H2gas"": -0.5, ""H2Ogas"": 1}","{""OHstar"": 1}","111-2OH","Cu64H2O2","111-2OH",0.17304974499998593,,"Cu","Cu64H2O2"
"H2O(g) - 0.5H2(g) + * -> OH*","{}","UmVhY3Rpb246NDYwNzA5","PBE","{""star"": 1, ""H2gas"": -0.5, ""H2Ogas"": 1}","{""OHstar"": 1}","100-13OH","Cu64H13O13","100-13OH",1.340817125000001,,"Cu","Cu64H13O13"
"H2O(g) - 0.5H2(g) + * -> OH*","{}","UmVhY3Rpb246NDYwNzEw","PBE","{""star"": 1, ""H2gas"": -0.5, ""H2Ogas"": 1}","{""OHstar"": 1}","111-13OH","Cu64H13O13","111-13OH",1.3543052050000028,,"Cu","Cu64H13O13"
"H2O(g) - 0.5H2(g) + * -> OH*","{}","UmVhY3Rpb246NDYwNzEx","PBE","{""star"": 1, ""H2gas"": -0.5, ""H2Ogas"": 1}","{""OHstar"": 1}","100-5OH","Cu64H5O5","100-5OH",-0.054883384999982354,,"Cu","Cu64H5O5"
"H2O(g) - 0.5H2(g) + * -> OH*","{}","UmVhY3Rpb246NDYwNzEy","PBE","{""star"": 1, ""H2gas"": -0.5, ""H2Ogas"": 1}","{""OHstar"": 1}","100-6OH","Cu64H6O6","100-6OH",-0.09467149500000005,,"Cu","Cu64H6O6"
"H2O(g) - 0.5H2(g) + * -> OH*","{}","UmVhY3Rpb246NDYwNzEz","PBE","{""star"": 1, ""H2gas"": -0.5, ""H2Ogas"": 1}","{""OHstar"": 1}","111-8OH","Cu64H8O8","111-8OH",0.47863610500002096,,"Cu","Cu64H8O8"
"H2O(g) - 0.5H2(g) + * -> OH*","{}","UmVhY3Rpb246NDYwNzE0","PBE","{""star"": 1, ""H2gas"": -0.5, ""H2Ogas"": 1}","{""OHstar"": 1}","100-12OH","Cu64H12O12","100-12OH",1.290907935000007,,"Cu","Cu64H12O12"
"H2O(g) - 0.5H2(g) + * -> OH*","{}","UmVhY3Rpb246NDYwNzE1","PBE","{""star"": 1, ""H2gas"": -0.5, ""H2Ogas"": 1}","{""OHstar"": 1}","100-4OH","Cu64H4O4","100-4OH",-0.1122221550000404,,"Cu","Cu64H4O4"
"H2O(g) - 0.5H2(g) + * -> OH*","{}","UmVhY3Rpb246NDYwNzE2","PBE","{""star"": 1, ""H2gas"": -0.5, ""H2Ogas"": 1}","{""OHstar"": 1}","100-9OH","Cu64H9O9","100-9OH",0.6859155749999672,,"Cu","Cu64H9O9"
"H2O(g) - 0.5H2(g) + * -> OH*","{}","UmVhY3Rpb246NDYwNzE3","PBE","{""star"": 1, ""H2gas"": -0.5, ""H2Ogas"": 1}","{""OHstar"": 1}","111-12OH","Cu64H12O12","111-12OH",3.2974196750000146,,"Cu","Cu64H12O12"
"H2O(g) - 0.5H2(g) + * -> OH*","{}","UmVhY3Rpb246NDYwNzE4","PBE","{""star"": 1, ""H2gas"": -0.5, ""H2Ogas"": 1}","{""OHstar"": 1}","111-7OH","Cu64H7O7","111-7OH",0.7239565250000055,,"Cu","Cu64H7O7"
"H2O(g) - 0.5H2(g) + * -> OH*","{}","UmVhY3Rpb246NDYwNzE5","PBE","{""star"": 1, ""H2gas"": -0.5, ""H2Ogas"": 1}","{""OHstar"": 1}","100","Cu64","100",0.04194235500000332,,"Cu","Cu64"
"H2O(g) - 0.5H2(g) + * -> OH*","{}","UmVhY3Rpb246NDYwNzIw","PBE","{""star"": 1, ""H2gas"": -0.5, ""H2Ogas"": 1}","{""OHstar"": 1}","111-15OH","Cu64H15O15","111-15OH",2.1245339149999722,,"Cu","Cu64H15O15"
"H2O(g) - 0.5H2(g) + * -> OH*","{}","UmVhY3Rpb246NDYwNzIx","PBE","{""star"": 1, ""H2gas"": -0.5, ""H2Ogas"": 1}","{""OHstar"": 1}","111-11OH","Cu64H11O11","111-11OH",1.4961298050000096,,"Cu","Cu64H11O11"
"H2O(g) - 0.5H2(g) + * -> OH*","{}","UmVhY3Rpb246NDYwNzIy","PBE","{""star"": 1, ""H2gas"": -0.5, ""H2Ogas"": 1}","{""OHstar"": 1}","111-1OH","Cu64HO","111-1OH",0.2569771950000188,,"Cu","Cu64HO"
"H2O(g) - 0.5H2(g) + * -> OH*","{}","UmVhY3Rpb246NDYwNzIz","PBE","{""star"": 1, ""H2gas"": -0.5, ""H2Ogas"": 1}","{""OHstar"": 1}","111-3OH","Cu64H3O3","111-3OH",0.2249980349999987,,"Cu","Cu64H3O3"
"H2O(g) - 0.5H2(g) + * -> OH*","{}","UmVhY3Rpb246NDYwNzI0","PBE","{""star"": 1, ""H2gas"": -0.5, ""H2Ogas"": 1}","{""OHstar"": 1}","100-8OH","Cu64H8O8","100-8OH",0.6034121750000168,,"Cu","Cu64H8O8"
"H2O(g) - 0.5H2(g) + * -> OH*","{}","UmVhY3Rpb246NDYwNzI1","PBE","{""star"": 1, ""H2gas"": -0.5, ""H2Ogas"": 1}","{""OHstar"": 1}","111","Cu64","111",0.18746604500000785,,"Cu","Cu64"
"H2O(g) - 0.5H2(g) + * -> OH*","{}","UmVhY3Rpb246NDYwNzI2","PBE","{""star"": 1, ""H2gas"": -0.5, ""H2Ogas"": 1}","{""OHstar"": 1}","100-2OH","Cu64H2O2","100-2OH",-0.12480259500000557,,"Cu","Cu64H2O2"
"H2O(g) - 0.5H2(g) + * -> OH*","{}","UmVhY3Rpb246NDYwNzI3","PBE","{""star"": 1, ""H2gas"": -0.5, ""H2Ogas"": 1}","{""OHstar"": 1}","111-9OH","Cu64H9O9","111-9OH",0.7669738349999875,,"Cu","Cu64H9O9"
"H2O(g) - 0.5H2(g) + * -> OH*","{}","UmVhY3Rpb246NDYwNzI4","PBE","{""star"": 1, ""H2gas"": -0.5, ""H2Ogas"": 1}","{""OHstar"": 1}","111-14OH","Cu64H14O14","111-14OH",2.305599035,,"Cu","Cu64H14O14"
"H2O(g) - 0.5H2(g) + * -> OH*","{}","UmVhY3Rpb246NDYwNzI5","PBE","{""star"": 1, ""H2gas"": -0.5, ""H2Ogas"": 1}","{""OHstar"": 1}","111-4OH","Cu64H4O4","111-4OH",0.22846513500002175,,"Cu","Cu64H4O4"
"H2O(g) - 0.5H2(g) + * -> OH*","{}","UmVhY3Rpb246NDYwNzMw","PBE","{""star"": 1, ""H2gas"": -0.5, ""H2Ogas"": 1}","{""OHstar"": 1}","111-10OH","Cu64H10O10","111-10OH",1.5342253750000054,,"Cu","Cu64H10O10"
"H2O(g) - 0.5H2(g) + * -> OH*","{}","UmVhY3Rpb246NDYwNzMx","PBE","{""star"": 1, ""H2gas"": -0.5, ""H2Ogas"": 1}","{""OHstar"": 1}","100-14OH","Cu64H14O14","100-14OH",1.3576254449999965,,"Cu","Cu64H14O14"
"H2O(g) - 0.5H2(g) + * -> OH*","{}","UmVhY3Rpb246NDYwNzMy","PBE","{""star"": 1, ""H2gas"": -0.5, ""H2Ogas"": 1}","{""OHstar"": 1}","100-15OH","Cu64H15O15","100-15OH",2.6255948449999664,,"Cu","Cu64H15O15"
"H2O(g) - 0.5H2(g) + * -> OH*","{}","UmVhY3Rpb246NDYwNzMz","PBE","{""star"": 1, ""H2gas"": -0.5, ""H2Ogas"": 1}","{""OHstar"": 1}","100-10OH","Cu64H10O10","100-10OH",0.838950495000006,,"Cu","Cu64H10O10"
"H2O(g) - 0.5H2(g) + * -> OH*","{}","UmVhY3Rpb246NDYwNzM0","PBE","{""star"": 1, ""H2gas"": -0.5, ""H2Ogas"": 1}","{""OHstar"": 1}","111-6OH","Cu64H6O6","111-6OH",0.28991347499999165,,"Cu","Cu64H6O6"
"H2O(g) - 0.5H2(g) + * -> OH*","{}","UmVhY3Rpb246NDYwNzM1","PBE","{""star"": 1, ""H2gas"": -0.5, ""H2Ogas"": 1}","{""OHstar"": 1}","100-1OH","Cu64HO","100-1OH",0.004997734999989234,,"Cu","Cu64HO"
"H2O(g) - 0.5H2(g) + * -> OH*","{}","UmVhY3Rpb246NDYwNzM2","PBE","{""star"": 1, ""H2gas"": -0.5, ""H2Ogas"": 1}","{""OHstar"": 1}","100-7OH","Cu64H7O7","100-7OH",-0.6230091649999849,,"Cu","Cu64H7O7"
"H2O(g) - 0.5H2(g) + * -> OH*","{}","UmVhY3Rpb246NDYwNzM3","PBE","{""star"": 1, ""H2gas"": -0.5, ""H2Ogas"": 1}","{""OHstar"": 1}","111-5OH","Cu64H5O5","111-5OH",0.32639122500000894,,"Cu","Cu64H5O5"
"H2O(g) - 0.5H2(g) + * -> OH*","{}","UmVhY3Rpb246NDYwNzM4","PBE","{""star"": 1, ""H2gas"": -0.5, ""H2Ogas"": 1}","{""OHstar"": 1}","100-11OH","Cu64H11O11","100-11OH",1.3151944350000235,,"Cu","Cu64H11O11"
"H2O(g) - 0.5H2(g) + * -> OH*","{}","UmVhY3Rpb246NDYwNzM5","PBE","{""star"": 1, ""H2gas"": -0.5, ""H2Ogas"": 1}","{""OHstar"": 1}","100-3OH","Cu64H3O3","100-3OH",-0.4501511549999577,,"Cu","Cu64H3O3"
"H2O(g) - 0.5H2(g) + * -> OH*","{}","UmVhY3Rpb246NDYwNzQw","PBE","{""star"": 1, ""H2gas"": -0.5, ""H2Ogas"": 1}","{""OHstar"": 1}","111-2OH","Cu64H2O2","111-2OH",0.17304974499998593,,"Cu","Cu64H2O2"
"H2O(g) - 0.5H2(g) + * -> OH*","{}","UmVhY3Rpb246NDYwNzQx","PBE+U","{""star"": 1, ""H2gas"": -0.5, ""H2Ogas"": 1}","{""OHstar"": 1}","100","Mn5O11","100",1.3857158799999922,,"MnO2-1x1cell","Mn5O11"
"2.0H2O(g) - H2(g) + * -> 2.0OH*","{}","UmVhY3Rpb246NDYwNzQ3","PBE+U","{""star"": 1.0, ""H2gas"": -1.0, ""H2Ogas"": 2.0}","{""OHstar"": 2.0}","001","Mn6O10","001",-1.2704955499999926,,"MnO2-2x1cell","Mn6O10"
"H2O(g) -> hfH2(g) + OH*",,"UmVhY3Rpb246MTgzNA==","RPBE","{""H2Ogas"": 1}","{""OHstar"": 1, ""hfH2gas"": 1}","111","Pt3W","111",-1.33385,,"Pt3W","Pt3W"
"H2O(g) - 0.5H2(g) + * -> OH*","{}","UmVhY3Rpb246NDYyMDAz","PBE+U","{""star"": 1, ""H2gas"": -0.5, ""H2Ogas"": 1}","{""OHstar"": 1}","012","Ir12O18","012",-0.5193405300000222,,"Ir2O3","Ir12O18"
"H2O(g) - 0.5H2(g) + * -> OH*","{}","UmVhY3Rpb246NDYyMDA1","PBE+U","{""star"": 1, ""H2gas"": -0.5, ""H2Ogas"": 1}","{""OHstar"": 1}","012","Ru12O18","012",-0.4053816100000063,,"Ru2O3","Ru12O18"
"H2O(g) - 0.5H2(g) + * -> OH*","{}","UmVhY3Rpb246NDYyMDA3","PBE+U","{""star"": 1, ""H2gas"": -0.5, ""H2Ogas"": 1}","{""OHstar"": 1}","100","Ta8O18","100",-2.059266109999953,,"Ta2O5-0.5ML","Ta8O18"
"H2O(g) - 0.5H2(g) + * -> OH*","{}","UmVhY3Rpb246NDYyMDA5","PBE+U","{""star"": 1, ""H2gas"": -0.5, ""H2Ogas"": 1}","{""OHstar"": 1}","110","Mn8O16","110",1.4849684099999934,,"MnO2","Mn8O16"
"H2O(g) - 0.5H2(g) + * -> OH*","{}","UmVhY3Rpb246NDYyMDEx","PBE+U","{""star"": 1, ""H2gas"": -0.5, ""H2Ogas"": 1}","{""OHstar"": 1}","100","Mn6O12","100",1.4519456899999739,,"MnO2","Mn6O12"
"H2O(g) - 0.5H2(g) + * -> OH*","{}","UmVhY3Rpb246NDYyMDEz","PBE+U","{""star"": 1, ""H2gas"": -0.5, ""H2Ogas"": 1}","{""OHstar"": 1}","100","Ru8O18","100",0.3117495499999734,,"Ru2O5-0.5ML","Ru8O18"
"H2O(g) - 0.5H2(g) + * -> OH*","{}","UmVhY3Rpb246NDYyMDE1","PBE+U","{""star"": 1, ""H2gas"": -0.5, ""H2Ogas"": 1}","{""OHstar"": 1}","012","Mo12O18","012",-1.0627087499999561,,"Mo2O3","Mo12O18"
"H2O(g) - 0.5H2(g) + * -> OH*","{}","UmVhY3Rpb246NDYyMDE3","PBE+U","{""star"": 1, ""H2gas"": -0.5, ""H2Ogas"": 1}","{""OHstar"": 1}","100","Zn8O18","100",2.1529740600000054,,"Zn2O5-0.5ML","Zn8O18"
"H2O(g) - 0.5H2(g) + * -> OH*","{}","UmVhY3Rpb246NDYyMDE4","PBE+U","{""star"": 1, ""H2gas"": -0.5, ""H2Ogas"": 1}","{""OHstar"": 1}","012","Zn12O18","012",1.9117458600000248,,"Zn2O3","Zn12O18"
"H2O(g) - 0.5H2(g) + * -> OH*","{}","UmVhY3Rpb246NDYyMDIw","PBE+U","{""star"": 1, ""H2gas"": -0.5, ""H2Ogas"": 1}","{""OHstar"": 1}","100","Nb8O18","100",-1.4930533100000218,,"Nb2O5-0.5ML","Nb8O18"
"H2O(g) - 0.5H2(g) + * -> OH*","{}","UmVhY3Rpb246NDYyMDIy","PBE+U","{""star"": 1, ""H2gas"": -0.5, ""H2Ogas"": 1}","{""OHstar"": 1}","012","Mn12O18","012",1.0995962799999859,,"Mn2O3","Mn12O18"
"H2O(g) - 0.5H2(g) + * -> OH*","{}","UmVhY3Rpb246NDYyMDI0","PBE+U","{""star"": 1, ""H2gas"": -0.5, ""H2Ogas"": 1}","{""OHstar"": 1}","110","Ir8O16","110",-0.3447158799999954,,"IrO2","Ir8O16"
"H2O(g) - 0.5H2(g) + * -> OH*","{}","UmVhY3Rpb246NDYyMDI2","PBE+U","{""star"": 1, ""H2gas"": -0.5, ""H2Ogas"": 1}","{""OHstar"": 1}","012","Cu12O18","012",1.8925905699999817,,"Cu2O3","Cu12O18"
"H2O(g) - 0.5H2(g) + * -> OH*","{}","UmVhY3Rpb246NDYyMDI4","PBE+U","{""star"": 1, ""H2gas"": -0.5, ""H2Ogas"": 1}","{""OHstar"": 1}","110","Os8O16","110",-0.640114490000002,,"OsO2","Os8O16"
"H2O(g) - 0.5H2(g) + * -> OH*","{}","UmVhY3Rpb246NDYyMDMw","PBE+U","{""star"": 1, ""H2gas"": -0.5, ""H2Ogas"": 1}","{""OHstar"": 1}","100","Os6O12","100",-0.3336081399999955,,"OsO2","Os6O12"
"H2O(g) - 0.5H2(g) + * -> OH*","{}","UmVhY3Rpb246NDYyMDMy","PBE+U","{""star"": 1, ""H2gas"": -0.5, ""H2Ogas"": 1}","{""OHstar"": 1}","100","Au8O18","100",1.4991327800000107,,"Au2O5-0.5ML","Au8O18"
"H2O(g) - 0.5H2(g) + * -> OH*","{}","UmVhY3Rpb246NDYyMDM0","PBE+U","{""star"": 1, ""H2gas"": -0.5, ""H2Ogas"": 1}","{""OHstar"": 1}","110","Pd8O16","110",0.884506789999989,,"PdO2","Pd8O16"
"H2O(g) - 0.5H2(g) + * -> OH*","{}","UmVhY3Rpb246NDYyMDM2","PBE+U","{""star"": 1, ""H2gas"": -0.5, ""H2Ogas"": 1}","{""OHstar"": 1}","100","Pd6O12","100",1.2069286800000043,,"PdO2","Pd6O12"
"H2O(g) - 0.5H2(g) + * -> OH*","{}","UmVhY3Rpb246NDYyMDM4","PBE+U","{""star"": 1, ""H2gas"": -0.5, ""H2Ogas"": 1}","{""OHstar"": 1}","012","Rh12O18","012",0.1811715300000003,,"Rh2O3","Rh12O18"
"H2O(g) - 0.5H2(g) + * -> OH*","{}","UmVhY3Rpb246NDYyMDQw","PBE+U","{""star"": 1, ""H2gas"": -0.5, ""H2Ogas"": 1}","{""OHstar"": 1}","012","Pt12O18","012",0.7072863899999788,,"Pt2O3","Pt12O18"
"H2O(g) - 0.5H2(g) + * -> OH*","{}","UmVhY3Rpb246NDYyMDQx","PBE+U","{""star"": 1, ""H2gas"": -0.5, ""H2Ogas"": 1}","{""OHstar"": 1}","110","Cu8O16","110",2.3437493899999993,,"CuO2","Cu8O16"
"H2O(g) - 0.5H2(g) + * -> OH*","{}","UmVhY3Rpb246NDYyMDQz","PBE+U","{""star"": 1, ""H2gas"": -0.5, ""H2Ogas"": 1}","{""OHstar"": 1}","012","Y12O18","012",1.336496190000048,,"Y2O3","Y12O18"
"H2O(g) - 0.5H2(g) + * -> OH*","{}","UmVhY3Rpb246NDYyMDQ1","PBE+U","{""star"": 1, ""H2gas"": -0.5, ""H2Ogas"": 1}","{""OHstar"": 1}","100","Ni8O18","100",1.6742876100000075,,"Ni2O5-0.5ML","Ni8O18"
"H2O(g) - 0.5H2(g) + * -> OH*","{}","UmVhY3Rpb246NDYyMDQ3","PBE+U","{""star"": 1, ""H2gas"": -0.5, ""H2Ogas"": 1}","{""OHstar"": 1}","012","Ti12O18","012",-1.541190190000009,,"Ti2O3","Ti12O18"
"H2O(g) - 0.5H2(g) + * -> OH*","{}","UmVhY3Rpb246NDYyMDQ5","PBE+U","{""star"": 1, ""H2gas"": -0.5, ""H2Ogas"": 1}","{""OHstar"": 1}","012","Zr12O18","012",-2.1870761700000116,,"Zr2O3","Zr12O18"
"H2O(g) - 0.5H2(g) + * -> OH*","{}","UmVhY3Rpb246NDYyMDUx","PBE+U","{""star"": 1, ""H2gas"": -0.5, ""H2Ogas"": 1}","{""OHstar"": 1}","110","Re8O16","110",-1.2455958300000134,,"ReO2","Re8O16"
"H2O(g) - 0.5H2(g) + * -> OH*","{}","UmVhY3Rpb246NDYyMDUz","PBE+U","{""star"": 1, ""H2gas"": -0.5, ""H2Ogas"": 1}","{""OHstar"": 1}","100","Co8O18","100",1.5240569599999958,,"Co2O5-0.5ML","Co8O18"
"H2O(g) - 0.5H2(g) + * -> OH*","{}","UmVhY3Rpb246NDYyMDU1","PBE+U","{""star"": 1, ""H2gas"": -0.5, ""H2Ogas"": 1}","{""OHstar"": 1}","012","La12O18","012",1.355994609999982,,"La2O3","La12O18"
"H2O(g) - 0.5H2(g) + * -> OH*","{}","UmVhY3Rpb246NDYyMDU4","PBE+U","{""star"": 1, ""H2gas"": -0.5, ""H2Ogas"": 1}","{""OHstar"": 1}","100","Cd6O12","100",2.118665759999999,,"CdO2","Cd6O12"
"H2O(g) - 0.5H2(g) + * -> OH*","{}","UmVhY3Rpb246NDYyMDU5","PBE+U","{""star"": 1, ""H2gas"": -0.5, ""H2Ogas"": 1}","{""OHstar"": 1}","012","V12O18","012",-0.18511448000000996,,"V2O3","V12O18"
"H2O(g) - 0.5H2(g) + * -> OH*","{}","UmVhY3Rpb246NDYyMDYx","PBE+U","{""star"": 1, ""H2gas"": -0.5, ""H2Ogas"": 1}","{""OHstar"": 1}","012","Sc12O18","012",1.6044074500000534,,"Sc2O3","Sc12O18"
"H2O(g) - 0.5H2(g) + * -> OH*","{}","UmVhY3Rpb246NDYyMDYz","PBE+U","{""star"": 1, ""H2gas"": -0.5, ""H2Ogas"": 1}","{""OHstar"": 1}","110","Ru8O16","110",0.14487898999999516,,"RuO2-recommendedPP","Ru8O16"
"H2O(g) - 0.5H2(g) + * -> OH*","{}","UmVhY3Rpb246NDYyMDY1","PBE+U","{""star"": 1, ""H2gas"": -0.5, ""H2Ogas"": 1}","{""OHstar"": 1}","100","Ru6O12","100",0.4111917900000037,,"RuO2-recommendedPP","Ru6O12"
"H2O(g) - 0.5H2(g) + * -> OH*","{}","UmVhY3Rpb246NDYyMDY3","PBE+U","{""star"": 1, ""H2gas"": -0.5, ""H2Ogas"": 1}","{""OHstar"": 1}","110","Zr8O16","110",1.7156017799999859,,"ZrO2","Zr8O16"
"H2O(g) - 0.5H2(g) + * -> OH*","{}","UmVhY3Rpb246NDYyMDY5","PBE+U","{""star"": 1, ""H2gas"": -0.5, ""H2Ogas"": 1}","{""OHstar"": 1}","110","Cr8O16","110",1.0738926999999876,,"CrO2","Cr8O16"
"H2O(g) - 0.5H2(g) + * -> OH*","{}","UmVhY3Rpb246NDYyMDcx","PBE+U","{""star"": 1, ""H2gas"": -0.5, ""H2Ogas"": 1}","{""OHstar"": 1}","100","Cr6O12","100",1.2883623799999953,,"CrO2","Cr6O12"
"H2O(g) - 0.5H2(g) + * -> OH*","{}","UmVhY3Rpb246NDYyMDcz","PBE+U","{""star"": 1, ""H2gas"": -0.5, ""H2Ogas"": 1}","{""OHstar"": 1}","110","Zn8O16","110",2.23080997000001,,"ZnO2","Zn8O16"
"H2O(g) - 0.5H2(g) + * -> OH*","{}","UmVhY3Rpb246NDYyMDc1","PBE+U","{""star"": 1, ""H2gas"": -0.5, ""H2Ogas"": 1}","{""OHstar"": 1}","100","Zn6O12","100",2.573357890000011,,"ZnO2","Zn6O12"
"H2O(g) - 0.5H2(g) + * -> OH*","{}","UmVhY3Rpb246NDYyMDc3","PBE+U","{""star"": 1, ""H2gas"": -0.5, ""H2Ogas"": 1}","{""OHstar"": 1}","110","Ti8O16","110",1.7139203399999872,,"TiO2","Ti8O16"
"H2O(g) - 0.5H2(g) + * -> OH*","{}","UmVhY3Rpb246NDYyMDc5","PBE+U","{""star"": 1, ""H2gas"": -0.5, ""H2Ogas"": 1}","{""OHstar"": 1}","100","Ti6O12","100",1.8722318599999994,,"TiO2","Ti6O12"
"H2O(g) - 0.5H2(g) + * -> OH*","{}","UmVhY3Rpb246NDYyMDgx","PBE+U","{""star"": 1, ""H2gas"": -0.5, ""H2Ogas"": 1}","{""OHstar"": 1}","100","V8O18","100",-0.4862977300000182,,"V2O5-0.5ML","V8O18"
"H2O(g) - 0.5H2(g) + * -> OH*","{}","UmVhY3Rpb246NDYyMDgz","PBE+U","{""star"": 1, ""H2gas"": -0.5, ""H2Ogas"": 1}","{""OHstar"": 1}","110","Hg8O16","110",2.7723272100000003,,"HgO2","Hg8O16"
"H2O(g) - 0.5H2(g) + * -> OH*","{}","UmVhY3Rpb246NDYyMDg1","PBE+U","{""star"": 1, ""H2gas"": -0.5, ""H2Ogas"": 1}","{""OHstar"": 1}","100","Hg6O12","100",2.7388105700000054,,"HgO2","Hg6O12"
"H2O(g) - 0.5H2(g) + * -> OH*","{}","UmVhY3Rpb246NDYyMDg3","PBE+U","{""star"": 1, ""H2gas"": -0.5, ""H2Ogas"": 1}","{""OHstar"": 1}","110","Tc8O16","110",-0.36459109000000467,,"TcO2","Tc8O16"
"H2O(g) - 0.5H2(g) + * -> OH*","{}","UmVhY3Rpb246NDYyMDg5","PBE+U","{""star"": 1, ""H2gas"": -0.5, ""H2Ogas"": 1}","{""OHstar"": 1}","100","Tc6O12","100",0.1572227499999883,,"TcO2","Tc6O12"
"H2O(g) - 0.5H2(g) + * -> OH*","{}","UmVhY3Rpb246NDYyMDkx","PBE+U","{""star"": 1, ""H2gas"": -0.5, ""H2Ogas"": 1}","{""OHstar"": 1}","110","Rh8O16","110",0.4700631899999905,,"RhO2","Rh8O16"
"H2O(g) - 0.5H2(g) + * -> OH*","{}","UmVhY3Rpb246NDYyMDkz","PBE+U","{""star"": 1, ""H2gas"": -0.5, ""H2Ogas"": 1}","{""OHstar"": 1}","100","Rh6O12","100",0.6204084900000026,,"RhO2","Rh6O12"
"H2O(g) - 0.5H2(g) + * -> OH*","{}","UmVhY3Rpb246NDYyMDk1","PBE+U","{""star"": 1, ""H2gas"": -0.5, ""H2Ogas"": 1}","{""OHstar"": 1}","100","Pd8O18","100",1.0408597799999768,,"Pd2O5-0.5ML","Pd8O18"
"H2O(g) - 0.5H2(g) + * -> OH*","{}","UmVhY3Rpb246NDYyMDk3","PBE+U","{""star"": 1, ""H2gas"": -0.5, ""H2Ogas"": 1}","{""OHstar"": 1}","012","Ag12O18","012",2.0583175900000015,,"Ag2O3","Ag12O18"
"H2O(g) - 0.5H2(g) + * -> OH*","{}","UmVhY3Rpb246NDYyMDk5","PBE+U","{""star"": 1, ""H2gas"": -0.5, ""H2Ogas"": 1}","{""OHstar"": 1}","110","Nb8O16","110",-1.2081747699999994,,"NbO2","Nb8O16"
"H2O(g) - 0.5H2(g) + * -> OH*","{}","UmVhY3Rpb246NDYyMTAx","PBE+U","{""star"": 1, ""H2gas"": -0.5, ""H2Ogas"": 1}","{""OHstar"": 1}","100","Nb6O12","100",-0.9417592200000229,,"NbO2","Nb6O12"
"H2O(g) - 0.5H2(g) + * -> OH*","{}","UmVhY3Rpb246NDYyMTAz","PBE+U","{""star"": 1, ""H2gas"": -0.5, ""H2Ogas"": 1}","{""OHstar"": 1}","012","Tc12O18","012",-0.6854116599999998,,"Tc2O3","Tc12O18"
"H2O(g) - 0.5H2(g) + * -> OH*","{}","UmVhY3Rpb246NDYyMTA1","PBE+U","{""star"": 1, ""H2gas"": -0.5, ""H2Ogas"": 1}","{""OHstar"": 1}","012","Hf12O18","012",-2.832681519999994,,"Hf2O3","Hf12O18"
"H2O(g) - 0.5H2(g) + * -> OH*","{}","UmVhY3Rpb246NDYyMTA3","PBE+U","{""star"": 1, ""H2gas"": -0.5, ""H2Ogas"": 1}","{""OHstar"": 1}","110","V8O16","110",1.1178228299999944,,"VO2","V8O16"
"H2O(g) - 0.5H2(g) + * -> OH*","{}","UmVhY3Rpb246NDYyMTA5","PBE+U","{""star"": 1, ""H2gas"": -0.5, ""H2Ogas"": 1}","{""OHstar"": 1}","100","V6O12","100",0.12669786999998678,,"VO2","V6O12"
"H2O(g) - 0.5H2(g) + * -> OH*","{}","UmVhY3Rpb246NDYyMTEx","PBE+U","{""star"": 1, ""H2gas"": -0.5, ""H2Ogas"": 1}","{""OHstar"": 1}","012","Fe12O18","012",1.3949519799999734,,"Fe2O3","Fe12O18"
"H2O(g) - 0.5H2(g) + * -> OH*","{}","UmVhY3Rpb246NDYyMTEz","PBE+U","{""star"": 1, ""H2gas"": -0.5, ""H2Ogas"": 1}","{""OHstar"": 1}","100","Pt8O18","100",0.37853218999998717,,"Pt2O5-0.5ML","Pt8O18"
"H2O(g) - 0.5H2(g) + * -> OH*","{}","UmVhY3Rpb246NDYyMTE1","PBE+U","{""star"": 1, ""H2gas"": -0.5, ""H2Ogas"": 1}","{""OHstar"": 1}","110","Pt8O16","110",0.49913828999999055,,"PtO2","Pt8O16"
"H2O(g) - 0.5H2(g) + * -> OH*","{}","UmVhY3Rpb246NDYyMTE3","PBE+U","{""star"": 1, ""H2gas"": -0.5, ""H2Ogas"": 1}","{""OHstar"": 1}","100","Pt6O12","100",0.40825310000001025,,"PtO2","Pt6O12"
"H2O(g) - 0.5H2(g) + * -> OH*","{}","UmVhY3Rpb246NDYyMTE5","PBE+U","{""star"": 1, ""H2gas"": -0.5, ""H2Ogas"": 1}","{""OHstar"": 1}","100","Rh8O18","100",0.6723910599999954,,"Rh2O5-0.5ML","Rh8O18"
"H2O(g) - 0.5H2(g) + * -> OH*","{}","UmVhY3Rpb246NDYyMTIx","PBE+U","{""star"": 1, ""H2gas"": -0.5, ""H2Ogas"": 1}","{""OHstar"": 1}","110","Co8O16","110",1.2736071899999786,,"CoO2","Co8O16"
"H2O(g) - 0.5H2(g) + * -> OH*","{}","UmVhY3Rpb246NDYyMTIz","PBE+U","{""star"": 1, ""H2gas"": -0.5, ""H2Ogas"": 1}","{""OHstar"": 1}","100","Co6O12","100",1.3430470899999989,,"CoO2","Co6O12"
"H2O(g) - 0.5H2(g) + * -> OH*","{}","UmVhY3Rpb246NDYyMTI1","PBE+U","{""star"": 1, ""H2gas"": -0.5, ""H2Ogas"": 1}","{""OHstar"": 1}","100","Mo8O18","100",-0.5976176800000133,,"Mo2O5-0.5ML","Mo8O18"
"H2O(g) - 0.5H2(g) + * -> OH*","{}","UmVhY3Rpb246NDYyMTI3","PBE+U","{""star"": 1, ""H2gas"": -0.5, ""H2Ogas"": 1}","{""OHstar"": 1}","100","Mn8O18","100",1.361057279999983,,"Mn2O5-0.5ML","Mn8O18"
"H2O(g) - 0.5H2(g) + * -> OH*","{}","UmVhY3Rpb246NDYyMTI5","PBE+U","{""star"": 1, ""H2gas"": -0.5, ""H2Ogas"": 1}","{""OHstar"": 1}","100","Os8O18","100",-0.39758199000002037,,"Os2O5-0.5ML","Os8O18"
"H2O(g) - 0.5H2(g) + * -> OH*","{}","UmVhY3Rpb246NDYyMTMx","PBE+U","{""star"": 1, ""H2gas"": -0.5, ""H2Ogas"": 1}","{""OHstar"": 1}","012","Re12O18","012",-1.2846372099999712,,"Re2O3","Re12O18"
"H2O(g) - 0.5H2(g) + * -> OH*","{}","UmVhY3Rpb246NDYyMTMz","PBE+U","{""star"": 1, ""H2gas"": -0.5, ""H2Ogas"": 1}","{""OHstar"": 1}","100","Ti8O18","100",1.5840982599999904,,"Ti2O5-0.5ML","Ti8O18"
"H2O(g) - 0.5H2(g) + * -> OH*","{}","UmVhY3Rpb246NDYyMTM1","PBE+U","{""star"": 1, ""H2gas"": -0.5, ""H2Ogas"": 1}","{""OHstar"": 1}","012","Ta12O18","012",-1.9423575099999653,,"Ta2O3","Ta12O18"
"H2O(g) - 0.5H2(g) + * -> OH*","{}","UmVhY3Rpb246NDYyMTM3","PBE+U","{""star"": 1, ""H2gas"": -0.5, ""H2Ogas"": 1}","{""OHstar"": 1}","110","Hf8O16","110",1.5672679399999936,,"HfO2","Hf8O16"
"H2O(g) - 0.5H2(g) + * -> OH*","{}","UmVhY3Rpb246NDYyMTM5","PBE+U","{""star"": 1, ""H2gas"": -0.5, ""H2Ogas"": 1}","{""OHstar"": 1}","100","Hf6O12","100",1.6213327699999809,,"HfO2","Hf6O12"
"H2O(g) - 0.5H2(g) + * -> OH*","{}","UmVhY3Rpb246NDYyMTQx","PBE+U","{""star"": 1, ""H2gas"": -0.5, ""H2Ogas"": 1}","{""OHstar"": 1}","100","Tc8O18","100",-0.1603191800000161,,"Tc2O5-0.5ML","Tc8O18"
"H2O(g) - 0.5H2(g) + * -> OH*","{}","UmVhY3Rpb246NDYyMTQz","PBE+U","{""star"": 1, ""H2gas"": -0.5, ""H2Ogas"": 1}","{""OHstar"": 1}","100","Ir8O18","100",-0.06307760000001394,,"Ir2O5-0.5ML","Ir8O18"
"H2O(g) - 0.5H2(g) + * -> OH*","{}","UmVhY3Rpb246NDYyMTQ1","PBE+U","{""star"": 1, ""H2gas"": -0.5, ""H2Ogas"": 1}","{""OHstar"": 1}","110","Fe8O16","110",2.3333985699999857,,"FeO2","Fe8O16"
"H2O(g) - 0.5H2(g) + * -> OH*","{}","UmVhY3Rpb246NDYyMTQ3","PBE+U","{""star"": 1, ""H2gas"": -0.5, ""H2Ogas"": 1}","{""OHstar"": 1}","100","Fe6O12","100",1.8332565400000078,,"FeO2","Fe6O12"
"H2O(g) - 0.5H2(g) + * -> OH*","{}","UmVhY3Rpb246NDYyMTQ5","PBE+U","{""star"": 1, ""H2gas"": -0.5, ""H2Ogas"": 1}","{""OHstar"": 1}","100","Fe8O18","100",1.5642685899999833,,"Fe2O5-0.5ML","Fe8O18"
"H2O(g) - 0.5H2(g) + * -> OH*","{}","UmVhY3Rpb246NDYyMTUx","PBE+U","{""star"": 1, ""H2gas"": -0.5, ""H2Ogas"": 1}","{""OHstar"": 1}","012","Pd12O18","012",0.9844558400000096,,"Pd2O3","Pd12O18"
"H2O(g) - 0.5H2(g) + * -> OH*","{}","UmVhY3Rpb246NDYyMTUz","PBE+U","{""star"": 1, ""H2gas"": -0.5, ""H2Ogas"": 1}","{""OHstar"": 1}","100","Ni6O12","100",1.7430871600000017,,"NiO2","Ni6O12"
"H2O(g) - 0.5H2(g) + * -> OH*","{}","UmVhY3Rpb246NDYyMTU1","PBE+U","{""star"": 1, ""H2gas"": -0.5, ""H2Ogas"": 1}","{""OHstar"": 1}","012","Nb12O18","012",-1.3608324499999753,,"Nb2O3","Nb12O18"
"H2O(g) - 0.5H2(g) + * -> OH*","{}","UmVhY3Rpb246NDYyMTU3","PBE+U","{""star"": 1, ""H2gas"": -0.5, ""H2Ogas"": 1}","{""OHstar"": 1}","100","V8O19","100",1.3906828899999937,,"V2O5-1.0ML","V8O19"
"H2O(g) - 0.5H2(g) + * -> OH*","{}","UmVhY3Rpb246NDYyMTU5","PBE+U","{""star"": 1, ""H2gas"": -0.5, ""H2Ogas"": 1}","{""OHstar"": 1}","012","Ni12O18","012",1.755144769999987,,"Ni2O3","Ni12O18"
"H2O(g) - 0.5H2(g) + * -> OH*","{}","UmVhY3Rpb246NDYyMTYx","PBE+U","{""star"": 1, ""H2gas"": -0.5, ""H2Ogas"": 1}","{""OHstar"": 1}","110","Mo8O16","110",-0.4857120400000099,,"MoO2","Mo8O16"
"H2O(g) - 0.5H2(g) + * -> OH*","{}","UmVhY3Rpb246NDYyMTYz","PBE+U","{""star"": 1, ""H2gas"": -0.5, ""H2Ogas"": 1}","{""OHstar"": 1}","100","Mo6O12","100",-0.7648050100000034,,"MoO2","Mo6O12"
"H2O(g) - 0.5H2(g) + * -> OH*","{}","UmVhY3Rpb246NDYyMTY1","PBE+U","{""star"": 1, ""H2gas"": -0.5, ""H2Ogas"": 1}","{""OHstar"": 1}","110","Ag8O16","110",2.0749724300000025,,"AgO2","Ag8O16"
"H2O(g) - 0.5H2(g) + * -> OH*","{}","UmVhY3Rpb246NDYyMTY3","PBE+U","{""star"": 1, ""H2gas"": -0.5, ""H2Ogas"": 1}","{""OHstar"": 1}","100","Ag6O12","100",1.872240000000005,,"AgO2","Ag6O12"
"H2O(g) - 0.5H2(g) + * -> OH*","{}","UmVhY3Rpb246NDYyMTY5","PBE+U","{""star"": 1, ""H2gas"": -0.5, ""H2Ogas"": 1}","{""OHstar"": 1}","100","Cr8O18","100",1.2757516499999895,,"Cr2O5-0.5ML","Cr8O18"
"H2O(g) - 0.5H2(g) + * -> OH*","{}","UmVhY3Rpb246NDYyMTcx","PBE+U","{""star"": 1, ""H2gas"": -0.5, ""H2Ogas"": 1}","{""OHstar"": 1}","012","Cr12O18","012",0.5735993099999916,,"Cr2O3","Cr12O18"
"H2O(g) - 0.5H2(g) + * -> OH*","{}","UmVhY3Rpb246NDYyMTcz","PBE+U","{""star"": 1, ""H2gas"": -0.5, ""H2Ogas"": 1}","{""OHstar"": 1}","100","Ta8O19","100",-0.2817290599999751,,"Ta2O5-1.0ML","Ta8O19"
"H2O(g) - 0.5H2(g) + * -> OH*","{}","UmVhY3Rpb246NDYyMTc0","PBE+U","{""star"": 1, ""H2gas"": -0.5, ""H2Ogas"": 1}","{""OHstar"": 1}","110","Au8O16","110",1.5054696800000045,,"AuO2","Au8O16"
"H2O(g) - 0.5H2(g) + * -> OH*","{}","UmVhY3Rpb246NDYyMTc2","PBE+U","{""star"": 1, ""H2gas"": -0.5, ""H2Ogas"": 1}","{""OHstar"": 1}","100","Au6O12","100",1.3774833700000073,,"AuO2","Au6O12"
"H2O(g) - 0.5H2(g) + * -> OH*","{""OH"": ""hollow|A_A_A|FCC""}","UmVhY3Rpb246MzM5NTI2","BEEF-vdW","{""star"": 1, ""H2gas"": -0.5, ""H2Ogas"": 1.0}","{""OHstar"": 1}","111","Cr12","111",-1.8000708665196044,,"Cr","Cr12"
"H2O(g) - 0.5H2(g) + * -> OH*","{}","UmVhY3Rpb246NDYyMTc4","PBE+U","{""star"": 1, ""H2gas"": -0.5, ""H2Ogas"": 1}","{""OHstar"": 1}","110","Ta8O16","110",-1.8570951899999955,,"TaO2","Ta8O16"
"H2O(g) - 0.5H2(g) + * -> OH*","{}","UmVhY3Rpb246NDYyMTgw","PBE+U","{""star"": 1, ""H2gas"": -0.5, ""H2Ogas"": 1}","{""OHstar"": 1}","100","Ta6O12","100",-1.4910766700000124,,"TaO2","Ta6O12"
"H2O(g) - 0.5H2(g) + * -> OH*","{}","UmVhY3Rpb246NDYyMTgy","PBE+U","{""star"": 1, ""H2gas"": -0.5, ""H2Ogas"": 1}","{""OHstar"": 1}","100","Nb8O19","100",0.16682820999997716,,"Nb2O5-1.0ML","Nb8O19"
"H2O(g) - 0.5H2(g) + * -> OH*","{}","UmVhY3Rpb246NDYyMTg0","PBE+U","{""star"": 1, ""H2gas"": -0.5, ""H2Ogas"": 1}","{""OHstar"": 1}","100","Re8O18","100",-0.8598805200000186,,"Re2O5-0.5ML","Re8O18"
"H2O(g) - 0.5H2(g) + * -> OH*","{}","UmVhY3Rpb246NDYyMTg2","PBE+U","{""star"": 1, ""H2gas"": -0.5, ""H2Ogas"": 1}","{""OHstar"": 1}","012","Co12O18","012",0.684741669999994,,"Co2O3","Co12O18"
"H2O(g) - 0.5H2(g) + 0.5* -> OH*","{}","UmVhY3Rpb246NDYyMTkw","PBE+U","{""star"": 0.5, ""H2gas"": -0.5, ""H2Ogas"": 1}","{""OHstar"": 1}","011-OH-vacancy","Cu48H46O94","011-OH-vacancy",-0.32469732999999223,,"gamma-CuOOH-symmetric-slab","Cu48H46O94"
"H2O(g) - 0.5H2(g) + 0.5* -> OH*","{}","UmVhY3Rpb246NDYyMTkz","PBE+U","{""star"": 0.5, ""H2gas"": -0.5, ""H2Ogas"": 1}","{""OHstar"": 1}","011-O-vacancy","Cu48H48O94","011-O-vacancy",0.4950135200000432,,"gamma-CuOOH-symmetric-slab","Cu48H48O94"
"H2O(g) - 0.5H2(g) + * -> OH*","{}","UmVhY3Rpb246NDYyMTk2","PBE+U","{""star"": 1, ""H2gas"": -0.5, ""H2Ogas"": 1}","{""OHstar"": 1}","111-bridge-hc","Cu16H3O19","111-bridge-hc",1.6247671499999967,,"CuO-OH-adsorbed","Cu16H3O19"
"H2O(g) - 0.5H2(g) + * -> OH*","{}","UmVhY3Rpb246NDYyMTk5","PBE+U","{""star"": 1, ""H2gas"": -0.5, ""H2Ogas"": 1}","{""OHstar"": 1}","111-top-hc","Cu16H3O19","111-top-hc",1.5995590199999867,,"CuO-OH-adsorbed","Cu16H3O19"
"H2O(g) - 0.5H2(g) + * -> OH*","{}","UmVhY3Rpb246NDYyMjAy","PBE+U","{""star"": 1, ""H2gas"": -0.5, ""H2Ogas"": 1}","{""OHstar"": 1}","111-top-lc","Cu16H2O18","111-top-lc",-0.025939829999998665,,"CuO-OH-adsorbed","Cu16H2O18"
"H2O(g) - 0.5H2(g) + * -> OH*","{}","UmVhY3Rpb246NDYyMjA1","PBE+U","{""star"": 1, ""H2gas"": -0.5, ""H2Ogas"": 1}","{""OHstar"": 1}","111-bridge-lc","Cu16H2O18","111-bridge-lc",0.4249614299999678,,"CuO-OH-adsorbed","Cu16H2O18"
"H2O(g) - 0.5H2(g) + * -> OH*","{}","UmVhY3Rpb246NDYyMjA4","PBE+U","{""star"": 1, ""H2gas"": -0.5, ""H2Ogas"": 1}","{""OHstar"": 1}","002-OH-vacancy","Cu40H39O79","002-OH-vacancy",0.20983545000012782,,"delta-CuOOH","Cu40H39O79"
"H2O(g) - 0.5H2(g) + * -> OH*","{}","UmVhY3Rpb246NDYyMjEw","PBE+U","{""star"": 1, ""H2gas"": -0.5, ""H2Ogas"": 1}","{""OHstar"": 1}","210-O-vacancy","Cu20H20O39","210-O-vacancy",-0.01907572999994045,,"delta-CuOOH","Cu20H20O39"
"H2O(g) - 0.5H2(g) + * -> OH*","{""OH"": ""hollow|A_A_A|HCP""}","UmVhY3Rpb246MzM5NTI3","BEEF-vdW","{""star"": 1, ""H2gas"": -0.5, ""H2Ogas"": 1.0}","{""OHstar"": 1}","111","Cr12","111",-1.819625239021775,,"Cr","Cr12"
"H2O(g) - 0.5H2(g) + * -> OH*","{}","UmVhY3Rpb246NDYyMjEy","PBE+U","{""star"": 1, ""H2gas"": -0.5, ""H2Ogas"": 1}","{""OHstar"": 1}","002-O-vacancy","Cu40H40O79","002-O-vacancy",0.6964149099999304,,"delta-CuOOH","Cu40H40O79"
"H2O(g) - 0.5H2(g) + * -> OH*","{}","UmVhY3Rpb246NDYyMjE0","PBE+U","{""star"": 1, ""H2gas"": -0.5, ""H2Ogas"": 1}","{""OHstar"": 1}","210-OH-vacancy","Cu20H19O39","210-OH-vacancy",-0.675795179999966,,"delta-CuOOH","Cu20H19O39"
"H2O(g) - 0.5H2(g) + * -> OH*","{}","UmVhY3Rpb246NDYyMjE3","PBE+U","{""star"": 1, ""H2gas"": -0.5, ""H2Ogas"": 1}","{""OHstar"": 1}","002-OH-vacancy","Cu63FeH63O127","002-OH-vacancy",-0.02570865000006961,,"Fe-delta-CuOOH","Cu63FeH63O127"
"H2O(g) - 0.5H2(g) + * -> OH*","{}","UmVhY3Rpb246NDYyMjIw","PBE+U","{""star"": 1, ""H2gas"": -0.5, ""H2Ogas"": 1}","{""OHstar"": 1}","002-O-vacancy","Cu63FeH64O127","002-O-vacancy",0.7609741899998426,,"Fe-delta-CuOOH","Cu63FeH64O127"
"H2O(g) - 0.5H2(g) + * -> OH*","{}","UmVhY3Rpb246NDYyMjIz","PBE+U","{""star"": 1, ""H2gas"": -0.5, ""H2Ogas"": 1}","{""OHstar"": 1}","021-OH-vacancy-Bsite","Cu40H39O79","021-OH-vacancy-Bsite",-0.3916993799999773,,"gamma-CuOOH","Cu40H39O79"
"H2O(g) - 0.5H2(g) + * -> OH*","{}","UmVhY3Rpb246NDYyMjI1","PBE+U","{""star"": 1, ""H2gas"": -0.5, ""H2Ogas"": 1}","{""OHstar"": 1}","002-OH-vacancy","Cu20H19O39","002-OH-vacancy",-0.5790173499999582,,"gamma-CuOOH","Cu20H19O39"
"H2O(g) - 0.5H2(g) + * -> OH*","{}","UmVhY3Rpb246NDYyMjI4","PBE+U","{""star"": 1, ""H2gas"": -0.5, ""H2Ogas"": 1}","{""OHstar"": 1}","021-O-vacancy-Asite","Cu40H40O79","021-O-vacancy-Asite",0.41316727000003084,,"gamma-CuOOH","Cu40H40O79"
"H2O(g) - 0.5H2(g) + * -> OH*","{}","UmVhY3Rpb246NDYyMjMx","PBE+U","{""star"": 1, ""H2gas"": -0.5, ""H2Ogas"": 1}","{""OHstar"": 1}","002-O-vacancy","Cu20H20O39","002-O-vacancy",0.005919340000048123,,"gamma-CuOOH","Cu20H20O39"
"H2O(g) - 0.5H2(g) + * -> OH*","{}","UmVhY3Rpb246NDYyMjMz","PBE+U","{""star"": 1, ""H2gas"": -0.5, ""H2Ogas"": 1}","{""OHstar"": 1}","021-O-vacancy-Bsite","Cu40H40O79","021-O-vacancy-Bsite",0.38900053999998363,,"gamma-CuOOH","Cu40H40O79"
"H2O(g) - 0.5H2(g) + * -> OH*","{}","UmVhY3Rpb246NDYyMjM2","PBE+U","{""star"": 1, ""H2gas"": -0.5, ""H2Ogas"": 1}","{""OHstar"": 1}","021-OH-vacancy-Asite","Cu40H39O79","021-OH-vacancy-Asite",-0.3517560999999887,,"gamma-CuOOH","Cu40H39O79"
"H2O(g) - 0.5H2(g) + * -> OH*","{}","UmVhY3Rpb246NDYyMjM5","PBE+U","{""star"": 1, ""H2gas"": -0.5, ""H2Ogas"": 1}","{""OHstar"": 1}","021-OH-vacancy-Bsite","Cu39FeH39O79","021-OH-vacancy-Bsite",-0.025246570000035717,,"Fe-gamma-CuOOH","Cu39FeH39O79"
"H2O(g) - 0.5H2(g) + * -> OH*","{}","UmVhY3Rpb246NDYyMjQy","PBE+U","{""star"": 1, ""H2gas"": -0.5, ""H2Ogas"": 1}","{""OHstar"": 1}","021-O-vacancy-Asite","Cu63FeH64O127","021-O-vacancy-Asite",0.5737118499998815,,"Fe-gamma-CuOOH","Cu63FeH64O127"
"H2O(g) - 0.5H2(g) + * -> OH*","{}","UmVhY3Rpb246NDYyMjQ0","PBE+U","{""star"": 1, ""H2gas"": -0.5, ""H2Ogas"": 1}","{""OHstar"": 1}","021-O-vacancy-Bsite","Cu63FeH64O127","021-O-vacancy-Bsite",0.21616337000000385,,"Fe-gamma-CuOOH","Cu63FeH64O127"
"H2O(g) - 0.5H2(g) + * -> OH*","{}","UmVhY3Rpb246NDYyMjQ3","PBE+U","{""star"": 1, ""H2gas"": -0.5, ""H2Ogas"": 1}","{""OHstar"": 1}","021-OH-vacancy-Asite","Cu63FeH63O127","021-OH-vacancy-Asite",0.16705514999989646,,"Fe-gamma-CuOOH","Cu63FeH63O127"
"H2O(g) - 0.5H2(g) + * -> OH*","{""OH"": ""top|A""}","UmVhY3Rpb246MzM5NTMw","BEEF-vdW","{""star"": 1, ""H2gas"": -0.5, ""H2Ogas"": 1.0}","{""OHstar"": 1}","111","Cr12","111",-0.9990341212206886,,"Cr","Cr12"
"H2O(g) - 0.5H2(g) + * -> OH*","{""OH"": ""hollow|A_A_A|FCC""}","UmVhY3Rpb246MzM5NTY0","BEEF-vdW","{""star"": 1, ""H2gas"": -0.5, ""H2Ogas"": 1.0}","{""OHstar"": 1}","111","Cu12","111",0.18950361468603205,,"Cu","Cu12"
"H2O(g) - 0.5H2(g) + * -> OH*","{""OH"": ""hollow|A_A_A|HCP""}","UmVhY3Rpb246MzM5NTY1","BEEF-vdW","{""star"": 1, ""H2gas"": -0.5, ""H2Ogas"": 1.0}","{""OHstar"": 1}","111","Cu12","111",0.22490780208033812,,"Cu","Cu12"
"H2O(g) -> hfH2(g) + OH*",,"UmVhY3Rpb246MjE3Mw==","RPBE","{""H2Ogas"": 1}","{""OHstar"": 1, ""hfH2gas"": 1}","111","Zn3Ni","111",0.22615,,"Zn3Ni","Zn3Ni"
"H2O(g) - 0.5H2(g) + * -> OH*","{""OH"": ""top|A""}","UmVhY3Rpb246MzM5NTY4","BEEF-vdW","{""star"": 1, ""H2gas"": -0.5, ""H2Ogas"": 1.0}","{""OHstar"": 1}","111","Cu12","111",0.9692630985781534,,"Cu","Cu12"
"H2O(g) - 0.5H2(g) + * -> OH*","{""OH"": ""bridge|A_A|A""}","UmVhY3Rpb246MzM5NTk1","BEEF-vdW","{""star"": 1, ""H2gas"": -0.5, ""H2Ogas"": 1.0}","{""OHstar"": 1}","111","Al12","111",-0.7638851788900638,,"Al","Al12"
"H2O(g) - 0.5H2(g) + * -> OH*","{""OH"": ""hollow|A_A_A|FCC""}","UmVhY3Rpb246MzM5NTk2","BEEF-vdW","{""star"": 1, ""H2gas"": -0.5, ""H2Ogas"": 1.0}","{""OHstar"": 1}","111","Al12","111",-0.7693354830199723,,"Al","Al12"
"H2O(g) - 0.5H2(g) + * -> OH*","{""OH"": ""hollow|A_A_A|HCP""}","UmVhY3Rpb246MzM5NTk3","BEEF-vdW","{""star"": 1, ""H2gas"": -0.5, ""H2Ogas"": 1.0}","{""OHstar"": 1}","111","Al12","111",-0.5158698778399184,,"Al","Al12"
"H2O(g) - 0.5H2(g) + * -> OH*","{""OH"": ""hollow|A_A_A|FCC""}","UmVhY3Rpb246MzM5NjE0","BEEF-vdW","{""star"": 1, ""H2gas"": -0.5, ""H2Ogas"": 1.0}","{""OHstar"": 1}","111","Bi12","111",0.3785997389830982,,"Bi","Bi12"
"H2O(g) - 0.5H2(g) + * -> OH*","{""OH"": ""hollow|A_A_A|HCP""}","UmVhY3Rpb246MzM5NjE1","BEEF-vdW","{""star"": 1, ""H2gas"": -0.5, ""H2Ogas"": 1.0}","{""OHstar"": 1}","111","Bi12","111",0.4168032973801701,,"Bi","Bi12"
"H2O(g) -> hfH2(g) + OH*",,"UmVhY3Rpb246MTc2OQ==","RPBE","{""H2Ogas"": 1}","{""OHstar"": 1, ""hfH2gas"": 1}","111","Zr3Ga","111",-2.23385,,"Zr3Ga","Zr3Ga"
"0.5H2(g) + O* -> OH*","{}","UmVhY3Rpb246NDczMTM4","BEEF-vdW","{""H2gas"": 0.5, ""Ostar"": 1}","{""OHstar"": 1}","111","Fe27H27","111",-0.9052969978365581,,"FeH-fcc","Fe27H27"
"0.5H2(g) + O* -> OH*","{}","UmVhY3Rpb246NDczMTUy","BEEF-vdW","{""H2gas"": 0.5, ""Ostar"": 1}","{""OHstar"": 1}","111","Ti36H36","111",0.7328765463389573,,"TiH-fcc","Ti36H36"
"0.5H2(g) + O* -> OH*","{}","UmVhY3Rpb246NDczMTY0","BEEF-vdW","{""H2gas"": 0.5, ""Ostar"": 1}","{""OHstar"": 1}","111","V27H27","111",0.4844158521445934,,"VH-fcc","V27H27"
"0.5H2(g) + O* -> OH*","{}","UmVhY3Rpb246NDczMTc1","BEEF-vdW","{""H2gas"": 0.5, ""Ostar"": 1}","{""OHstar"": 1}","111","Nb36H72","111",0.3332295328582404,,"NbH2-fcc","Nb36H72"
"0.5H2(g) + O* -> OH*","{}","UmVhY3Rpb246NDczMTg3","BEEF-vdW","{""H2gas"": 0.5, ""Ostar"": 1}","{""OHstar"": 1}","111","Cr27H27","111",0.02134978059621062,,"CrH-fcc","Cr27H27"
"0.5H2(g) + O* -> OH*","{}","UmVhY3Rpb246NDczMTk4","BEEF-vdW","{""H2gas"": 0.5, ""Ostar"": 1}","{""OHstar"": 1}","111","Zr27H54","111",0.8012877371002105,,"ZrH2-fcc","Zr27H54"
"0.5H2(g) + O* -> OH*","{}","UmVhY3Rpb246NDczMjA1","BEEF-vdW","{""H2gas"": 0.5, ""Ostar"": 1}","{""OHstar"": 1}","111","Sc27H54","111",0.27914057843736373,,"ScH2-fcc","Sc27H54"
"0.5H2(g) + O* -> OH*","{}","UmVhY3Rpb246NDczMjE1","BEEF-vdW","{""H2gas"": 0.5, ""Ostar"": 1}","{""OHstar"": 1}","111","Cr36H72","111",0.0028352222143439576,,"CrH2-fcc","Cr36H72"
"0.5H2(g) + O* -> OH*","{}","UmVhY3Rpb246NDczMjI2","BEEF-vdW","{""H2gas"": 0.5, ""Ostar"": 1}","{""OHstar"": 1}","111","V36H72","111",0.13706776018079836,,"VH2-fcc","V36H72"
"0.5H2(g) + O* -> OH*","{}","UmVhY3Rpb246NDczMjM3","BEEF-vdW","{""H2gas"": 0.5, ""Ostar"": 1}","{""OHstar"": 1}","111","Ti36H72","111",0.5544909510717844,,"TiH2-fcc","Ti36H72"
"H2O(g) - 0.5H2(g) + * -> OH*","{}","UmVhY3Rpb246NDczMjQx","PBE+U+D3+VASPsol","{""star"": 1, ""H2gas"": -0.5, ""H2Ogas"": 1}","{""OHstar"": 1}","001","CoC26N4","001",-0.6763781999999878,,"CoN4C26-Δz=1.0Å-M","CoC26N4"
"H2O(g) - 0.5H2(g) + * -> OH*","{}","UmVhY3Rpb246NDczMjQz","PBE+U+D3+VASPsol","{""star"": 1, ""H2gas"": -0.5, ""H2Ogas"": 1}","{""OHstar"": 1}","001","WC26N4","001",-2.456846790000043,,"WN4C26-Δz=relaxed-M","WC26N4"
"H2O(g) - 0.5H2(g) + * -> OH*","{}","UmVhY3Rpb246NDczMjQ2","PBE+U+D3+VASPsol","{""star"": 1, ""H2gas"": -0.5, ""H2Ogas"": 1}","{""OHstar"": 1}","001","FeC26N4","001",0.06505030999994688,,"FeN4C26-Δz=0.4Å-M","FeC26N4"
"H2O(g) - 0.5H2(g) + * -> OH*","{}","UmVhY3Rpb246NDczMjUz","PBE+U+D3+VASPsol","{""star"": 1, ""H2gas"": -0.5, ""H2Ogas"": 1}","{""OHstar"": 1}","001","MnC26N4","001",0.305121999999983,,"MnN4C26-Δz=0.0Å-M","MnC26N4"
"H2O(g) - 0.5H2(g) + * -> OH*","{}","UmVhY3Rpb246NDczMjU2","PBE+U+D3+VASPsol","{""star"": 1, ""H2gas"": -0.5, ""H2Ogas"": 1}","{""OHstar"": 1}","001","ZrC26N4","001",-1.4225023900000338,,"ZrN4C26-Δz=relaxed-M","ZrC26N4"
"H2O(g) - 0.5H2(g) + * -> OH*","{}","UmVhY3Rpb246NDczMjU5","PBE+U+D3+VASPsol","{""star"": 1, ""H2gas"": -0.5, ""H2Ogas"": 1}","{""OHstar"": 1}","001","MnC26N4","001",-0.08233041000005414,,"MnN4C26-Δz=0.8Å-M","MnC26N4"
"H2O(g) - 0.5H2(g) + * -> OH*","{}","UmVhY3Rpb246NDczMjYy","PBE+U+D3+VASPsol","{""star"": 1, ""H2gas"": -0.5, ""H2Ogas"": 1}","{""OHstar"": 1}","001","WC26N4","001",-2.003340499999979,,"WN4C26-Δz=0.4Å-M","WC26N4"
"H2O(g) - 0.5H2(g) + * -> OH*","{}","UmVhY3Rpb246NDczMjY0","PBE+U+D3+VASPsol","{""star"": 1, ""H2gas"": -0.5, ""H2Ogas"": 1}","{""OHstar"": 1}","001","WC26N4","001",-1.4778849900000068,,"WN4C26-Δz=0.0Å-M","WC26N4"
"H2O(g) - 0.5H2(g) + * -> OH*","{}","UmVhY3Rpb246NDczMjY3","PBE+U+D3+VASPsol","{""star"": 1, ""H2gas"": -0.5, ""H2Ogas"": 1}","{""OHstar"": 1}","001","CuC26N4","001",1.2331678300000135,,"CuN4C26-Δz=relaxed-M","CuC26N4"
"H2O(g) - 0.5H2(g) + * -> OH*","{}","UmVhY3Rpb246NDczMjc2","PBE+U+D3+VASPsol","{""star"": 1, ""H2gas"": -0.5, ""H2Ogas"": 1}","{""OHstar"": 1}","001","RuC26N4","001",-0.4813225100000409,,"RuN4C26-Δz=relaxed-M","RuC26N4"
"H2O(g) - 0.5H2(g) + * -> OH*","{}","UmVhY3Rpb246NDczMjc5","PBE+U+D3+VASPsol","{""star"": 1, ""H2gas"": -0.5, ""H2Ogas"": 1}","{""OHstar"": 1}","001","CoC26N4","001",0.9853379299999574,,"CoN4C26-Δz=0.0Å-M","CoC26N4"
"H2O(g) - 0.5H2(g) + * -> OH*","{}","UmVhY3Rpb246NDczMjg3","PBE+U+D3+VASPsol","{""star"": 1, ""H2gas"": -0.5, ""H2Ogas"": 1}","{""OHstar"": 1}","001","OsC26N4","001",-0.37033344000002444,,"OsN4C26-Δz=relaxed-M","OsC26N4"
"H2O(g) - 0.5H2(g) + * -> OH*","{}","UmVhY3Rpb246NDczMjg5","PBE+U+D3+VASPsol","{""star"": 1, ""H2gas"": -0.5, ""H2Ogas"": 1}","{""OHstar"": 1}","001","WC26N4","001",-2.6862687899999855,,"WN4C26-Δz=0.8Å-M","WC26N4"
"H2O(g) - 0.5H2(g) + * -> OH*","{}","UmVhY3Rpb246NDczMjkz","PBE+U+D3+VASPsol","{""star"": 1, ""H2gas"": -0.5, ""H2Ogas"": 1}","{""OHstar"": 1}","001","MnC26N4","001",-0.11310424999999213,,"MnN4C26-Δz=relaxed-M","MnC26N4"
"H2O(g) - 0.5H2(g) + * -> OH*","{}","UmVhY3Rpb246NDczMjk1","PBE+U+D3+VASPsol","{""star"": 1, ""H2gas"": -0.5, ""H2Ogas"": 1}","{""OHstar"": 1}","001","MoC26N4","001",-2.303881200000035,,"MoN4C26-Δz=0.8Å-M","MoC26N4"
"H2O(g) - 0.5H2(g) + * -> OH*","{}","UmVhY3Rpb246NDczMjk4","PBE+U+D3+VASPsol","{""star"": 1, ""H2gas"": -0.5, ""H2Ogas"": 1}","{""OHstar"": 1}","001","TiC26N4","001",-0.500793539999961,,"TiN4C26-Δz=relaxed-M","TiC26N4"
"H2O(g) - 0.5H2(g) + * -> OH*","{}","UmVhY3Rpb246NDczMzAx","PBE+U+D3+VASPsol","{""star"": 1, ""H2gas"": -0.5, ""H2Ogas"": 1}","{""OHstar"": 1}","001","NiC26N4","001",0.7358243299999572,,"NiN4C26-Δz=0.2Å-M","NiC26N4"
"H2O(g) - 0.5H2(g) + * -> OH*","{}","UmVhY3Rpb246NDczMzAz","PBE+U+D3+VASPsol","{""star"": 1, ""H2gas"": -0.5, ""H2Ogas"": 1}","{""OHstar"": 1}","001","MoC26N4","001",-1.787751080000021,,"MoN4C26-Δz=0.6Å-M","MoC26N4"
"H2O(g) - 0.5H2(g) + * -> OH*","{}","UmVhY3Rpb246NDczMzA2","PBE+U+D3+VASPsol","{""star"": 1, ""H2gas"": -0.5, ""H2Ogas"": 1}","{""OHstar"": 1}","001","FeC26N4","001",-0.32143401000007543,,"FeN4C26-Δz=0.6Å-M","FeC26N4"
"H2O(g) - 0.5H2(g) + * -> OH*","{}","UmVhY3Rpb246NDczMzEx","PBE+U+D3+VASPsol","{""star"": 1, ""H2gas"": -0.5, ""H2Ogas"": 1}","{""OHstar"": 1}","001","WC26N4","001",-1.7648973300000534,,"WN4C26-Δz=0.2Å-M","WC26N4"
"H2O(g) - 0.5H2(g) + * -> OH*","{}","UmVhY3Rpb246NDczMzE0","PBE+U+D3+VASPsol","{""star"": 1, ""H2gas"": -0.5, ""H2Ogas"": 1}","{""OHstar"": 1}","001","HfC26N4","001",-1.5659199300000637,,"HfN4C26-Δz=relaxed-M","HfC26N4"
"H2O(g) - 0.5H2(g) + * -> OH*","{}","UmVhY3Rpb246NDczMzE4","PBE+U+D3+VASPsol","{""star"": 1, ""H2gas"": -0.5, ""H2Ogas"": 1}","{""OHstar"": 1}","001","NiC26N4","001",-0.4651088400000276,,"NiN4C26-Δz=1.0Å-M","NiC26N4"
"H2O(g) - 0.5H2(g) + * -> OH*","{}","UmVhY3Rpb246NDczMzIx","PBE+U+D3+VASPsol","{""star"": 1, ""H2gas"": -0.5, ""H2Ogas"": 1}","{""OHstar"": 1}","001","FeC26N4","001",-0.43707476999998107,,"FeN4C26-Δz=1.0Å-M","FeC26N4"
"H2O(g) - 0.5H2(g) + * -> OH*","{}","UmVhY3Rpb246NDczMzI0","PBE+U+D3+VASPsol","{""star"": 1, ""H2gas"": -0.5, ""H2Ogas"": 1}","{""OHstar"": 1}","001","MoC26N4","001",-2.107720440000037,,"MoN4C26-Δz=relaxed-M","MoC26N4"
"H2O(g) - 0.5H2(g) + * -> OH*","{}","UmVhY3Rpb246NDczMzI3","PBE+U+D3+VASPsol","{""star"": 1, ""H2gas"": -0.5, ""H2Ogas"": 1}","{""OHstar"": 1}","001","CoC26N4","001",0.6383470199999692,,"CoN4C26-Δz=0.2Å-M","CoC26N4"
"H2O(g) - 0.5H2(g) + * -> OH*","{}","UmVhY3Rpb246NDczMzMw","PBE+U+D3+VASPsol","{""star"": 1, ""H2gas"": -0.5, ""H2Ogas"": 1}","{""OHstar"": 1}","001","NiC26N4","001",-0.17092623999997159,,"NiN4C26-Δz=0.8Å-M","NiC26N4"
"H2O(g) - 0.5H2(g) + * -> OH*","{}","UmVhY3Rpb246NDczMzMz","PBE+U+D3+VASPsol","{""star"": 1, ""H2gas"": -0.5, ""H2Ogas"": 1}","{""OHstar"": 1}","001","NiC26N4","001",0.07100199000001339,,"NiN4C26-Δz=0.6Å-M","NiC26N4"
"H2O(g) - 0.5H2(g) + * -> OH*","{}","UmVhY3Rpb246NDczMzM1","PBE+U+D3+VASPsol","{""star"": 1, ""H2gas"": -0.5, ""H2Ogas"": 1}","{""OHstar"": 1}","001","MoC26N4","001",-2.2554490900000133,,"MoN4C26-Δz=1.2Å-M","MoC26N4"
"H2O(g) - 0.5H2(g) + * -> OH*","{}","UmVhY3Rpb246NDczMzQ0","PBE+U+D3+VASPsol","{""star"": 1, ""H2gas"": -0.5, ""H2Ogas"": 1}","{""OHstar"": 1}","001","RhC26N4","001",0.49595171999999366,,"RhN4C26-Δz=relaxed-M","RhC26N4"
"H2O(g) - 0.5H2(g) + * -> OH*","{}","UmVhY3Rpb246NDczMzQ3","PBE+U+D3+VASPsol","{""star"": 1, ""H2gas"": -0.5, ""H2Ogas"": 1}","{""OHstar"": 1}","001","CoC26N4","001",0.42310549000001174,,"CoN4C26-Δz=0.4Å-M","CoC26N4"
"H2O(g) - 0.5H2(g) + * -> OH*","{}","UmVhY3Rpb246NDczMzUx","PBE+U+D3+VASPsol","{""star"": 1, ""H2gas"": -0.5, ""H2Ogas"": 1}","{""OHstar"": 1}","001","FeC26N4","001",0.07679394000001594,,"FeN4C26-Δz=relaxed-M","FeC26N4"
"H2O(g) - 0.5H2(g) + * -> OH*","{}","UmVhY3Rpb246NDczMzU0","PBE+U+D3+VASPsol","{""star"": 1, ""H2gas"": -0.5, ""H2Ogas"": 1}","{""OHstar"": 1}","001","FeC26N4","001",0.9179718999999977,,"FeN4C26-Δz=0.0Å-M","FeC26N4"
"H2O(g) - 0.5H2(g) + * -> OH*","{}","UmVhY3Rpb246NDczMzU3","PBE+U+D3+VASPsol","{""star"": 1, ""H2gas"": -0.5, ""H2Ogas"": 1}","{""OHstar"": 1}","001","FeC26N4","001",-0.5661093900000083,,"FeN4C26-Δz=1.2Å-M","FeC26N4"
"H2O(g) - 0.5H2(g) + * -> OH*","{}","UmVhY3Rpb246NDczMzYw","PBE+U+D3+VASPsol","{""star"": 1, ""H2gas"": -0.5, ""H2Ogas"": 1}","{""OHstar"": 1}","001","MnC26N4","001",-0.2915063799999871,,"MnN4C26-Δz=0.4Å-M","MnC26N4"
"H2O(g) - 0.5H2(g) + * -> OH*","{}","UmVhY3Rpb246NDczMzYz","PBE+U+D3+VASPsol","{""star"": 1, ""H2gas"": -0.5, ""H2Ogas"": 1}","{""OHstar"": 1}","001","MnC26N4","001",-0.23752575000003162,,"MnN4C26-Δz=1.2Å-M","MnC26N4"
"H2O(g) - 0.5H2(g) + * -> OH*","{}","UmVhY3Rpb246NDczMzY1","PBE+U+D3+VASPsol","{""star"": 1, ""H2gas"": -0.5, ""H2Ogas"": 1}","{""OHstar"": 1}","001","WC26N4","001",-2.8374446099999773,,"WN4C26-Δz=1.2Å-M","WC26N4"
"H2O(g) - 0.5H2(g) + * -> OH*","{}","UmVhY3Rpb246NDczMzY4","PBE+U+D3+VASPsol","{""star"": 1, ""H2gas"": -0.5, ""H2Ogas"": 1}","{""OHstar"": 1}","001","FeC26N4","001",0.48187507000000096,,"FeN4C26-Δz=0.2Å-M","FeC26N4"
"H2O(g) - 0.5H2(g) + * -> OH*","{}","UmVhY3Rpb246NDczMzcw","PBE+U+D3+VASPsol","{""star"": 1, ""H2gas"": -0.5, ""H2Ogas"": 1}","{""OHstar"": 1}","001","NbC26N4","001",-1.7670313600000327,,"NbN4C26-Δz=relaxed-M","NbC26N4"
"H2O(g) - 0.5H2(g) + * -> OH*","{}","UmVhY3Rpb246NDczMzcy","PBE+U+D3+VASPsol","{""star"": 1, ""H2gas"": -0.5, ""H2Ogas"": 1}","{""OHstar"": 1}","001","MoC26N4","001",-2.315917749999983,,"MoN4C26-Δz=1.0Å-M","MoC26N4"
"H2O(g) - 0.5H2(g) + * -> OH*","{}","UmVhY3Rpb246NDczMzc1","PBE+U+D3+VASPsol","{""star"": 1, ""H2gas"": -0.5, ""H2Ogas"": 1}","{""OHstar"": 1}","001","CrC26N4","001",-0.26356090000001586,,"CrN4C26-Δz=relaxed-M","CrC26N4"
"H2O(g) - 0.5H2(g) + * -> OH*","{}","UmVhY3Rpb246NDczMzc3","PBE+U+D3+VASPsol","{""star"": 1, ""H2gas"": -0.5, ""H2Ogas"": 1}","{""OHstar"": 1}","001","MoC26N4","001",-1.1745556999999849,,"MoN4C26-Δz=0.0Å-M","MoC26N4"
"H2O(g) - 0.5H2(g) + * -> OH*","{}","UmVhY3Rpb246NDczMzgw","PBE+U+D3+VASPsol","{""star"": 1, ""H2gas"": -0.5, ""H2Ogas"": 1}","{""OHstar"": 1}","001","NiC26N4","001",-0.7368024200000036,,"NiN4C26-Δz=1.2Å-M","NiC26N4"
"H2O(g) - 0.5H2(g) + * -> OH*","{}","UmVhY3Rpb246NDczMzgz","PBE+U+D3+VASPsol","{""star"": 1, ""H2gas"": -0.5, ""H2Ogas"": 1}","{""OHstar"": 1}","001","CoC26N4","001",-0.10356517000002441,,"CoN4C26-Δz=0.6Å-M","CoC26N4"
"H2O(g) - 0.5H2(g) + * -> OH*","{}","UmVhY3Rpb246NDczMzg2","PBE+U+D3+VASPsol","{""star"": 1, ""H2gas"": -0.5, ""H2Ogas"": 1}","{""OHstar"": 1}","001","IrC26N4","001",0.6187183599999457,,"IrN4C26-Δz=relaxed-M","IrC26N4"
"H2O(g) - 0.5H2(g) + * -> OH*","{}","UmVhY3Rpb246NDczMzg5","PBE+U+D3+VASPsol","{""star"": 1, ""H2gas"": -0.5, ""H2Ogas"": 1}","{""OHstar"": 1}","001","FeC26N4","001",-0.34328524000000016,,"FeN4C26-Δz=0.8Å-M","FeC26N4"
"H2O(g) - 0.5H2(g) + * -> OH*","{}","UmVhY3Rpb246NDczMzky","PBE+U+D3+VASPsol","{""star"": 1, ""H2gas"": -0.5, ""H2Ogas"": 1}","{""OHstar"": 1}","001","NiC26N4","001",0.7717319100000282,,"NiN4C26-Δz=relaxed-M","NiC26N4"
"H2O(g) - 0.5H2(g) + * -> OH*","{}","UmVhY3Rpb246NDczMzk0","PBE+U+D3+VASPsol","{""star"": 1, ""H2gas"": -0.5, ""H2Ogas"": 1}","{""OHstar"": 1}","001","TaC26N4","001",-2.0866143900000225,,"TaN4C26-Δz=relaxed-M","TaC26N4"
"H2O(g) - 0.5H2(g) + * -> OH*","{}","UmVhY3Rpb246NDczMzk3","PBE+U+D3+VASPsol","{""star"": 1, ""H2gas"": -0.5, ""H2Ogas"": 1}","{""OHstar"": 1}","001","NiC26N4","001",1.1626904999999965,,"NiN4C26-Δz=0.0Å-M","NiC26N4"
"H2O(g) - 0.5H2(g) + * -> OH*","{}","UmVhY3Rpb246NDczNDAw","PBE+U+D3+VASPsol","{""star"": 1, ""H2gas"": -0.5, ""H2Ogas"": 1}","{""OHstar"": 1}","001","VC26N4","001",-1.1802916399999503,,"VN4C26-Δz=relaxed-M","VC26N4"
"H2O(g) - 0.5H2(g) + * -> OH*","{}","UmVhY3Rpb246NDczNDA0","PBE+U+D3+VASPsol","{""star"": 1, ""H2gas"": -0.5, ""H2Ogas"": 1}","{""OHstar"": 1}","001","CoC26N4","001",0.777760150000006,,"CoN4C26-Δz=relaxed-M","CoC26N4"
"H2O(g) - 0.5H2(g) + * -> OH*","{}","UmVhY3Rpb246NDczNDA3","PBE+U+D3+VASPsol","{""star"": 1, ""H2gas"": -0.5, ""H2Ogas"": 1}","{""OHstar"": 1}","001","CoC26N4","001",-0.8778067300000316,,"CoN4C26-Δz=1.2Å-M","CoC26N4"
"H2O(g) - 0.5H2(g) + * -> OH*","{}","UmVhY3Rpb246NDczNDEw","PBE+U+D3+VASPsol","{""star"": 1, ""H2gas"": -0.5, ""H2Ogas"": 1}","{""OHstar"": 1}","001","MnC26N4","001",-0.10061852000001181,,"MnN4C26-Δz=0.6Å-M","MnC26N4"
"H2O(g) - 0.5H2(g) + * -> OH*","{}","UmVhY3Rpb246NDczNDEz","PBE+U+D3+VASPsol","{""star"": 1, ""H2gas"": -0.5, ""H2Ogas"": 1}","{""OHstar"": 1}","001","CoC26N4","001",-0.22920597000000953,,"CoN4C26-Δz=0.8Å-M","CoC26N4"
"H2O(g) - 0.5H2(g) + * -> OH*","{}","UmVhY3Rpb246NDczNDE2","PBE+U+D3+VASPsol","{""star"": 1, ""H2gas"": -0.5, ""H2Ogas"": 1}","{""OHstar"": 1}","001","PtC26N4","001",1.791071240000008,,"PtN4C26-Δz=relaxed-M","PtC26N4"
"H2O(g) - 0.5H2(g) + * -> OH*","{}","UmVhY3Rpb246NDczNDE5","PBE+U+D3+VASPsol","{""star"": 1, ""H2gas"": -0.5, ""H2Ogas"": 1}","{""OHstar"": 1}","001","PdC26N4","001",1.732115409999949,,"PdN4C26-Δz=relaxed-M","PdC26N4"
"H2O(g) - 0.5H2(g) + * -> OH*","{}","UmVhY3Rpb246NDczNDIy","PBE+U+D3+VASPsol","{""star"": 1, ""H2gas"": -0.5, ""H2Ogas"": 1}","{""OHstar"": 1}","001","NiC26N4","001",0.29388770999992175,,"NiN4C26-Δz=0.4Å-M","NiC26N4"
"H2O(g) - 0.5H2(g) + * -> OH*","{}","UmVhY3Rpb246NDczNDI0","PBE+U+D3+VASPsol","{""star"": 1, ""H2gas"": -0.5, ""H2Ogas"": 1}","{""OHstar"": 1}","001","WC26N4","001",-2.770627540000021,,"WN4C26-Δz=1.0Å-M","WC26N4"
"H2O(g) - 0.5H2(g) + * -> OH*","{}","UmVhY3Rpb246NDczNDI2","PBE+U+D3+VASPsol","{""star"": 1, ""H2gas"": -0.5, ""H2Ogas"": 1}","{""OHstar"": 1}","001","MoC26N4","001",-1.429346589999966,,"MoN4C26-Δz=0.2Å-M","MoC26N4"
"H2O(g) - 0.5H2(g) + * -> OH*","{}","UmVhY3Rpb246NDczNDM0","PBE+U+D3+VASPsol","{""star"": 1, ""H2gas"": -0.5, ""H2Ogas"": 1}","{""OHstar"": 1}","001","MoC26N4","001",-1.6014932900000076,,"MoN4C26-Δz=0.4Å-M","MoC26N4"
"H2O(g) - 0.5H2(g) + * -> OH*","{}","UmVhY3Rpb246NDczNDM3","PBE+U+D3+VASPsol","{""star"": 1, ""H2gas"": -0.5, ""H2Ogas"": 1}","{""OHstar"": 1}","001","MnC26N4","001",-0.04578307999997833,,"MnN4C26-Δz=0.2Å-M","MnC26N4"
"H2O(g) - 0.5H2(g) + * -> OH*","{}","UmVhY3Rpb246NDczNDM5","PBE+U+D3+VASPsol","{""star"": 1, ""H2gas"": -0.5, ""H2Ogas"": 1}","{""OHstar"": 1}","001","ReC26N4","001",-1.6852865200000906,,"ReN4C26-Δz=relaxed-M","ReC26N4"
"H2O(g) - 0.5H2(g) + * -> OH*","{}","UmVhY3Rpb246NDczNDQy","PBE+U+D3+VASPsol","{""star"": 1, ""H2gas"": -0.5, ""H2Ogas"": 1}","{""OHstar"": 1}","001","MnC26N4","001",-0.1597701000000029,,"MnN4C26-Δz=1.0Å-M","MnC26N4"
"H2O(g) - 0.5H2(g) + * -> OH*","{}","UmVhY3Rpb246NDczNDQ0","PBE+U+D3+VASPsol","{""star"": 1, ""H2gas"": -0.5, ""H2Ogas"": 1}","{""OHstar"": 1}","001","WC26N4","001",-2.250101930000028,,"WN4C26-Δz=0.6Å-M","WC26N4"
"H2O(g) - 0.5H2(g) + * -> OH*","{}","UmVhY3Rpb246NDczNDQ2","PBE+U+D3+VASPsol","{""star"": 1, ""H2gas"": -0.5, ""H2Ogas"": 1}","{""OHstar"": 1}","001","TcC26N4","001",-1.09343580999996,,"TcN4C26-Δz=relaxed-M","TcC26N4"
"H2O(g) - 0.5H2(g) + * -> OH*","{}","UmVhY3Rpb246NDczNDQ4","PBE+U","{""star"": 1, ""H2gas"": -0.5, ""H2Ogas"": 1}","{""OHstar"": 1}","100","Hf6O12","100",1.5856020299999898,,"HfO2-rutile","Hf6O12"
"H2O(g) - 0.5H2(g) + * -> OH*","{}","UmVhY3Rpb246NDczNDUx","PBE+U","{""star"": 1, ""H2gas"": -0.5, ""H2Ogas"": 1}","{""OHstar"": 1}","110","Hf8O16","110",1.536630439999982,,"HfO2-rutile","Hf8O16"
"2.0H2O(g) - H2(g) + * -> 2.0OH*","{}","UmVhY3Rpb246NDczNDU0","PBE+U","{""star"": 1.0, ""H2gas"": -1.0, ""H2Ogas"": 2.0}","{""OHstar"": 2.0}","100","Mn10O10","100",1.9749196799999993,,"MnO-Fm3m","Mn10O10"
"H2O(g) - 0.5H2(g) + * -> OH*","{}","UmVhY3Rpb246NDczNDU2","PBE+U","{""star"": 1, ""H2gas"": -0.5, ""H2Ogas"": 1}","{""OHstar"": 1}","100","Pd6O12","100",1.2362825600000065,,"PdO2-rutile","Pd6O12"
"H2O(g) - 0.5H2(g) + * -> OH*","{}","UmVhY3Rpb246NDczNDYw","PBE+U","{""star"": 1, ""H2gas"": -0.5, ""H2Ogas"": 1}","{""OHstar"": 1}","110-lc","Pd32O64","110-lc",1.4883890700000393,,"PdO2-rutile","Pd32O64"
"H2O(g) - 0.5H2(g) + * -> OH*","{}","UmVhY3Rpb246NDczNDY0","PBE+U","{""star"": 1, ""H2gas"": -0.5, ""H2Ogas"": 1}","{""OHstar"": 1}","110","Pd16O32","110",0.9955797499999903,,"PdO2-rutile","Pd16O32"
"H2O(g) - 0.5H2(g) + * -> OH*","{}","UmVhY3Rpb246NDczNDY2","PBE+U","{""star"": 1, ""H2gas"": -0.5, ""H2Ogas"": 1}","{""OHstar"": 1}","100","Zr6O12","100",1.7708062300000051,,"ZrO2-rutile","Zr6O12"
"H2O(g) - 0.5H2(g) + * -> OH*","{}","UmVhY3Rpb246NDczNDY5","PBE+U","{""star"": 1, ""H2gas"": -0.5, ""H2Ogas"": 1}","{""OHstar"": 1}","110","Zr8O16","110",1.7159347999999852,,"ZrO2-rutile","Zr8O16"
"2.0H2O(g) - H2(g) + * -> 2.0OH*","{}","UmVhY3Rpb246NDczNDcy","PBE+U","{""star"": 1.0, ""H2gas"": -1.0, ""H2Ogas"": 2.0}","{""OHstar"": 2.0}","100","Co10O10","100",2.155103260000004,,"CoO-Fm3m","Co10O10"
"H2O(g) - 0.5H2(g) + * -> OH*","{}","UmVhY3Rpb246NDczNDc1","PBE+U","{""star"": 1, ""H2gas"": -0.5, ""H2Ogas"": 1}","{""OHstar"": 1}","012","In12O18","012",1.7646770199999935,,"In2O3-corundum","In12O18"
"H2O(g) - 0.5H2(g) + * -> OH*","{}","UmVhY3Rpb246NDczNDc3","PBE+U","{""star"": 1, ""H2gas"": -0.5, ""H2Ogas"": 1}","{""OHstar"": 1}","100","Fe6O12","100",1.8332475400000021,,"FeO2-rutile","Fe6O12"
"H2O(g) - 0.5H2(g) + * -> OH*","{}","UmVhY3Rpb246NDczNDgw","PBE+U","{""star"": 1, ""H2gas"": -0.5, ""H2Ogas"": 1}","{""OHstar"": 1}","110","Fe8O16","110",1.8822180100000026,,"FeO2-rutile","Fe8O16"
"2.0H2O(g) - H2(g) + 2.0* -> 2.0OH*","{}","UmVhY3Rpb246NDczNDgz","PBE+U","{""star"": 2.0, ""H2gas"": -1.0, ""H2Ogas"": 2.0}","{""OHstar"": 2.0}","100","Fe20O20","100",-0.6274027599999954,,"FeO-Fm3m","Fe20O20"
"H2O(g) - 0.5H2(g) + * -> OH*","{}","UmVhY3Rpb246NDczNDg1","PBE+U","{""star"": 1, ""H2gas"": -0.5, ""H2Ogas"": 1}","{""OHstar"": 1}","100","Ru6O12","100",0.4127437599999837,,"RuO2-rutile","Ru6O12"
"H2O(g) - 0.5H2(g) + * -> OH*","{}","UmVhY3Rpb246NDczNDg4","PBE+U","{""star"": 1, ""H2gas"": -0.5, ""H2Ogas"": 1}","{""OHstar"": 1}","110","Ru8O16","110",0.16800036999998724,,"RuO2-rutile","Ru8O16"
"H2O(g) - 0.5H2(g) + * -> OH*","{}","UmVhY3Rpb246NDczNDkx","PBE+U","{""star"": 1, ""H2gas"": -0.5, ""H2Ogas"": 1}","{""OHstar"": 1}","101","Pd18Pt2H2O22","101",1.6851574899999946,,"PdPt","Pd18Pt2H2O22"
"H2O(g) - 0.5H2(g) + * -> OH*","{}","UmVhY3Rpb246NDczNDkz","PBE+U","{""star"": 1, ""H2gas"": -0.5, ""H2Ogas"": 1}","{""OHstar"": 1}","100","Pt6O12","100",0.40920365000000913,,"PtO2-rutile","Pt6O12"
"H2O(g) - 0.5H2(g) + * -> OH*","{}","UmVhY3Rpb246NDczNDk3","PBE+U","{""star"": 1, ""H2gas"": -0.5, ""H2Ogas"": 1}","{""OHstar"": 1}","110-lc","Pt32O64","110-lc",0.7057040099999767,,"PtO2-rutile","Pt32O64"
"H2O(g) - 0.5H2(g) + * -> OH*","{}","UmVhY3Rpb246NDczNTAy","PBE+U","{""star"": 1, ""H2gas"": -0.5, ""H2Ogas"": 1}","{""OHstar"": 1}","110","Pt8O16","110",0.5042582600000003,,"PtO2-rutile","Pt8O16"
"H2O(g) - 0.5H2(g) + * -> OH*","{}","UmVhY3Rpb246NDczNTA1","PBE+U","{""star"": 1, ""H2gas"": -0.5, ""H2Ogas"": 1}","{""OHstar"": 1}","111","Cu8O8","111",0.9460879200000107,,"CuO","Cu8O8"
"H2O(g) - 0.5H2(g) + * -> OH*","{}","UmVhY3Rpb246NDczNTA4","PBE+U","{""star"": 1, ""H2gas"": -0.5, ""H2Ogas"": 1}","{""OHstar"": 1}","001","Mo16O51","001",2.2552363100000434,,"Mo16O51","Mo16O51"
"2.0H2O(g) - H2(g) + 2.0* -> 2.0OH*","{}","UmVhY3Rpb246NDczNTEx","PBE+U","{""star"": 2.0, ""H2gas"": -1.0, ""H2Ogas"": 2.0}","{""OHstar"": 2.0}","100","Ni20O20","100",3.8548827399999936,,"NiO-Fm3m","Ni20O20"
"H2O(g) - 0.5H2(g) + * -> OH*","{}","UmVhY3Rpb246NDczNTE0","PBE+U","{""star"": 1, ""H2gas"": -0.5, ""H2Ogas"": 1}","{""OHstar"": 1}","100","Au32O48","100",0.714709790000029,,"Au2O3-corundum","Au32O48"
"H2O(g) - 0.5H2(g) + * -> OH*","{}","UmVhY3Rpb246NDczNTE3","PBE+U","{""star"": 1, ""H2gas"": -0.5, ""H2Ogas"": 1}","{""OHstar"": 1}","001","W16O48","001",2.0032215100001167,,"WO3","W16O48"
"H2O(g) - 0.5H2(g) + * -> OH*","{}","UmVhY3Rpb246NDczNTE5","PBE+U","{""star"": 1, ""H2gas"": -0.5, ""H2Ogas"": 1}","{""OHstar"": 1}","100","Cr6O12","100",1.3257011599999942,,"CrO2-rutile","Cr6O12"
"H2O(g) - 0.5H2(g) + * -> OH*","{}","UmVhY3Rpb246NDczNTIy","PBE+U","{""star"": 1, ""H2gas"": -0.5, ""H2Ogas"": 1}","{""OHstar"": 1}","110","Cr8O16","110",1.125645999999989,,"CrO2-rutile","Cr8O16"
"H2O(g) - 0.5H2(g) + * -> OH*","{}","UmVhY3Rpb246NDczNTI1","PBE+U","{""star"": 1, ""H2gas"": -0.5, ""H2Ogas"": 1}","{""OHstar"": 1}","012","Fe12O18","012",1.3946918299999993,,"Fe2O3-corundum","Fe12O18"
"H2O(g) - 0.5H2(g) + * -> OH*","{}","UmVhY3Rpb246NDczNTI4","PBE+U","{""star"": 1, ""H2gas"": -0.5, ""H2Ogas"": 1}","{""OHstar"": 1}","012","Ga12O18","012",1.6799711099999968,,"Ga2O3-corundum","Ga12O18"
"H2O(g) - 0.5H2(g) + * -> OH*","{}","UmVhY3Rpb246NDczNTMw","PBE+U","{""star"": 1, ""H2gas"": -0.5, ""H2Ogas"": 1}","{""OHstar"": 1}","100-lc","Nb8O18","100-lc",-1.1476626600000088,,"Nb2O5-C12c","Nb8O18"
"H2O(g) - 0.5H2(g) + * -> OH*","{}","UmVhY3Rpb246NDczNTMz","PBE+U","{""star"": 1, ""H2gas"": -0.5, ""H2Ogas"": 1}","{""OHstar"": 1}","100-hc","Nb8O19","100-hc",0.2564070299999912,,"Nb2O5-C12c","Nb8O19"
"H2O(g) - 0.5H2(g) + * -> OH*","{}","UmVhY3Rpb246NDczNTM1","PBE+U","{""star"": 1, ""H2gas"": -0.5, ""H2Ogas"": 1}","{""OHstar"": 1}","100","Ti6O12","100",1.8279682099999945,,"TiO2-rutile","Ti6O12"
"H2O(g) - 0.5H2(g) + * -> OH*","{}","UmVhY3Rpb246NDczNTM4","PBE+U","{""star"": 1, ""H2gas"": -0.5, ""H2Ogas"": 1}","{""OHstar"": 1}","110","Ti8O16","110",1.720904179999991,,"TiO2-rutile","Ti8O16"
"H2O(g) - 0.5H2(g) + * -> OH*","{}","UmVhY3Rpb246NDczNTQw","PBE+U","{""star"": 1, ""H2gas"": -0.5, ""H2Ogas"": 1}","{""OHstar"": 1}","012","Ti12O18","012",-1.063356099999993,,"Ti2O3-corundum","Ti12O18"
"H2O(g) - 0.5H2(g) + * -> OH*","{}","UmVhY3Rpb246NDczNTQz","PBE+U","{""star"": 1, ""H2gas"": -0.5, ""H2Ogas"": 1}","{""OHstar"": 1}","110","Ag28O16","110",1.8124859899999706,,"Ag2O","Ag28O16"
"H2O(g) - 0.5H2(g) + * -> OH*","{}","UmVhY3Rpb246NDczNTQ2","PBE+U","{""star"": 1, ""H2gas"": -0.5, ""H2Ogas"": 1}","{""OHstar"": 1}","012","Co12O18","012",0.7621218399999918,,"Co2O3-corundum","Co12O18"
"H2O(g) - 0.5H2(g) + * -> OH*","{}","UmVhY3Rpb246NDczNTQ4","PBE+U","{""star"": 1, ""H2gas"": -0.5, ""H2Ogas"": 1}","{""OHstar"": 1}","100-lc","V8O18","100-lc",0.4548601200000064,,"V2O5-C12c","V8O18"
"H2O(g) - 0.5H2(g) + * -> OH*","{}","UmVhY3Rpb246NDczNTUx","PBE+U","{""star"": 1, ""H2gas"": -0.5, ""H2Ogas"": 1}","{""OHstar"": 1}","100-hc","V8O19","100-hc",1.442124409999991,,"V2O5-C12c","V8O19"
"H2O(g) - 0.5H2(g) + * -> OH*","{}","UmVhY3Rpb246NDczNTUz","PBE+U","{""star"": 1, ""H2gas"": -0.5, ""H2Ogas"": 1}","{""OHstar"": 1}","100","Rh6O12","100",0.6185678900000084,,"RhO2-rutile","Rh6O12"
"H2O(g) - 0.5H2(g) + * -> OH*","{}","UmVhY3Rpb246NDczNTU2","PBE+U","{""star"": 1, ""H2gas"": -0.5, ""H2Ogas"": 1}","{""OHstar"": 1}","110","Rh8O16","110",0.4624788099999648,,"RhO2-rutile","Rh8O16"
"H2O(g) - 0.5H2(g) + * -> OH*","{}","UmVhY3Rpb246NDczNTU5","PBE+U","{""star"": 1, ""H2gas"": -0.5, ""H2Ogas"": 1}","{""OHstar"": 1}","012","Y12O18","012",1.3363815499999987,,"Y2O3-corundum","Y12O18"
"H2O(g) - 0.5H2(g) + * -> OH*","{}","UmVhY3Rpb246NDczNTYx","PBE+U","{""star"": 1, ""H2gas"": -0.5, ""H2Ogas"": 1}","{""OHstar"": 1}","100","Ir6O12","100",-0.24125521999999933,,"IrO2-rutile","Ir6O12"
"H2O(g) - 0.5H2(g) + * -> OH*","{}","UmVhY3Rpb246NDczNTY0","PBE+U","{""star"": 1, ""H2gas"": -0.5, ""H2Ogas"": 1}","{""OHstar"": 1}","110","Ir8O16","110",-0.34482077999999206,,"IrO2-rutile","Ir8O16"
"H2O(g) - 0.5H2(g) + * -> OH*","{}","UmVhY3Rpb246NDczNTY3","PBE+U","{""star"": 1, ""H2gas"": -0.5, ""H2Ogas"": 1}","{""OHstar"": 1}","101","Pd8O8","101",0.48840909000000465,,"PdO","Pd8O8"
"H2O(g) - 0.5H2(g) + * -> OH*","{}","UmVhY3Rpb246NDczNTcw","PBE+U","{""star"": 1, ""H2gas"": -0.5, ""H2Ogas"": 1}","{""OHstar"": 1}","012","La12O18","012",1.3737738699999795,,"La2O3-corundum","La12O18"
"H2O(g) - 0.5H2(g) + * -> OH*","{}","UmVhY3Rpb246NDczNTcz","PBE+U","{""star"": 1, ""H2gas"": -0.5, ""H2Ogas"": 1}","{""OHstar"": 1}","012","Sc12O18","012",1.6034874900000204,,"Sc2O3-corundum","Sc12O18"
"H2O(g) - 0.5H2(g) + * -> OH*","{}","UmVhY3Rpb246NDczNTc3","PBE+U","{""star"": 1, ""H2gas"": -0.5, ""H2Ogas"": 1}","{""OHstar"": 1}","101","Pt8O8","101",0.08373880999999983,,"PtO","Pt8O8"
"2.0H2O(g) - H2(g) + * -> 2.0OH*","{}","UmVhY3Rpb246NDczNTc5","PBE+U","{""star"": 1.0, ""H2gas"": -1.0, ""H2Ogas"": 2.0}","{""OHstar"": 2.0}","100","Ti10O10","100",-2.5285455099999865,,"TiO-Fm3m","Ti10O10"
"H2O(g) - 0.5H2(g) + * -> OH*","{}","UmVhY3Rpb246NDczNTgy","PBE+U","{""star"": 1, ""H2gas"": -0.5, ""H2Ogas"": 1}","{""OHstar"": 1}","111","Ag8O8","111",1.1258792699999987,,"AgO","Ag8O8"
"H2O(g) - 0.5H2(g) + * -> OH*","{}","UmVhY3Rpb246NDczNTg0","PBE+U","{""star"": 1, ""H2gas"": -0.5, ""H2Ogas"": 1}","{""OHstar"": 1}","100","Mn6O12","100",1.479763840000004,,"MnO2-rutile","Mn6O12"
"H2O(g) - 0.5H2(g) + * -> OH*","{}","UmVhY3Rpb246NDczNTg3","PBE+U","{""star"": 1, ""H2gas"": -0.5, ""H2Ogas"": 1}","{""OHstar"": 1}","110","Mn8O16","110",1.5346961499999736,,"MnO2-rutile","Mn8O16"
"H2O(g) - 0.5H2(g) + * -> OH*","{}","UmVhY3Rpb246NDczNTkw","PBE+U","{""star"": 1, ""H2gas"": -0.5, ""H2Ogas"": 1}","{""OHstar"": 1}","101","Pd20H2O22","101",1.7290313700000013,,"PdO-OH-covered-square-planar","Pd20H2O22"
"H2O(g) - 0.5H2(g) + * -> OH*","{}","UmVhY3Rpb246NDczNTk0","PBE+U","{""star"": 1, ""H2gas"": -0.5, ""H2Ogas"": 1}","{""OHstar"": 1}","110-lc","Pd28Pt4O64","110-lc",1.3945611000000326,,"PdPt","Pd28Pt4O64"
"H2O(g) - 0.5H2(g) + * -> OH*","{""OH"": ""Co""}","UmVhY3Rpb246NDczNjU4","PBE+U","{""star"": 1, ""H2gas"": -0.5, ""H2Ogas"": 1}","{""OHstar"": 1}","100","Co3Cr2Fe2Mn2Ni3Zn2O20","100",1.2388692399999854,,"HEO-3-Mn3.0Zn2.0Cr3.0Fe2.0Co3.0Ni3.0","Co3Cr2Fe2Mn2Ni3Zn2O20"
"H2O(g) - 0.5H2(g) + * -> OH*","{""OH"": ""Co""}","UmVhY3Rpb246NDczNjYx","PBE+U","{""star"": 1, ""H2gas"": -0.5, ""H2Ogas"": 1}","{""OHstar"": 1}","100","Co9CrFeMnNiZnO20","100",1.254870909999994,,"Zn-HESO50-MnNiFeCrZn","Co9CrFeMnNiZnO20"
"H2O(g) - 0.5H2(g) + * -> OH*","{""OH"": ""Co""}","UmVhY3Rpb246NDczNjYz","PBE+U","{""star"": 1, ""H2gas"": -0.5, ""H2Ogas"": 1}","{""OHstar"": 1}","100","Co9CrFeMnNiZnO20","100",1.2532318599999996,,"Zn-HESO111-MnNiFeCrZn","Co9CrFeMnNiZnO20"
"H2O(g) - 0.5H2(g) + * -> OH*","{""OH"": ""Co""}","UmVhY3Rpb246NDczNjY1","PBE+U","{""star"": 1, ""H2gas"": -0.5, ""H2Ogas"": 1}","{""OHstar"": 1}","100","Co9CrFeMnNiZnO20","100",0.8759619300000168,,"Zn-HESO45-MnNiFeCrZn","Co9CrFeMnNiZnO20"
"H2O(g) - 0.5H2(g) + * -> OH*","{""OH"": ""Co""}","UmVhY3Rpb246NDczNjY3","PBE+U","{""star"": 1, ""H2gas"": -0.5, ""H2Ogas"": 1}","{""OHstar"": 1}","100","Co9CrFeMnNiZnO20","100",1.3287423499999989,,"local-impurity-Zn-HESO8-MnNiFeCrZn","Co9CrFeMnNiZnO20"
"H2O(g) - 0.5H2(g) + * -> OH*","{""OH"": ""Co""}","UmVhY3Rpb246NDczNjY5","PBE+U","{""star"": 1, ""H2gas"": -0.5, ""H2Ogas"": 1}","{""OHstar"": 1}","100","Co9CrFeMnNiZnO20","100",1.73557224999999,,"Zn-HESO32-MnNiFeCrZn","Co9CrFeMnNiZnO20"
"H2O(g) - 0.5H2(g) + * -> OH*","{""OH"": ""Co""}","UmVhY3Rpb246NDczNjcx","PBE+U","{""star"": 1, ""H2gas"": -0.5, ""H2Ogas"": 1}","{""OHstar"": 1}","100","Co9CrFeMnNiZnO20","100",1.202675539999973,,"Zn-HESO5-MnNiFeCrZn","Co9CrFeMnNiZnO20"
"H2O(g) - 0.5H2(g) + * -> OH*","{""OH"": ""Co""}","UmVhY3Rpb246NDczNjcz","PBE+U","{""star"": 1, ""H2gas"": -0.5, ""H2Ogas"": 1}","{""OHstar"": 1}","100","Co9CrFeMnNiZnO20","100",1.2534312999999884,,"Zn-HESO2-MnNiFeCrZn","Co9CrFeMnNiZnO20"
"H2O(g) - 0.5H2(g) + * -> OH*","{""OH"": ""Co""}","UmVhY3Rpb246NDczNjc1","PBE+U","{""star"": 1, ""H2gas"": -0.5, ""H2Ogas"": 1}","{""OHstar"": 1}","100","Co9CrFeMnNiZnO20","100",0.9622240599999827,,"Zn-HESO35-MnNiFeCrZn","Co9CrFeMnNiZnO20"
"H2O(g) - 0.5H2(g) + * -> OH*","{""OH"": ""Co""}","UmVhY3Rpb246NDczNjc3","PBE+U","{""star"": 1, ""H2gas"": -0.5, ""H2Ogas"": 1}","{""OHstar"": 1}","100","Co3Cr2Fe2Mn2Ni3Zn2O20","100",0.7470639699999992,,"HEO-5-Fe3.0Zn2.0Cr3.0Mn3.0Co3.0Ni2.0","Co3Cr2Fe2Mn2Ni3Zn2O20"
"H2O(g) - 0.5H2(g) + * -> OH*","{""OH"": ""Co""}","UmVhY3Rpb246NDczNjgw","PBE+U","{""star"": 1, ""H2gas"": -0.5, ""H2Ogas"": 1}","{""OHstar"": 1}","100","Co9CrFeMnNiZnO20","100",0.6052728999999886,,"Zn-HESO97-MnNiFeCrZn","Co9CrFeMnNiZnO20"
"H2O(g) - 0.5H2(g) + * -> OH*","{""OH"": ""Co""}","UmVhY3Rpb246NDczNjgy","PBE+U","{""star"": 1, ""H2gas"": -0.5, ""H2Ogas"": 1}","{""OHstar"": 1}","100","Co9CrFeMnNiZnO20","100",1.290248780000013,,"Zn-HESO103-MnNiFeCrZn","Co9CrFeMnNiZnO20"
"H2O(g) - 0.5H2(g) + * -> OH*","{""OH"": ""Mn""}","UmVhY3Rpb246NDczNjg1","PBE+U","{""star"": 1, ""H2gas"": -0.5, ""H2Ogas"": 1}","{""OHstar"": 1}","100","Co2Cr3Fe2Mn3Ni2Zn2O20","100",1.086742820000012,,"HEO-19-Co3.0Zn2.0Cr3.0Mn3.0Fe3.0Ni2.0-Mn-site","Co2Cr3Fe2Mn3Ni2Zn2O20"
"H2O(g) - 0.5H2(g) + * -> OH*","{""OH"": ""Co""}","UmVhY3Rpb246NDczNjg3","PBE+U","{""star"": 1, ""H2gas"": -0.5, ""H2Ogas"": 1}","{""OHstar"": 1}","100","Co9CrFeMnNiZnO20","100",1.2123385699999858,,"Zn-HESO69-MnNiFeCrZn","Co9CrFeMnNiZnO20"
"H2O(g) - 0.5H2(g) + * -> OH*","{""OH"": ""Co""}","UmVhY3Rpb246NDczNjg5","PBE+U","{""star"": 1, ""H2gas"": -0.5, ""H2Ogas"": 1}","{""OHstar"": 1}","100","Co3Cr2Fe2Mn2Ni2Zn2O16","100",-0.1654042100000197,,"HEO-19-Co3.0Zn2.0Cr3.0Mn3.0Fe3.0Ni2.0-Co-site","Co3Cr2Fe2Mn2Ni2Zn2O16"
"H2O(g) - 0.5H2(g) + * -> OH*","{""OH"": ""Co""}","UmVhY3Rpb246NDczNjky","PBE+U","{""star"": 1, ""H2gas"": -0.5, ""H2Ogas"": 1}","{""OHstar"": 1}","100","Co9CrFeMnNiZnO20","100",1.3310144499999979,,"Zn-HESO11-MnNiFeCrZn","Co9CrFeMnNiZnO20"
"H2O(g) - 0.5H2(g) + * -> OH*","{""OH"": ""Co""}","UmVhY3Rpb246NDczNjk0","PBE+U","{""star"": 1, ""H2gas"": -0.5, ""H2Ogas"": 1}","{""OHstar"": 1}","100","Co9CrFeMnNiZnO20","100",1.2535872299999937,,"Zn-HESO19-MnNiFeCrZn","Co9CrFeMnNiZnO20"
"H2O(g) - 0.5H2(g) + * -> OH*","{""OH"": ""Co""}","UmVhY3Rpb246NDczNjk2","PBE+U","{""star"": 1, ""H2gas"": -0.5, ""H2Ogas"": 1}","{""OHstar"": 1}","100","Co9CrFeMnNiZnO20","100",0.5193834300000049,,"Zn-HESO109-MnNiFeCrZn","Co9CrFeMnNiZnO20"
"H2O(g) - 0.5H2(g) + * -> OH*","{""OH"": ""Cr""}","UmVhY3Rpb246NDczNjk4","PBE+U","{""star"": 1, ""H2gas"": -0.5, ""H2Ogas"": 1}","{""OHstar"": 1}","100","Co2Cr3Fe2Mn3Ni2Zn2O20","100",1.561691609999997,,"HEO-19-Co3.0Zn2.0Cr3.0Mn3.0Fe3.0Ni2.0-Cr-site","Co2Cr3Fe2Mn3Ni2Zn2O20"
"H2O(g) - 0.5H2(g) + * -> OH*","{""OH"": ""Co""}","UmVhY3Rpb246NDczNzAx","PBE+U","{""star"": 1, ""H2gas"": -0.5, ""H2Ogas"": 1}","{""OHstar"": 1}","100","Co3Cr2Fe3Mn2Ni2Zn2O20","100",1.0189962799999819,,"HEO-43-Ni3.0Zn2.0Cr3.0Mn3.0Fe3.0Co2.0","Co3Cr2Fe3Mn2Ni2Zn2O20"
"H2O(g) - 0.5H2(g) + * -> OH*","{""OH"": ""Co""}","UmVhY3Rpb246NDczNzA0","PBE+U","{""star"": 1, ""H2gas"": -0.5, ""H2Ogas"": 1}","{""OHstar"": 1}","100","Co3Cr2Fe3Mn2Ni2Zn2O20","100",0.5498380399999974,,"HEO-7-Ni3.0Zn2.0Cr3.0Mn3.0Fe2.0Co3.0","Co3Cr2Fe3Mn2Ni2Zn2O20"
"H2O(g) - 0.5H2(g) + * -> OH*","{""OH"": ""Co""}","UmVhY3Rpb246NDczNzA3","PBE+U","{""star"": 1, ""H2gas"": -0.5, ""H2Ogas"": 1}","{""OHstar"": 1}","100","Co3Cr2Fe2Mn2Ni3Zn2O20","100",1.4282558600000073,,"HEO-18-Fe3.0Zn2.0Cr3.0Mn2.0Co3.0Ni3.0","Co3Cr2Fe2Mn2Ni3Zn2O20"
"H2O(g) - 0.5H2(g) + * -> OH*","{""OH"": ""Co""}","UmVhY3Rpb246NDczNzEw","PBE+U","{""star"": 1, ""H2gas"": -0.5, ""H2Ogas"": 1}","{""OHstar"": 1}","100","Co9CrFeMnNiZnO20","100",1.1367275399999812,,"Zn-HESO67-MnNiFeCrZn","Co9CrFeMnNiZnO20"
"H2O(g) - 0.5H2(g) + * -> OH*","{""OH"": ""Co""}","UmVhY3Rpb246NDczNzEy","PBE+U","{""star"": 1, ""H2gas"": -0.5, ""H2Ogas"": 1}","{""OHstar"": 1}","100","Co9CrFeMnNiZnO20","100",1.2967675399999905,,"Zn-HESO53-MnNiFeCrZn","Co9CrFeMnNiZnO20"
"H2O(g) - 0.5H2(g) + * -> OH*","{""OH"": ""Ni""}","UmVhY3Rpb246NDczNzE1","PBE+U","{""star"": 1, ""H2gas"": -0.5, ""H2Ogas"": 1}","{""OHstar"": 1}","100","Co2Cr2Fe3Mn2Ni3Zn2O20","100",2.0085081299999956,,"HEO-19-Co3.0Zn2.0Cr3.0Mn3.0Fe3.0Ni2.0-Ni-site","Co2Cr2Fe3Mn2Ni3Zn2O20"
"H2O(g) - 0.5H2(g) + * -> OH*","{""OH"": ""Co""}","UmVhY3Rpb246NDczNzE3","PBE+U","{""star"": 1, ""H2gas"": -0.5, ""H2Ogas"": 1}","{""OHstar"": 1}","100","Co9CrFeMnNiZnO20","100",1.2352003399999774,,"Zn-HESO29-MnNiFeCrZn","Co9CrFeMnNiZnO20"
"H2O(g) - 0.5H2(g) + * -> OH*","{""OH"": ""Co""}","UmVhY3Rpb246NDczNzE5","PBE+U","{""star"": 1, ""H2gas"": -0.5, ""H2Ogas"": 1}","{""OHstar"": 1}","100","Co9CrFeMnNiZnO20","100",1.1644308799999976,,"Zn-HESO21-MnNiFeCrZn","Co9CrFeMnNiZnO20"
"H2O(g) - 0.5H2(g) + * -> OH*","{""OH"": ""Co""}","UmVhY3Rpb246NDczNzIx","PBE+U","{""star"": 1, ""H2gas"": -0.5, ""H2Ogas"": 1}","{""OHstar"": 1}","100","Co9CrFeMnNiZnO20","100",0.9149629000000061,,"Zn-HESO56-MnNiFeCrZn","Co9CrFeMnNiZnO20"
"H2O(g) - 0.5H2(g) + * -> OH*","{""OH"": ""Fe""}","UmVhY3Rpb246NDczNzIz","PBE+U","{""star"": 1, ""H2gas"": -0.5, ""H2Ogas"": 1}","{""OHstar"": 1}","100","Co2Cr2Fe3Mn2Ni3Zn2O20","100",1.6525937899999974,,"HEO-19-Co3.0Zn2.0Cr3.0Mn3.0Fe3.0Ni2.0-Fe-site","Co2Cr2Fe3Mn2Ni3Zn2O20"
"H2O(g) - 0.5H2(g) + * -> OH*","{""OH"": ""Co""}","UmVhY3Rpb246NDczNzI2","PBE+U","{""star"": 1, ""H2gas"": -0.5, ""H2Ogas"": 1}","{""OHstar"": 1}","100","Co9CrFeMnNiZnO20","100",1.1982448499999805,,"Zn-HESO43-MnNiFeCrZn","Co9CrFeMnNiZnO20"
"H2O(g) - 0.5H2(g) + * -> OH*","{""OH"": ""Co""}","UmVhY3Rpb246NDczNzI4","PBE+U","{""star"": 1, ""H2gas"": -0.5, ""H2Ogas"": 1}","{""OHstar"": 1}","100","Co3Cr2Fe2Mn2Ni3Zn2O20","100",1.4400607099999831,,"HEO-8-Fe3.0Zn2.0Cr3.0Mn3.0Co2.0Ni3.0","Co3Cr2Fe2Mn2Ni3Zn2O20"
"H2O(g) - 0.5H2(g) + * -> OH*","{""OH"": ""Co""}","UmVhY3Rpb246NDczNzMx","PBE+U","{""star"": 1, ""H2gas"": -0.5, ""H2Ogas"": 1}","{""OHstar"": 1}","100","Co3Cr2Fe2Mn2Ni2Zn3O20","100",1.4345174199999917,,"HEO-44-Fe3.0Ni3.0Cr3.0Mn3.0Co2.0Zn2.0","Co3Cr2Fe2Mn2Ni2Zn3O20"
"H2O(g) - 0.5H2(g) + * -> OH*","{""OH"": ""Co""}","UmVhY3Rpb246NDczNzM0","PBE+U","{""star"": 1, ""H2gas"": -0.5, ""H2Ogas"": 1}","{""OHstar"": 1}","100","Co9CrFeMnNiZnO20","100",1.8275013599999852,,"Zn-HESO105-MnNiFeCrZn","Co9CrFeMnNiZnO20"
"H2O(g) - 0.5H2(g) + * -> OH*","{""OH"": ""Co""}","UmVhY3Rpb246NDczNzM2","PBE+U","{""star"": 1, ""H2gas"": -0.5, ""H2Ogas"": 1}","{""OHstar"": 1}","100","Co9CrFeMnNiZnO20","100",0.870708129999997,,"Zn-HESO26-MnNiFeCrZn","Co9CrFeMnNiZnO20"
"H2O(g) - 0.5H2(g) + * -> OH*","{""OH"": ""Co""}","UmVhY3Rpb246NDczNzM4","PBE+U","{""star"": 1, ""H2gas"": -0.5, ""H2Ogas"": 1}","{""OHstar"": 1}","100","Co9CrFeMnNiZnO20","100",1.2004382599999701,,"Zn-HESO99-MnNiFeCrZn","Co9CrFeMnNiZnO20"
"H2O(g) - 0.5H2(g) + * -> OH*","{""OH"": ""Co""}","UmVhY3Rpb246NDczNzQw","PBE+U","{""star"": 1, ""H2gas"": -0.5, ""H2Ogas"": 1}","{""OHstar"": 1}","100","Co9CrFeMnNiZnO20","100",1.2569621199999972,,"Zn-HESO59-MnNiFeCrZn","Co9CrFeMnNiZnO20"
"OH(g) + * -> OH*","{""OH"": ""site8""}","UmVhY3Rpb246NDczNzQx","PBE_D3","{""star"": 1, ""OHgas"": 1}","{""OHstar"": 1}","001","CrMo26B57","001",-4.214553169999931,,"MoB2-Cr-B03","CrMo26B57"
"OH(g) + * -> OH*","{""OH"": ""site1""}","UmVhY3Rpb246NDczNzQy","PBE_D3","{""star"": 1, ""OHgas"": 1}","{""OHstar"": 1}","001","CrMo26B57","001",-4.824024449999911,,"MoB2-Cr-B03","CrMo26B57"
"OH(g) + * -> OH*","{""OH"": ""site6""}","UmVhY3Rpb246NDczNzQz","PBE_D3","{""star"": 1, ""OHgas"": 1}","{""OHstar"": 1}","001","CrMo26B57","001",-4.651324320000072,,"MoB2-Cr-B03","CrMo26B57"
"OH(g) + * -> OH*","{""OH"": ""site7""}","UmVhY3Rpb246NDczNzQ2","PBE_D3","{""star"": 1, ""OHgas"": 1}","{""OHstar"": 1}","001","CrMo26B57","001",-4.650652390000005,,"MoB2-Cr-B03","CrMo26B57"
"OH(g) + * -> OH*","{""OH"": ""site9""}","UmVhY3Rpb246NDczNzQ3","PBE_D3","{""star"": 1, ""OHgas"": 1}","{""OHstar"": 1}","001","CrMo26B57","001",-4.213075070000059,,"MoB2-Cr-B03","CrMo26B57"
"OH(g) + * -> OH*","{""OH"": ""site16""}","UmVhY3Rpb246NDczNzYy","PBE_D3","{""star"": 1, ""OHgas"": 1}","{""OHstar"": 1}","001","CrMo26B57","001",-4.1299821100000145,,"MoB2-Cr-B03","CrMo26B57"
"OH(g) + * -> OH*","{""OH"": ""site11""}","UmVhY3Rpb246NDczNzY1","PBE_D3","{""star"": 1, ""OHgas"": 1}","{""OHstar"": 1}","001","CrMo26B57","001",-4.212563129999921,,"MoB2-Cr-B03","CrMo26B57"
"OH(g) + * -> OH*","{""OH"": ""site18""}","UmVhY3Rpb246NDczNzY2","PBE_D3","{""star"": 1, ""OHgas"": 1}","{""OHstar"": 1}","001","CrMo26B57","001",-3.9578001899999435,,"MoB2-Cr-B03","CrMo26B57"
"OH(g) + * -> OH*","{""OH"": ""site20""}","UmVhY3Rpb246NDczNzY3","PBE_D3","{""star"": 1, ""OHgas"": 1}","{""OHstar"": 1}","001","CrMo26B57","001",-3.8315132399999356,,"MoB2-Cr-B03","CrMo26B57"
"OH(g) + * -> OH*","{""OH"": ""site21""}","UmVhY3Rpb246NDczNzY4","PBE_D3","{""star"": 1, ""OHgas"": 1}","{""OHstar"": 1}","001","CrMo26B57","001",-3.8299944199999345,,"MoB2-Cr-B03","CrMo26B57"
"OH(g) + * -> OH*","{""OH"": ""site19""}","UmVhY3Rpb246NDczNzY5","PBE_D3","{""star"": 1, ""OHgas"": 1}","{""OHstar"": 1}","001","CrMo26B57","001",-3.839196079999965,,"MoB2-Cr-B03","CrMo26B57"
"OH(g) + * -> OH*","{""OH"": ""site26""}","UmVhY3Rpb246NDczNzcw","PBE_D3","{""star"": 1, ""OHgas"": 1}","{""OHstar"": 1}","001","CrMo26B57","001",-2.9876784900000075,,"MoB2-Cr-B03","CrMo26B57"
"OH(g) + * -> OH*","{""OH"": ""site10""}","UmVhY3Rpb246NDczNzcx","PBE_D3","{""star"": 1, ""OHgas"": 1}","{""OHstar"": 1}","001","CrMo26B57","001",-4.212848370000074,,"MoB2-Cr-B03","CrMo26B57"
"OH(g) + * -> OH*","{""OH"": ""site17""}","UmVhY3Rpb246NDczNzc0","PBE_D3","{""star"": 1, ""OHgas"": 1}","{""OHstar"": 1}","001","CrMo26B57","001",-4.129878409999947,,"MoB2-Cr-B03","CrMo26B57"
"OH(g) + * -> OH*","{""OH"": ""site5""}","UmVhY3Rpb246NDczNzg5","PBE_D3","{""star"": 1, ""OHgas"": 1}","{""OHstar"": 1}","001","CrMo26B57","001",-4.8217825199999425,,"MoB2-Cr-B03","CrMo26B57"
"OH(g) + * -> OH*","{""OH"": ""site2""}","UmVhY3Rpb246NDczNzkw","PBE_D3","{""star"": 1, ""OHgas"": 1}","{""OHstar"": 1}","001","CrMo26B57","001",-4.823439190000045,,"MoB2-Cr-B03","CrMo26B57"
"OH(g) + * -> OH*","{""OH"": ""site3""}","UmVhY3Rpb246NDczNzk2","PBE_D3","{""star"": 1, ""OHgas"": 1}","{""OHstar"": 1}","001","CrMo26B57","001",-4.822133389999976,,"MoB2-Cr-B03","CrMo26B57"
"OH(g) + * -> OH*","{""OH"": ""site4""}","UmVhY3Rpb246NDczNzk3","PBE_D3","{""star"": 1, ""OHgas"": 1}","{""OHstar"": 1}","001","CrMo26B57","001",-4.822069999999826,,"MoB2-Cr-B03","CrMo26B57"
"OH(g) + * -> OH*","{""OH"": ""site12""}","UmVhY3Rpb246NDczODEw","PBE_D3","{""star"": 1, ""OHgas"": 1}","{""OHstar"": 1}","001","CrMo26B57","001",-4.212158139999929,,"MoB2-Cr-B03","CrMo26B57"
"OH(g) + * -> OH*","{""OH"": ""site15""}","UmVhY3Rpb246NDczODEx","PBE_D3","{""star"": 1, ""OHgas"": 1}","{""OHstar"": 1}","001","CrMo26B57","001",-4.130227909999917,,"MoB2-Cr-B03","CrMo26B57"
"OH(g) + * -> OH*","{""OH"": ""site23""}","UmVhY3Rpb246NDczODE0","PBE_D3","{""star"": 1, ""OHgas"": 1}","{""OHstar"": 1}","001","CrMo26B57","001",-3.7782091699999683,,"MoB2-Cr-B03","CrMo26B57"
"OH(g) + * -> OH*","{""OH"": ""site24""}","UmVhY3Rpb246NDczODE1","PBE_D3","{""star"": 1, ""OHgas"": 1}","{""OHstar"": 1}","001","CrMo26B57","001",-3.1101880699999356,,"MoB2-Cr-B03","CrMo26B57"
"OH(g) + * -> OH*","{""OH"": ""site25""}","UmVhY3Rpb246NDczODE2","PBE_D3","{""star"": 1, ""OHgas"": 1}","{""OHstar"": 1}","001","CrMo26B57","001",-2.9887458399999787,,"MoB2-Cr-B03","CrMo26B57"
"OH(g) + * -> OH*","{""OH"": ""site22""}","UmVhY3Rpb246NDczODE4","PBE_D3","{""star"": 1, ""OHgas"": 1}","{""OHstar"": 1}","001","CrMo26B57","001",-3.8173622300000716,,"MoB2-Cr-B03","CrMo26B57"
"OH(g) + * -> OH*","{""OH"": ""site14""}","UmVhY3Rpb246NDczODE5","PBE_D3","{""star"": 1, ""OHgas"": 1}","{""OHstar"": 1}","001","CrMo26B57","001",-4.131082279999873,,"MoB2-Cr-B03","CrMo26B57"
"OH(g) + * -> OH*","{""OH"": ""site13""}","UmVhY3Rpb246NDczODIw","PBE_D3","{""star"": 1, ""OHgas"": 1}","{""OHstar"": 1}","001","CrMo26B57","001",-4.131749509999963,,"MoB2-Cr-B03","CrMo26B57"
"OH(g) + * -> OH*","{""OH"": ""site8""}","UmVhY3Rpb246NDczODMx","PBE_D3","{""star"": 1, ""OHgas"": 1}","{""OHstar"": 1}","001","Mo26ReB53","001",-4.595251969999936,,"MoB2-Re-B-1","Mo26ReB53"
"OH(g) + * -> OH*","{""OH"": ""site1""}","UmVhY3Rpb246NDczODMy","PBE_D3","{""star"": 1, ""OHgas"": 1}","{""OHstar"": 1}","001","Mo26ReB53","001",-4.815723589999948,,"MoB2-Re-B-1","Mo26ReB53"
"OH(g) + * -> OH*","{""OH"": ""site6""}","UmVhY3Rpb246NDczODMz","PBE_D3","{""star"": 1, ""OHgas"": 1}","{""OHstar"": 1}","001","Mo26ReB53","001",-4.786640299999931,,"MoB2-Re-B-1","Mo26ReB53"
"OH(g) + * -> OH*","{""OH"": ""site7""}","UmVhY3Rpb246NDczODQw","PBE_D3","{""star"": 1, ""OHgas"": 1}","{""OHstar"": 1}","001","Mo26ReB53","001",-4.614728159999913,,"MoB2-Re-B-1","Mo26ReB53"
"OH(g) + * -> OH*","{""OH"": ""site9""}","UmVhY3Rpb246NDczODQx","PBE_D3","{""star"": 1, ""OHgas"": 1}","{""OHstar"": 1}","001","Mo26ReB53","001",-4.5878166399999145,,"MoB2-Re-B-1","Mo26ReB53"
"OH(g) + * -> OH*","{""OH"": ""site35""}","UmVhY3Rpb246NDczODU4","PBE_D3","{""star"": 1, ""OHgas"": 1}","{""OHstar"": 1}","001","Mo26ReB53","001",-4.188168599999926,,"MoB2-Re-B-1","Mo26ReB53"
"OH(g) + * -> OH*","{""OH"": ""site32""}","UmVhY3Rpb246NDczODYx","PBE_D3","{""star"": 1, ""OHgas"": 1}","{""OHstar"": 1}","001","Mo26ReB53","001",-4.226709970000002,,"MoB2-Re-B-1","Mo26ReB53"
"OH(g) + * -> OH*","{""OH"": ""site33""}","UmVhY3Rpb246NDczODc3","PBE_D3","{""star"": 1, ""OHgas"": 1}","{""OHstar"": 1}","001","Mo26ReB53","001",-4.217365169999994,,"MoB2-Re-B-1","Mo26ReB53"
"OH(g) + * -> OH*","{""OH"": ""site34""}","UmVhY3Rpb246NDczODc4","PBE_D3","{""star"": 1, ""OHgas"": 1}","{""OHstar"": 1}","001","Mo26ReB53","001",-4.2037192399998276,,"MoB2-Re-B-1","Mo26ReB53"
"OH(g) + * -> OH*","{""OH"": ""site29""}","UmVhY3Rpb246NDczODgw","PBE_D3","{""star"": 1, ""OHgas"": 1}","{""OHstar"": 1}","001","Mo26ReB53","001",-4.2722617099999525,,"MoB2-Re-B-1","Mo26ReB53"
"OH(g) + * -> OH*","{""OH"": ""site16""}","UmVhY3Rpb246NDczODgx","PBE_D3","{""star"": 1, ""OHgas"": 1}","{""OHstar"": 1}","001","Mo26ReB53","001",-4.554794319999928,,"MoB2-Re-B-1","Mo26ReB53"
"OH(g) + * -> OH*","{""OH"": ""site11""}","UmVhY3Rpb246NDczODg0","PBE_D3","{""star"": 1, ""OHgas"": 1}","{""OHstar"": 1}","001","Mo26ReB53","001",-4.584936470000002,,"MoB2-Re-B-1","Mo26ReB53"
"OH(g) + * -> OH*","{""OH"": ""site18""}","UmVhY3Rpb246NDczODg1","PBE_D3","{""star"": 1, ""OHgas"": 1}","{""OHstar"": 1}","001","Mo26ReB53","001",-4.518431249999935,,"MoB2-Re-B-1","Mo26ReB53"
"OH(g) + * -> OH*","{""OH"": ""site27""}","UmVhY3Rpb246NDczODg2","PBE_D3","{""star"": 1, ""OHgas"": 1}","{""OHstar"": 1}","001","Mo26ReB53","001",-4.2950087899998834,,"MoB2-Re-B-1","Mo26ReB53"
"OH(g) + * -> OH*","{""OH"": ""site20""}","UmVhY3Rpb246NDczODg3","PBE_D3","{""star"": 1, ""OHgas"": 1}","{""OHstar"": 1}","001","Mo26ReB53","001",-4.4960115799999585,,"MoB2-Re-B-1","Mo26ReB53"
"OH(g) + * -> OH*","{""OH"": ""site42""}","UmVhY3Rpb246NDczODkx","PBE_D3","{""star"": 1, ""OHgas"": 1}","{""OHstar"": 1}","001","Mo26ReB53","001",-3.9860246499999903,,"MoB2-Re-B-1","Mo26ReB53"
"OH(g) + * -> OH*","{""OH"": ""site21""}","UmVhY3Rpb246NDczODky","PBE_D3","{""star"": 1, ""OHgas"": 1}","{""OHstar"": 1}","001","Mo26ReB53","001",-4.422759429999928,,"MoB2-Re-B-1","Mo26ReB53"
"OH(g) + * -> OH*","{""OH"": ""site19""}","UmVhY3Rpb246NDczODkz","PBE_D3","{""star"": 1, ""OHgas"": 1}","{""OHstar"": 1}","001","Mo26ReB53","001",-4.5169965799999545,,"MoB2-Re-B-1","Mo26ReB53"
"OH(g) + * -> OH*","{""OH"": ""site26""}","UmVhY3Rpb246NDczODk0","PBE_D3","{""star"": 1, ""OHgas"": 1}","{""OHstar"": 1}","001","Mo26ReB53","001",-4.310224159999962,,"MoB2-Re-B-1","Mo26ReB53"
"OH(g) + * -> OH*","{""OH"": ""site10""}","UmVhY3Rpb246NDczODk1","PBE_D3","{""star"": 1, ""OHgas"": 1}","{""OHstar"": 1}","001","Mo26ReB53","001",-4.585005239999873,,"MoB2-Re-B-1","Mo26ReB53"
"OH(g) + * -> OH*","{""OH"": ""site28""}","UmVhY3Rpb246NDczODk3","PBE_D3","{""star"": 1, ""OHgas"": 1}","{""OHstar"": 1}","001","Mo26ReB53","001",-4.2917073499999105,,"MoB2-Re-B-1","Mo26ReB53"
"OH(g) + * -> OH*","{""OH"": ""site17""}","UmVhY3Rpb246NDczODk5","PBE_D3","{""star"": 1, ""OHgas"": 1}","{""OHstar"": 1}","001","Mo26ReB53","001",-4.525344809999865,,"MoB2-Re-B-1","Mo26ReB53"
"OH(g) + * -> OH*","{""OH"": ""site43""}","UmVhY3Rpb246NDczOTAw","PBE_D3","{""star"": 1, ""OHgas"": 1}","{""OHstar"": 1}","001","Mo26ReB53","001",-2.8959553099999766,,"MoB2-Re-B-1","Mo26ReB53"
"OH(g) + * -> OH*","{""OH"": ""site5""}","UmVhY3Rpb246NDczOTIz","PBE_D3","{""star"": 1, ""OHgas"": 1}","{""OHstar"": 1}","001","Mo26ReB53","001",-4.791448189999983,,"MoB2-Re-B-1","Mo26ReB53"
"OH(g) + * -> OH*","{""OH"": ""site2""}","UmVhY3Rpb246NDczOTI0","PBE_D3","{""star"": 1, ""OHgas"": 1}","{""OHstar"": 1}","001","Mo26ReB53","001",-4.814563509999971,,"MoB2-Re-B-1","Mo26ReB53"
"OH(g) + * -> OH*","{""OH"": ""site3""}","UmVhY3Rpb246NDczOTMz","PBE_D3","{""star"": 1, ""OHgas"": 1}","{""OHstar"": 1}","001","Mo26ReB53","001",-4.814250119999883,,"MoB2-Re-B-1","Mo26ReB53"
"OH(g) + * -> OH*","{""OH"": ""site4""}","UmVhY3Rpb246NDczOTM0","PBE_D3","{""star"": 1, ""OHgas"": 1}","{""OHstar"": 1}","001","Mo26ReB53","001",-4.807398260000014,,"MoB2-Re-B-1","Mo26ReB53"
"OH(g) + * -> OH*","{""OH"": ""site31""}","UmVhY3Rpb246NDczOTM2","PBE_D3","{""star"": 1, ""OHgas"": 1}","{""OHstar"": 1}","001","Mo26ReB53","001",-4.246054719999961,,"MoB2-Re-B-1","Mo26ReB53"
"OH(g) + * -> OH*","{""OH"": ""site36""}","UmVhY3Rpb246NDczOTM3","PBE_D3","{""star"": 1, ""OHgas"": 1}","{""OHstar"": 1}","001","Mo26ReB53","001",-4.173459839999964,,"MoB2-Re-B-1","Mo26ReB53"
"OH(g) + * -> OH*","{""OH"": ""site38""}","UmVhY3Rpb246NDczOTQx","PBE_D3","{""star"": 1, ""OHgas"": 1}","{""OHstar"": 1}","001","Mo26ReB53","001",-4.072354379999865,,"MoB2-Re-B-1","Mo26ReB53"
"OH(g) + * -> OH*","{""OH"": ""site39""}","UmVhY3Rpb246NDczOTU0","PBE_D3","{""star"": 1, ""OHgas"": 1}","{""OHstar"": 1}","001","Mo26ReB53","001",-4.057713539999895,,"MoB2-Re-B-1","Mo26ReB53"
"OH(g) + * -> OH*","{""OH"": ""site37""}","UmVhY3Rpb246NDczOTU2","PBE_D3","{""star"": 1, ""OHgas"": 1}","{""OHstar"": 1}","001","Mo26ReB53","001",-4.11496555999986,,"MoB2-Re-B-1","Mo26ReB53"
"OH(g) + * -> OH*","{""OH"": ""site30""}","UmVhY3Rpb246NDczOTU4","PBE_D3","{""star"": 1, ""OHgas"": 1}","{""OHstar"": 1}","001","Mo26ReB53","001",-4.262843090000047,,"MoB2-Re-B-1","Mo26ReB53"
"H2O(g) - 0.5H2(g) + * -> OH*","{""OH"": ""top|A""}","UmVhY3Rpb246MzM5NjYy","BEEF-vdW","{""star"": 1, ""H2gas"": -0.5, ""H2Ogas"": 1.0}","{""OHstar"": 1}","111","Tl12","111",0.8927293127788971,,"Tl","Tl12"
"OH(g) + * -> OH*","{""OH"": ""site41""}","UmVhY3Rpb246NDczOTcx","PBE_D3","{""star"": 1, ""OHgas"": 1}","{""OHstar"": 1}","001","Mo26ReB53","001",-4.013078150000069,,"MoB2-Re-B-1","Mo26ReB53"
"OH(g) + * -> OH*","{""OH"": ""site12""}","UmVhY3Rpb246NDczOTc0","PBE_D3","{""star"": 1, ""OHgas"": 1}","{""OHstar"": 1}","001","Mo26ReB53","001",-4.584172249999938,,"MoB2-Re-B-1","Mo26ReB53"
"OH(g) + * -> OH*","{""OH"": ""site15""}","UmVhY3Rpb246NDczOTc1","PBE_D3","{""star"": 1, ""OHgas"": 1}","{""OHstar"": 1}","001","Mo26ReB53","001",-4.55801608999991,,"MoB2-Re-B-1","Mo26ReB53"
"OH(g) + * -> OH*","{""OH"": ""site23""}","UmVhY3Rpb246NDczOTc4","PBE_D3","{""star"": 1, ""OHgas"": 1}","{""OHstar"": 1}","001","Mo26ReB53","001",-4.342819659999918,,"MoB2-Re-B-1","Mo26ReB53"
"OH(g) + * -> OH*","{""OH"": ""site24""}","UmVhY3Rpb246NDczOTc5","PBE_D3","{""star"": 1, ""OHgas"": 1}","{""OHstar"": 1}","001","Mo26ReB53","001",-4.3426823099999865,,"MoB2-Re-B-1","Mo26ReB53"
"OH(g) + * -> OH*","{""OH"": ""site40""}","UmVhY3Rpb246NDczOTgx","PBE_D3","{""star"": 1, ""OHgas"": 1}","{""OHstar"": 1}","001","Mo26ReB53","001",-4.018010699999991,,"MoB2-Re-B-1","Mo26ReB53"
"OH(g) + * -> OH*","{""OH"": ""site25""}","UmVhY3Rpb246NDczOTg0","PBE_D3","{""star"": 1, ""OHgas"": 1}","{""OHstar"": 1}","001","Mo26ReB53","001",-4.317122919999974,,"MoB2-Re-B-1","Mo26ReB53"
"OH(g) + * -> OH*","{""OH"": ""site22""}","UmVhY3Rpb246NDczOTg2","PBE_D3","{""star"": 1, ""OHgas"": 1}","{""OHstar"": 1}","001","Mo26ReB53","001",-4.380351949999977,,"MoB2-Re-B-1","Mo26ReB53"
"OH(g) + * -> OH*","{""OH"": ""site14""}","UmVhY3Rpb246NDczOTg3","PBE_D3","{""star"": 1, ""OHgas"": 1}","{""OHstar"": 1}","001","Mo26ReB53","001",-4.574436809999952,,"MoB2-Re-B-1","Mo26ReB53"
"OH(g) + * -> OH*","{""OH"": ""site13""}","UmVhY3Rpb246NDczOTg4","PBE_D3","{""star"": 1, ""OHgas"": 1}","{""OHstar"": 1}","001","Mo26ReB53","001",-4.574782599999935,,"MoB2-Re-B-1","Mo26ReB53"
"OH(g) + * -> OH*","{""OH"": ""site8""}","UmVhY3Rpb246NDc0MDAy","PBE_D3","{""star"": 1, ""OHgas"": 1}","{""OHstar"": 1}","001","Mo26TiB54","001",-4.204689759999724,,"MoB2-Ti-B00","Mo26TiB54"
"OH(g) + * -> OH*","{""OH"": ""site1""}","UmVhY3Rpb246NDc0MDAz","PBE_D3","{""star"": 1, ""OHgas"": 1}","{""OHstar"": 1}","001","Mo26TiB54","001",-4.369486469999742,,"MoB2-Ti-B00","Mo26TiB54"
"OH(g) + * -> OH*","{""OH"": ""site6""}","UmVhY3Rpb246NDc0MDA0","PBE_D3","{""star"": 1, ""OHgas"": 1}","{""OHstar"": 1}","001","Mo26TiB54","001",-4.247957469999733,,"MoB2-Ti-B00","Mo26TiB54"
"OH(g) + * -> OH*","{""OH"": ""site7""}","UmVhY3Rpb246NDc0MDA3","PBE_D3","{""star"": 1, ""OHgas"": 1}","{""OHstar"": 1}","001","Mo26TiB54","001",-4.206860299999789,,"MoB2-Ti-B00","Mo26TiB54"
"OH(g) + * -> OH*","{""OH"": ""site9""}","UmVhY3Rpb246NDc0MDA4","PBE_D3","{""star"": 1, ""OHgas"": 1}","{""OHstar"": 1}","001","Mo26TiB54","001",-4.186866699999882,,"MoB2-Ti-B00","Mo26TiB54"
"OH(g) + * -> OH*","{""OH"": ""site16""}","UmVhY3Rpb246NDc0MDE3","PBE_D3","{""star"": 1, ""OHgas"": 1}","{""OHstar"": 1}","001","Mo26TiB54","001",-4.023855219999746,,"MoB2-Ti-B00","Mo26TiB54"
"OH(g) + * -> OH*","{""OH"": ""site11""}","UmVhY3Rpb246NDc0MDIw","PBE_D3","{""star"": 1, ""OHgas"": 1}","{""OHstar"": 1}","001","Mo26TiB54","001",-4.058131579999781,,"MoB2-Ti-B00","Mo26TiB54"
"OH(g) + * -> OH*","{""OH"": ""site10""}","UmVhY3Rpb246NDc0MDIx","PBE_D3","{""star"": 1, ""OHgas"": 1}","{""OHstar"": 1}","001","Mo26TiB54","001",-4.185564059999706,,"MoB2-Ti-B00","Mo26TiB54"
"OH(g) + * -> OH*","{""OH"": ""site17""}","UmVhY3Rpb246NDc0MDI0","PBE_D3","{""star"": 1, ""OHgas"": 1}","{""OHstar"": 1}","001","Mo26TiB54","001",-4.0020501099998,,"MoB2-Ti-B00","Mo26TiB54"
"OH(g) + * -> OH*","{""OH"": ""site5""}","UmVhY3Rpb246NDc0MDM3","PBE_D3","{""star"": 1, ""OHgas"": 1}","{""OHstar"": 1}","001","Mo26TiB54","001",-4.322218279999902,,"MoB2-Ti-B00","Mo26TiB54"
"OH(g) + * -> OH*","{""OH"": ""site2""}","UmVhY3Rpb246NDc0MDM4","PBE_D3","{""star"": 1, ""OHgas"": 1}","{""OHstar"": 1}","001","Mo26TiB54","001",-4.33965142999989,,"MoB2-Ti-B00","Mo26TiB54"
"OH(g) + * -> OH*","{""OH"": ""site3""}","UmVhY3Rpb246NDc0MDQx","PBE_D3","{""star"": 1, ""OHgas"": 1}","{""OHstar"": 1}","001","Mo26TiB54","001",-4.339180529999794,,"MoB2-Ti-B00","Mo26TiB54"
"OH(g) + * -> OH*","{""OH"": ""site4""}","UmVhY3Rpb246NDc0MDQy","PBE_D3","{""star"": 1, ""OHgas"": 1}","{""OHstar"": 1}","001","Mo26TiB54","001",-4.322848599999816,,"MoB2-Ti-B00","Mo26TiB54"
"OH(g) + * -> OH*","{""OH"": ""site12""}","UmVhY3Rpb246NDc0MDUx","PBE_D3","{""star"": 1, ""OHgas"": 1}","{""OHstar"": 1}","001","Mo26TiB54","001",-4.048689409999838,,"MoB2-Ti-B00","Mo26TiB54"
"OH(g) + * -> OH*","{""OH"": ""site15""}","UmVhY3Rpb246NDc0MDUy","PBE_D3","{""star"": 1, ""OHgas"": 1}","{""OHstar"": 1}","001","Mo26TiB54","001",-4.023970609999878,,"MoB2-Ti-B00","Mo26TiB54"
"OH(g) + * -> OH*","{""OH"": ""site14""}","UmVhY3Rpb246NDc0MDU2","PBE_D3","{""star"": 1, ""OHgas"": 1}","{""OHstar"": 1}","001","Mo26TiB54","001",-4.0447892699997965,,"MoB2-Ti-B00","Mo26TiB54"
"OH(g) + * -> OH*","{""OH"": ""site13""}","UmVhY3Rpb246NDc0MDU3","PBE_D3","{""star"": 1, ""OHgas"": 1}","{""OHstar"": 1}","001","Mo26TiB54","001",-4.046929649999811,,"MoB2-Ti-B00","Mo26TiB54"
"OH(g) + * -> OH*","{""OH"": ""site8""}","UmVhY3Rpb246NDc0MDY1","PBE_D3","{""star"": 1, ""OHgas"": 1}","{""OHstar"": 1}","001","Mo26VB54","001",-4.31423264,,"MoB2-V-B00","Mo26VB54"
"OH(g) + * -> OH*","{""OH"": ""site1""}","UmVhY3Rpb246NDc0MDY2","PBE_D3","{""star"": 1, ""OHgas"": 1}","{""OHstar"": 1}","001","Mo26VB54","001",-4.348710609999898,,"MoB2-V-B00","Mo26VB54"
"OH(g) + * -> OH*","{""OH"": ""site6""}","UmVhY3Rpb246NDc0MDY3","PBE_D3","{""star"": 1, ""OHgas"": 1}","{""OHstar"": 1}","001","Mo26VB54","001",-4.315906709999922,,"MoB2-V-B00","Mo26VB54"
"OH(g) + * -> OH*","{""OH"": ""site7""}","UmVhY3Rpb246NDc0MDcw","PBE_D3","{""star"": 1, ""OHgas"": 1}","{""OHstar"": 1}","001","Mo26VB54","001",-4.314679159999969,,"MoB2-V-B00","Mo26VB54"
"OH(g) + * -> OH*","{""OH"": ""site9""}","UmVhY3Rpb246NDc0MDcx","PBE_D3","{""star"": 1, ""OHgas"": 1}","{""OHstar"": 1}","001","Mo26VB54","001",-4.313201539999795,,"MoB2-V-B00","Mo26VB54"
"OH(g) + * -> OH*","{""OH"": ""site16""}","UmVhY3Rpb246NDc0MDgx","PBE_D3","{""star"": 1, ""OHgas"": 1}","{""OHstar"": 1}","001","Mo26VB54","001",-4.122908259999804,,"MoB2-V-B00","Mo26VB54"
"OH(g) + * -> OH*","{""OH"": ""site11""}","UmVhY3Rpb246NDc0MDg0","PBE_D3","{""star"": 1, ""OHgas"": 1}","{""OHstar"": 1}","001","Mo26VB54","001",-4.280609589999813,,"MoB2-V-B00","Mo26VB54"
"OH(g) + * -> OH*","{""OH"": ""site18""}","UmVhY3Rpb246NDc0MDg1","PBE_D3","{""star"": 1, ""OHgas"": 1}","{""OHstar"": 1}","001","Mo26VB54","001",-4.074102029999949,,"MoB2-V-B00","Mo26VB54"
"OH(g) + * -> OH*","{""OH"": ""site20""}","UmVhY3Rpb246NDc0MDg2","PBE_D3","{""star"": 1, ""OHgas"": 1}","{""OHstar"": 1}","001","Mo26VB54","001",-4.036264399999823,,"MoB2-V-B00","Mo26VB54"
"OH(g) + * -> OH*","{""OH"": ""site21""}","UmVhY3Rpb246NDc0MDg3","PBE_D3","{""star"": 1, ""OHgas"": 1}","{""OHstar"": 1}","001","Mo26VB54","001",-4.03544455999986,,"MoB2-V-B00","Mo26VB54"
"OH(g) + * -> OH*","{""OH"": ""site19""}","UmVhY3Rpb246NDc0MDg4","PBE_D3","{""star"": 1, ""OHgas"": 1}","{""OHstar"": 1}","001","Mo26VB54","001",-4.070360659999892,,"MoB2-V-B00","Mo26VB54"
"OH(g) + * -> OH*","{""OH"": ""site10""}","UmVhY3Rpb246NDc0MDg5","PBE_D3","{""star"": 1, ""OHgas"": 1}","{""OHstar"": 1}","001","Mo26VB54","001",-4.282060509999951,,"MoB2-V-B00","Mo26VB54"
"OH(g) + * -> OH*","{""OH"": ""site17""}","UmVhY3Rpb246NDc0MDky","PBE_D3","{""star"": 1, ""OHgas"": 1}","{""OHstar"": 1}","001","Mo26VB54","001",-4.0741924299999255,,"MoB2-V-B00","Mo26VB54"
"OH(g) + * -> OH*","{""OH"": ""site5""}","UmVhY3Rpb246NDc0MTA2","PBE_D3","{""star"": 1, ""OHgas"": 1}","{""OHstar"": 1}","001","Mo26VB54","001",-4.3193046499999355,,"MoB2-V-B00","Mo26VB54"
"OH(g) + * -> OH*","{""OH"": ""site2""}","UmVhY3Rpb246NDc0MTA3","PBE_D3","{""star"": 1, ""OHgas"": 1}","{""OHstar"": 1}","001","Mo26VB54","001",-4.3473020699998415,,"MoB2-V-B00","Mo26VB54"
"OH(g) + * -> OH*","{""OH"": ""site3""}","UmVhY3Rpb246NDc0MTEy","PBE_D3","{""star"": 1, ""OHgas"": 1}","{""OHstar"": 1}","001","Mo26VB54","001",-4.32110914999987,,"MoB2-V-B00","Mo26VB54"
"OH(g) + * -> OH*","{""OH"": ""site4""}","UmVhY3Rpb246NDc0MTEz","PBE_D3","{""star"": 1, ""OHgas"": 1}","{""OHstar"": 1}","001","Mo26VB54","001",-4.319710669999836,,"MoB2-V-B00","Mo26VB54"
"OH(g) + * -> OH*","{""OH"": ""site12""}","UmVhY3Rpb246NDc0MTIy","PBE_D3","{""star"": 1, ""OHgas"": 1}","{""OHstar"": 1}","001","Mo26VB54","001",-4.221960709999848,,"MoB2-V-B00","Mo26VB54"
"OH(g) + * -> OH*","{""OH"": ""site15""}","UmVhY3Rpb246NDc0MTIz","PBE_D3","{""star"": 1, ""OHgas"": 1}","{""OHstar"": 1}","001","Mo26VB54","001",-4.129377309999768,,"MoB2-V-B00","Mo26VB54"
"OH(g) + * -> OH*","{""OH"": ""site14""}","UmVhY3Rpb246NDc0MTI3","PBE_D3","{""star"": 1, ""OHgas"": 1}","{""OHstar"": 1}","001","Mo26VB54","001",-4.19111369999996,,"MoB2-V-B00","Mo26VB54"
"OH(g) + * -> OH*","{""OH"": ""site13""}","UmVhY3Rpb246NDc0MTI4","PBE_D3","{""star"": 1, ""OHgas"": 1}","{""OHstar"": 1}","001","Mo26VB54","001",-4.191843069999777,,"MoB2-V-B00","Mo26VB54"
"OH(g) + * -> OH*","{""OH"": ""site8""}","UmVhY3Rpb246NDc0MTM5","PBE_D3","{""star"": 1, ""OHgas"": 1}","{""OHstar"": 1}","001","Mo26VB55","001",-4.25187713999992,,"MoB2-V-B01","Mo26VB55"
"OH(g) + * -> OH*","{""OH"": ""site1""}","UmVhY3Rpb246NDc0MTQw","PBE_D3","{""star"": 1, ""OHgas"": 1}","{""OHstar"": 1}","001","Mo26VB55","001",-4.819582149999974,,"MoB2-V-B01","Mo26VB55"
"OH(g) + * -> OH*","{""OH"": ""site6""}","UmVhY3Rpb246NDc0MTQx","PBE_D3","{""star"": 1, ""OHgas"": 1}","{""OHstar"": 1}","001","Mo26VB55","001",-4.252645949999874,,"MoB2-V-B01","Mo26VB55"
"OH(g) + * -> OH*","{""OH"": ""site7""}","UmVhY3Rpb246NDc0MTQ3","PBE_D3","{""star"": 1, ""OHgas"": 1}","{""OHstar"": 1}","001","Mo26VB55","001",-4.252379889999929,,"MoB2-V-B01","Mo26VB55"
"OH(g) + * -> OH*","{""OH"": ""site9""}","UmVhY3Rpb246NDc0MTQ4","PBE_D3","{""star"": 1, ""OHgas"": 1}","{""OHstar"": 1}","001","Mo26VB55","001",-4.251422929999876,,"MoB2-V-B01","Mo26VB55"
"OH(g) + * -> OH*","{""OH"": ""site16""}","UmVhY3Rpb246NDc0MTYz","PBE_D3","{""star"": 1, ""OHgas"": 1}","{""OHstar"": 1}","001","Mo26VB55","001",-4.212321359999919,,"MoB2-V-B01","Mo26VB55"
"OH(g) + * -> OH*","{""OH"": ""site11""}","UmVhY3Rpb246NDc0MTY2","PBE_D3","{""star"": 1, ""OHgas"": 1}","{""OHstar"": 1}","001","Mo26VB55","001",-4.224172369999906,,"MoB2-V-B01","Mo26VB55"
"OH(g) + * -> OH*","{""OH"": ""site18""}","UmVhY3Rpb246NDc0MTY3","PBE_D3","{""star"": 1, ""OHgas"": 1}","{""OHstar"": 1}","001","Mo26VB55","001",-4.103308739999989,,"MoB2-V-B01","Mo26VB55"
"OH(g) + * -> OH*","{""OH"": ""site20""}","UmVhY3Rpb246NDc0MTY4","PBE_D3","{""star"": 1, ""OHgas"": 1}","{""OHstar"": 1}","001","Mo26VB55","001",-4.00892161999991,,"MoB2-V-B01","Mo26VB55"
"OH(g) + * -> OH*","{""OH"": ""site21""}","UmVhY3Rpb246NDc0MTY5","PBE_D3","{""star"": 1, ""OHgas"": 1}","{""OHstar"": 1}","001","Mo26VB55","001",-4.00398397999993,,"MoB2-V-B01","Mo26VB55"
"OH(g) + * -> OH*","{""OH"": ""site19""}","UmVhY3Rpb246NDc0MTcw","PBE_D3","{""star"": 1, ""OHgas"": 1}","{""OHstar"": 1}","001","Mo26VB55","001",-4.041809940000007,,"MoB2-V-B01","Mo26VB55"
"OH(g) + * -> OH*","{""OH"": ""site10""}","UmVhY3Rpb246NDc0MTcx","PBE_D3","{""star"": 1, ""OHgas"": 1}","{""OHstar"": 1}","001","Mo26VB55","001",-4.224590289999924,,"MoB2-V-B01","Mo26VB55"
"OH(g) + * -> OH*","{""OH"": ""site17""}","UmVhY3Rpb246NDc0MTc0","PBE_D3","{""star"": 1, ""OHgas"": 1}","{""OHstar"": 1}","001","Mo26VB55","001",-4.106085819999976,,"MoB2-V-B01","Mo26VB55"
"OH(g) + * -> OH*","{""OH"": ""site5""}","UmVhY3Rpb246NDc0MTkz","PBE_D3","{""star"": 1, ""OHgas"": 1}","{""OHstar"": 1}","001","Mo26VB55","001",-4.252822869999932,,"MoB2-V-B01","Mo26VB55"
"OH(g) + * -> OH*","{""OH"": ""site2""}","UmVhY3Rpb246NDc0MTk0","PBE_D3","{""star"": 1, ""OHgas"": 1}","{""OHstar"": 1}","001","Mo26VB55","001",-4.819538079999916,,"MoB2-V-B01","Mo26VB55"
"OH(g) + * -> OH*","{""OH"": ""site3""}","UmVhY3Rpb246NDc0MjAy","PBE_D3","{""star"": 1, ""OHgas"": 1}","{""OHstar"": 1}","001","Mo26VB55","001",-4.819270319999987,,"MoB2-V-B01","Mo26VB55"
"OH(g) + * -> OH*","{""OH"": ""site4""}","UmVhY3Rpb246NDc0MjAz","PBE_D3","{""star"": 1, ""OHgas"": 1}","{""OHstar"": 1}","001","Mo26VB55","001",-4.2549750999999105,,"MoB2-V-B01","Mo26VB55"
"OH(g) + * -> OH*","{""OH"": ""site12""}","UmVhY3Rpb246NDc0MjEz","PBE_D3","{""star"": 1, ""OHgas"": 1}","{""OHstar"": 1}","001","Mo26VB55","001",-4.223672109999939,,"MoB2-V-B01","Mo26VB55"
"OH(g) + * -> OH*","{""OH"": ""site15""}","UmVhY3Rpb246NDc0MjE0","PBE_D3","{""star"": 1, ""OHgas"": 1}","{""OHstar"": 1}","001","Mo26VB55","001",-4.2123598299999685,,"MoB2-V-B01","Mo26VB55"
"OH(g) + * -> OH*","{""OH"": ""site23""}","UmVhY3Rpb246NDc0MjE3","PBE_D3","{""star"": 1, ""OHgas"": 1}","{""OHstar"": 1}","001","Mo26VB55","001",-3.078753029999916,,"MoB2-V-B01","Mo26VB55"
"OH(g) + * -> OH*","{""OH"": ""site24""}","UmVhY3Rpb246NDc0MjE4","PBE_D3","{""star"": 1, ""OHgas"": 1}","{""OHstar"": 1}","001","Mo26VB55","001",-3.0784286399998564,,"MoB2-V-B01","Mo26VB55"
"OH(g) + * -> OH*","{""OH"": ""site22""}","UmVhY3Rpb246NDc0MjIw","PBE_D3","{""star"": 1, ""OHgas"": 1}","{""OHstar"": 1}","001","Mo26VB55","001",-3.5137713799998664,,"MoB2-V-B01","Mo26VB55"
"OH(g) + * -> OH*","{""OH"": ""site14""}","UmVhY3Rpb246NDc0MjIx","PBE_D3","{""star"": 1, ""OHgas"": 1}","{""OHstar"": 1}","001","Mo26VB55","001",-4.21354746999998,,"MoB2-V-B01","Mo26VB55"
"OH(g) + * -> OH*","{""OH"": ""site13""}","UmVhY3Rpb246NDc0MjIy","PBE_D3","{""star"": 1, ""OHgas"": 1}","{""OHstar"": 1}","001","Mo26VB55","001",-4.222552099999916,,"MoB2-V-B01","Mo26VB55"
"OH(g) + * -> OH*","{""OH"": ""site8""}","UmVhY3Rpb246NDc0MjMz","PBE_D3","{""star"": 1, ""OHgas"": 1}","{""OHstar"": 1}","001","Mo26TiB55","001",-4.290012029999957,,"MoB2-Ti-B01","Mo26TiB55"
"OH(g) + * -> OH*","{""OH"": ""site1""}","UmVhY3Rpb246NDc0MjM0","PBE_D3","{""star"": 1, ""OHgas"": 1}","{""OHstar"": 1}","001","Mo26TiB55","001",-4.678202349999992,,"MoB2-Ti-B01","Mo26TiB55"
"OH(g) + * -> OH*","{""OH"": ""site6""}","UmVhY3Rpb246NDc0MjM1","PBE_D3","{""star"": 1, ""OHgas"": 1}","{""OHstar"": 1}","001","Mo26TiB55","001",-4.307422470000006,,"MoB2-Ti-B01","Mo26TiB55"
"OH(g) + * -> OH*","{""OH"": ""site7""}","UmVhY3Rpb246NDc0MjQw","PBE_D3","{""star"": 1, ""OHgas"": 1}","{""OHstar"": 1}","001","Mo26TiB55","001",-4.290285949999884,,"MoB2-Ti-B01","Mo26TiB55"
"OH(g) + * -> OH*","{""OH"": ""site9""}","UmVhY3Rpb246NDc0MjQx","PBE_D3","{""star"": 1, ""OHgas"": 1}","{""OHstar"": 1}","001","Mo26TiB55","001",-4.288796919999982,,"MoB2-Ti-B01","Mo26TiB55"
"OH(g) + * -> OH*","{""OH"": ""site16""}","UmVhY3Rpb246NDc0MjU4","PBE_D3","{""star"": 1, ""OHgas"": 1}","{""OHstar"": 1}","001","Mo26TiB55","001",-4.139050790000056,,"MoB2-Ti-B01","Mo26TiB55"
"OH(g) + * -> OH*","{""OH"": ""site11""}","UmVhY3Rpb246NDc0MjYx","PBE_D3","{""star"": 1, ""OHgas"": 1}","{""OHstar"": 1}","001","Mo26TiB55","001",-4.250632799999835,,"MoB2-Ti-B01","Mo26TiB55"
"OH(g) + * -> OH*","{""OH"": ""site18""}","UmVhY3Rpb246NDc0MjYy","PBE_D3","{""star"": 1, ""OHgas"": 1}","{""OHstar"": 1}","001","Mo26TiB55","001",-4.099189490000072,,"MoB2-Ti-B01","Mo26TiB55"
"OH(g) + * -> OH*","{""OH"": ""site20""}","UmVhY3Rpb246NDc0MjYz","PBE_D3","{""star"": 1, ""OHgas"": 1}","{""OHstar"": 1}","001","Mo26TiB55","001",-4.0793251399999235,,"MoB2-Ti-B01","Mo26TiB55"
"OH(g) + * -> OH*","{""OH"": ""site21""}","UmVhY3Rpb246NDc0MjY0","PBE_D3","{""star"": 1, ""OHgas"": 1}","{""OHstar"": 1}","001","Mo26TiB55","001",-4.052438789999883,,"MoB2-Ti-B01","Mo26TiB55"
"OH(g) + * -> OH*","{""OH"": ""site19""}","UmVhY3Rpb246NDc0MjY1","PBE_D3","{""star"": 1, ""OHgas"": 1}","{""OHstar"": 1}","001","Mo26TiB55","001",-4.085320779999961,,"MoB2-Ti-B01","Mo26TiB55"
"OH(g) + * -> OH*","{""OH"": ""site10""}","UmVhY3Rpb246NDc0MjY2","PBE_D3","{""star"": 1, ""OHgas"": 1}","{""OHstar"": 1}","001","Mo26TiB55","001",-4.275689869999951,,"MoB2-Ti-B01","Mo26TiB55"
"OH(g) + * -> OH*","{""OH"": ""site17""}","UmVhY3Rpb246NDc0MjY5","PBE_D3","{""star"": 1, ""OHgas"": 1}","{""OHstar"": 1}","001","Mo26TiB55","001",-4.138913210000055,,"MoB2-Ti-B01","Mo26TiB55"
"OH(g) + * -> OH*","{""OH"": ""site5""}","UmVhY3Rpb246NDc0Mjg2","PBE_D3","{""star"": 1, ""OHgas"": 1}","{""OHstar"": 1}","001","Mo26TiB55","001",-4.344473259999859,,"MoB2-Ti-B01","Mo26TiB55"
"OH(g) + * -> OH*","{""OH"": ""site2""}","UmVhY3Rpb246NDc0Mjg3","PBE_D3","{""star"": 1, ""OHgas"": 1}","{""OHstar"": 1}","001","Mo26TiB55","001",-4.677338359999908,,"MoB2-Ti-B01","Mo26TiB55"
"OH(g) + * -> OH*","{""OH"": ""site3""}","UmVhY3Rpb246NDc0Mjk0","PBE_D3","{""star"": 1, ""OHgas"": 1}","{""OHstar"": 1}","001","Mo26TiB55","001",-4.676630599999953,,"MoB2-Ti-B01","Mo26TiB55"
"OH(g) + * -> OH*","{""OH"": ""site4""}","UmVhY3Rpb246NDc0Mjk1","PBE_D3","{""star"": 1, ""OHgas"": 1}","{""OHstar"": 1}","001","Mo26TiB55","001",-4.675514789999966,,"MoB2-Ti-B01","Mo26TiB55"
"OH(g) + * -> OH*","{""OH"": ""site12""}","UmVhY3Rpb246NDc0MzA4","PBE_D3","{""star"": 1, ""OHgas"": 1}","{""OHstar"": 1}","001","Mo26TiB55","001",-4.250195739999981,,"MoB2-Ti-B01","Mo26TiB55"
"OH(g) + * -> OH*","{""OH"": ""site15""}","UmVhY3Rpb246NDc0MzA5","PBE_D3","{""star"": 1, ""OHgas"": 1}","{""OHstar"": 1}","001","Mo26TiB55","001",-4.2278553399999055,,"MoB2-Ti-B01","Mo26TiB55"
"OH(g) + * -> OH*","{""OH"": ""site23""}","UmVhY3Rpb246NDc0MzEy","PBE_D3","{""star"": 1, ""OHgas"": 1}","{""OHstar"": 1}","001","Mo26TiB55","001",-3.854782279999995,,"MoB2-Ti-B01","Mo26TiB55"
"OH(g) + * -> OH*","{""OH"": ""site24""}","UmVhY3Rpb246NDc0MzEz","PBE_D3","{""star"": 1, ""OHgas"": 1}","{""OHstar"": 1}","001","Mo26TiB55","001",-3.2714928799999825,,"MoB2-Ti-B01","Mo26TiB55"
"OH(g) + * -> OH*","{""OH"": ""site25""}","UmVhY3Rpb246NDc0MzE0","PBE_D3","{""star"": 1, ""OHgas"": 1}","{""OHstar"": 1}","001","Mo26TiB55","001",-2.9553865199999336,,"MoB2-Ti-B01","Mo26TiB55"
"OH(g) + * -> OH*","{""OH"": ""site22""}","UmVhY3Rpb246NDc0MzE2","PBE_D3","{""star"": 1, ""OHgas"": 1}","{""OHstar"": 1}","001","Mo26TiB55","001",-4.031448029999979,,"MoB2-Ti-B01","Mo26TiB55"
"OH(g) + * -> OH*","{""OH"": ""site14""}","UmVhY3Rpb246NDc0MzE3","PBE_D3","{""star"": 1, ""OHgas"": 1}","{""OHstar"": 1}","001","Mo26TiB55","001",-4.22855557999992,,"MoB2-Ti-B01","Mo26TiB55"
"OH(g) + * -> OH*","{""OH"": ""site13""}","UmVhY3Rpb246NDc0MzE4","PBE_D3","{""star"": 1, ""OHgas"": 1}","{""OHstar"": 1}","001","Mo26TiB55","001",-4.24951233999991,,"MoB2-Ti-B01","Mo26TiB55"
"OH(g) + * -> OH*","{""OH"": ""site8""}","UmVhY3Rpb246NDc0MzI5","PBE_D3","{""star"": 1, ""OHgas"": 1}","{""OHstar"": 1}","001","CrMo26B56","001",-4.363188229999992,,"MoB2-Cr-B02","CrMo26B56"
"OH(g) + * -> OH*","{""OH"": ""site1""}","UmVhY3Rpb246NDc0MzMw","PBE_D3","{""star"": 1, ""OHgas"": 1}","{""OHstar"": 1}","001","CrMo26B56","001",-4.7877575500000376,,"MoB2-Cr-B02","CrMo26B56"
"OH(g) + * -> OH*","{""OH"": ""site6""}","UmVhY3Rpb246NDc0MzMx","PBE_D3","{""star"": 1, ""OHgas"": 1}","{""OHstar"": 1}","001","CrMo26B56","001",-4.782641820000094,,"MoB2-Cr-B02","CrMo26B56"
"OH(g) + * -> OH*","{""OH"": ""site7""}","UmVhY3Rpb246NDc0MzM3","PBE_D3","{""star"": 1, ""OHgas"": 1}","{""OHstar"": 1}","001","CrMo26B56","001",-4.717745589999936,,"MoB2-Cr-B02","CrMo26B56"
"OH(g) + * -> OH*","{""OH"": ""site9""}","UmVhY3Rpb246NDc0MzM4","PBE_D3","{""star"": 1, ""OHgas"": 1}","{""OHstar"": 1}","001","CrMo26B56","001",-4.361041279999995,,"MoB2-Cr-B02","CrMo26B56"
"OH(g) + * -> OH*","{""OH"": ""site32""}","UmVhY3Rpb246NDc0MzUy","PBE_D3","{""star"": 1, ""OHgas"": 1}","{""OHstar"": 1}","001","CrMo26B56","001",-3.092647710000051,,"MoB2-Cr-B02","CrMo26B56"
"OH(g) + * -> OH*","{""OH"": ""site29""}","UmVhY3Rpb246NDc0MzYw","PBE_D3","{""star"": 1, ""OHgas"": 1}","{""OHstar"": 1}","001","CrMo26B56","001",-3.2657270800000333,,"MoB2-Cr-B02","CrMo26B56"
"OH(g) + * -> OH*","{""OH"": ""site16""}","UmVhY3Rpb246NDc0MzYx","PBE_D3","{""star"": 1, ""OHgas"": 1}","{""OHstar"": 1}","001","CrMo26B56","001",-4.097153930000104,,"MoB2-Cr-B02","CrMo26B56"
"OH(g) + * -> OH*","{""OH"": ""site11""}","UmVhY3Rpb246NDc0MzY0","PBE_D3","{""star"": 1, ""OHgas"": 1}","{""OHstar"": 1}","001","CrMo26B56","001",-4.190385860000106,,"MoB2-Cr-B02","CrMo26B56"
"OH(g) + * -> OH*","{""OH"": ""site18""}","UmVhY3Rpb246NDc0MzY1","PBE_D3","{""star"": 1, ""OHgas"": 1}","{""OHstar"": 1}","001","CrMo26B56","001",-4.066007289999902,,"MoB2-Cr-B02","CrMo26B56"
"OH(g) + * -> OH*","{""OH"": ""site27""}","UmVhY3Rpb246NDc0MzY2","PBE_D3","{""star"": 1, ""OHgas"": 1}","{""OHstar"": 1}","001","CrMo26B56","001",-3.819333889999939,,"MoB2-Cr-B02","CrMo26B56"
"OH(g) + * -> OH*","{""OH"": ""site20""}","UmVhY3Rpb246NDc0MzY3","PBE_D3","{""star"": 1, ""OHgas"": 1}","{""OHstar"": 1}","001","CrMo26B56","001",-4.064969570000017,,"MoB2-Cr-B02","CrMo26B56"
"OH(g) + * -> OH*","{""OH"": ""site21""}","UmVhY3Rpb246NDc0MzY4","PBE_D3","{""star"": 1, ""OHgas"": 1}","{""OHstar"": 1}","001","CrMo26B56","001",-4.064822219999996,,"MoB2-Cr-B02","CrMo26B56"
"OH(g) + * -> OH*","{""OH"": ""site19""}","UmVhY3Rpb246NDc0MzY5","PBE_D3","{""star"": 1, ""OHgas"": 1}","{""OHstar"": 1}","001","CrMo26B56","001",-4.065567540000075,,"MoB2-Cr-B02","CrMo26B56"
"OH(g) + * -> OH*","{""OH"": ""site26""}","UmVhY3Rpb246NDc0Mzcw","PBE_D3","{""star"": 1, ""OHgas"": 1}","{""OHstar"": 1}","001","CrMo26B56","001",-3.8514292600000317,,"MoB2-Cr-B02","CrMo26B56"
"OH(g) + * -> OH*","{""OH"": ""site10""}","UmVhY3Rpb246NDc0Mzcx","PBE_D3","{""star"": 1, ""OHgas"": 1}","{""OHstar"": 1}","001","CrMo26B56","001",-4.201170609999963,,"MoB2-Cr-B02","CrMo26B56"
"OH(g) + * -> OH*","{""OH"": ""site28""}","UmVhY3Rpb246NDc0Mzcz","PBE_D3","{""star"": 1, ""OHgas"": 1}","{""OHstar"": 1}","001","CrMo26B56","001",-3.267138980000027,,"MoB2-Cr-B02","CrMo26B56"
"OH(g) + * -> OH*","{""OH"": ""site17""}","UmVhY3Rpb246NDc0Mzc1","PBE_D3","{""star"": 1, ""OHgas"": 1}","{""OHstar"": 1}","001","CrMo26B56","001",-4.095285019999892,,"MoB2-Cr-B02","CrMo26B56"
"OH(g) + * -> OH*","{""OH"": ""site5""}","UmVhY3Rpb246NDc0Mzk0","PBE_D3","{""star"": 1, ""OHgas"": 1}","{""OHstar"": 1}","001","CrMo26B56","001",-4.785144970000033,,"MoB2-Cr-B02","CrMo26B56"
"OH(g) + * -> OH*","{""OH"": ""site2""}","UmVhY3Rpb246NDc0Mzk1","PBE_D3","{""star"": 1, ""OHgas"": 1}","{""OHstar"": 1}","001","CrMo26B56","001",-4.786254339999914,,"MoB2-Cr-B02","CrMo26B56"
"OH(g) + * -> OH*","{""OH"": ""site3""}","UmVhY3Rpb246NDc0NDAz","PBE_D3","{""star"": 1, ""OHgas"": 1}","{""OHstar"": 1}","001","CrMo26B56","001",-4.785876219999977,,"MoB2-Cr-B02","CrMo26B56"
"OH(g) + * -> OH*","{""OH"": ""site4""}","UmVhY3Rpb246NDc0NDA0","PBE_D3","{""star"": 1, ""OHgas"": 1}","{""OHstar"": 1}","001","CrMo26B56","001",-4.785660510000071,,"MoB2-Cr-B02","CrMo26B56"
"OH(g) + * -> OH*","{""OH"": ""site31""}","UmVhY3Rpb246NDc0NDA2","PBE_D3","{""star"": 1, ""OHgas"": 1}","{""OHstar"": 1}","001","CrMo26B56","001",-3.101886590000049,,"MoB2-Cr-B02","CrMo26B56"
"OH(g) + * -> OH*","{""OH"": ""site30""}","UmVhY3Rpb246NDc0NDE1","PBE_D3","{""star"": 1, ""OHgas"": 1}","{""OHstar"": 1}","001","CrMo26B56","001",-3.264411780000046,,"MoB2-Cr-B02","CrMo26B56"
"OH(g) + * -> OH*","{""OH"": ""site12""}","UmVhY3Rpb246NDc0NDIw","PBE_D3","{""star"": 1, ""OHgas"": 1}","{""OHstar"": 1}","001","CrMo26B56","001",-4.112308280000093,,"MoB2-Cr-B02","CrMo26B56"
"OH(g) + * -> OH*","{""OH"": ""site15""}","UmVhY3Rpb246NDc0NDIx","PBE_D3","{""star"": 1, ""OHgas"": 1}","{""OHstar"": 1}","001","CrMo26B56","001",-4.101156290000063,,"MoB2-Cr-B02","CrMo26B56"
"OH(g) + * -> OH*","{""OH"": ""site23""}","UmVhY3Rpb246NDc0NDI0","PBE_D3","{""star"": 1, ""OHgas"": 1}","{""OHstar"": 1}","001","CrMo26B56","001",-4.061240249999969,,"MoB2-Cr-B02","CrMo26B56"
"OH(g) + * -> OH*","{""OH"": ""site24""}","UmVhY3Rpb246NDc0NDI1","PBE_D3","{""star"": 1, ""OHgas"": 1}","{""OHstar"": 1}","001","CrMo26B56","001",-4.029215609999937,,"MoB2-Cr-B02","CrMo26B56"
"OH(g) + * -> OH*","{""OH"": ""site25""}","UmVhY3Rpb246NDc0NDI2","PBE_D3","{""star"": 1, ""OHgas"": 1}","{""OHstar"": 1}","001","CrMo26B56","001",-3.877993659999902,,"MoB2-Cr-B02","CrMo26B56"
"OH(g) + * -> OH*","{""OH"": ""site22""}","UmVhY3Rpb246NDc0NDI4","PBE_D3","{""star"": 1, ""OHgas"": 1}","{""OHstar"": 1}","001","CrMo26B56","001",-4.06280664999997,,"MoB2-Cr-B02","CrMo26B56"
"OH(g) + * -> OH*","{""OH"": ""site14""}","UmVhY3Rpb246NDc0NDI5","PBE_D3","{""star"": 1, ""OHgas"": 1}","{""OHstar"": 1}","001","CrMo26B56","001",-4.110416320000013,,"MoB2-Cr-B02","CrMo26B56"
"OH(g) + * -> OH*","{""OH"": ""site13""}","UmVhY3Rpb246NDc0NDMw","PBE_D3","{""star"": 1, ""OHgas"": 1}","{""OHstar"": 1}","001","CrMo26B56","001",-4.111851199999933,,"MoB2-Cr-B02","CrMo26B56"
"OH(g) + * -> OH*","{""OH"": ""site8""}","UmVhY3Rpb246NDc0OTIx","PBE_D3","{""star"": 1, ""OHgas"": 1}","{""OHstar"": 1}","001","CrMo26B54","001",-4.653898920000074,,"MoB2-Cr-B00","CrMo26B54"
"OH(g) + * -> OH*","{""OH"": ""site1""}","UmVhY3Rpb246NDc0OTIy","PBE_D3","{""star"": 1, ""OHgas"": 1}","{""OHstar"": 1}","001","CrMo26B54","001",-4.713130620000015,,"MoB2-Cr-B00","CrMo26B54"
"OH(g) + * -> OH*","{""OH"": ""site6""}","UmVhY3Rpb246NDc0OTIz","PBE_D3","{""star"": 1, ""OHgas"": 1}","{""OHstar"": 1}","001","CrMo26B54","001",-4.668930980000027,,"MoB2-Cr-B00","CrMo26B54"
"OH(g) + * -> OH*","{""OH"": ""site7""}","UmVhY3Rpb246NDc0OTI4","PBE_D3","{""star"": 1, ""OHgas"": 1}","{""OHstar"": 1}","001","CrMo26B54","001",-4.654353330000049,,"MoB2-Cr-B00","CrMo26B54"
"OH(g) + * -> OH*","{""OH"": ""site9""}","UmVhY3Rpb246NDc0OTI5","PBE_D3","{""star"": 1, ""OHgas"": 1}","{""OHstar"": 1}","001","CrMo26B54","001",-4.6536352199999556,,"MoB2-Cr-B00","CrMo26B54"
"OH(g) + * -> OH*","{""OH"": ""site29""}","UmVhY3Rpb246NDc0OTU5","PBE_D3","{""star"": 1, ""OHgas"": 1}","{""OHstar"": 1}","001","CrMo26B54","001",-4.03934262000007,,"MoB2-Cr-B00","CrMo26B54"
"OH(g) + * -> OH*","{""OH"": ""site16""}","UmVhY3Rpb246NDc0OTYw","PBE_D3","{""star"": 1, ""OHgas"": 1}","{""OHstar"": 1}","001","CrMo26B54","001",-4.292967339999905,,"MoB2-Cr-B00","CrMo26B54"
"OH(g) + * -> OH*","{""OH"": ""site11""}","UmVhY3Rpb246NDc0OTYz","PBE_D3","{""star"": 1, ""OHgas"": 1}","{""OHstar"": 1}","001","CrMo26B54","001",-4.499567650000017,,"MoB2-Cr-B00","CrMo26B54"
"OH(g) + * -> OH*","{""OH"": ""site18""}","UmVhY3Rpb246NDc0OTY0","PBE_D3","{""star"": 1, ""OHgas"": 1}","{""OHstar"": 1}","001","CrMo26B54","001",-4.2902288200000385,,"MoB2-Cr-B00","CrMo26B54"
"OH(g) + * -> OH*","{""OH"": ""site27""}","UmVhY3Rpb246NDc0OTY1","PBE_D3","{""star"": 1, ""OHgas"": 1}","{""OHstar"": 1}","001","CrMo26B54","001",-4.116892539999981,,"MoB2-Cr-B00","CrMo26B54"
"OH(g) + * -> OH*","{""OH"": ""site20""}","UmVhY3Rpb246NDc0OTY2","PBE_D3","{""star"": 1, ""OHgas"": 1}","{""OHstar"": 1}","001","CrMo26B54","001",-4.242701019999913,,"MoB2-Cr-B00","CrMo26B54"
"OH(g) + * -> OH*","{""OH"": ""site21""}","UmVhY3Rpb246NDc0OTY5","PBE_D3","{""star"": 1, ""OHgas"": 1}","{""OHstar"": 1}","001","CrMo26B54","001",-4.2426150300000245,,"MoB2-Cr-B00","CrMo26B54"
"OH(g) + * -> OH*","{""OH"": ""site19""}","UmVhY3Rpb246NDc0OTcw","PBE_D3","{""star"": 1, ""OHgas"": 1}","{""OHstar"": 1}","001","CrMo26B54","001",-4.286037410000063,,"MoB2-Cr-B00","CrMo26B54"
"OH(g) + * -> OH*","{""OH"": ""site26""}","UmVhY3Rpb246NDc0OTcx","PBE_D3","{""star"": 1, ""OHgas"": 1}","{""OHstar"": 1}","001","CrMo26B54","001",-4.133473239999944,,"MoB2-Cr-B00","CrMo26B54"
"OH(g) + * -> OH*","{""OH"": ""site10""}","UmVhY3Rpb246NDc0OTcy","PBE_D3","{""star"": 1, ""OHgas"": 1}","{""OHstar"": 1}","001","CrMo26B54","001",-4.5245846599999595,,"MoB2-Cr-B00","CrMo26B54"
"OH(g) + * -> OH*","{""OH"": ""site28""}","UmVhY3Rpb246NDc0OTc0","PBE_D3","{""star"": 1, ""OHgas"": 1}","{""OHstar"": 1}","001","CrMo26B54","001",-4.068670559999987,,"MoB2-Cr-B00","CrMo26B54"
"OH(g) + * -> OH*","{""OH"": ""site17""}","UmVhY3Rpb246NDc0OTc2","PBE_D3","{""star"": 1, ""OHgas"": 1}","{""OHstar"": 1}","001","CrMo26B54","001",-4.2908528799999885,,"MoB2-Cr-B00","CrMo26B54"
"OH(g) + * -> OH*","{""OH"": ""site5""}","UmVhY3Rpb246NDc0OTk2","PBE_D3","{""star"": 1, ""OHgas"": 1}","{""OHstar"": 1}","001","CrMo26B54","001",-4.669065459999956,,"MoB2-Cr-B00","CrMo26B54"
"OH(g) + * -> OH*","{""OH"": ""site2""}","UmVhY3Rpb246NDc0OTk3","PBE_D3","{""star"": 1, ""OHgas"": 1}","{""OHstar"": 1}","001","CrMo26B54","001",-4.712831670000014,,"MoB2-Cr-B00","CrMo26B54"
"OH(g) + * -> OH*","{""OH"": ""site3""}","UmVhY3Rpb246NDc1MDA1","PBE_D3","{""star"": 1, ""OHgas"": 1}","{""OHstar"": 1}","001","CrMo26B54","001",-4.7097361299998965,,"MoB2-Cr-B00","CrMo26B54"
"OH(g) + * -> OH*","{""OH"": ""site4""}","UmVhY3Rpb246NDc1MDA2","PBE_D3","{""star"": 1, ""OHgas"": 1}","{""OHstar"": 1}","001","CrMo26B54","001",-4.6690872299999455,,"MoB2-Cr-B00","CrMo26B54"
"OH(g) + * -> OH*","{""OH"": ""site31""}","UmVhY3Rpb246NDc1MDA4","PBE_D3","{""star"": 1, ""OHgas"": 1}","{""OHstar"": 1}","001","CrMo26B54","001",-3.10184057999993,,"MoB2-Cr-B00","CrMo26B54"
"OH(g) + * -> OH*","{""OH"": ""site30""}","UmVhY3Rpb246NDc1MDIy","PBE_D3","{""star"": 1, ""OHgas"": 1}","{""OHstar"": 1}","001","CrMo26B54","001",-3.417331020000006,,"MoB2-Cr-B00","CrMo26B54"
"OH(g) + * -> OH*","{""OH"": ""site12""}","UmVhY3Rpb246NDc1MDM0","PBE_D3","{""star"": 1, ""OHgas"": 1}","{""OHstar"": 1}","001","CrMo26B54","001",-4.487426639999967,,"MoB2-Cr-B00","CrMo26B54"
"OH(g) + * -> OH*","{""OH"": ""site15""}","UmVhY3Rpb246NDc1MDM1","PBE_D3","{""star"": 1, ""OHgas"": 1}","{""OHstar"": 1}","001","CrMo26B54","001",-4.293026679999912,,"MoB2-Cr-B00","CrMo26B54"
"OH(g) + * -> OH*","{""OH"": ""site23""}","UmVhY3Rpb246NDc1MDM4","PBE_D3","{""star"": 1, ""OHgas"": 1}","{""OHstar"": 1}","001","CrMo26B54","001",-4.206152159999988,,"MoB2-Cr-B00","CrMo26B54"
"OH(g) + * -> OH*","{""OH"": ""site24""}","UmVhY3Rpb246NDc1MDM5","PBE_D3","{""star"": 1, ""OHgas"": 1}","{""OHstar"": 1}","001","CrMo26B54","001",-4.156507069999975,,"MoB2-Cr-B00","CrMo26B54"
"OH(g) + * -> OH*","{""OH"": ""site25""}","UmVhY3Rpb246NDc1MDQx","PBE_D3","{""star"": 1, ""OHgas"": 1}","{""OHstar"": 1}","001","CrMo26B54","001",-4.134505449999892,,"MoB2-Cr-B00","CrMo26B54"
"OH(g) + * -> OH*","{""OH"": ""site22""}","UmVhY3Rpb246NDc1MDQz","PBE_D3","{""star"": 1, ""OHgas"": 1}","{""OHstar"": 1}","001","CrMo26B54","001",-4.228936009999984,,"MoB2-Cr-B00","CrMo26B54"
"OH(g) + * -> OH*","{""OH"": ""site14""}","UmVhY3Rpb246NDc1MDQ0","PBE_D3","{""star"": 1, ""OHgas"": 1}","{""OHstar"": 1}","001","CrMo26B54","001",-4.307393150000053,,"MoB2-Cr-B00","CrMo26B54"
"OH(g) + * -> OH*","{""OH"": ""site13""}","UmVhY3Rpb246NDc1MDQ1","PBE_D3","{""star"": 1, ""OHgas"": 1}","{""OHstar"": 1}","001","CrMo26B54","001",-4.319802070000037,,"MoB2-Cr-B00","CrMo26B54"
"OH(g) + * -> OH*","{""OH"": ""site8""}","UmVhY3Rpb246NDc1MDU5","PBE_D3","{""star"": 1, ""OHgas"": 1}","{""OHstar"": 1}","001","Mo26TiB57","001",-4.690094639999984,,"MoB2-Ti-B03","Mo26TiB57"
"OH(g) + * -> OH*","{""OH"": ""site1""}","UmVhY3Rpb246NDc1MDYw","PBE_D3","{""star"": 1, ""OHgas"": 1}","{""OHstar"": 1}","001","Mo26TiB57","001",-4.734232139999904,,"MoB2-Ti-B03","Mo26TiB57"
"OH(g) + * -> OH*","{""OH"": ""site6""}","UmVhY3Rpb246NDc1MDYx","PBE_D3","{""star"": 1, ""OHgas"": 1}","{""OHstar"": 1}","001","Mo26TiB57","001",-4.70569060999992,,"MoB2-Ti-B03","Mo26TiB57"
"OH(g) + * -> OH*","{""OH"": ""site7""}","UmVhY3Rpb246NDc1MDY4","PBE_D3","{""star"": 1, ""OHgas"": 1}","{""OHstar"": 1}","001","Mo26TiB57","001",-4.699529849999976,,"MoB2-Ti-B03","Mo26TiB57"
"OH(g) + * -> OH*","{""OH"": ""site9""}","UmVhY3Rpb246NDc1MDY5","PBE_D3","{""star"": 1, ""OHgas"": 1}","{""OHstar"": 1}","001","Mo26TiB57","001",-4.162440679999918,,"MoB2-Ti-B03","Mo26TiB57"
"OH(g) + * -> OH*","{""OH"": ""site29""}","UmVhY3Rpb246NDc1MDg2","PBE_D3","{""star"": 1, ""OHgas"": 1}","{""OHstar"": 1}","001","Mo26TiB57","001",-2.797209639999892,,"MoB2-Ti-B03","Mo26TiB57"
"OH(g) + * -> OH*","{""OH"": ""site16""}","UmVhY3Rpb246NDc1MDg3","PBE_D3","{""star"": 1, ""OHgas"": 1}","{""OHstar"": 1}","001","Mo26TiB57","001",-3.8482667899999115,,"MoB2-Ti-B03","Mo26TiB57"
"OH(g) + * -> OH*","{""OH"": ""site11""}","UmVhY3Rpb246NDc1MDkw","PBE_D3","{""star"": 1, ""OHgas"": 1}","{""OHstar"": 1}","001","Mo26TiB57","001",-4.159070049999855,,"MoB2-Ti-B03","Mo26TiB57"
"OH(g) + * -> OH*","{""OH"": ""site18""}","UmVhY3Rpb246NDc1MDkx","PBE_D3","{""star"": 1, ""OHgas"": 1}","{""OHstar"": 1}","001","Mo26TiB57","001",-3.827791419999926,,"MoB2-Ti-B03","Mo26TiB57"
"OH(g) + * -> OH*","{""OH"": ""site27""}","UmVhY3Rpb246NDc1MDky","PBE_D3","{""star"": 1, ""OHgas"": 1}","{""OHstar"": 1}","001","Mo26TiB57","001",-2.987403809999819,,"MoB2-Ti-B03","Mo26TiB57"
"OH(g) + * -> OH*","{""OH"": ""site20""}","UmVhY3Rpb246NDc1MDkz","PBE_D3","{""star"": 1, ""OHgas"": 1}","{""OHstar"": 1}","001","Mo26TiB57","001",-3.80109731999994,,"MoB2-Ti-B03","Mo26TiB57"
"OH(g) + * -> OH*","{""OH"": ""site21""}","UmVhY3Rpb246NDc1MDk0","PBE_D3","{""star"": 1, ""OHgas"": 1}","{""OHstar"": 1}","001","Mo26TiB57","001",-3.7900920799999085,,"MoB2-Ti-B03","Mo26TiB57"
"OH(g) + * -> OH*","{""OH"": ""site19""}","UmVhY3Rpb246NDc1MDk1","PBE_D3","{""star"": 1, ""OHgas"": 1}","{""OHstar"": 1}","001","Mo26TiB57","001",-3.80119437999997,,"MoB2-Ti-B03","Mo26TiB57"
"OH(g) + * -> OH*","{""OH"": ""site26""}","UmVhY3Rpb246NDc1MDk2","PBE_D3","{""star"": 1, ""OHgas"": 1}","{""OHstar"": 1}","001","Mo26TiB57","001",-2.9874265400000013,,"MoB2-Ti-B03","Mo26TiB57"
"OH(g) + * -> OH*","{""OH"": ""site10""}","UmVhY3Rpb246NDc1MDk3","PBE_D3","{""star"": 1, ""OHgas"": 1}","{""OHstar"": 1}","001","Mo26TiB57","001",-4.159888649999857,,"MoB2-Ti-B03","Mo26TiB57"
"OH(g) + * -> OH*","{""OH"": ""site28""}","UmVhY3Rpb246NDc1MDk5","PBE_D3","{""star"": 1, ""OHgas"": 1}","{""OHstar"": 1}","001","Mo26TiB57","001",-2.8466637999999875,,"MoB2-Ti-B03","Mo26TiB57"
"OH(g) + * -> OH*","{""OH"": ""site17""}","UmVhY3Rpb246NDc1MTAx","PBE_D3","{""star"": 1, ""OHgas"": 1}","{""OHstar"": 1}","001","Mo26TiB57","001",-3.8281629599998723,,"MoB2-Ti-B03","Mo26TiB57"
"OH(g) + * -> OH*","{""OH"": ""site5""}","UmVhY3Rpb246NDc1MTIx","PBE_D3","{""star"": 1, ""OHgas"": 1}","{""OHstar"": 1}","001","Mo26TiB57","001",-4.732373149999944,,"MoB2-Ti-B03","Mo26TiB57"
"OH(g) + * -> OH*","{""OH"": ""site2""}","UmVhY3Rpb246NDc1MTIy","PBE_D3","{""star"": 1, ""OHgas"": 1}","{""OHstar"": 1}","001","Mo26TiB57","001",-4.734073689999832,,"MoB2-Ti-B03","Mo26TiB57"
"OH(g) + * -> OH*","{""OH"": ""site3""}","UmVhY3Rpb246NDc1MTMx","PBE_D3","{""star"": 1, ""OHgas"": 1}","{""OHstar"": 1}","001","Mo26TiB57","001",-4.734045759999958,,"MoB2-Ti-B03","Mo26TiB57"
"OH(g) + * -> OH*","{""OH"": ""site4""}","UmVhY3Rpb246NDc1MTMy","PBE_D3","{""star"": 1, ""OHgas"": 1}","{""OHstar"": 1}","001","Mo26TiB57","001",-4.733181969999919,,"MoB2-Ti-B03","Mo26TiB57"
"OH(g) + * -> OH*","{""OH"": ""site12""}","UmVhY3Rpb246NDc1MTQ1","PBE_D3","{""star"": 1, ""OHgas"": 1}","{""OHstar"": 1}","001","Mo26TiB57","001",-4.158377249999944,,"MoB2-Ti-B03","Mo26TiB57"
"OH(g) + * -> OH*","{""OH"": ""site15""}","UmVhY3Rpb246NDc1MTQ2","PBE_D3","{""star"": 1, ""OHgas"": 1}","{""OHstar"": 1}","001","Mo26TiB57","001",-3.950416789999963,,"MoB2-Ti-B03","Mo26TiB57"
"OH(g) + * -> OH*","{""OH"": ""site23""}","UmVhY3Rpb246NDc1MTQ5","PBE_D3","{""star"": 1, ""OHgas"": 1}","{""OHstar"": 1}","001","Mo26TiB57","001",-3.6948812199999566,,"MoB2-Ti-B03","Mo26TiB57"
"OH(g) + * -> OH*","{""OH"": ""site24""}","UmVhY3Rpb246NDc1MTUw","PBE_D3","{""star"": 1, ""OHgas"": 1}","{""OHstar"": 1}","001","Mo26TiB57","001",-3.0640393999998423,,"MoB2-Ti-B03","Mo26TiB57"
"OH(g) + * -> OH*","{""OH"": ""site25""}","UmVhY3Rpb246NDc1MTUx","PBE_D3","{""star"": 1, ""OHgas"": 1}","{""OHstar"": 1}","001","Mo26TiB57","001",-3.0379639299999326,,"MoB2-Ti-B03","Mo26TiB57"
"OH(g) + * -> OH*","{""OH"": ""site22""}","UmVhY3Rpb246NDc1MTUz","PBE_D3","{""star"": 1, ""OHgas"": 1}","{""OHstar"": 1}","001","Mo26TiB57","001",-3.7000636599999552,,"MoB2-Ti-B03","Mo26TiB57"
"OH(g) + * -> OH*","{""OH"": ""site14""}","UmVhY3Rpb246NDc1MTU0","PBE_D3","{""star"": 1, ""OHgas"": 1}","{""OHstar"": 1}","001","Mo26TiB57","001",-3.9779439799999636,,"MoB2-Ti-B03","Mo26TiB57"
"OH(g) + * -> OH*","{""OH"": ""site13""}","UmVhY3Rpb246NDc1MTU1","PBE_D3","{""star"": 1, ""OHgas"": 1}","{""OHstar"": 1}","001","Mo26TiB57","001",-4.158338639999897,,"MoB2-Ti-B03","Mo26TiB57"
"OH(g) + * -> OH*","{""OH"": ""site8""}","UmVhY3Rpb246NDc1MTY2","PBE_D3","{""star"": 1, ""OHgas"": 1}","{""OHstar"": 1}","001","Mo26VB57","001",-4.715536389999784,,"MoB2-V-B03","Mo26VB57"
"OH(g) + * -> OH*","{""OH"": ""site1""}","UmVhY3Rpb246NDc1MTY3","PBE_D3","{""star"": 1, ""OHgas"": 1}","{""OHstar"": 1}","001","Mo26VB57","001",-4.745208219999768,,"MoB2-V-B03","Mo26VB57"
"OH(g) + * -> OH*","{""OH"": ""site6""}","UmVhY3Rpb246NDc1MTY4","PBE_D3","{""star"": 1, ""OHgas"": 1}","{""OHstar"": 1}","001","Mo26VB57","001",-4.742527839999866,,"MoB2-V-B03","Mo26VB57"
"OH(g) + * -> OH*","{""OH"": ""site7""}","UmVhY3Rpb246NDc1MTcz","PBE_D3","{""star"": 1, ""OHgas"": 1}","{""OHstar"": 1}","001","Mo26VB57","001",-4.716408759999922,,"MoB2-V-B03","Mo26VB57"
"OH(g) + * -> OH*","{""OH"": ""site9""}","UmVhY3Rpb246NDc1MTc0","PBE_D3","{""star"": 1, ""OHgas"": 1}","{""OHstar"": 1}","001","Mo26VB57","001",-4.7145691799998986,,"MoB2-V-B03","Mo26VB57"
"OH(g) + * -> OH*","{""OH"": ""site29""}","UmVhY3Rpb246NDc1MTkx","PBE_D3","{""star"": 1, ""OHgas"": 1}","{""OHstar"": 1}","001","Mo26VB57","001",-3.6397625699999026,,"MoB2-V-B03","Mo26VB57"
"OH(g) + * -> OH*","{""OH"": ""site16""}","UmVhY3Rpb246NDc1MTky","PBE_D3","{""star"": 1, ""OHgas"": 1}","{""OHstar"": 1}","001","Mo26VB57","001",-4.172052809999855,,"MoB2-V-B03","Mo26VB57"
"OH(g) + * -> OH*","{""OH"": ""site11""}","UmVhY3Rpb246NDc1MTk1","PBE_D3","{""star"": 1, ""OHgas"": 1}","{""OHstar"": 1}","001","Mo26VB57","001",-4.683386129999917,,"MoB2-V-B03","Mo26VB57"
"OH(g) + * -> OH*","{""OH"": ""site18""}","UmVhY3Rpb246NDc1MTk2","PBE_D3","{""star"": 1, ""OHgas"": 1}","{""OHstar"": 1}","001","Mo26VB57","001",-4.156541879999963,,"MoB2-V-B03","Mo26VB57"
"OH(g) + * -> OH*","{""OH"": ""site27""}","UmVhY3Rpb246NDc1MTk3","PBE_D3","{""star"": 1, ""OHgas"": 1}","{""OHstar"": 1}","001","Mo26VB57","001",-3.6678407299999662,,"MoB2-V-B03","Mo26VB57"
"OH(g) + * -> OH*","{""OH"": ""site20""}","UmVhY3Rpb246NDc1MTk4","PBE_D3","{""star"": 1, ""OHgas"": 1}","{""OHstar"": 1}","001","Mo26VB57","001",-3.999465379999833,,"MoB2-V-B03","Mo26VB57"
"OH(g) + * -> OH*","{""OH"": ""site21""}","UmVhY3Rpb246NDc1MTk5","PBE_D3","{""star"": 1, ""OHgas"": 1}","{""OHstar"": 1}","001","Mo26VB57","001",-3.998848259999818,,"MoB2-V-B03","Mo26VB57"
"OH(g) + * -> OH*","{""OH"": ""site19""}","UmVhY3Rpb246NDc1MjAw","PBE_D3","{""star"": 1, ""OHgas"": 1}","{""OHstar"": 1}","001","Mo26VB57","001",-3.999865569999997,,"MoB2-V-B03","Mo26VB57"
"OH(g) + * -> OH*","{""OH"": ""site26""}","UmVhY3Rpb246NDc1MjAx","PBE_D3","{""star"": 1, ""OHgas"": 1}","{""OHstar"": 1}","001","Mo26VB57","001",-3.6679366799999116,,"MoB2-V-B03","Mo26VB57"
"OH(g) + * -> OH*","{""OH"": ""site10""}","UmVhY3Rpb246NDc1MjAy","PBE_D3","{""star"": 1, ""OHgas"": 1}","{""OHstar"": 1}","001","Mo26VB57","001",-4.7007767999999714,,"MoB2-V-B03","Mo26VB57"
"OH(g) + * -> OH*","{""OH"": ""site28""}","UmVhY3Rpb246NDc1MjA0","PBE_D3","{""star"": 1, ""OHgas"": 1}","{""OHstar"": 1}","001","Mo26VB57","001",-3.6428854199999705,,"MoB2-V-B03","Mo26VB57"
"OH(g) + * -> OH*","{""OH"": ""site17""}","UmVhY3Rpb246NDc1MjA2","PBE_D3","{""star"": 1, ""OHgas"": 1}","{""OHstar"": 1}","001","Mo26VB57","001",-4.157418969999867,,"MoB2-V-B03","Mo26VB57"
"OH(g) + * -> OH*","{""OH"": ""site5""}","UmVhY3Rpb246NDc1MjI0","PBE_D3","{""star"": 1, ""OHgas"": 1}","{""OHstar"": 1}","001","Mo26VB57","001",-4.742617199999927,,"MoB2-V-B03","Mo26VB57"
"OH(g) + * -> OH*","{""OH"": ""site2""}","UmVhY3Rpb246NDc1MjI1","PBE_D3","{""star"": 1, ""OHgas"": 1}","{""OHstar"": 1}","001","Mo26VB57","001",-4.744340559999955,,"MoB2-V-B03","Mo26VB57"
"OH(g) + * -> OH*","{""OH"": ""site3""}","UmVhY3Rpb246NDc1MjMy","PBE_D3","{""star"": 1, ""OHgas"": 1}","{""OHstar"": 1}","001","Mo26VB57","001",-4.742740529999878,,"MoB2-V-B03","Mo26VB57"
"OH(g) + * -> OH*","{""OH"": ""site4""}","UmVhY3Rpb246NDc1MjMz","PBE_D3","{""star"": 1, ""OHgas"": 1}","{""OHstar"": 1}","001","Mo26VB57","001",-4.742655579999791,,"MoB2-V-B03","Mo26VB57"
"OH(g) + * -> OH*","{""OH"": ""site30""}","UmVhY3Rpb246NDc1MjQy","PBE_D3","{""star"": 1, ""OHgas"": 1}","{""OHstar"": 1}","001","Mo26VB57","001",-2.8418070299998135,,"MoB2-V-B03","Mo26VB57"
"OH(g) + * -> OH*","{""OH"": ""site12""}","UmVhY3Rpb246NDc1MjQ3","PBE_D3","{""star"": 1, ""OHgas"": 1}","{""OHstar"": 1}","001","Mo26VB57","001",-4.174119389999987,,"MoB2-V-B03","Mo26VB57"
"OH(g) + * -> OH*","{""OH"": ""site15""}","UmVhY3Rpb246NDc1MjQ4","PBE_D3","{""star"": 1, ""OHgas"": 1}","{""OHstar"": 1}","001","Mo26VB57","001",-4.1725409899997885,,"MoB2-V-B03","Mo26VB57"
"OH(g) + * -> OH*","{""OH"": ""site23""}","UmVhY3Rpb246NDc1MjUx","PBE_D3","{""star"": 1, ""OHgas"": 1}","{""OHstar"": 1}","001","Mo26VB57","001",-3.8143506899998556,,"MoB2-V-B03","Mo26VB57"
"OH(g) + * -> OH*","{""OH"": ""site24""}","UmVhY3Rpb246NDc1MjUy","PBE_D3","{""star"": 1, ""OHgas"": 1}","{""OHstar"": 1}","001","Mo26VB57","001",-3.8060805999998593,,"MoB2-V-B03","Mo26VB57"
"OH(g) + * -> OH*","{""OH"": ""site25""}","UmVhY3Rpb246NDc1MjUz","PBE_D3","{""star"": 1, ""OHgas"": 1}","{""OHstar"": 1}","001","Mo26VB57","001",-3.782806009999831,,"MoB2-V-B03","Mo26VB57"
"OH(g) + * -> OH*","{""OH"": ""site22""}","UmVhY3Rpb246NDc1MjU1","PBE_D3","{""star"": 1, ""OHgas"": 1}","{""OHstar"": 1}","001","Mo26VB57","001",-3.8184818299998824,,"MoB2-V-B03","Mo26VB57"
"OH(g) + * -> OH*","{""OH"": ""site14""}","UmVhY3Rpb246NDc1MjU2","PBE_D3","{""star"": 1, ""OHgas"": 1}","{""OHstar"": 1}","001","Mo26VB57","001",-4.173897639999836,,"MoB2-V-B03","Mo26VB57"
"OH(g) + * -> OH*","{""OH"": ""site13""}","UmVhY3Rpb246NDc1MjU3","PBE_D3","{""star"": 1, ""OHgas"": 1}","{""OHstar"": 1}","001","Mo26VB57","001",-4.174058079999895,,"MoB2-V-B03","Mo26VB57"
"OH(g) + * -> OH*","{""OH"": ""site8""}","UmVhY3Rpb246NDc1Mjcw","PBE_D3","{""star"": 1, ""OHgas"": 1}","{""OHstar"": 1}","001","CrMo26B55","001",-4.24345905999985,,"MoB2-Cr-B01","CrMo26B55"
"OH(g) + * -> OH*","{""OH"": ""site1""}","UmVhY3Rpb246NDc1Mjcx","PBE_D3","{""star"": 1, ""OHgas"": 1}","{""OHstar"": 1}","001","CrMo26B55","001",-4.6975398599998925,,"MoB2-Cr-B01","CrMo26B55"
"OH(g) + * -> OH*","{""OH"": ""site6""}","UmVhY3Rpb246NDc1Mjcy","PBE_D3","{""star"": 1, ""OHgas"": 1}","{""OHstar"": 1}","001","CrMo26B55","001",-4.244307939999999,,"MoB2-Cr-B01","CrMo26B55"
"OH(g) + * -> OH*","{""OH"": ""site7""}","UmVhY3Rpb246NDc1Mjc3","PBE_D3","{""star"": 1, ""OHgas"": 1}","{""OHstar"": 1}","001","CrMo26B55","001",-4.243978019999872,,"MoB2-Cr-B01","CrMo26B55"
"OH(g) + * -> OH*","{""OH"": ""site9""}","UmVhY3Rpb246NDc1Mjc4","PBE_D3","{""star"": 1, ""OHgas"": 1}","{""OHstar"": 1}","001","CrMo26B55","001",-4.222506230000022,,"MoB2-Cr-B01","CrMo26B55"
"OH(g) + * -> OH*","{""OH"": ""site16""}","UmVhY3Rpb246NDc1Mjkx","PBE_D3","{""star"": 1, ""OHgas"": 1}","{""OHstar"": 1}","001","CrMo26B55","001",-4.213695729999927,,"MoB2-Cr-B01","CrMo26B55"
"OH(g) + * -> OH*","{""OH"": ""site11""}","UmVhY3Rpb246NDc1Mjk0","PBE_D3","{""star"": 1, ""OHgas"": 1}","{""OHstar"": 1}","001","CrMo26B55","001",-4.218702739999912,,"MoB2-Cr-B01","CrMo26B55"
"OH(g) + * -> OH*","{""OH"": ""site18""}","UmVhY3Rpb246NDc1Mjk1","PBE_D3","{""star"": 1, ""OHgas"": 1}","{""OHstar"": 1}","001","CrMo26B55","001",-4.114573029999974,,"MoB2-Cr-B01","CrMo26B55"
"OH(g) + * -> OH*","{""OH"": ""site20""}","UmVhY3Rpb246NDc1Mjk2","PBE_D3","{""star"": 1, ""OHgas"": 1}","{""OHstar"": 1}","001","CrMo26B55","001",-4.07792958999994,,"MoB2-Cr-B01","CrMo26B55"
"OH(g) + * -> OH*","{""OH"": ""site21""}","UmVhY3Rpb246NDc1Mjk3","PBE_D3","{""star"": 1, ""OHgas"": 1}","{""OHstar"": 1}","001","CrMo26B55","001",-4.07782138999994,,"MoB2-Cr-B01","CrMo26B55"
"OH(g) + * -> OH*","{""OH"": ""site19""}","UmVhY3Rpb246NDc1Mjk4","PBE_D3","{""star"": 1, ""OHgas"": 1}","{""OHstar"": 1}","001","CrMo26B55","001",-4.078329960000019,,"MoB2-Cr-B01","CrMo26B55"
"OH(g) + * -> OH*","{""OH"": ""site26""}","UmVhY3Rpb246NDc1Mjk5","PBE_D3","{""star"": 1, ""OHgas"": 1}","{""OHstar"": 1}","001","CrMo26B55","001",-3.0750969299999724,,"MoB2-Cr-B01","CrMo26B55"
"OH(g) + * -> OH*","{""OH"": ""site10""}","UmVhY3Rpb246NDc1MzAw","PBE_D3","{""star"": 1, ""OHgas"": 1}","{""OHstar"": 1}","001","CrMo26B55","001",-4.221903619999921,,"MoB2-Cr-B01","CrMo26B55"
"OH(g) + * -> OH*","{""OH"": ""site17""}","UmVhY3Rpb246NDc1MzAz","PBE_D3","{""star"": 1, ""OHgas"": 1}","{""OHstar"": 1}","001","CrMo26B55","001",-4.114895249999904,,"MoB2-Cr-B01","CrMo26B55"
"H2O(g) - 0.5H2(g) + * -> OH*","{""OH"": ""hollow|A_A_A|FCC""}","UmVhY3Rpb246MzM5Njc0","BEEF-vdW","{""star"": 1, ""H2gas"": -0.5, ""H2Ogas"": 1.0}","{""OHstar"": 1}","111","Cd12","111",0.2482208829795809,,"Cd","Cd12"
"OH(g) + * -> OH*","{""OH"": ""site5""}","UmVhY3Rpb246NDc1MzE3","PBE_D3","{""star"": 1, ""OHgas"": 1}","{""OHstar"": 1}","001","CrMo26B55","001",-4.2454356699998925,,"MoB2-Cr-B01","CrMo26B55"
"OH(g) + * -> OH*","{""OH"": ""site2""}","UmVhY3Rpb246NDc1MzE4","PBE_D3","{""star"": 1, ""OHgas"": 1}","{""OHstar"": 1}","001","CrMo26B55","001",-4.696554649999939,,"MoB2-Cr-B01","CrMo26B55"
"OH(g) + * -> OH*","{""OH"": ""site3""}","UmVhY3Rpb246NDc1MzIz","PBE_D3","{""star"": 1, ""OHgas"": 1}","{""OHstar"": 1}","001","CrMo26B55","001",-4.696195309999894,,"MoB2-Cr-B01","CrMo26B55"
"OH(g) + * -> OH*","{""OH"": ""site4""}","UmVhY3Rpb246NDc1MzI0","PBE_D3","{""star"": 1, ""OHgas"": 1}","{""OHstar"": 1}","001","CrMo26B55","001",-4.262566329999913,,"MoB2-Cr-B01","CrMo26B55"
"H2O(g) - 0.5H2(g) + * -> OH*","{""OH"": ""hollow|A_A_A|HCP""}","UmVhY3Rpb246MzM5Njc1","BEEF-vdW","{""star"": 1, ""H2gas"": -0.5, ""H2Ogas"": 1.0}","{""OHstar"": 1}","111","Cd12","111",0.2294330550802215,,"Cd","Cd12"
"OH(g) + * -> OH*","{""OH"": ""site12""}","UmVhY3Rpb246NDc1MzM3","PBE_D3","{""star"": 1, ""OHgas"": 1}","{""OHstar"": 1}","001","CrMo26B55","001",-4.2181761100000585,,"MoB2-Cr-B01","CrMo26B55"
"OH(g) + * -> OH*","{""OH"": ""site15""}","UmVhY3Rpb246NDc1MzM4","PBE_D3","{""star"": 1, ""OHgas"": 1}","{""OHstar"": 1}","001","CrMo26B55","001",-4.214769469999851,,"MoB2-Cr-B01","CrMo26B55"
"OH(g) + * -> OH*","{""OH"": ""site23""}","UmVhY3Rpb246NDc1MzQx","PBE_D3","{""star"": 1, ""OHgas"": 1}","{""OHstar"": 1}","001","CrMo26B55","001",-3.8294694200000094,,"MoB2-Cr-B01","CrMo26B55"
"OH(g) + * -> OH*","{""OH"": ""site24""}","UmVhY3Rpb246NDc1MzQy","PBE_D3","{""star"": 1, ""OHgas"": 1}","{""OHstar"": 1}","001","CrMo26B55","001",-3.7842547799999693,,"MoB2-Cr-B01","CrMo26B55"
"OH(g) + * -> OH*","{""OH"": ""site25""}","UmVhY3Rpb246NDc1MzQz","PBE_D3","{""star"": 1, ""OHgas"": 1}","{""OHstar"": 1}","001","CrMo26B55","001",-3.3734252199999446,,"MoB2-Cr-B01","CrMo26B55"
"OH(g) + * -> OH*","{""OH"": ""site22""}","UmVhY3Rpb246NDc1MzQ1","PBE_D3","{""star"": 1, ""OHgas"": 1}","{""OHstar"": 1}","001","CrMo26B55","001",-4.056489069999884,,"MoB2-Cr-B01","CrMo26B55"
"OH(g) + * -> OH*","{""OH"": ""site14""}","UmVhY3Rpb246NDc1MzQ2","PBE_D3","{""star"": 1, ""OHgas"": 1}","{""OHstar"": 1}","001","CrMo26B55","001",-4.214861579999933,,"MoB2-Cr-B01","CrMo26B55"
"OH(g) + * -> OH*","{""OH"": ""site13""}","UmVhY3Rpb246NDc1MzQ3","PBE_D3","{""star"": 1, ""OHgas"": 1}","{""OHstar"": 1}","001","CrMo26B55","001",-4.21706195999991,,"MoB2-Cr-B01","CrMo26B55"
"OH(g) + * -> OH*","{""OH"": ""site8""}","UmVhY3Rpb246NDc1NjAx","PBE_D3","{""star"": 1, ""OHgas"": 1}","{""OHstar"": 1}","001","Mo26TaB54","001",-4.227667259999862,,"MoB2-Ta-B00","Mo26TaB54"
"OH(g) + * -> OH*","{""OH"": ""site1""}","UmVhY3Rpb246NDc1NjAy","PBE_D3","{""star"": 1, ""OHgas"": 1}","{""OHstar"": 1}","001","Mo26TaB54","001",-4.312656029999744,,"MoB2-Ta-B00","Mo26TaB54"
"OH(g) + * -> OH*","{""OH"": ""site6""}","UmVhY3Rpb246NDc1NjAz","PBE_D3","{""star"": 1, ""OHgas"": 1}","{""OHstar"": 1}","001","Mo26TaB54","001",-4.284968329999742,,"MoB2-Ta-B00","Mo26TaB54"
"OH(g) + * -> OH*","{""OH"": ""site7""}","UmVhY3Rpb246NDc1NjA2","PBE_D3","{""star"": 1, ""OHgas"": 1}","{""OHstar"": 1}","001","Mo26TaB54","001",-4.228130739999756,,"MoB2-Ta-B00","Mo26TaB54"
"OH(g) + * -> OH*","{""OH"": ""site9""}","UmVhY3Rpb246NDc1NjA3","PBE_D3","{""star"": 1, ""OHgas"": 1}","{""OHstar"": 1}","001","Mo26TaB54","001",-4.223502849999818,,"MoB2-Ta-B00","Mo26TaB54"
"OH(g) + * -> OH*","{""OH"": ""site16""}","UmVhY3Rpb246NDc1NjE5","PBE_D3","{""star"": 1, ""OHgas"": 1}","{""OHstar"": 1}","001","Mo26TaB54","001",-4.030979019999904,,"MoB2-Ta-B00","Mo26TaB54"
"OH(g) + * -> OH*","{""OH"": ""site11""}","UmVhY3Rpb246NDc1NjIy","PBE_D3","{""star"": 1, ""OHgas"": 1}","{""OHstar"": 1}","001","Mo26TaB54","001",-4.222868629999766,,"MoB2-Ta-B00","Mo26TaB54"
"OH(g) + * -> OH*","{""OH"": ""site18""}","UmVhY3Rpb246NDc1NjIz","PBE_D3","{""star"": 1, ""OHgas"": 1}","{""OHstar"": 1}","001","Mo26TaB54","001",-3.9945005799997944,,"MoB2-Ta-B00","Mo26TaB54"
"OH(g) + * -> OH*","{""OH"": ""site19""}","UmVhY3Rpb246NDc1NjI0","PBE_D3","{""star"": 1, ""OHgas"": 1}","{""OHstar"": 1}","001","Mo26TaB54","001",-3.948397959999852,,"MoB2-Ta-B00","Mo26TaB54"
"OH(g) + * -> OH*","{""OH"": ""site10""}","UmVhY3Rpb246NDc1NjI1","PBE_D3","{""star"": 1, ""OHgas"": 1}","{""OHstar"": 1}","001","Mo26TaB54","001",-4.2233536399998,,"MoB2-Ta-B00","Mo26TaB54"
"OH(g) + * -> OH*","{""OH"": ""site17""}","UmVhY3Rpb246NDc1NjI4","PBE_D3","{""star"": 1, ""OHgas"": 1}","{""OHstar"": 1}","001","Mo26TaB54","001",-4.028495709999902,,"MoB2-Ta-B00","Mo26TaB54"
"OH(g) + * -> OH*","{""OH"": ""site5""}","UmVhY3Rpb246NDc1NjQw","PBE_D3","{""star"": 1, ""OHgas"": 1}","{""OHstar"": 1}","001","Mo26TaB54","001",-4.300782699999786,,"MoB2-Ta-B00","Mo26TaB54"
"OH(g) + * -> OH*","{""OH"": ""site2""}","UmVhY3Rpb246NDc1NjQx","PBE_D3","{""star"": 1, ""OHgas"": 1}","{""OHstar"": 1}","001","Mo26TaB54","001",-4.312587389999862,,"MoB2-Ta-B00","Mo26TaB54"
"OH(g) + * -> OH*","{""OH"": ""site3""}","UmVhY3Rpb246NDc1NjQ0","PBE_D3","{""star"": 1, ""OHgas"": 1}","{""OHstar"": 1}","001","Mo26TaB54","001",-4.302683219999835,,"MoB2-Ta-B00","Mo26TaB54"
"OH(g) + * -> OH*","{""OH"": ""site4""}","UmVhY3Rpb246NDc1NjQ1","PBE_D3","{""star"": 1, ""OHgas"": 1}","{""OHstar"": 1}","001","Mo26TaB54","001",-4.302486109999904,,"MoB2-Ta-B00","Mo26TaB54"
"OH(g) + * -> OH*","{""OH"": ""site12""}","UmVhY3Rpb246NDc1NjU2","PBE_D3","{""star"": 1, ""OHgas"": 1}","{""OHstar"": 1}","001","Mo26TaB54","001",-4.222686559999829,,"MoB2-Ta-B00","Mo26TaB54"
"OH(g) + * -> OH*","{""OH"": ""site15""}","UmVhY3Rpb246NDc1NjU3","PBE_D3","{""star"": 1, ""OHgas"": 1}","{""OHstar"": 1}","001","Mo26TaB54","001",-4.035741389999885,,"MoB2-Ta-B00","Mo26TaB54"
"OH(g) + * -> OH*","{""OH"": ""site14""}","UmVhY3Rpb246NDc1NjYx","PBE_D3","{""star"": 1, ""OHgas"": 1}","{""OHstar"": 1}","001","Mo26TaB54","001",-4.035994249999817,,"MoB2-Ta-B00","Mo26TaB54"
"OH(g) + * -> OH*","{""OH"": ""site13""}","UmVhY3Rpb246NDc1NjYy","PBE_D3","{""star"": 1, ""OHgas"": 1}","{""OHstar"": 1}","001","Mo26TaB54","001",-4.182143039999801,,"MoB2-Ta-B00","Mo26TaB54"
"OH(g) + * -> OH*","{""OH"": ""site8""}","UmVhY3Rpb246NDc1OTA1","PBE_D3","{""star"": 1, ""OHgas"": 1}","{""OHstar"": 1}","001","HfMo26B57","001",-4.705247909999912,,"MoB2-Hf-B03","HfMo26B57"
"OH(g) + * -> OH*","{""OH"": ""site1""}","UmVhY3Rpb246NDc1OTA2","PBE_D3","{""star"": 1, ""OHgas"": 1}","{""OHstar"": 1}","001","HfMo26B57","001",-4.730475859999956,,"MoB2-Hf-B03","HfMo26B57"
"OH(g) + * -> OH*","{""OH"": ""site6""}","UmVhY3Rpb246NDc1OTA3","PBE_D3","{""star"": 1, ""OHgas"": 1}","{""OHstar"": 1}","001","HfMo26B57","001",-4.708319469999992,,"MoB2-Hf-B03","HfMo26B57"
"OH(g) + * -> OH*","{""OH"": ""site7""}","UmVhY3Rpb246NDc1OTE0","PBE_D3","{""star"": 1, ""OHgas"": 1}","{""OHstar"": 1}","001","HfMo26B57","001",-4.7058901099999275,,"MoB2-Hf-B03","HfMo26B57"
"OH(g) + * -> OH*","{""OH"": ""site9""}","UmVhY3Rpb246NDc1OTE1","PBE_D3","{""star"": 1, ""OHgas"": 1}","{""OHstar"": 1}","001","HfMo26B57","001",-4.107943589999991,,"MoB2-Hf-B03","HfMo26B57"
"OH(g) + * -> OH*","{""OH"": ""site16""}","UmVhY3Rpb246NDc1OTM0","PBE_D3","{""star"": 1, ""OHgas"": 1}","{""OHstar"": 1}","001","HfMo26B57","001",-3.8246882999999343,,"MoB2-Hf-B03","HfMo26B57"
"OH(g) + * -> OH*","{""OH"": ""site11""}","UmVhY3Rpb246NDc1OTM3","PBE_D3","{""star"": 1, ""OHgas"": 1}","{""OHstar"": 1}","001","HfMo26B57","001",-4.104158199999802,,"MoB2-Hf-B03","HfMo26B57"
"OH(g) + * -> OH*","{""OH"": ""site18""}","UmVhY3Rpb246NDc1OTM4","PBE_D3","{""star"": 1, ""OHgas"": 1}","{""OHstar"": 1}","001","HfMo26B57","001",-3.742924579999908,,"MoB2-Hf-B03","HfMo26B57"
"OH(g) + * -> OH*","{""OH"": ""site20""}","UmVhY3Rpb246NDc1OTM5","PBE_D3","{""star"": 1, ""OHgas"": 1}","{""OHstar"": 1}","001","HfMo26B57","001",-3.7422980399999233,,"MoB2-Hf-B03","HfMo26B57"
"OH(g) + * -> OH*","{""OH"": ""site21""}","UmVhY3Rpb246NDc1OTQw","PBE_D3","{""star"": 1, ""OHgas"": 1}","{""OHstar"": 1}","001","HfMo26B57","001",-3.040392919999931,,"MoB2-Hf-B03","HfMo26B57"
"OH(g) + * -> OH*","{""OH"": ""site19""}","UmVhY3Rpb246NDc1OTQx","PBE_D3","{""star"": 1, ""OHgas"": 1}","{""OHstar"": 1}","001","HfMo26B57","001",-3.742440219999935,,"MoB2-Hf-B03","HfMo26B57"
"OH(g) + * -> OH*","{""OH"": ""site10""}","UmVhY3Rpb246NDc1OTQy","PBE_D3","{""star"": 1, ""OHgas"": 1}","{""OHstar"": 1}","001","HfMo26B57","001",-4.107896600000004,,"MoB2-Hf-B03","HfMo26B57"
"OH(g) + * -> OH*","{""OH"": ""site17""}","UmVhY3Rpb246NDc1OTQ1","PBE_D3","{""star"": 1, ""OHgas"": 1}","{""OHstar"": 1}","001","HfMo26B57","001",-3.778989509999974,,"MoB2-Hf-B03","HfMo26B57"
"OH(g) + * -> OH*","{""OH"": ""site5""}","UmVhY3Rpb246NDc1OTYx","PBE_D3","{""star"": 1, ""OHgas"": 1}","{""OHstar"": 1}","001","HfMo26B57","001",-4.712863319999997,,"MoB2-Hf-B03","HfMo26B57"
"OH(g) + * -> OH*","{""OH"": ""site2""}","UmVhY3Rpb246NDc1OTYy","PBE_D3","{""star"": 1, ""OHgas"": 1}","{""OHstar"": 1}","001","HfMo26B57","001",-4.729574179999986,,"MoB2-Hf-B03","HfMo26B57"
"OH(g) + * -> OH*","{""OH"": ""site3""}","UmVhY3Rpb246NDc1OTcw","PBE_D3","{""star"": 1, ""OHgas"": 1}","{""OHstar"": 1}","001","HfMo26B57","001",-4.729102990000001,,"MoB2-Hf-B03","HfMo26B57"
"OH(g) + * -> OH*","{""OH"": ""site4""}","UmVhY3Rpb246NDc1OTcx","PBE_D3","{""star"": 1, ""OHgas"": 1}","{""OHstar"": 1}","001","HfMo26B57","001",-4.727730859999838,,"MoB2-Hf-B03","HfMo26B57"
"OH(g) + * -> OH*","{""OH"": ""site12""}","UmVhY3Rpb246NDc1OTg0","PBE_D3","{""star"": 1, ""OHgas"": 1}","{""OHstar"": 1}","001","HfMo26B57","001",-4.104144339999948,,"MoB2-Hf-B03","HfMo26B57"
"OH(g) + * -> OH*","{""OH"": ""site15""}","UmVhY3Rpb246NDc1OTg1","PBE_D3","{""star"": 1, ""OHgas"": 1}","{""OHstar"": 1}","001","HfMo26B57","001",-3.96917770999994,,"MoB2-Hf-B03","HfMo26B57"
"OH(g) + * -> OH*","{""OH"": ""site23""}","UmVhY3Rpb246NDc1OTg4","PBE_D3","{""star"": 1, ""OHgas"": 1}","{""OHstar"": 1}","001","HfMo26B57","001",-2.799990419999972,,"MoB2-Hf-B03","HfMo26B57"
"OH(g) + * -> OH*","{""OH"": ""site24""}","UmVhY3Rpb246NDc1OTg5","PBE_D3","{""star"": 1, ""OHgas"": 1}","{""OHstar"": 1}","001","HfMo26B57","001",-2.7486882399999786,,"MoB2-Hf-B03","HfMo26B57"
"OH(g) + * -> OH*","{""OH"": ""site22""}","UmVhY3Rpb246NDc1OTkx","PBE_D3","{""star"": 1, ""OHgas"": 1}","{""OHstar"": 1}","001","HfMo26B57","001",-3.037801419999937,,"MoB2-Hf-B03","HfMo26B57"
"OH(g) + * -> OH*","{""OH"": ""site14""}","UmVhY3Rpb246NDc1OTky","PBE_D3","{""star"": 1, ""OHgas"": 1}","{""OHstar"": 1}","001","HfMo26B57","001",-4.027518359999931,,"MoB2-Hf-B03","HfMo26B57"
"OH(g) + * -> OH*","{""OH"": ""site13""}","UmVhY3Rpb246NDc1OTkz","PBE_D3","{""star"": 1, ""OHgas"": 1}","{""OHstar"": 1}","001","HfMo26B57","001",-4.1041314299999385,,"MoB2-Hf-B03","HfMo26B57"
"OH(g) + * -> OH*","{""OH"": ""site8""}","UmVhY3Rpb246NDc2MDA0","PBE_D3","{""star"": 1, ""OHgas"": 1}","{""OHstar"": 1}","001","Mo26WB56","001",-4.7505892899999935,,"MoB2-W-B02","Mo26WB56"
"OH(g) + * -> OH*","{""OH"": ""site1""}","UmVhY3Rpb246NDc2MDA1","PBE_D3","{""star"": 1, ""OHgas"": 1}","{""OHstar"": 1}","001","Mo26WB56","001",-4.756456940000021,,"MoB2-W-B02","Mo26WB56"
"OH(g) + * -> OH*","{""OH"": ""site6""}","UmVhY3Rpb246NDc2MDA2","PBE_D3","{""star"": 1, ""OHgas"": 1}","{""OHstar"": 1}","001","Mo26WB56","001",-4.751863809999918,,"MoB2-W-B02","Mo26WB56"
"OH(g) + * -> OH*","{""OH"": ""site7""}","UmVhY3Rpb246NDc2MDEz","PBE_D3","{""star"": 1, ""OHgas"": 1}","{""OHstar"": 1}","001","Mo26WB56","001",-4.751503909999883,,"MoB2-W-B02","Mo26WB56"
"OH(g) + * -> OH*","{""OH"": ""site9""}","UmVhY3Rpb246NDc2MDE0","PBE_D3","{""star"": 1, ""OHgas"": 1}","{""OHstar"": 1}","001","Mo26WB56","001",-4.242529890000128,,"MoB2-W-B02","Mo26WB56"
"OH(g) + * -> OH*","{""OH"": ""site32""}","UmVhY3Rpb246NDc2MDI5","PBE_D3","{""star"": 1, ""OHgas"": 1}","{""OHstar"": 1}","001","Mo26WB56","001",-2.9331752499999766,,"MoB2-W-B02","Mo26WB56"
"OH(g) + * -> OH*","{""OH"": ""site33""}","UmVhY3Rpb246NDc2MDM3","PBE_D3","{""star"": 1, ""OHgas"": 1}","{""OHstar"": 1}","001","Mo26WB56","001",-2.9331624999999804,,"MoB2-W-B02","Mo26WB56"
"OH(g) + * -> OH*","{""OH"": ""site34""}","UmVhY3Rpb246NDc2MDM4","PBE_D3","{""star"": 1, ""OHgas"": 1}","{""OHstar"": 1}","001","Mo26WB56","001",-2.9311023499999465,,"MoB2-W-B02","Mo26WB56"
"OH(g) + * -> OH*","{""OH"": ""site29""}","UmVhY3Rpb246NDc2MDQw","PBE_D3","{""star"": 1, ""OHgas"": 1}","{""OHstar"": 1}","001","Mo26WB56","001",-3.211148299999877,,"MoB2-W-B02","Mo26WB56"
"OH(g) + * -> OH*","{""OH"": ""site16""}","UmVhY3Rpb246NDc2MDQx","PBE_D3","{""star"": 1, ""OHgas"": 1}","{""OHstar"": 1}","001","Mo26WB56","001",-4.087377439999955,,"MoB2-W-B02","Mo26WB56"
"OH(g) + * -> OH*","{""OH"": ""site11""}","UmVhY3Rpb246NDc2MDQ0","PBE_D3","{""star"": 1, ""OHgas"": 1}","{""OHstar"": 1}","001","Mo26WB56","001",-4.240288510000028,,"MoB2-W-B02","Mo26WB56"
"OH(g) + * -> OH*","{""OH"": ""site18""}","UmVhY3Rpb246NDc2MDQ1","PBE_D3","{""star"": 1, ""OHgas"": 1}","{""OHstar"": 1}","001","Mo26WB56","001",-4.066811339999958,,"MoB2-W-B02","Mo26WB56"
"OH(g) + * -> OH*","{""OH"": ""site27""}","UmVhY3Rpb246NDc2MDQ2","PBE_D3","{""star"": 1, ""OHgas"": 1}","{""OHstar"": 1}","001","Mo26WB56","001",-3.826630529999875,,"MoB2-W-B02","Mo26WB56"
"OH(g) + * -> OH*","{""OH"": ""site20""}","UmVhY3Rpb246NDc2MDQ3","PBE_D3","{""star"": 1, ""OHgas"": 1}","{""OHstar"": 1}","001","Mo26WB56","001",-4.066285530000073,,"MoB2-W-B02","Mo26WB56"
"OH(g) + * -> OH*","{""OH"": ""site21""}","UmVhY3Rpb246NDc2MDQ4","PBE_D3","{""star"": 1, ""OHgas"": 1}","{""OHstar"": 1}","001","Mo26WB56","001",-4.051041819999909,,"MoB2-W-B02","Mo26WB56"
"OH(g) + * -> OH*","{""OH"": ""site19""}","UmVhY3Rpb246NDc2MDQ5","PBE_D3","{""star"": 1, ""OHgas"": 1}","{""OHstar"": 1}","001","Mo26WB56","001",-4.066286389999959,,"MoB2-W-B02","Mo26WB56"
"OH(g) + * -> OH*","{""OH"": ""site26""}","UmVhY3Rpb246NDc2MDUw","PBE_D3","{""star"": 1, ""OHgas"": 1}","{""OHstar"": 1}","001","Mo26WB56","001",-3.884692090000044,,"MoB2-W-B02","Mo26WB56"
"OH(g) + * -> OH*","{""OH"": ""site10""}","UmVhY3Rpb246NDc2MDUx","PBE_D3","{""star"": 1, ""OHgas"": 1}","{""OHstar"": 1}","001","Mo26WB56","001",-4.242411709999942,,"MoB2-W-B02","Mo26WB56"
"OH(g) + * -> OH*","{""OH"": ""site28""}","UmVhY3Rpb246NDc2MDUz","PBE_D3","{""star"": 1, ""OHgas"": 1}","{""OHstar"": 1}","001","Mo26WB56","001",-3.778275089999852,,"MoB2-W-B02","Mo26WB56"
"OH(g) + * -> OH*","{""OH"": ""site17""}","UmVhY3Rpb246NDc2MDU1","PBE_D3","{""star"": 1, ""OHgas"": 1}","{""OHstar"": 1}","001","Mo26WB56","001",-4.068671300000005,,"MoB2-W-B02","Mo26WB56"
"OH(g) + * -> OH*","{""OH"": ""site5""}","UmVhY3Rpb246NDc2MDcx","PBE_D3","{""star"": 1, ""OHgas"": 1}","{""OHstar"": 1}","001","Mo26WB56","001",-4.752481109999962,,"MoB2-W-B02","Mo26WB56"
"OH(g) + * -> OH*","{""OH"": ""site2""}","UmVhY3Rpb246NDc2MDcy","PBE_D3","{""star"": 1, ""OHgas"": 1}","{""OHstar"": 1}","001","Mo26WB56","001",-4.755556200000001,,"MoB2-W-B02","Mo26WB56"
"OH(g) + * -> OH*","{""OH"": ""site3""}","UmVhY3Rpb246NDc2MDc5","PBE_D3","{""star"": 1, ""OHgas"": 1}","{""OHstar"": 1}","001","Mo26WB56","001",-4.753414619999944,,"MoB2-W-B02","Mo26WB56"
"OH(g) + * -> OH*","{""OH"": ""site4""}","UmVhY3Rpb246NDc2MDgw","PBE_D3","{""star"": 1, ""OHgas"": 1}","{""OHstar"": 1}","001","Mo26WB56","001",-4.752903509999896,,"MoB2-W-B02","Mo26WB56"
"OH(g) + * -> OH*","{""OH"": ""site31""}","UmVhY3Rpb246NDc2MDgy","PBE_D3","{""star"": 1, ""OHgas"": 1}","{""OHstar"": 1}","001","Mo26WB56","001",-2.938605999999936,,"MoB2-W-B02","Mo26WB56"
"OH(g) + * -> OH*","{""OH"": ""site30""}","UmVhY3Rpb246NDc2MDkx","PBE_D3","{""star"": 1, ""OHgas"": 1}","{""OHstar"": 1}","001","Mo26WB56","001",-3.2108844099999487,,"MoB2-W-B02","Mo26WB56"
"OH(g) + * -> OH*","{""OH"": ""site12""}","UmVhY3Rpb246NDc2MDk2","PBE_D3","{""star"": 1, ""OHgas"": 1}","{""OHstar"": 1}","001","Mo26WB56","001",-4.139965379999921,,"MoB2-W-B02","Mo26WB56"
"OH(g) + * -> OH*","{""OH"": ""site15""}","UmVhY3Rpb246NDc2MDk3","PBE_D3","{""star"": 1, ""OHgas"": 1}","{""OHstar"": 1}","001","Mo26WB56","001",-4.087910979999947,,"MoB2-W-B02","Mo26WB56"
"OH(g) + * -> OH*","{""OH"": ""site23""}","UmVhY3Rpb246NDc2MTAw","PBE_D3","{""star"": 1, ""OHgas"": 1}","{""OHstar"": 1}","001","Mo26WB56","001",-3.9864782800000285,,"MoB2-W-B02","Mo26WB56"
"OH(g) + * -> OH*","{""OH"": ""site24""}","UmVhY3Rpb246NDc2MTAx","PBE_D3","{""star"": 1, ""OHgas"": 1}","{""OHstar"": 1}","001","Mo26WB56","001",-3.8859984399999803,,"MoB2-W-B02","Mo26WB56"
"OH(g) + * -> OH*","{""OH"": ""site25""}","UmVhY3Rpb246NDc2MTAy","PBE_D3","{""star"": 1, ""OHgas"": 1}","{""OHstar"": 1}","001","Mo26WB56","001",-3.8858858099999907,,"MoB2-W-B02","Mo26WB56"
"OH(g) + * -> OH*","{""OH"": ""site22""}","UmVhY3Rpb246NDc2MTA0","PBE_D3","{""star"": 1, ""OHgas"": 1}","{""OHstar"": 1}","001","Mo26WB56","001",-3.988522649999936,,"MoB2-W-B02","Mo26WB56"
"OH(g) + * -> OH*","{""OH"": ""site14""}","UmVhY3Rpb246NDc2MTA1","PBE_D3","{""star"": 1, ""OHgas"": 1}","{""OHstar"": 1}","001","Mo26WB56","001",-4.088018300000044,,"MoB2-W-B02","Mo26WB56"
"OH(g) + * -> OH*","{""OH"": ""site13""}","UmVhY3Rpb246NDc2MTA2","PBE_D3","{""star"": 1, ""OHgas"": 1}","{""OHstar"": 1}","001","Mo26WB56","001",-4.08828316000006,,"MoB2-W-B02","Mo26WB56"
"OH(g) + * -> OH*","{""OH"": ""site8""}","UmVhY3Rpb246NDc2MTE3","PBE_D3","{""star"": 1, ""OHgas"": 1}","{""OHstar"": 1}","001","Mo26TaB55","001",-4.24935865000009,,"MoB2-Ta-B01","Mo26TaB55"
"OH(g) + * -> OH*","{""OH"": ""site1""}","UmVhY3Rpb246NDc2MTE4","PBE_D3","{""star"": 1, ""OHgas"": 1}","{""OHstar"": 1}","001","Mo26TaB55","001",-4.691092880000042,,"MoB2-Ta-B01","Mo26TaB55"
"OH(g) + * -> OH*","{""OH"": ""site6""}","UmVhY3Rpb246NDc2MTE5","PBE_D3","{""star"": 1, ""OHgas"": 1}","{""OHstar"": 1}","001","Mo26TaB55","001",-4.687321139999995,,"MoB2-Ta-B01","Mo26TaB55"
"OH(g) + * -> OH*","{""OH"": ""site7""}","UmVhY3Rpb246NDc2MTI0","PBE_D3","{""star"": 1, ""OHgas"": 1}","{""OHstar"": 1}","001","Mo26TaB55","001",-4.25024220000023,,"MoB2-Ta-B01","Mo26TaB55"
"OH(g) + * -> OH*","{""OH"": ""site9""}","UmVhY3Rpb246NDc2MTI1","PBE_D3","{""star"": 1, ""OHgas"": 1}","{""OHstar"": 1}","001","Mo26TaB55","001",-4.240706570000157,,"MoB2-Ta-B01","Mo26TaB55"
"OH(g) + * -> OH*","{""OH"": ""site16""}","UmVhY3Rpb246NDc2MTQ4","PBE_D3","{""star"": 1, ""OHgas"": 1}","{""OHstar"": 1}","001","Mo26TaB55","001",-4.11463133999996,,"MoB2-Ta-B01","Mo26TaB55"
"OH(g) + * -> OH*","{""OH"": ""site11""}","UmVhY3Rpb246NDc2MTUx","PBE_D3","{""star"": 1, ""OHgas"": 1}","{""OHstar"": 1}","001","Mo26TaB55","001",-4.217237060000116,,"MoB2-Ta-B01","Mo26TaB55"
"OH(g) + * -> OH*","{""OH"": ""site18""}","UmVhY3Rpb246NDc2MTUy","PBE_D3","{""star"": 1, ""OHgas"": 1}","{""OHstar"": 1}","001","Mo26TaB55","001",-4.0673113000000285,,"MoB2-Ta-B01","Mo26TaB55"
"OH(g) + * -> OH*","{""OH"": ""site20""}","UmVhY3Rpb246NDc2MTUz","PBE_D3","{""star"": 1, ""OHgas"": 1}","{""OHstar"": 1}","001","Mo26TaB55","001",-4.062563029999978,,"MoB2-Ta-B01","Mo26TaB55"
"OH(g) + * -> OH*","{""OH"": ""site21""}","UmVhY3Rpb246NDc2MTU0","PBE_D3","{""star"": 1, ""OHgas"": 1}","{""OHstar"": 1}","001","Mo26TaB55","001",-4.048153679999928,,"MoB2-Ta-B01","Mo26TaB55"
"OH(g) + * -> OH*","{""OH"": ""site19""}","UmVhY3Rpb246NDc2MTU1","PBE_D3","{""star"": 1, ""OHgas"": 1}","{""OHstar"": 1}","001","Mo26TaB55","001",-4.066981710000164,,"MoB2-Ta-B01","Mo26TaB55"
"OH(g) + * -> OH*","{""OH"": ""site26""}","UmVhY3Rpb246NDc2MTU2","PBE_D3","{""star"": 1, ""OHgas"": 1}","{""OHstar"": 1}","001","Mo26TaB55","001",-2.941917220000164,,"MoB2-Ta-B01","Mo26TaB55"
"OH(g) + * -> OH*","{""OH"": ""site10""}","UmVhY3Rpb246NDc2MTU3","PBE_D3","{""star"": 1, ""OHgas"": 1}","{""OHstar"": 1}","001","Mo26TaB55","001",-4.23987878000014,,"MoB2-Ta-B01","Mo26TaB55"
"OH(g) + * -> OH*","{""OH"": ""site17""}","UmVhY3Rpb246NDc2MTYw","PBE_D3","{""star"": 1, ""OHgas"": 1}","{""OHstar"": 1}","001","Mo26TaB55","001",-4.114540420000026,,"MoB2-Ta-B01","Mo26TaB55"
"OH(g) + * -> OH*","{""OH"": ""site5""}","UmVhY3Rpb246NDc2MTc2","PBE_D3","{""star"": 1, ""OHgas"": 1}","{""OHstar"": 1}","001","Mo26TaB55","001",-4.690051160000053,,"MoB2-Ta-B01","Mo26TaB55"
"OH(g) + * -> OH*","{""OH"": ""site2""}","UmVhY3Rpb246NDc2MTc3","PBE_D3","{""star"": 1, ""OHgas"": 1}","{""OHstar"": 1}","001","Mo26TaB55","001",-4.690518240000074,,"MoB2-Ta-B01","Mo26TaB55"
"OH(g) + * -> OH*","{""OH"": ""site3""}","UmVhY3Rpb246NDc2MTgz","PBE_D3","{""star"": 1, ""OHgas"": 1}","{""OHstar"": 1}","001","Mo26TaB55","001",-4.690361560000042,,"MoB2-Ta-B01","Mo26TaB55"
"OH(g) + * -> OH*","{""OH"": ""site4""}","UmVhY3Rpb246NDc2MTg0","PBE_D3","{""star"": 1, ""OHgas"": 1}","{""OHstar"": 1}","001","Mo26TaB55","001",-4.690109370000073,,"MoB2-Ta-B01","Mo26TaB55"
"OH(g) + * -> OH*","{""OH"": ""site12""}","UmVhY3Rpb246NDc2MjAy","PBE_D3","{""star"": 1, ""OHgas"": 1}","{""OHstar"": 1}","001","Mo26TaB55","001",-4.17924349000009,,"MoB2-Ta-B01","Mo26TaB55"
"OH(g) + * -> OH*","{""OH"": ""site15""}","UmVhY3Rpb246NDc2MjAz","PBE_D3","{""star"": 1, ""OHgas"": 1}","{""OHstar"": 1}","001","Mo26TaB55","001",-4.12679710000009,,"MoB2-Ta-B01","Mo26TaB55"
"OH(g) + * -> OH*","{""OH"": ""site23""}","UmVhY3Rpb246NDc2MjA2","PBE_D3","{""star"": 1, ""OHgas"": 1}","{""OHstar"": 1}","001","Mo26TaB55","001",-3.977948710000078,,"MoB2-Ta-B01","Mo26TaB55"
"OH(g) + * -> OH*","{""OH"": ""site24""}","UmVhY3Rpb246NDc2MjA3","PBE_D3","{""star"": 1, ""OHgas"": 1}","{""OHstar"": 1}","001","Mo26TaB55","001",-3.697772269999973,,"MoB2-Ta-B01","Mo26TaB55"
"OH(g) + * -> OH*","{""OH"": ""site25""}","UmVhY3Rpb246NDc2MjA5","PBE_D3","{""star"": 1, ""OHgas"": 1}","{""OHstar"": 1}","001","Mo26TaB55","001",-3.2479978500001607,,"MoB2-Ta-B01","Mo26TaB55"
"OH(g) + * -> OH*","{""OH"": ""site22""}","UmVhY3Rpb246NDc2MjEx","PBE_D3","{""star"": 1, ""OHgas"": 1}","{""OHstar"": 1}","001","Mo26TaB55","001",-4.011073239999973,,"MoB2-Ta-B01","Mo26TaB55"
"OH(g) + * -> OH*","{""OH"": ""site14""}","UmVhY3Rpb246NDc2MjEy","PBE_D3","{""star"": 1, ""OHgas"": 1}","{""OHstar"": 1}","001","Mo26TaB55","001",-4.129385640000123,,"MoB2-Ta-B01","Mo26TaB55"
"OH(g) + * -> OH*","{""OH"": ""site13""}","UmVhY3Rpb246NDc2MjEz","PBE_D3","{""star"": 1, ""OHgas"": 1}","{""OHstar"": 1}","001","Mo26TaB55","001",-4.129707789999998,,"MoB2-Ta-B01","Mo26TaB55"
"OH(g) + * -> OH*","{""OH"": ""site8""}","UmVhY3Rpb246NDc2MjI0","PBE_D3","{""star"": 1, ""OHgas"": 1}","{""OHstar"": 1}","001","Mo26TaB57","001",-4.111491609999916,,"MoB2-Ta-B03","Mo26TaB57"
"OH(g) + * -> OH*","{""OH"": ""site1""}","UmVhY3Rpb246NDc2MjI1","PBE_D3","{""star"": 1, ""OHgas"": 1}","{""OHstar"": 1}","001","Mo26TaB57","001",-4.779608769999982,,"MoB2-Ta-B03","Mo26TaB57"
"OH(g) + * -> OH*","{""OH"": ""site6""}","UmVhY3Rpb246NDc2MjI2","PBE_D3","{""star"": 1, ""OHgas"": 1}","{""OHstar"": 1}","001","Mo26TaB57","001",-4.734437939999907,,"MoB2-Ta-B03","Mo26TaB57"
"OH(g) + * -> OH*","{""OH"": ""site7""}","UmVhY3Rpb246NDc2MjMx","PBE_D3","{""star"": 1, ""OHgas"": 1}","{""OHstar"": 1}","001","Mo26TaB57","001",-4.717252619999954,,"MoB2-Ta-B03","Mo26TaB57"
"OH(g) + * -> OH*","{""OH"": ""site9""}","UmVhY3Rpb246NDc2MjMy","PBE_D3","{""star"": 1, ""OHgas"": 1}","{""OHstar"": 1}","001","Mo26TaB57","001",-4.111206879999941,,"MoB2-Ta-B03","Mo26TaB57"
"OH(g) + * -> OH*","{""OH"": ""site16""}","UmVhY3Rpb246NDc2MjUy","PBE_D3","{""star"": 1, ""OHgas"": 1}","{""OHstar"": 1}","001","Mo26TaB57","001",-4.060993099999905,,"MoB2-Ta-B03","Mo26TaB57"
"OH(g) + * -> OH*","{""OH"": ""site11""}","UmVhY3Rpb246NDc2MjU1","PBE_D3","{""star"": 1, ""OHgas"": 1}","{""OHstar"": 1}","001","Mo26TaB57","001",-4.100368469999921,,"MoB2-Ta-B03","Mo26TaB57"
"OH(g) + * -> OH*","{""OH"": ""site18""}","UmVhY3Rpb246NDc2MjU2","PBE_D3","{""star"": 1, ""OHgas"": 1}","{""OHstar"": 1}","001","Mo26TaB57","001",-3.83040490999997,,"MoB2-Ta-B03","Mo26TaB57"
"OH(g) + * -> OH*","{""OH"": ""site27""}","UmVhY3Rpb246NDc2MjU3","PBE_D3","{""star"": 1, ""OHgas"": 1}","{""OHstar"": 1}","001","Mo26TaB57","001",-3.056878299999994,,"MoB2-Ta-B03","Mo26TaB57"
"OH(g) + * -> OH*","{""OH"": ""site20""}","UmVhY3Rpb246NDc2MjU4","PBE_D3","{""star"": 1, ""OHgas"": 1}","{""OHstar"": 1}","001","Mo26TaB57","001",-3.823758309999903,,"MoB2-Ta-B03","Mo26TaB57"
"OH(g) + * -> OH*","{""OH"": ""site21""}","UmVhY3Rpb246NDc2MjU5","PBE_D3","{""star"": 1, ""OHgas"": 1}","{""OHstar"": 1}","001","Mo26TaB57","001",-3.8229208300000437,,"MoB2-Ta-B03","Mo26TaB57"
"OH(g) + * -> OH*","{""OH"": ""site19""}","UmVhY3Rpb246NDc2MjYw","PBE_D3","{""star"": 1, ""OHgas"": 1}","{""OHstar"": 1}","001","Mo26TaB57","001",-3.82409647999998,,"MoB2-Ta-B03","Mo26TaB57"
"OH(g) + * -> OH*","{""OH"": ""site26""}","UmVhY3Rpb246NDc2MjYx","PBE_D3","{""star"": 1, ""OHgas"": 1}","{""OHstar"": 1}","001","Mo26TaB57","001",-3.704015130000016,,"MoB2-Ta-B03","Mo26TaB57"
"OH(g) + * -> OH*","{""OH"": ""site10""}","UmVhY3Rpb246NDc2MjYy","PBE_D3","{""star"": 1, ""OHgas"": 1}","{""OHstar"": 1}","001","Mo26TaB57","001",-4.110098239999957,,"MoB2-Ta-B03","Mo26TaB57"
"OH(g) + * -> OH*","{""OH"": ""site28""}","UmVhY3Rpb246NDc2MjY0","PBE_D3","{""star"": 1, ""OHgas"": 1}","{""OHstar"": 1}","001","Mo26TaB57","001",-2.802715180000064,,"MoB2-Ta-B03","Mo26TaB57"
"OH(g) + * -> OH*","{""OH"": ""site17""}","UmVhY3Rpb246NDc2MjY2","PBE_D3","{""star"": 1, ""OHgas"": 1}","{""OHstar"": 1}","001","Mo26TaB57","001",-3.85046619000002,,"MoB2-Ta-B03","Mo26TaB57"
"OH(g) + * -> OH*","{""OH"": ""site5""}","UmVhY3Rpb246NDc2Mjgx","PBE_D3","{""star"": 1, ""OHgas"": 1}","{""OHstar"": 1}","001","Mo26TaB57","001",-4.738058840000122,,"MoB2-Ta-B03","Mo26TaB57"
"OH(g) + * -> OH*","{""OH"": ""site2""}","UmVhY3Rpb246NDc2Mjgy","PBE_D3","{""star"": 1, ""OHgas"": 1}","{""OHstar"": 1}","001","Mo26TaB57","001",-4.779276359999926,,"MoB2-Ta-B03","Mo26TaB57"
"OH(g) + * -> OH*","{""OH"": ""site3""}","UmVhY3Rpb246NDc2Mjg5","PBE_D3","{""star"": 1, ""OHgas"": 1}","{""OHstar"": 1}","001","Mo26TaB57","001",-4.778969889999985,,"MoB2-Ta-B03","Mo26TaB57"
"OH(g) + * -> OH*","{""OH"": ""site4""}","UmVhY3Rpb246NDc2Mjkw","PBE_D3","{""star"": 1, ""OHgas"": 1}","{""OHstar"": 1}","001","Mo26TaB57","001",-4.778500560000111,,"MoB2-Ta-B03","Mo26TaB57"
"OH(g) + * -> OH*","{""OH"": ""site12""}","UmVhY3Rpb246NDc2MzA1","PBE_D3","{""star"": 1, ""OHgas"": 1}","{""OHstar"": 1}","001","Mo26TaB57","001",-4.100153299999988,,"MoB2-Ta-B03","Mo26TaB57"
"OH(g) + * -> OH*","{""OH"": ""site15""}","UmVhY3Rpb246NDc2MzA2","PBE_D3","{""star"": 1, ""OHgas"": 1}","{""OHstar"": 1}","001","Mo26TaB57","001",-4.062391960000014,,"MoB2-Ta-B03","Mo26TaB57"
"OH(g) + * -> OH*","{""OH"": ""site23""}","UmVhY3Rpb246NDc2MzA5","PBE_D3","{""star"": 1, ""OHgas"": 1}","{""OHstar"": 1}","001","Mo26TaB57","001",-3.8060919099999637,,"MoB2-Ta-B03","Mo26TaB57"
"OH(g) + * -> OH*","{""OH"": ""site24""}","UmVhY3Rpb246NDc2MzEw","PBE_D3","{""star"": 1, ""OHgas"": 1}","{""OHstar"": 1}","001","Mo26TaB57","001",-3.8055582799999,,"MoB2-Ta-B03","Mo26TaB57"
"OH(g) + * -> OH*","{""OH"": ""site25""}","UmVhY3Rpb246NDc2MzEx","PBE_D3","{""star"": 1, ""OHgas"": 1}","{""OHstar"": 1}","001","Mo26TaB57","001",-3.8048851300000024,,"MoB2-Ta-B03","Mo26TaB57"
"OH(g) + * -> OH*","{""OH"": ""site22""}","UmVhY3Rpb246NDc2MzEz","PBE_D3","{""star"": 1, ""OHgas"": 1}","{""OHstar"": 1}","001","Mo26TaB57","001",-3.8073780199999874,,"MoB2-Ta-B03","Mo26TaB57"
"OH(g) + * -> OH*","{""OH"": ""site14""}","UmVhY3Rpb246NDc2MzE0","PBE_D3","{""star"": 1, ""OHgas"": 1}","{""OHstar"": 1}","001","Mo26TaB57","001",-4.064918189999958,,"MoB2-Ta-B03","Mo26TaB57"
"OH(g) + * -> OH*","{""OH"": ""site13""}","UmVhY3Rpb246NDc2MzE1","PBE_D3","{""star"": 1, ""OHgas"": 1}","{""OHstar"": 1}","001","Mo26TaB57","001",-4.099302360000024,,"MoB2-Ta-B03","Mo26TaB57"
"OH(g) + * -> OH*","{""OH"": ""site8""}","UmVhY3Rpb246NDc2MzI2","PBE_D3","{""star"": 1, ""OHgas"": 1}","{""OHstar"": 1}","001","HfMo26B54","001",-4.243365659999881,,"MoB2-Hf-B00","HfMo26B54"
"OH(g) + * -> OH*","{""OH"": ""site1""}","UmVhY3Rpb246NDc2MzI3","PBE_D3","{""star"": 1, ""OHgas"": 1}","{""OHstar"": 1}","001","HfMo26B54","001",-4.35912398999983,,"MoB2-Hf-B00","HfMo26B54"
"OH(g) + * -> OH*","{""OH"": ""site6""}","UmVhY3Rpb246NDc2MzI4","PBE_D3","{""star"": 1, ""OHgas"": 1}","{""OHstar"": 1}","001","HfMo26B54","001",-4.304110989999913,,"MoB2-Hf-B00","HfMo26B54"
"OH(g) + * -> OH*","{""OH"": ""site7""}","UmVhY3Rpb246NDc2MzMx","PBE_D3","{""star"": 1, ""OHgas"": 1}","{""OHstar"": 1}","001","HfMo26B54","001",-4.244151679999959,,"MoB2-Hf-B00","HfMo26B54"
"OH(g) + * -> OH*","{""OH"": ""site9""}","UmVhY3Rpb246NDc2MzMy","PBE_D3","{""star"": 1, ""OHgas"": 1}","{""OHstar"": 1}","001","HfMo26B54","001",-4.2325580199998285,,"MoB2-Hf-B00","HfMo26B54"
"OH(g) + * -> OH*","{""OH"": ""site16""}","UmVhY3Rpb246NDc2MzQy","PBE_D3","{""star"": 1, ""OHgas"": 1}","{""OHstar"": 1}","001","HfMo26B54","001",-3.967794079999976,,"MoB2-Hf-B00","HfMo26B54"
"OH(g) + * -> OH*","{""OH"": ""site11""}","UmVhY3Rpb246NDc2MzQ1","PBE_D3","{""star"": 1, ""OHgas"": 1}","{""OHstar"": 1}","001","HfMo26B54","001",-4.04399981999984,,"MoB2-Hf-B00","HfMo26B54"
"OH(g) + * -> OH*","{""OH"": ""site10""}","UmVhY3Rpb246NDc2MzQ2","PBE_D3","{""star"": 1, ""OHgas"": 1}","{""OHstar"": 1}","001","HfMo26B54","001",-4.167553339999813,,"MoB2-Hf-B00","HfMo26B54"
"OH(g) + * -> OH*","{""OH"": ""site5""}","UmVhY3Rpb246NDc2MzU5","PBE_D3","{""star"": 1, ""OHgas"": 1}","{""OHstar"": 1}","001","HfMo26B54","001",-4.304494049999903,,"MoB2-Hf-B00","HfMo26B54"
"OH(g) + * -> OH*","{""OH"": ""site2""}","UmVhY3Rpb246NDc2MzYw","PBE_D3","{""star"": 1, ""OHgas"": 1}","{""OHstar"": 1}","001","HfMo26B54","001",-4.35861763999992,,"MoB2-Hf-B00","HfMo26B54"
"OH(g) + * -> OH*","{""OH"": ""site3""}","UmVhY3Rpb246NDc2MzYy","PBE_D3","{""star"": 1, ""OHgas"": 1}","{""OHstar"": 1}","001","HfMo26B54","001",-4.3259215999999014,,"MoB2-Hf-B00","HfMo26B54"
"OH(g) + * -> OH*","{""OH"": ""site4""}","UmVhY3Rpb246NDc2MzYz","PBE_D3","{""star"": 1, ""OHgas"": 1}","{""OHstar"": 1}","001","HfMo26B54","001",-4.325751249999939,,"MoB2-Hf-B00","HfMo26B54"
"OH(g) + * -> OH*","{""OH"": ""site12""}","UmVhY3Rpb246NDc2Mzc0","PBE_D3","{""star"": 1, ""OHgas"": 1}","{""OHstar"": 1}","001","HfMo26B54","001",-4.034006639999802,,"MoB2-Hf-B00","HfMo26B54"
"OH(g) + * -> OH*","{""OH"": ""site15""}","UmVhY3Rpb246NDc2Mzc1","PBE_D3","{""star"": 1, ""OHgas"": 1}","{""OHstar"": 1}","001","HfMo26B54","001",-4.031218039999885,,"MoB2-Hf-B00","HfMo26B54"
"OH(g) + * -> OH*","{""OH"": ""site14""}","UmVhY3Rpb246NDc2Mzc5","PBE_D3","{""star"": 1, ""OHgas"": 1}","{""OHstar"": 1}","001","HfMo26B54","001",-4.0328337099998635,,"MoB2-Hf-B00","HfMo26B54"
"OH(g) + * -> OH*","{""OH"": ""site13""}","UmVhY3Rpb246NDc2Mzgw","PBE_D3","{""star"": 1, ""OHgas"": 1}","{""OHstar"": 1}","001","HfMo26B54","001",-4.032973739999875,,"MoB2-Hf-B00","HfMo26B54"
"OH(g) + * -> OH*","{""OH"": ""site8""}","UmVhY3Rpb246NDc2Mzg5","PBE_D3","{""star"": 1, ""OHgas"": 1}","{""OHstar"": 1}","001","Mo26WB54","001",-4.240442410000014,,"MoB2-W-B00","Mo26WB54"
"OH(g) + * -> OH*","{""OH"": ""site1""}","UmVhY3Rpb246NDc2Mzkw","PBE_D3","{""star"": 1, ""OHgas"": 1}","{""OHstar"": 1}","001","Mo26WB54","001",-4.281294770000045,,"MoB2-W-B00","Mo26WB54"
"OH(g) + * -> OH*","{""OH"": ""site6""}","UmVhY3Rpb246NDc2Mzkx","PBE_D3","{""star"": 1, ""OHgas"": 1}","{""OHstar"": 1}","001","Mo26WB54","001",-4.252825550000011,,"MoB2-W-B00","Mo26WB54"
"OH(g) + * -> OH*","{""OH"": ""site7""}","UmVhY3Rpb246NDc2Mzkz","PBE_D3","{""star"": 1, ""OHgas"": 1}","{""OHstar"": 1}","001","Mo26WB54","001",-4.251429949999988,,"MoB2-W-B00","Mo26WB54"
"OH(g) + * -> OH*","{""OH"": ""site9""}","UmVhY3Rpb246NDc2Mzk0","PBE_D3","{""star"": 1, ""OHgas"": 1}","{""OHstar"": 1}","001","Mo26WB54","001",-4.239866269999993,,"MoB2-W-B00","Mo26WB54"
"OH(g) + * -> OH*","{""OH"": ""site16""}","UmVhY3Rpb246NDc2NDAx","PBE_D3","{""star"": 1, ""OHgas"": 1}","{""OHstar"": 1}","001","Mo26WB54","001",-4.00116251999998,,"MoB2-W-B00","Mo26WB54"
"OH(g) + * -> OH*","{""OH"": ""site11""}","UmVhY3Rpb246NDc2NDA0","PBE_D3","{""star"": 1, ""OHgas"": 1}","{""OHstar"": 1}","001","Mo26WB54","001",-4.234867789999953,,"MoB2-W-B00","Mo26WB54"
"OH(g) + * -> OH*","{""OH"": ""site18""}","UmVhY3Rpb246NDc2NDA1","PBE_D3","{""star"": 1, ""OHgas"": 1}","{""OHstar"": 1}","001","Mo26WB54","001",-3.969309570000064,,"MoB2-W-B00","Mo26WB54"
"OH(g) + * -> OH*","{""OH"": ""site19""}","UmVhY3Rpb246NDc2NDA2","PBE_D3","{""star"": 1, ""OHgas"": 1}","{""OHstar"": 1}","001","Mo26WB54","001",-3.9628271699999686,,"MoB2-W-B00","Mo26WB54"
"OH(g) + * -> OH*","{""OH"": ""site10""}","UmVhY3Rpb246NDc2NDA3","PBE_D3","{""star"": 1, ""OHgas"": 1}","{""OHstar"": 1}","001","Mo26WB54","001",-4.235482890000071,,"MoB2-W-B00","Mo26WB54"
"OH(g) + * -> OH*","{""OH"": ""site17""}","UmVhY3Rpb246NDc2NDEw","PBE_D3","{""star"": 1, ""OHgas"": 1}","{""OHstar"": 1}","001","Mo26WB54","001",-3.984607859999983,,"MoB2-W-B00","Mo26WB54"
"OH(g) + * -> OH*","{""OH"": ""site5""}","UmVhY3Rpb246NDc2NDIx","PBE_D3","{""star"": 1, ""OHgas"": 1}","{""OHstar"": 1}","001","Mo26WB54","001",-4.280658789999961,,"MoB2-W-B00","Mo26WB54"
"OH(g) + * -> OH*","{""OH"": ""site2""}","UmVhY3Rpb246NDc2NDIy","PBE_D3","{""star"": 1, ""OHgas"": 1}","{""OHstar"": 1}","001","Mo26WB54","001",-4.281040119999943,,"MoB2-W-B00","Mo26WB54"
"OH(g) + * -> OH*","{""OH"": ""site3""}","UmVhY3Rpb246NDc2NDI0","PBE_D3","{""star"": 1, ""OHgas"": 1}","{""OHstar"": 1}","001","Mo26WB54","001",-4.280926260000001,,"MoB2-W-B00","Mo26WB54"
"OH(g) + * -> OH*","{""OH"": ""site4""}","UmVhY3Rpb246NDc2NDI1","PBE_D3","{""star"": 1, ""OHgas"": 1}","{""OHstar"": 1}","001","Mo26WB54","001",-4.280831239999884,,"MoB2-W-B00","Mo26WB54"
"OH(g) + * -> OH*","{""OH"": ""site12""}","UmVhY3Rpb246NDc2NDM0","PBE_D3","{""star"": 1, ""OHgas"": 1}","{""OHstar"": 1}","001","Mo26WB54","001",-4.2297521999998935,,"MoB2-W-B00","Mo26WB54"
"OH(g) + * -> OH*","{""OH"": ""site15""}","UmVhY3Rpb246NDc2NDM1","PBE_D3","{""star"": 1, ""OHgas"": 1}","{""OHstar"": 1}","001","Mo26WB54","001",-4.001558149999937,,"MoB2-W-B00","Mo26WB54"
"OH(g) + * -> OH*","{""OH"": ""site14""}","UmVhY3Rpb246NDc2NDM5","PBE_D3","{""star"": 1, ""OHgas"": 1}","{""OHstar"": 1}","001","Mo26WB54","001",-4.006592679999926,,"MoB2-W-B00","Mo26WB54"
"OH(g) + * -> OH*","{""OH"": ""site13""}","UmVhY3Rpb246NDc2NDQw","PBE_D3","{""star"": 1, ""OHgas"": 1}","{""OHstar"": 1}","001","Mo26WB54","001",-4.016382850000014,,"MoB2-W-B00","Mo26WB54"
"OH(g) + * -> OH*","{""OH"": ""site8""}","UmVhY3Rpb246NDc2NDUx","PBE_D3","{""star"": 1, ""OHgas"": 1}","{""OHstar"": 1}","001","Mo26WB55","001",-4.197150589999978,,"MoB2-W-B01","Mo26WB55"
"OH(g) + * -> OH*","{""OH"": ""site1""}","UmVhY3Rpb246NDc2NDUy","PBE_D3","{""star"": 1, ""OHgas"": 1}","{""OHstar"": 1}","001","Mo26WB55","001",-4.762274209999987,,"MoB2-W-B01","Mo26WB55"
"OH(g) + * -> OH*","{""OH"": ""site6""}","UmVhY3Rpb246NDc2NDUz","PBE_D3","{""star"": 1, ""OHgas"": 1}","{""OHstar"": 1}","001","Mo26WB55","001",-4.759185659999844,,"MoB2-W-B01","Mo26WB55"
"OH(g) + * -> OH*","{""OH"": ""site7""}","UmVhY3Rpb246NDc2NDU4","PBE_D3","{""star"": 1, ""OHgas"": 1}","{""OHstar"": 1}","001","Mo26WB55","001",-4.203082289999884,,"MoB2-W-B01","Mo26WB55"
"OH(g) + * -> OH*","{""OH"": ""site9""}","UmVhY3Rpb246NDc2NDU5","PBE_D3","{""star"": 1, ""OHgas"": 1}","{""OHstar"": 1}","001","Mo26WB55","001",-4.196883449999973,,"MoB2-W-B01","Mo26WB55"
"OH(g) + * -> OH*","{""OH"": ""site16""}","UmVhY3Rpb246NDc2NDc2","PBE_D3","{""star"": 1, ""OHgas"": 1}","{""OHstar"": 1}","001","Mo26WB55","001",-4.1456573199998275,,"MoB2-W-B01","Mo26WB55"
"OH(g) + * -> OH*","{""OH"": ""site11""}","UmVhY3Rpb246NDc2NDc5","PBE_D3","{""star"": 1, ""OHgas"": 1}","{""OHstar"": 1}","001","Mo26WB55","001",-4.176252319999776,,"MoB2-W-B01","Mo26WB55"
"OH(g) + * -> OH*","{""OH"": ""site18""}","UmVhY3Rpb246NDc2NDgw","PBE_D3","{""star"": 1, ""OHgas"": 1}","{""OHstar"": 1}","001","Mo26WB55","001",-4.035347169999909,,"MoB2-W-B01","Mo26WB55"
"OH(g) + * -> OH*","{""OH"": ""site20""}","UmVhY3Rpb246NDc2NDgx","PBE_D3","{""star"": 1, ""OHgas"": 1}","{""OHstar"": 1}","001","Mo26WB55","001",-3.979412699999898,,"MoB2-W-B01","Mo26WB55"
"OH(g) + * -> OH*","{""OH"": ""site21""}","UmVhY3Rpb246NDc2NDgy","PBE_D3","{""star"": 1, ""OHgas"": 1}","{""OHstar"": 1}","001","Mo26WB55","001",-3.9179137099998798,,"MoB2-W-B01","Mo26WB55"
"OH(g) + * -> OH*","{""OH"": ""site19""}","UmVhY3Rpb246NDc2NDgz","PBE_D3","{""star"": 1, ""OHgas"": 1}","{""OHstar"": 1}","001","Mo26WB55","001",-4.034191309999869,,"MoB2-W-B01","Mo26WB55"
"OH(g) + * -> OH*","{""OH"": ""site26""}","UmVhY3Rpb246NDc2NDg0","PBE_D3","{""star"": 1, ""OHgas"": 1}","{""OHstar"": 1}","001","Mo26WB55","001",-2.9088712399999395,,"MoB2-W-B01","Mo26WB55"
"OH(g) + * -> OH*","{""OH"": ""site10""}","UmVhY3Rpb246NDc2NDg1","PBE_D3","{""star"": 1, ""OHgas"": 1}","{""OHstar"": 1}","001","Mo26WB55","001",-4.196302309999851,,"MoB2-W-B01","Mo26WB55"
"OH(g) + * -> OH*","{""OH"": ""site17""}","UmVhY3Rpb246NDc2NDg4","PBE_D3","{""star"": 1, ""OHgas"": 1}","{""OHstar"": 1}","001","Mo26WB55","001",-4.131421149999937,,"MoB2-W-B01","Mo26WB55"
"OH(g) + * -> OH*","{""OH"": ""site5""}","UmVhY3Rpb246NDc2NTAz","PBE_D3","{""star"": 1, ""OHgas"": 1}","{""OHstar"": 1}","001","Mo26WB55","001",-4.759268700000007,,"MoB2-W-B01","Mo26WB55"
"OH(g) + * -> OH*","{""OH"": ""site2""}","UmVhY3Rpb246NDc2NTA0","PBE_D3","{""star"": 1, ""OHgas"": 1}","{""OHstar"": 1}","001","Mo26WB55","001",-4.760963079999897,,"MoB2-W-B01","Mo26WB55"
"OH(g) + * -> OH*","{""OH"": ""site3""}","UmVhY3Rpb246NDc2NTEx","PBE_D3","{""star"": 1, ""OHgas"": 1}","{""OHstar"": 1}","001","Mo26WB55","001",-4.7608568899999,,"MoB2-W-B01","Mo26WB55"
"OH(g) + * -> OH*","{""OH"": ""site4""}","UmVhY3Rpb246NDc2NTEy","PBE_D3","{""star"": 1, ""OHgas"": 1}","{""OHstar"": 1}","001","Mo26WB55","001",-4.759881619999874,,"MoB2-W-B01","Mo26WB55"
"OH(g) + * -> OH*","{""OH"": ""site12""}","UmVhY3Rpb246NDc2NTI3","PBE_D3","{""star"": 1, ""OHgas"": 1}","{""OHstar"": 1}","001","Mo26WB55","001",-4.175310339999896,,"MoB2-W-B01","Mo26WB55"
"OH(g) + * -> OH*","{""OH"": ""site15""}","UmVhY3Rpb246NDc2NTI4","PBE_D3","{""star"": 1, ""OHgas"": 1}","{""OHstar"": 1}","001","Mo26WB55","001",-4.149777239999935,,"MoB2-W-B01","Mo26WB55"
"OH(g) + * -> OH*","{""OH"": ""site23""}","UmVhY3Rpb246NDc2NTMx","PBE_D3","{""star"": 1, ""OHgas"": 1}","{""OHstar"": 1}","001","Mo26WB55","001",-3.752784659999861,,"MoB2-W-B01","Mo26WB55"
"OH(g) + * -> OH*","{""OH"": ""site24""}","UmVhY3Rpb246NDc2NTMy","PBE_D3","{""star"": 1, ""OHgas"": 1}","{""OHstar"": 1}","001","Mo26WB55","001",-3.707941319999918,,"MoB2-W-B01","Mo26WB55"
"OH(g) + * -> OH*","{""OH"": ""site25""}","UmVhY3Rpb246NDc2NTMz","PBE_D3","{""star"": 1, ""OHgas"": 1}","{""OHstar"": 1}","001","Mo26WB55","001",-3.2183749399999897,,"MoB2-W-B01","Mo26WB55"
"OH(g) + * -> OH*","{""OH"": ""site22""}","UmVhY3Rpb246NDc2NTM1","PBE_D3","{""star"": 1, ""OHgas"": 1}","{""OHstar"": 1}","001","Mo26WB55","001",-3.7530151399998886,,"MoB2-W-B01","Mo26WB55"
"OH(g) + * -> OH*","{""OH"": ""site14""}","UmVhY3Rpb246NDc2NTM2","PBE_D3","{""star"": 1, ""OHgas"": 1}","{""OHstar"": 1}","001","Mo26WB55","001",-4.152285069999948,,"MoB2-W-B01","Mo26WB55"
"OH(g) + * -> OH*","{""OH"": ""site13""}","UmVhY3Rpb246NDc2NTM3","PBE_D3","{""star"": 1, ""OHgas"": 1}","{""OHstar"": 1}","001","Mo26WB55","001",-4.153542119999884,,"MoB2-W-B01","Mo26WB55"
"OH(g) + * -> OH*","{""OH"": ""site8""}","UmVhY3Rpb246NDc2NTQ4","PBE_D3","{""star"": 1, ""OHgas"": 1}","{""OHstar"": 1}","001","HfMo26B55","001",-4.325250890000007,,"MoB2-Hf-B01","HfMo26B55"
"OH(g) + * -> OH*","{""OH"": ""site1""}","UmVhY3Rpb246NDc2NTQ5","PBE_D3","{""star"": 1, ""OHgas"": 1}","{""OHstar"": 1}","001","HfMo26B55","001",-4.6199686500000325,,"MoB2-Hf-B01","HfMo26B55"
"OH(g) + * -> OH*","{""OH"": ""site6""}","UmVhY3Rpb246NDc2NTUw","PBE_D3","{""star"": 1, ""OHgas"": 1}","{""OHstar"": 1}","001","HfMo26B55","001",-4.6175302500000726,,"MoB2-Hf-B01","HfMo26B55"
"OH(g) + * -> OH*","{""OH"": ""site7""}","UmVhY3Rpb246NDc2NTU1","PBE_D3","{""star"": 1, ""OHgas"": 1}","{""OHstar"": 1}","001","HfMo26B55","001",-4.6171732400000565,,"MoB2-Hf-B01","HfMo26B55"
"OH(g) + * -> OH*","{""OH"": ""site9""}","UmVhY3Rpb246NDc2NTU2","PBE_D3","{""star"": 1, ""OHgas"": 1}","{""OHstar"": 1}","001","HfMo26B55","001",-4.325042300000064,,"MoB2-Hf-B01","HfMo26B55"
"OH(g) + * -> OH*","{""OH"": ""site16""}","UmVhY3Rpb246NDc2NTcz","PBE_D3","{""star"": 1, ""OHgas"": 1}","{""OHstar"": 1}","001","HfMo26B55","001",-4.207966750000082,,"MoB2-Hf-B01","HfMo26B55"
"OH(g) + * -> OH*","{""OH"": ""site11""}","UmVhY3Rpb246NDc2NTc2","PBE_D3","{""star"": 1, ""OHgas"": 1}","{""OHstar"": 1}","001","HfMo26B55","001",-4.235329220000153,,"MoB2-Hf-B01","HfMo26B55"
"OH(g) + * -> OH*","{""OH"": ""site18""}","UmVhY3Rpb246NDc2NTc3","PBE_D3","{""star"": 1, ""OHgas"": 1}","{""OHstar"": 1}","001","HfMo26B55","001",-4.1246600599999965,,"MoB2-Hf-B01","HfMo26B55"
"OH(g) + * -> OH*","{""OH"": ""site27""}","UmVhY3Rpb246NDc2NTc4","PBE_D3","{""star"": 1, ""OHgas"": 1}","{""OHstar"": 1}","001","HfMo26B55","001",-3.8601171400000567,,"MoB2-Hf-B01","HfMo26B55"
"OH(g) + * -> OH*","{""OH"": ""site20""}","UmVhY3Rpb246NDc2NTc5","PBE_D3","{""star"": 1, ""OHgas"": 1}","{""OHstar"": 1}","001","HfMo26B55","001",-4.0946663299999955,,"MoB2-Hf-B01","HfMo26B55"
"OH(g) + * -> OH*","{""OH"": ""site21""}","UmVhY3Rpb246NDc2NTgw","PBE_D3","{""star"": 1, ""OHgas"": 1}","{""OHstar"": 1}","001","HfMo26B55","001",-4.092498150000097,,"MoB2-Hf-B01","HfMo26B55"
"OH(g) + * -> OH*","{""OH"": ""site19""}","UmVhY3Rpb246NDc2NTgx","PBE_D3","{""star"": 1, ""OHgas"": 1}","{""OHstar"": 1}","001","HfMo26B55","001",-4.124558780000143,,"MoB2-Hf-B01","HfMo26B55"
"OH(g) + * -> OH*","{""OH"": ""site26""}","UmVhY3Rpb246NDc2NTgy","PBE_D3","{""star"": 1, ""OHgas"": 1}","{""OHstar"": 1}","001","HfMo26B55","001",-4.03834092000011,,"MoB2-Hf-B01","HfMo26B55"
"OH(g) + * -> OH*","{""OH"": ""site10""}","UmVhY3Rpb246NDc2NTgz","PBE_D3","{""star"": 1, ""OHgas"": 1}","{""OHstar"": 1}","001","HfMo26B55","001",-4.324728120000145,,"MoB2-Hf-B01","HfMo26B55"
"OH(g) + * -> OH*","{""OH"": ""site28""}","UmVhY3Rpb246NDc2NTg1","PBE_D3","{""star"": 1, ""OHgas"": 1}","{""OHstar"": 1}","001","HfMo26B55","001",-3.261944950000043,,"MoB2-Hf-B01","HfMo26B55"
"OH(g) + * -> OH*","{""OH"": ""site17""}","UmVhY3Rpb246NDc2NTg3","PBE_D3","{""star"": 1, ""OHgas"": 1}","{""OHstar"": 1}","001","HfMo26B55","001",-4.138303859999951,,"MoB2-Hf-B01","HfMo26B55"
"OH(g) + * -> OH*","{""OH"": ""site5""}","UmVhY3Rpb246NDc2NjA1","PBE_D3","{""star"": 1, ""OHgas"": 1}","{""OHstar"": 1}","001","HfMo26B55","001",-4.617858550000051,,"MoB2-Hf-B01","HfMo26B55"
"OH(g) + * -> OH*","{""OH"": ""site2""}","UmVhY3Rpb246NDc2NjA2","PBE_D3","{""star"": 1, ""OHgas"": 1}","{""OHstar"": 1}","001","HfMo26B55","001",-4.619132200000081,,"MoB2-Hf-B01","HfMo26B55"
"OH(g) + * -> OH*","{""OH"": ""site3""}","UmVhY3Rpb246NDc2NjEz","PBE_D3","{""star"": 1, ""OHgas"": 1}","{""OHstar"": 1}","001","HfMo26B55","001",-4.618995450000057,,"MoB2-Hf-B01","HfMo26B55"
"OH(g) + * -> OH*","{""OH"": ""site4""}","UmVhY3Rpb246NDc2NjE0","PBE_D3","{""star"": 1, ""OHgas"": 1}","{""OHstar"": 1}","001","HfMo26B55","001",-4.618505260000006,,"MoB2-Hf-B01","HfMo26B55"
"OH(g) + * -> OH*","{""OH"": ""site12""}","UmVhY3Rpb246NDc2NjI3","PBE_D3","{""star"": 1, ""OHgas"": 1}","{""OHstar"": 1}","001","HfMo26B55","001",-4.2335635199999615,,"MoB2-Hf-B01","HfMo26B55"
"OH(g) + * -> OH*","{""OH"": ""site15""}","UmVhY3Rpb246NDc2NjI4","PBE_D3","{""star"": 1, ""OHgas"": 1}","{""OHstar"": 1}","001","HfMo26B55","001",-4.224330020000025,,"MoB2-Hf-B01","HfMo26B55"
"OH(g) + * -> OH*","{""OH"": ""site23""}","UmVhY3Rpb246NDc2NjMx","PBE_D3","{""star"": 1, ""OHgas"": 1}","{""OHstar"": 1}","001","HfMo26B55","001",-4.065226840000037,,"MoB2-Hf-B01","HfMo26B55"
"OH(g) + * -> OH*","{""OH"": ""site24""}","UmVhY3Rpb246NDc2NjMy","PBE_D3","{""star"": 1, ""OHgas"": 1}","{""OHstar"": 1}","001","HfMo26B55","001",-4.063842629999954,,"MoB2-Hf-B01","HfMo26B55"
"OH(g) + * -> OH*","{""OH"": ""site25""}","UmVhY3Rpb246NDc2NjMz","PBE_D3","{""star"": 1, ""OHgas"": 1}","{""OHstar"": 1}","001","HfMo26B55","001",-4.063578460000144,,"MoB2-Hf-B01","HfMo26B55"
"OH(g) + * -> OH*","{""OH"": ""site22""}","UmVhY3Rpb246NDc2NjM1","PBE_D3","{""star"": 1, ""OHgas"": 1}","{""OHstar"": 1}","001","HfMo26B55","001",-4.0878393000000415,,"MoB2-Hf-B01","HfMo26B55"
"OH(g) + * -> OH*","{""OH"": ""site14""}","UmVhY3Rpb246NDc2NjM2","PBE_D3","{""star"": 1, ""OHgas"": 1}","{""OHstar"": 1}","001","HfMo26B55","001",-4.224536590000071,,"MoB2-Hf-B01","HfMo26B55"
"OH(g) + * -> OH*","{""OH"": ""site13""}","UmVhY3Rpb246NDc2NjM3","PBE_D3","{""star"": 1, ""OHgas"": 1}","{""OHstar"": 1}","001","HfMo26B55","001",-4.224866089999978,,"MoB2-Hf-B01","HfMo26B55"
"OH(g) + * -> OH*","{""OH"": ""site8""}","UmVhY3Rpb246NDc2ODg3","PBE_D3","{""star"": 1, ""OHgas"": 1}","{""OHstar"": 1}","001","Mo26TaB56","001",-4.743020609999917,,"MoB2-Ta-B02","Mo26TaB56"
"OH(g) + * -> OH*","{""OH"": ""site1""}","UmVhY3Rpb246NDc2ODg4","PBE_D3","{""star"": 1, ""OHgas"": 1}","{""OHstar"": 1}","001","Mo26TaB56","001",-4.748962939999956,,"MoB2-Ta-B02","Mo26TaB56"
"OH(g) + * -> OH*","{""OH"": ""site6""}","UmVhY3Rpb246NDc2ODg5","PBE_D3","{""star"": 1, ""OHgas"": 1}","{""OHstar"": 1}","001","Mo26TaB56","001",-4.74548867999988,,"MoB2-Ta-B02","Mo26TaB56"
"OH(g) + * -> OH*","{""OH"": ""site7""}","UmVhY3Rpb246NDc2ODk0","PBE_D3","{""star"": 1, ""OHgas"": 1}","{""OHstar"": 1}","001","Mo26TaB56","001",-4.744027249999931,,"MoB2-Ta-B02","Mo26TaB56"
"OH(g) + * -> OH*","{""OH"": ""site9""}","UmVhY3Rpb246NDc2ODk1","PBE_D3","{""star"": 1, ""OHgas"": 1}","{""OHstar"": 1}","001","Mo26TaB56","001",-4.23967193999988,,"MoB2-Ta-B02","Mo26TaB56"
"OH(g) + * -> OH*","{""OH"": ""site32""}","UmVhY3Rpb246NDc2OTA3","PBE_D3","{""star"": 1, ""OHgas"": 1}","{""OHstar"": 1}","001","Mo26TaB56","001",-2.983696870000017,,"MoB2-Ta-B02","Mo26TaB56"
"OH(g) + * -> OH*","{""OH"": ""site29""}","UmVhY3Rpb246NDc2OTE1","PBE_D3","{""star"": 1, ""OHgas"": 1}","{""OHstar"": 1}","001","Mo26TaB56","001",-3.2444381699999667,,"MoB2-Ta-B02","Mo26TaB56"
"OH(g) + * -> OH*","{""OH"": ""site16""}","UmVhY3Rpb246NDc2OTE2","PBE_D3","{""star"": 1, ""OHgas"": 1}","{""OHstar"": 1}","001","Mo26TaB56","001",-4.184588019999978,,"MoB2-Ta-B02","Mo26TaB56"
"OH(g) + * -> OH*","{""OH"": ""site11""}","UmVhY3Rpb246NDc2OTE5","PBE_D3","{""star"": 1, ""OHgas"": 1}","{""OHstar"": 1}","001","Mo26TaB56","001",-4.238620119999837,,"MoB2-Ta-B02","Mo26TaB56"
"OH(g) + * -> OH*","{""OH"": ""site18""}","UmVhY3Rpb246NDc2OTIw","PBE_D3","{""star"": 1, ""OHgas"": 1}","{""OHstar"": 1}","001","Mo26TaB56","001",-4.1834669500000246,,"MoB2-Ta-B02","Mo26TaB56"
"OH(g) + * -> OH*","{""OH"": ""site27""}","UmVhY3Rpb246NDc2OTIx","PBE_D3","{""star"": 1, ""OHgas"": 1}","{""OHstar"": 1}","001","Mo26TaB56","001",-3.86971683999991,,"MoB2-Ta-B02","Mo26TaB56"
"OH(g) + * -> OH*","{""OH"": ""site20""}","UmVhY3Rpb246NDc2OTIy","PBE_D3","{""star"": 1, ""OHgas"": 1}","{""OHstar"": 1}","001","Mo26TaB56","001",-4.076329859999987,,"MoB2-Ta-B02","Mo26TaB56"
"OH(g) + * -> OH*","{""OH"": ""site21""}","UmVhY3Rpb246NDc2OTIz","PBE_D3","{""star"": 1, ""OHgas"": 1}","{""OHstar"": 1}","001","Mo26TaB56","001",-4.075142619999951,,"MoB2-Ta-B02","Mo26TaB56"
"OH(g) + * -> OH*","{""OH"": ""site19""}","UmVhY3Rpb246NDc2OTI0","PBE_D3","{""star"": 1, ""OHgas"": 1}","{""OHstar"": 1}","001","Mo26TaB56","001",-4.117089709999959,,"MoB2-Ta-B02","Mo26TaB56"
"OH(g) + * -> OH*","{""OH"": ""site26""}","UmVhY3Rpb246NDc2OTI1","PBE_D3","{""star"": 1, ""OHgas"": 1}","{""OHstar"": 1}","001","Mo26TaB56","001",-3.879730249999966,,"MoB2-Ta-B02","Mo26TaB56"
"OH(g) + * -> OH*","{""OH"": ""site10""}","UmVhY3Rpb246NDc2OTI2","PBE_D3","{""star"": 1, ""OHgas"": 1}","{""OHstar"": 1}","001","Mo26TaB56","001",-4.2390933099998165,,"MoB2-Ta-B02","Mo26TaB56"
"OH(g) + * -> OH*","{""OH"": ""site28""}","UmVhY3Rpb246NDc2OTI4","PBE_D3","{""star"": 1, ""OHgas"": 1}","{""OHstar"": 1}","001","Mo26TaB56","001",-3.808554699999945,,"MoB2-Ta-B02","Mo26TaB56"
"OH(g) + * -> OH*","{""OH"": ""site17""}","UmVhY3Rpb246NDc2OTMw","PBE_D3","{""star"": 1, ""OHgas"": 1}","{""OHstar"": 1}","001","Mo26TaB56","001",-4.184309640000038,,"MoB2-Ta-B02","Mo26TaB56"
"OH(g) + * -> OH*","{""OH"": ""site5""}","UmVhY3Rpb246NDc2OTQ5","PBE_D3","{""star"": 1, ""OHgas"": 1}","{""OHstar"": 1}","001","Mo26TaB56","001",-4.745634169999903,,"MoB2-Ta-B02","Mo26TaB56"
"OH(g) + * -> OH*","{""OH"": ""site2""}","UmVhY3Rpb246NDc2OTUw","PBE_D3","{""star"": 1, ""OHgas"": 1}","{""OHstar"": 1}","001","Mo26TaB56","001",-4.74652290999984,,"MoB2-Ta-B02","Mo26TaB56"
"OH(g) + * -> OH*","{""OH"": ""site3""}","UmVhY3Rpb246NDc2OTU3","PBE_D3","{""star"": 1, ""OHgas"": 1}","{""OHstar"": 1}","001","Mo26TaB56","001",-4.746295029999942,,"MoB2-Ta-B02","Mo26TaB56"
"OH(g) + * -> OH*","{""OH"": ""site4""}","UmVhY3Rpb246NDc2OTU4","PBE_D3","{""star"": 1, ""OHgas"": 1}","{""OHstar"": 1}","001","Mo26TaB56","001",-4.746108119999917,,"MoB2-Ta-B02","Mo26TaB56"
"OH(g) + * -> OH*","{""OH"": ""site31""}","UmVhY3Rpb246NDc2OTYw","PBE_D3","{""star"": 1, ""OHgas"": 1}","{""OHstar"": 1}","001","Mo26TaB56","001",-2.9855387799998425,,"MoB2-Ta-B02","Mo26TaB56"
"OH(g) + * -> OH*","{""OH"": ""site30""}","UmVhY3Rpb246NDc2OTcw","PBE_D3","{""star"": 1, ""OHgas"": 1}","{""OHstar"": 1}","001","Mo26TaB56","001",-3.243960379999976,,"MoB2-Ta-B02","Mo26TaB56"
"OH(g) + * -> OH*","{""OH"": ""site12""}","UmVhY3Rpb246NDc2OTc3","PBE_D3","{""star"": 1, ""OHgas"": 1}","{""OHstar"": 1}","001","Mo26TaB56","001",-4.238345289999984,,"MoB2-Ta-B02","Mo26TaB56"
"OH(g) + * -> OH*","{""OH"": ""site15""}","UmVhY3Rpb246NDc2OTc4","PBE_D3","{""star"": 1, ""OHgas"": 1}","{""OHstar"": 1}","001","Mo26TaB56","001",-4.186730039999929,,"MoB2-Ta-B02","Mo26TaB56"
"OH(g) + * -> OH*","{""OH"": ""site23""}","UmVhY3Rpb246NDc2OTgx","PBE_D3","{""star"": 1, ""OHgas"": 1}","{""OHstar"": 1}","001","Mo26TaB56","001",-4.064716909999902,,"MoB2-Ta-B02","Mo26TaB56"
"OH(g) + * -> OH*","{""OH"": ""site24""}","UmVhY3Rpb246NDc2OTgy","PBE_D3","{""star"": 1, ""OHgas"": 1}","{""OHstar"": 1}","001","Mo26TaB56","001",-4.029321669999945,,"MoB2-Ta-B02","Mo26TaB56"
"OH(g) + * -> OH*","{""OH"": ""site25""}","UmVhY3Rpb246NDc2OTgz","PBE_D3","{""star"": 1, ""OHgas"": 1}","{""OHstar"": 1}","001","Mo26TaB56","001",-4.029123989999903,,"MoB2-Ta-B02","Mo26TaB56"
"OH(g) + * -> OH*","{""OH"": ""site22""}","UmVhY3Rpb246NDc2OTg1","PBE_D3","{""star"": 1, ""OHgas"": 1}","{""OHstar"": 1}","001","Mo26TaB56","001",-4.065747460000011,,"MoB2-Ta-B02","Mo26TaB56"
"OH(g) + * -> OH*","{""OH"": ""site14""}","UmVhY3Rpb246NDc2OTg2","PBE_D3","{""star"": 1, ""OHgas"": 1}","{""OHstar"": 1}","001","Mo26TaB56","001",-4.186767410000016,,"MoB2-Ta-B02","Mo26TaB56"
"OH(g) + * -> OH*","{""OH"": ""site13""}","UmVhY3Rpb246NDc2OTg3","PBE_D3","{""star"": 1, ""OHgas"": 1}","{""OHstar"": 1}","001","Mo26TaB56","001",-4.187487919999853,,"MoB2-Ta-B02","Mo26TaB56"
"OH(g) + * -> OH*","{""OH"": ""site8""}","UmVhY3Rpb246NDc2OTk5","PBE_D3","{""star"": 1, ""OHgas"": 1}","{""OHstar"": 1}","001","Mo26ZrB55","001",-4.249403659999871,,"MoB2-Zr-B01","Mo26ZrB55"
"OH(g) + * -> OH*","{""OH"": ""site1""}","UmVhY3Rpb246NDc3MDAw","PBE_D3","{""star"": 1, ""OHgas"": 1}","{""OHstar"": 1}","001","Mo26ZrB55","001",-4.619888809999907,,"MoB2-Zr-B01","Mo26ZrB55"
"OH(g) + * -> OH*","{""OH"": ""site6""}","UmVhY3Rpb246NDc3MDAx","PBE_D3","{""star"": 1, ""OHgas"": 1}","{""OHstar"": 1}","001","Mo26ZrB55","001",-4.347064249999789,,"MoB2-Zr-B01","Mo26ZrB55"
"OH(g) + * -> OH*","{""OH"": ""site7""}","UmVhY3Rpb246NDc3MDA2","PBE_D3","{""star"": 1, ""OHgas"": 1}","{""OHstar"": 1}","001","Mo26ZrB55","001",-4.346948819999739,,"MoB2-Zr-B01","Mo26ZrB55"
"OH(g) + * -> OH*","{""OH"": ""site9""}","UmVhY3Rpb246NDc3MDA3","PBE_D3","{""star"": 1, ""OHgas"": 1}","{""OHstar"": 1}","001","Mo26ZrB55","001",-4.248954309999931,,"MoB2-Zr-B01","Mo26ZrB55"
"OH(g) + * -> OH*","{""OH"": ""site29""}","UmVhY3Rpb246NDc3MDI1","PBE_D3","{""star"": 1, ""OHgas"": 1}","{""OHstar"": 1}","001","Mo26ZrB55","001",-3.2585101499998927,,"MoB2-Zr-B01","Mo26ZrB55"
"OH(g) + * -> OH*","{""OH"": ""site16""}","UmVhY3Rpb246NDc3MDI2","PBE_D3","{""star"": 1, ""OHgas"": 1}","{""OHstar"": 1}","001","Mo26ZrB55","001",-4.12419728999987,,"MoB2-Zr-B01","Mo26ZrB55"
"OH(g) + * -> OH*","{""OH"": ""site11""}","UmVhY3Rpb246NDc3MDI5","PBE_D3","{""star"": 1, ""OHgas"": 1}","{""OHstar"": 1}","001","Mo26ZrB55","001",-4.205011589999913,,"MoB2-Zr-B01","Mo26ZrB55"
"OH(g) + * -> OH*","{""OH"": ""site18""}","UmVhY3Rpb246NDc3MDMw","PBE_D3","{""star"": 1, ""OHgas"": 1}","{""OHstar"": 1}","001","Mo26ZrB55","001",-4.007320109999796,,"MoB2-Zr-B01","Mo26ZrB55"
"OH(g) + * -> OH*","{""OH"": ""site27""}","UmVhY3Rpb246NDc3MDMx","PBE_D3","{""star"": 1, ""OHgas"": 1}","{""OHstar"": 1}","001","Mo26ZrB55","001",-3.662035299999957,,"MoB2-Zr-B01","Mo26ZrB55"
"OH(g) + * -> OH*","{""OH"": ""site20""}","UmVhY3Rpb246NDc3MDMy","PBE_D3","{""star"": 1, ""OHgas"": 1}","{""OHstar"": 1}","001","Mo26ZrB55","001",-3.931559049999919,,"MoB2-Zr-B01","Mo26ZrB55"
"OH(g) + * -> OH*","{""OH"": ""site21""}","UmVhY3Rpb246NDc3MDMz","PBE_D3","{""star"": 1, ""OHgas"": 1}","{""OHstar"": 1}","001","Mo26ZrB55","001",-3.881787579999923,,"MoB2-Zr-B01","Mo26ZrB55"
"OH(g) + * -> OH*","{""OH"": ""site19""}","UmVhY3Rpb246NDc3MDM0","PBE_D3","{""star"": 1, ""OHgas"": 1}","{""OHstar"": 1}","001","Mo26ZrB55","001",-3.985794639999881,,"MoB2-Zr-B01","Mo26ZrB55"
"OH(g) + * -> OH*","{""OH"": ""site26""}","UmVhY3Rpb246NDc3MDM1","PBE_D3","{""star"": 1, ""OHgas"": 1}","{""OHstar"": 1}","001","Mo26ZrB55","001",-3.785717089999821,,"MoB2-Zr-B01","Mo26ZrB55"
"OH(g) + * -> OH*","{""OH"": ""site10""}","UmVhY3Rpb246NDc3MDM2","PBE_D3","{""star"": 1, ""OHgas"": 1}","{""OHstar"": 1}","001","Mo26ZrB55","001",-4.220411729999796,,"MoB2-Zr-B01","Mo26ZrB55"
"OH(g) + * -> OH*","{""OH"": ""site28""}","UmVhY3Rpb246NDc3MDM4","PBE_D3","{""star"": 1, ""OHgas"": 1}","{""OHstar"": 1}","001","Mo26ZrB55","001",-3.2594505499997695,,"MoB2-Zr-B01","Mo26ZrB55"
"OH(g) + * -> OH*","{""OH"": ""site17""}","UmVhY3Rpb246NDc3MDQw","PBE_D3","{""star"": 1, ""OHgas"": 1}","{""OHstar"": 1}","001","Mo26ZrB55","001",-4.096854369999846,,"MoB2-Zr-B01","Mo26ZrB55"
"OH(g) + * -> OH*","{""OH"": ""site5""}","UmVhY3Rpb246NDc3MDU5","PBE_D3","{""star"": 1, ""OHgas"": 1}","{""OHstar"": 1}","001","Mo26ZrB55","001",-4.347305559999768,,"MoB2-Zr-B01","Mo26ZrB55"
"OH(g) + * -> OH*","{""OH"": ""site2""}","UmVhY3Rpb246NDc3MDYw","PBE_D3","{""star"": 1, ""OHgas"": 1}","{""OHstar"": 1}","001","Mo26ZrB55","001",-4.619029969999929,,"MoB2-Zr-B01","Mo26ZrB55"
"OH(g) + * -> OH*","{""OH"": ""site3""}","UmVhY3Rpb246NDc3MDY4","PBE_D3","{""star"": 1, ""OHgas"": 1}","{""OHstar"": 1}","001","Mo26ZrB55","001",-4.616893739999796,,"MoB2-Zr-B01","Mo26ZrB55"
"OH(g) + * -> OH*","{""OH"": ""site4""}","UmVhY3Rpb246NDc3MDY5","PBE_D3","{""star"": 1, ""OHgas"": 1}","{""OHstar"": 1}","001","Mo26ZrB55","001",-4.3474836199999345,,"MoB2-Zr-B01","Mo26ZrB55"
"OH(g) + * -> OH*","{""OH"": ""site30""}","UmVhY3Rpb246NDc3MDc5","PBE_D3","{""star"": 1, ""OHgas"": 1}","{""OHstar"": 1}","001","Mo26ZrB55","001",-2.950376409999876,,"MoB2-Zr-B01","Mo26ZrB55"
"OH(g) + * -> OH*","{""OH"": ""site12""}","UmVhY3Rpb246NDc3MDg0","PBE_D3","{""star"": 1, ""OHgas"": 1}","{""OHstar"": 1}","001","Mo26ZrB55","001",-4.204396739999879,,"MoB2-Zr-B01","Mo26ZrB55"
"OH(g) + * -> OH*","{""OH"": ""site15""}","UmVhY3Rpb246NDc3MDg1","PBE_D3","{""star"": 1, ""OHgas"": 1}","{""OHstar"": 1}","001","Mo26ZrB55","001",-4.153311479999957,,"MoB2-Zr-B01","Mo26ZrB55"
"OH(g) + * -> OH*","{""OH"": ""site23""}","UmVhY3Rpb246NDc3MDg4","PBE_D3","{""star"": 1, ""OHgas"": 1}","{""OHstar"": 1}","001","Mo26ZrB55","001",-3.879646269999853,,"MoB2-Zr-B01","Mo26ZrB55"
"OH(g) + * -> OH*","{""OH"": ""site24""}","UmVhY3Rpb246NDc3MDg5","PBE_D3","{""star"": 1, ""OHgas"": 1}","{""OHstar"": 1}","001","Mo26ZrB55","001",-3.8706558599999425,,"MoB2-Zr-B01","Mo26ZrB55"
"OH(g) + * -> OH*","{""OH"": ""site25""}","UmVhY3Rpb246NDc3MDkw","PBE_D3","{""star"": 1, ""OHgas"": 1}","{""OHstar"": 1}","001","Mo26ZrB55","001",-3.8533680199998344,,"MoB2-Zr-B01","Mo26ZrB55"
"OH(g) + * -> OH*","{""OH"": ""site22""}","UmVhY3Rpb246NDc3MDky","PBE_D3","{""star"": 1, ""OHgas"": 1}","{""OHstar"": 1}","001","Mo26ZrB55","001",-3.8816707399998904,,"MoB2-Zr-B01","Mo26ZrB55"
"OH(g) + * -> OH*","{""OH"": ""site14""}","UmVhY3Rpb246NDc3MDkz","PBE_D3","{""star"": 1, ""OHgas"": 1}","{""OHstar"": 1}","001","Mo26ZrB55","001",-4.203033170000026,,"MoB2-Zr-B01","Mo26ZrB55"
"OH(g) + * -> OH*","{""OH"": ""site13""}","UmVhY3Rpb246NDc3MDk0","PBE_D3","{""star"": 1, ""OHgas"": 1}","{""OHstar"": 1}","001","Mo26ZrB55","001",-4.20367447000001,,"MoB2-Zr-B01","Mo26ZrB55"
"OH(g) + * -> OH*","{""OH"": ""site8""}","UmVhY3Rpb246NDc3MTA4","PBE_D3","{""star"": 1, ""OHgas"": 1}","{""OHstar"": 1}","001","Mo26OsB57","001",-4.519369589999997,,"MoB2-Os-B03","Mo26OsB57"
"OH(g) + * -> OH*","{""OH"": ""site1""}","UmVhY3Rpb246NDc3MTA5","PBE_D3","{""star"": 1, ""OHgas"": 1}","{""OHstar"": 1}","001","Mo26OsB57","001",-4.849944009999945,,"MoB2-Os-B03","Mo26OsB57"
"OH(g) + * -> OH*","{""OH"": ""site6""}","UmVhY3Rpb246NDc3MTEw","PBE_D3","{""star"": 1, ""OHgas"": 1}","{""OHstar"": 1}","001","Mo26OsB57","001",-4.793272590000015,,"MoB2-Os-B03","Mo26OsB57"
"OH(g) + * -> OH*","{""OH"": ""site7""}","UmVhY3Rpb246NDc3MTEz","PBE_D3","{""star"": 1, ""OHgas"": 1}","{""OHstar"": 1}","001","Mo26OsB57","001",-4.793117960000018,,"MoB2-Os-B03","Mo26OsB57"
"OH(g) + * -> OH*","{""OH"": ""site9""}","UmVhY3Rpb246NDc3MTE0","PBE_D3","{""star"": 1, ""OHgas"": 1}","{""OHstar"": 1}","001","Mo26OsB57","001",-4.132980330000009,,"MoB2-Os-B03","Mo26OsB57"
"OH(g) + * -> OH*","{""OH"": ""site29""}","UmVhY3Rpb246NDc3MTI0","PBE_D3","{""star"": 1, ""OHgas"": 1}","{""OHstar"": 1}","001","Mo26OsB57","001",-2.8608089800000016,,"MoB2-Os-B03","Mo26OsB57"
"OH(g) + * -> OH*","{""OH"": ""site16""}","UmVhY3Rpb246NDc3MTI1","PBE_D3","{""star"": 1, ""OHgas"": 1}","{""OHstar"": 1}","001","Mo26OsB57","001",-4.127122080000049,,"MoB2-Os-B03","Mo26OsB57"
"OH(g) + * -> OH*","{""OH"": ""site11""}","UmVhY3Rpb246NDc3MTI4","PBE_D3","{""star"": 1, ""OHgas"": 1}","{""OHstar"": 1}","001","Mo26OsB57","001",-4.131473229999983,,"MoB2-Os-B03","Mo26OsB57"
"OH(g) + * -> OH*","{""OH"": ""site18""}","UmVhY3Rpb246NDc3MTI5","PBE_D3","{""star"": 1, ""OHgas"": 1}","{""OHstar"": 1}","001","Mo26OsB57","001",-3.9675728599999047,,"MoB2-Os-B03","Mo26OsB57"
"OH(g) + * -> OH*","{""OH"": ""site27""}","UmVhY3Rpb246NDc3MTMw","PBE_D3","{""star"": 1, ""OHgas"": 1}","{""OHstar"": 1}","001","Mo26OsB57","001",-2.9840560200000255,,"MoB2-Os-B03","Mo26OsB57"
"OH(g) + * -> OH*","{""OH"": ""site20""}","UmVhY3Rpb246NDc3MTMx","PBE_D3","{""star"": 1, ""OHgas"": 1}","{""OHstar"": 1}","001","Mo26OsB57","001",-3.9177041199999394,,"MoB2-Os-B03","Mo26OsB57"
"OH(g) + * -> OH*","{""OH"": ""site21""}","UmVhY3Rpb246NDc3MTMy","PBE_D3","{""star"": 1, ""OHgas"": 1}","{""OHstar"": 1}","001","Mo26OsB57","001",-3.807032739999954,,"MoB2-Os-B03","Mo26OsB57"
"OH(g) + * -> OH*","{""OH"": ""site19""}","UmVhY3Rpb246NDc3MTMz","PBE_D3","{""star"": 1, ""OHgas"": 1}","{""OHstar"": 1}","001","Mo26OsB57","001",-3.965697500000033,,"MoB2-Os-B03","Mo26OsB57"
"OH(g) + * -> OH*","{""OH"": ""site26""}","UmVhY3Rpb246NDc3MTM0","PBE_D3","{""star"": 1, ""OHgas"": 1}","{""OHstar"": 1}","001","Mo26OsB57","001",-3.3143698599999425,,"MoB2-Os-B03","Mo26OsB57"
"OH(g) + * -> OH*","{""OH"": ""site10""}","UmVhY3Rpb246NDc3MTM1","PBE_D3","{""star"": 1, ""OHgas"": 1}","{""OHstar"": 1}","001","Mo26OsB57","001",-4.132672149999848,,"MoB2-Os-B03","Mo26OsB57"
"OH(g) + * -> OH*","{""OH"": ""site28""}","UmVhY3Rpb246NDc3MTM3","PBE_D3","{""star"": 1, ""OHgas"": 1}","{""OHstar"": 1}","001","Mo26OsB57","001",-2.862653669999986,,"MoB2-Os-B03","Mo26OsB57"
"OH(g) + * -> OH*","{""OH"": ""site17""}","UmVhY3Rpb246NDc3MTM5","PBE_D3","{""star"": 1, ""OHgas"": 1}","{""OHstar"": 1}","001","Mo26OsB57","001",-4.126188199999888,,"MoB2-Os-B03","Mo26OsB57"
"OH(g) + * -> OH*","{""OH"": ""site5""}","UmVhY3Rpb246NDc3MTUy","PBE_D3","{""star"": 1, ""OHgas"": 1}","{""OHstar"": 1}","001","Mo26OsB57","001",-4.834702470000025,,"MoB2-Os-B03","Mo26OsB57"
"OH(g) + * -> OH*","{""OH"": ""site2""}","UmVhY3Rpb246NDc3MTUz","PBE_D3","{""star"": 1, ""OHgas"": 1}","{""OHstar"": 1}","001","Mo26OsB57","001",-4.847981520000076,,"MoB2-Os-B03","Mo26OsB57"
"OH(g) + * -> OH*","{""OH"": ""site3""}","UmVhY3Rpb246NDc3MTU3","PBE_D3","{""star"": 1, ""OHgas"": 1}","{""OHstar"": 1}","001","Mo26OsB57","001",-4.847329670000022,,"MoB2-Os-B03","Mo26OsB57"
"OH(g) + * -> OH*","{""OH"": ""site4""}","UmVhY3Rpb246NDc3MTU4","PBE_D3","{""star"": 1, ""OHgas"": 1}","{""OHstar"": 1}","001","Mo26OsB57","001",-4.845138669999983,,"MoB2-Os-B03","Mo26OsB57"
"OH(g) + * -> OH*","{""OH"": ""site12""}","UmVhY3Rpb246NDc3MTY5","PBE_D3","{""star"": 1, ""OHgas"": 1}","{""OHstar"": 1}","001","Mo26OsB57","001",-4.131363360000023,,"MoB2-Os-B03","Mo26OsB57"
"OH(g) + * -> OH*","{""OH"": ""site15""}","UmVhY3Rpb246NDc3MTcw","PBE_D3","{""star"": 1, ""OHgas"": 1}","{""OHstar"": 1}","001","Mo26OsB57","001",-4.127156990000003,,"MoB2-Os-B03","Mo26OsB57"
"OH(g) + * -> OH*","{""OH"": ""site23""}","UmVhY3Rpb246NDc3MTcz","PBE_D3","{""star"": 1, ""OHgas"": 1}","{""OHstar"": 1}","001","Mo26OsB57","001",-3.79328208000004,,"MoB2-Os-B03","Mo26OsB57"
"OH(g) + * -> OH*","{""OH"": ""site24""}","UmVhY3Rpb246NDc3MTc0","PBE_D3","{""star"": 1, ""OHgas"": 1}","{""OHstar"": 1}","001","Mo26OsB57","001",-3.790996249999921,,"MoB2-Os-B03","Mo26OsB57"
"OH(g) + * -> OH*","{""OH"": ""site25""}","UmVhY3Rpb246NDc3MTc1","PBE_D3","{""star"": 1, ""OHgas"": 1}","{""OHstar"": 1}","001","Mo26OsB57","001",-3.561947410000016,,"MoB2-Os-B03","Mo26OsB57"
"OH(g) + * -> OH*","{""OH"": ""site22""}","UmVhY3Rpb246NDc3MTc3","PBE_D3","{""star"": 1, ""OHgas"": 1}","{""OHstar"": 1}","001","Mo26OsB57","001",-3.793413149999992,,"MoB2-Os-B03","Mo26OsB57"
"OH(g) + * -> OH*","{""OH"": ""site14""}","UmVhY3Rpb246NDc3MTc4","PBE_D3","{""star"": 1, ""OHgas"": 1}","{""OHstar"": 1}","001","Mo26OsB57","001",-4.128489179999974,,"MoB2-Os-B03","Mo26OsB57"
"OH(g) + * -> OH*","{""OH"": ""site13""}","UmVhY3Rpb246NDc3MTc5","PBE_D3","{""star"": 1, ""OHgas"": 1}","{""OHstar"": 1}","001","Mo26OsB57","001",-4.129824020000001,,"MoB2-Os-B03","Mo26OsB57"
"OH(g) + * -> OH*","{""OH"": ""site8""}","UmVhY3Rpb246NDc3NDI5","PBE_D3","{""star"": 1, ""OHgas"": 1}","{""OHstar"": 1}","001","Mo26TcB55","001",-4.209006249999902,,"MoB2-Tc-B01","Mo26TcB55"
"OH(g) + * -> OH*","{""OH"": ""site1""}","UmVhY3Rpb246NDc3NDMw","PBE_D3","{""star"": 1, ""OHgas"": 1}","{""OHstar"": 1}","001","Mo26TcB55","001",-4.666448899999864,,"MoB2-Tc-B01","Mo26TcB55"
"OH(g) + * -> OH*","{""OH"": ""site6""}","UmVhY3Rpb246NDc3NDMx","PBE_D3","{""star"": 1, ""OHgas"": 1}","{""OHstar"": 1}","001","Mo26TcB55","001",-4.250951959999838,,"MoB2-Tc-B01","Mo26TcB55"
"OH(g) + * -> OH*","{""OH"": ""site7""}","UmVhY3Rpb246NDc3NDM2","PBE_D3","{""star"": 1, ""OHgas"": 1}","{""OHstar"": 1}","001","Mo26TcB55","001",-4.210021679999954,,"MoB2-Tc-B01","Mo26TcB55"
"OH(g) + * -> OH*","{""OH"": ""site9""}","UmVhY3Rpb246NDc3NDM3","PBE_D3","{""star"": 1, ""OHgas"": 1}","{""OHstar"": 1}","001","Mo26TcB55","001",-4.208999619999986,,"MoB2-Tc-B01","Mo26TcB55"
"OH(g) + * -> OH*","{""OH"": ""site16""}","UmVhY3Rpb246NDc3NDUy","PBE_D3","{""star"": 1, ""OHgas"": 1}","{""OHstar"": 1}","001","Mo26TcB55","001",-4.047559799999931,,"MoB2-Tc-B01","Mo26TcB55"
"OH(g) + * -> OH*","{""OH"": ""site11""}","UmVhY3Rpb246NDc3NDU1","PBE_D3","{""star"": 1, ""OHgas"": 1}","{""OHstar"": 1}","001","Mo26TcB55","001",-4.196838199999888,,"MoB2-Tc-B01","Mo26TcB55"
"OH(g) + * -> OH*","{""OH"": ""site18""}","UmVhY3Rpb246NDc3NDU2","PBE_D3","{""star"": 1, ""OHgas"": 1}","{""OHstar"": 1}","001","Mo26TcB55","001",-4.029276809999942,,"MoB2-Tc-B01","Mo26TcB55"
"OH(g) + * -> OH*","{""OH"": ""site20""}","UmVhY3Rpb246NDc3NDU3","PBE_D3","{""star"": 1, ""OHgas"": 1}","{""OHstar"": 1}","001","Mo26TcB55","001",-4.0089276699999346,,"MoB2-Tc-B01","Mo26TcB55"
"OH(g) + * -> OH*","{""OH"": ""site21""}","UmVhY3Rpb246NDc3NDU4","PBE_D3","{""star"": 1, ""OHgas"": 1}","{""OHstar"": 1}","001","Mo26TcB55","001",-3.8944044899999426,,"MoB2-Tc-B01","Mo26TcB55"
"OH(g) + * -> OH*","{""OH"": ""site19""}","UmVhY3Rpb246NDc3NDU5","PBE_D3","{""star"": 1, ""OHgas"": 1}","{""OHstar"": 1}","001","Mo26TcB55","001",-4.027089359999877,,"MoB2-Tc-B01","Mo26TcB55"
"OH(g) + * -> OH*","{""OH"": ""site10""}","UmVhY3Rpb246NDc3NDYw","PBE_D3","{""star"": 1, ""OHgas"": 1}","{""OHstar"": 1}","001","Mo26TcB55","001",-4.197110679999923,,"MoB2-Tc-B01","Mo26TcB55"
"OH(g) + * -> OH*","{""OH"": ""site17""}","UmVhY3Rpb246NDc3NDYz","PBE_D3","{""star"": 1, ""OHgas"": 1}","{""OHstar"": 1}","001","Mo26TcB55","001",-4.029364159999886,,"MoB2-Tc-B01","Mo26TcB55"
"OH(g) + * -> OH*","{""OH"": ""site5""}","UmVhY3Rpb246NDc3NDc4","PBE_D3","{""star"": 1, ""OHgas"": 1}","{""OHstar"": 1}","001","Mo26TcB55","001",-4.663999600000011,,"MoB2-Tc-B01","Mo26TcB55"
"OH(g) + * -> OH*","{""OH"": ""site2""}","UmVhY3Rpb246NDc3NDc5","PBE_D3","{""star"": 1, ""OHgas"": 1}","{""OHstar"": 1}","001","Mo26TcB55","001",-4.666340629999922,,"MoB2-Tc-B01","Mo26TcB55"
"OH(g) + * -> OH*","{""OH"": ""site3""}","UmVhY3Rpb246NDc3NDg1","PBE_D3","{""star"": 1, ""OHgas"": 1}","{""OHstar"": 1}","001","Mo26TcB55","001",-4.664894179999919,,"MoB2-Tc-B01","Mo26TcB55"
"OH(g) + * -> OH*","{""OH"": ""site4""}","UmVhY3Rpb246NDc3NDg2","PBE_D3","{""star"": 1, ""OHgas"": 1}","{""OHstar"": 1}","001","Mo26TcB55","001",-4.6647766399999,,"MoB2-Tc-B01","Mo26TcB55"
"OH(g) + * -> OH*","{""OH"": ""site12""}","UmVhY3Rpb246NDc3NDk2","PBE_D3","{""star"": 1, ""OHgas"": 1}","{""OHstar"": 1}","001","Mo26TcB55","001",-4.196646470000019,,"MoB2-Tc-B01","Mo26TcB55"
"OH(g) + * -> OH*","{""OH"": ""site15""}","UmVhY3Rpb246NDc3NDk3","PBE_D3","{""star"": 1, ""OHgas"": 1}","{""OHstar"": 1}","001","Mo26TcB55","001",-4.192411829999969,,"MoB2-Tc-B01","Mo26TcB55"
"OH(g) + * -> OH*","{""OH"": ""site23""}","UmVhY3Rpb246NDc3NTAw","PBE_D3","{""star"": 1, ""OHgas"": 1}","{""OHstar"": 1}","001","Mo26TcB55","001",-3.471341789999883,,"MoB2-Tc-B01","Mo26TcB55"
"OH(g) + * -> OH*","{""OH"": ""site24""}","UmVhY3Rpb246NDc3NTAx","PBE_D3","{""star"": 1, ""OHgas"": 1}","{""OHstar"": 1}","001","Mo26TcB55","001",-3.1549918799998977,,"MoB2-Tc-B01","Mo26TcB55"
"OH(g) + * -> OH*","{""OH"": ""site22""}","UmVhY3Rpb246NDc3NTAz","PBE_D3","{""star"": 1, ""OHgas"": 1}","{""OHstar"": 1}","001","Mo26TcB55","001",-3.4713650999999572,,"MoB2-Tc-B01","Mo26TcB55"
"OH(g) + * -> OH*","{""OH"": ""site14""}","UmVhY3Rpb246NDc3NTA0","PBE_D3","{""star"": 1, ""OHgas"": 1}","{""OHstar"": 1}","001","Mo26TcB55","001",-4.193316319999894,,"MoB2-Tc-B01","Mo26TcB55"
"OH(g) + * -> OH*","{""OH"": ""site13""}","UmVhY3Rpb246NDc3NTA1","PBE_D3","{""star"": 1, ""OHgas"": 1}","{""OHstar"": 1}","001","Mo26TcB55","001",-4.193602179999971,,"MoB2-Tc-B01","Mo26TcB55"
"OH(g) + * -> OH*","{""OH"": ""site8""}","UmVhY3Rpb246NDc3NTE0","PBE_D3","{""star"": 1, ""OHgas"": 1}","{""OHstar"": 1}","001","Mo26OsB56","001",-4.159148210000012,,"MoB2-Os-B02","Mo26OsB56"
"OH(g) + * -> OH*","{""OH"": ""site1""}","UmVhY3Rpb246NDc3NTE1","PBE_D3","{""star"": 1, ""OHgas"": 1}","{""OHstar"": 1}","001","Mo26OsB56","001",-4.695708489999902,,"MoB2-Os-B02","Mo26OsB56"
"OH(g) + * -> OH*","{""OH"": ""site6""}","UmVhY3Rpb246NDc3NTE2","PBE_D3","{""star"": 1, ""OHgas"": 1}","{""OHstar"": 1}","001","Mo26OsB56","001",-4.576483209999992,,"MoB2-Os-B02","Mo26OsB56"
"OH(g) + * -> OH*","{""OH"": ""site7""}","UmVhY3Rpb246NDc3NTE5","PBE_D3","{""star"": 1, ""OHgas"": 1}","{""OHstar"": 1}","001","Mo26OsB56","001",-4.576099099999965,,"MoB2-Os-B02","Mo26OsB56"
"OH(g) + * -> OH*","{""OH"": ""site9""}","UmVhY3Rpb246NDc3NTIw","PBE_D3","{""star"": 1, ""OHgas"": 1}","{""OHstar"": 1}","001","Mo26OsB56","001",-4.1538209600000755,,"MoB2-Os-B02","Mo26OsB56"
"OH(g) + * -> OH*","{""OH"": ""site29""}","UmVhY3Rpb246NDc3NTMx","PBE_D3","{""star"": 1, ""OHgas"": 1}","{""OHstar"": 1}","001","Mo26OsB56","001",-2.906578029999878,,"MoB2-Os-B02","Mo26OsB56"
"OH(g) + * -> OH*","{""OH"": ""site16""}","UmVhY3Rpb246NDc3NTMy","PBE_D3","{""star"": 1, ""OHgas"": 1}","{""OHstar"": 1}","001","Mo26OsB56","001",-4.051869959999976,,"MoB2-Os-B02","Mo26OsB56"
"OH(g) + * -> OH*","{""OH"": ""site11""}","UmVhY3Rpb246NDc3NTM1","PBE_D3","{""star"": 1, ""OHgas"": 1}","{""OHstar"": 1}","001","Mo26OsB56","001",-4.100535779999973,,"MoB2-Os-B02","Mo26OsB56"
"OH(g) + * -> OH*","{""OH"": ""site18""}","UmVhY3Rpb246NDc3NTM2","PBE_D3","{""star"": 1, ""OHgas"": 1}","{""OHstar"": 1}","001","Mo26OsB56","001",-4.027697899999907,,"MoB2-Os-B02","Mo26OsB56"
"OH(g) + * -> OH*","{""OH"": ""site27""}","UmVhY3Rpb246NDc3NTM3","PBE_D3","{""star"": 1, ""OHgas"": 1}","{""OHstar"": 1}","001","Mo26OsB56","001",-3.331135549999999,,"MoB2-Os-B02","Mo26OsB56"
"OH(g) + * -> OH*","{""OH"": ""site20""}","UmVhY3Rpb246NDc3NTM4","PBE_D3","{""star"": 1, ""OHgas"": 1}","{""OHstar"": 1}","001","Mo26OsB56","001",-3.930152620000058,,"MoB2-Os-B02","Mo26OsB56"
"OH(g) + * -> OH*","{""OH"": ""site21""}","UmVhY3Rpb246NDc3NTM5","PBE_D3","{""star"": 1, ""OHgas"": 1}","{""OHstar"": 1}","001","Mo26OsB56","001",-3.928513090000024,,"MoB2-Os-B02","Mo26OsB56"
"OH(g) + * -> OH*","{""OH"": ""site19""}","UmVhY3Rpb246NDc3NTQw","PBE_D3","{""star"": 1, ""OHgas"": 1}","{""OHstar"": 1}","001","Mo26OsB56","001",-3.986475710000036,,"MoB2-Os-B02","Mo26OsB56"
"OH(g) + * -> OH*","{""OH"": ""site26""}","UmVhY3Rpb246NDc3NTQx","PBE_D3","{""star"": 1, ""OHgas"": 1}","{""OHstar"": 1}","001","Mo26OsB56","001",-3.633053959999984,,"MoB2-Os-B02","Mo26OsB56"
"OH(g) + * -> OH*","{""OH"": ""site10""}","UmVhY3Rpb246NDc3NTQy","PBE_D3","{""star"": 1, ""OHgas"": 1}","{""OHstar"": 1}","001","Mo26OsB56","001",-4.100687139999991,,"MoB2-Os-B02","Mo26OsB56"
"OH(g) + * -> OH*","{""OH"": ""site28""}","UmVhY3Rpb246NDc3NTQ0","PBE_D3","{""star"": 1, ""OHgas"": 1}","{""OHstar"": 1}","001","Mo26OsB56","001",-2.906579319999878,,"MoB2-Os-B02","Mo26OsB56"
"OH(g) + * -> OH*","{""OH"": ""site17""}","UmVhY3Rpb246NDc3NTQ2","PBE_D3","{""star"": 1, ""OHgas"": 1}","{""OHstar"": 1}","001","Mo26OsB56","001",-4.030049409999947,,"MoB2-Os-B02","Mo26OsB56"
"OH(g) + * -> OH*","{""OH"": ""site5""}","UmVhY3Rpb246NDc3NTYx","PBE_D3","{""star"": 1, ""OHgas"": 1}","{""OHstar"": 1}","001","Mo26OsB56","001",-4.692256999999927,,"MoB2-Os-B02","Mo26OsB56"
"OH(g) + * -> OH*","{""OH"": ""site2""}","UmVhY3Rpb246NDc3NTYy","PBE_D3","{""star"": 1, ""OHgas"": 1}","{""OHstar"": 1}","001","Mo26OsB56","001",-4.695399510000016,,"MoB2-Os-B02","Mo26OsB56"
"OH(g) + * -> OH*","{""OH"": ""site3""}","UmVhY3Rpb246NDc3NTY4","PBE_D3","{""star"": 1, ""OHgas"": 1}","{""OHstar"": 1}","001","Mo26OsB56","001",-4.6944398800000045,,"MoB2-Os-B02","Mo26OsB56"
"OH(g) + * -> OH*","{""OH"": ""site4""}","UmVhY3Rpb246NDc3NTY5","PBE_D3","{""star"": 1, ""OHgas"": 1}","{""OHstar"": 1}","001","Mo26OsB56","001",-4.694176540000058,,"MoB2-Os-B02","Mo26OsB56"
"OH(g) + * -> OH*","{""OH"": ""site12""}","UmVhY3Rpb246NDc3NTgy","PBE_D3","{""star"": 1, ""OHgas"": 1}","{""OHstar"": 1}","001","Mo26OsB56","001",-4.097265819999961,,"MoB2-Os-B02","Mo26OsB56"
"OH(g) + * -> OH*","{""OH"": ""site15""}","UmVhY3Rpb246NDc3NTgz","PBE_D3","{""star"": 1, ""OHgas"": 1}","{""OHstar"": 1}","001","Mo26OsB56","001",-4.052685499999939,,"MoB2-Os-B02","Mo26OsB56"
"OH(g) + * -> OH*","{""OH"": ""site23""}","UmVhY3Rpb246NDc3NTg2","PBE_D3","{""star"": 1, ""OHgas"": 1}","{""OHstar"": 1}","001","Mo26OsB56","001",-3.8857887399999527,,"MoB2-Os-B02","Mo26OsB56"
"OH(g) + * -> OH*","{""OH"": ""site24""}","UmVhY3Rpb246NDc3NTg3","PBE_D3","{""star"": 1, ""OHgas"": 1}","{""OHstar"": 1}","001","Mo26OsB56","001",-3.7989177300000847,,"MoB2-Os-B02","Mo26OsB56"
"OH(g) + * -> OH*","{""OH"": ""site25""}","UmVhY3Rpb246NDc3NTg4","PBE_D3","{""star"": 1, ""OHgas"": 1}","{""OHstar"": 1}","001","Mo26OsB56","001",-3.756731519999903,,"MoB2-Os-B02","Mo26OsB56"
"OH(g) + * -> OH*","{""OH"": ""site22""}","UmVhY3Rpb246NDc3NTkw","PBE_D3","{""star"": 1, ""OHgas"": 1}","{""OHstar"": 1}","001","Mo26OsB56","001",-3.927476619999993,,"MoB2-Os-B02","Mo26OsB56"
"OH(g) + * -> OH*","{""OH"": ""site14""}","UmVhY3Rpb246NDc3NTkx","PBE_D3","{""star"": 1, ""OHgas"": 1}","{""OHstar"": 1}","001","Mo26OsB56","001",-4.094737089999967,,"MoB2-Os-B02","Mo26OsB56"
"OH(g) + * -> OH*","{""OH"": ""site13""}","UmVhY3Rpb246NDc3NTky","PBE_D3","{""star"": 1, ""OHgas"": 1}","{""OHstar"": 1}","001","Mo26OsB56","001",-4.095565429999851,,"MoB2-Os-B02","Mo26OsB56"
"OH(g) + * -> OH*","{""OH"": ""site8""}","UmVhY3Rpb246NDc3ODMz","PBE_D3","{""star"": 1, ""OHgas"": 1}","{""OHstar"": 1}","001","Mo26ZrB54","001",-4.280570510000075,,"MoB2-Zr-B00","Mo26ZrB54"
"OH(g) + * -> OH*","{""OH"": ""site1""}","UmVhY3Rpb246NDc3ODM0","PBE_D3","{""star"": 1, ""OHgas"": 1}","{""OHstar"": 1}","001","Mo26ZrB54","001",-4.382950349999987,,"MoB2-Zr-B00","Mo26ZrB54"
"OH(g) + * -> OH*","{""OH"": ""site6""}","UmVhY3Rpb246NDc3ODM1","PBE_D3","{""star"": 1, ""OHgas"": 1}","{""OHstar"": 1}","001","Mo26ZrB54","001",-4.299126300000012,,"MoB2-Zr-B00","Mo26ZrB54"
"OH(g) + * -> OH*","{""OH"": ""site7""}","UmVhY3Rpb246NDc3ODM4","PBE_D3","{""star"": 1, ""OHgas"": 1}","{""OHstar"": 1}","001","Mo26ZrB54","001",-4.29896121999991,,"MoB2-Zr-B00","Mo26ZrB54"
"OH(g) + * -> OH*","{""OH"": ""site9""}","UmVhY3Rpb246NDc3ODM5","PBE_D3","{""star"": 1, ""OHgas"": 1}","{""OHstar"": 1}","001","Mo26ZrB54","001",-4.280489289999991,,"MoB2-Zr-B00","Mo26ZrB54"
"OH(g) + * -> OH*","{""OH"": ""site16""}","UmVhY3Rpb246NDc3ODQ4","PBE_D3","{""star"": 1, ""OHgas"": 1}","{""OHstar"": 1}","001","Mo26ZrB54","001",-4.039425679999908,,"MoB2-Zr-B00","Mo26ZrB54"
"OH(g) + * -> OH*","{""OH"": ""site11""}","UmVhY3Rpb246NDc3ODUx","PBE_D3","{""star"": 1, ""OHgas"": 1}","{""OHstar"": 1}","001","Mo26ZrB54","001",-4.204584970000042,,"MoB2-Zr-B00","Mo26ZrB54"
"OH(g) + * -> OH*","{""OH"": ""site18""}","UmVhY3Rpb246NDc3ODUy","PBE_D3","{""star"": 1, ""OHgas"": 1}","{""OHstar"": 1}","001","Mo26ZrB54","001",-3.9089762699999255,,"MoB2-Zr-B00","Mo26ZrB54"
"OH(g) + * -> OH*","{""OH"": ""site10""}","UmVhY3Rpb246NDc3ODUz","PBE_D3","{""star"": 1, ""OHgas"": 1}","{""OHstar"": 1}","001","Mo26ZrB54","001",-4.240432290000058,,"MoB2-Zr-B00","Mo26ZrB54"
"OH(g) + * -> OH*","{""OH"": ""site17""}","UmVhY3Rpb246NDc3ODU2","PBE_D3","{""star"": 1, ""OHgas"": 1}","{""OHstar"": 1}","001","Mo26ZrB54","001",-4.037941090000004,,"MoB2-Zr-B00","Mo26ZrB54"
"OH(g) + * -> OH*","{""OH"": ""site5""}","UmVhY3Rpb246NDc3ODY4","PBE_D3","{""star"": 1, ""OHgas"": 1}","{""OHstar"": 1}","001","Mo26ZrB54","001",-4.2992310299998735,,"MoB2-Zr-B00","Mo26ZrB54"
"OH(g) + * -> OH*","{""OH"": ""site2""}","UmVhY3Rpb246NDc3ODY5","PBE_D3","{""star"": 1, ""OHgas"": 1}","{""OHstar"": 1}","001","Mo26ZrB54","001",-4.320875279999996,,"MoB2-Zr-B00","Mo26ZrB54"
"OH(g) + * -> OH*","{""OH"": ""site3""}","UmVhY3Rpb246NDc3ODcy","PBE_D3","{""star"": 1, ""OHgas"": 1}","{""OHstar"": 1}","001","Mo26ZrB54","001",-4.320648219999839,,"MoB2-Zr-B00","Mo26ZrB54"
"OH(g) + * -> OH*","{""OH"": ""site4""}","UmVhY3Rpb246NDc3ODcz","PBE_D3","{""star"": 1, ""OHgas"": 1}","{""OHstar"": 1}","001","Mo26ZrB54","001",-4.300218420000078,,"MoB2-Zr-B00","Mo26ZrB54"
"OH(g) + * -> OH*","{""OH"": ""site12""}","UmVhY3Rpb246NDc3ODgy","PBE_D3","{""star"": 1, ""OHgas"": 1}","{""OHstar"": 1}","001","Mo26ZrB54","001",-4.202150949999918,,"MoB2-Zr-B00","Mo26ZrB54"
"OH(g) + * -> OH*","{""OH"": ""site15""}","UmVhY3Rpb246NDc3ODgz","PBE_D3","{""star"": 1, ""OHgas"": 1}","{""OHstar"": 1}","001","Mo26ZrB54","001",-4.049107670000012,,"MoB2-Zr-B00","Mo26ZrB54"
"OH(g) + * -> OH*","{""OH"": ""site14""}","UmVhY3Rpb246NDc3ODg3","PBE_D3","{""star"": 1, ""OHgas"": 1}","{""OHstar"": 1}","001","Mo26ZrB54","001",-4.0521980899999335,,"MoB2-Zr-B00","Mo26ZrB54"
"OH(g) + * -> OH*","{""OH"": ""site13""}","UmVhY3Rpb246NDc3ODg4","PBE_D3","{""star"": 1, ""OHgas"": 1}","{""OHstar"": 1}","001","Mo26ZrB54","001",-4.062214659999995,,"MoB2-Zr-B00","Mo26ZrB54"
"OH(g) + * -> OH*","{""OH"": ""site8""}","UmVhY3Rpb246NDc3ODk2","PBE_D3","{""star"": 1, ""OHgas"": 1}","{""OHstar"": 1}","001","Mo26TcB57","001",-4.826182220000078,,"MoB2-Tc-B03","Mo26TcB57"
"OH(g) + * -> OH*","{""OH"": ""site1""}","UmVhY3Rpb246NDc3ODk3","PBE_D3","{""star"": 1, ""OHgas"": 1}","{""OHstar"": 1}","001","Mo26TcB57","001",-4.8401527700000315,,"MoB2-Tc-B03","Mo26TcB57"
"OH(g) + * -> OH*","{""OH"": ""site6""}","UmVhY3Rpb246NDc3ODk4","PBE_D3","{""star"": 1, ""OHgas"": 1}","{""OHstar"": 1}","001","Mo26TcB57","001",-4.8266532899999675,,"MoB2-Tc-B03","Mo26TcB57"
"OH(g) + * -> OH*","{""OH"": ""site7""}","UmVhY3Rpb246NDc3OTAx","PBE_D3","{""star"": 1, ""OHgas"": 1}","{""OHstar"": 1}","001","Mo26TcB57","001",-4.826620700000035,,"MoB2-Tc-B03","Mo26TcB57"
"OH(g) + * -> OH*","{""OH"": ""site9""}","UmVhY3Rpb246NDc3OTAy","PBE_D3","{""star"": 1, ""OHgas"": 1}","{""OHstar"": 1}","001","Mo26TcB57","001",-4.781298180000022,,"MoB2-Tc-B03","Mo26TcB57"
"OH(g) + * -> OH*","{""OH"": ""site29""}","UmVhY3Rpb246NDc3OTE3","PBE_D3","{""star"": 1, ""OHgas"": 1}","{""OHstar"": 1}","001","Mo26TcB57","001",-3.0008086300000514,,"MoB2-Tc-B03","Mo26TcB57"
"OH(g) + * -> OH*","{""OH"": ""site16""}","UmVhY3Rpb246NDc3OTE4","PBE_D3","{""star"": 1, ""OHgas"": 1}","{""OHstar"": 1}","001","Mo26TcB57","001",-4.113834859999997,,"MoB2-Tc-B03","Mo26TcB57"
"OH(g) + * -> OH*","{""OH"": ""site11""}","UmVhY3Rpb246NDc3OTIx","PBE_D3","{""star"": 1, ""OHgas"": 1}","{""OHstar"": 1}","001","Mo26TcB57","001",-4.55289345999995,,"MoB2-Tc-B03","Mo26TcB57"
"OH(g) + * -> OH*","{""OH"": ""site18""}","UmVhY3Rpb246NDc3OTIy","PBE_D3","{""star"": 1, ""OHgas"": 1}","{""OHstar"": 1}","001","Mo26TcB57","001",-3.860766269999999,,"MoB2-Tc-B03","Mo26TcB57"
"OH(g) + * -> OH*","{""OH"": ""site27""}","UmVhY3Rpb246NDc3OTIz","PBE_D3","{""star"": 1, ""OHgas"": 1}","{""OHstar"": 1}","001","Mo26TcB57","001",-3.1033381299999974,,"MoB2-Tc-B03","Mo26TcB57"
"OH(g) + * -> OH*","{""OH"": ""site20""}","UmVhY3Rpb246NDc3OTI0","PBE_D3","{""star"": 1, ""OHgas"": 1}","{""OHstar"": 1}","001","Mo26TcB57","001",-3.832432899999958,,"MoB2-Tc-B03","Mo26TcB57"
"OH(g) + * -> OH*","{""OH"": ""site21""}","UmVhY3Rpb246NDc3OTI1","PBE_D3","{""star"": 1, ""OHgas"": 1}","{""OHstar"": 1}","001","Mo26TcB57","001",-3.8291475599999103,,"MoB2-Tc-B03","Mo26TcB57"
"OH(g) + * -> OH*","{""OH"": ""site19""}","UmVhY3Rpb246NDc3OTI2","PBE_D3","{""star"": 1, ""OHgas"": 1}","{""OHstar"": 1}","001","Mo26TcB57","001",-3.8599534300000187,,"MoB2-Tc-B03","Mo26TcB57"
"OH(g) + * -> OH*","{""OH"": ""site26""}","UmVhY3Rpb246NDc3OTI3","PBE_D3","{""star"": 1, ""OHgas"": 1}","{""OHstar"": 1}","001","Mo26TcB57","001",-3.1036344299999428,,"MoB2-Tc-B03","Mo26TcB57"
"OH(g) + * -> OH*","{""OH"": ""site10""}","UmVhY3Rpb246NDc3OTI4","PBE_D3","{""star"": 1, ""OHgas"": 1}","{""OHstar"": 1}","001","Mo26TcB57","001",-4.7811163600000555,,"MoB2-Tc-B03","Mo26TcB57"
"OH(g) + * -> OH*","{""OH"": ""site28""}","UmVhY3Rpb246NDc3OTMw","PBE_D3","{""star"": 1, ""OHgas"": 1}","{""OHstar"": 1}","001","Mo26TcB57","001",-3.002365090000012,,"MoB2-Tc-B03","Mo26TcB57"
"OH(g) + * -> OH*","{""OH"": ""site17""}","UmVhY3Rpb246NDc3OTMy","PBE_D3","{""star"": 1, ""OHgas"": 1}","{""OHstar"": 1}","001","Mo26TcB57","001",-3.863033689999952,,"MoB2-Tc-B03","Mo26TcB57"
"OH(g) + * -> OH*","{""OH"": ""site5""}","UmVhY3Rpb246NDc3OTQ2","PBE_D3","{""star"": 1, ""OHgas"": 1}","{""OHstar"": 1}","001","Mo26TcB57","001",-4.827498960000071,,"MoB2-Tc-B03","Mo26TcB57"
"OH(g) + * -> OH*","{""OH"": ""site2""}","UmVhY3Rpb246NDc3OTQ3","PBE_D3","{""star"": 1, ""OHgas"": 1}","{""OHstar"": 1}","001","Mo26TcB57","001",-4.835897939999995,,"MoB2-Tc-B03","Mo26TcB57"
"OH(g) + * -> OH*","{""OH"": ""site3""}","UmVhY3Rpb246NDc3OTUy","PBE_D3","{""star"": 1, ""OHgas"": 1}","{""OHstar"": 1}","001","Mo26TcB57","001",-4.835861990000012,,"MoB2-Tc-B03","Mo26TcB57"
"OH(g) + * -> OH*","{""OH"": ""site4""}","UmVhY3Rpb246NDc3OTUz","PBE_D3","{""star"": 1, ""OHgas"": 1}","{""OHstar"": 1}","001","Mo26TcB57","001",-4.835306370000012,,"MoB2-Tc-B03","Mo26TcB57"
"OH(g) + * -> OH*","{""OH"": ""site31""}","UmVhY3Rpb246NDc3OTU1","PBE_D3","{""star"": 1, ""OHgas"": 1}","{""OHstar"": 1}","001","Mo26TcB57","001",-2.8758468100000982,,"MoB2-Tc-B03","Mo26TcB57"
"OH(g) + * -> OH*","{""OH"": ""site30""}","UmVhY3Rpb246NDc3OTYx","PBE_D3","{""star"": 1, ""OHgas"": 1}","{""OHstar"": 1}","001","Mo26TcB57","001",-2.8770200699999577,,"MoB2-Tc-B03","Mo26TcB57"
"OH(g) + * -> OH*","{""OH"": ""site12""}","UmVhY3Rpb246NDc3OTY1","PBE_D3","{""star"": 1, ""OHgas"": 1}","{""OHstar"": 1}","001","Mo26TcB57","001",-4.144893120000006,,"MoB2-Tc-B03","Mo26TcB57"
"OH(g) + * -> OH*","{""OH"": ""site15""}","UmVhY3Rpb246NDc3OTY2","PBE_D3","{""star"": 1, ""OHgas"": 1}","{""OHstar"": 1}","001","Mo26TcB57","001",-4.143343559999948,,"MoB2-Tc-B03","Mo26TcB57"
"OH(g) + * -> OH*","{""OH"": ""site23""}","UmVhY3Rpb246NDc3OTY5","PBE_D3","{""star"": 1, ""OHgas"": 1}","{""OHstar"": 1}","001","Mo26TcB57","001",-3.794194389999916,,"MoB2-Tc-B03","Mo26TcB57"
"OH(g) + * -> OH*","{""OH"": ""site24""}","UmVhY3Rpb246NDc3OTcw","PBE_D3","{""star"": 1, ""OHgas"": 1}","{""OHstar"": 1}","001","Mo26TcB57","001",-3.793617960000006,,"MoB2-Tc-B03","Mo26TcB57"
"OH(g) + * -> OH*","{""OH"": ""site25""}","UmVhY3Rpb246NDc3OTcx","PBE_D3","{""star"": 1, ""OHgas"": 1}","{""OHstar"": 1}","001","Mo26TcB57","001",-3.7686789599999884,,"MoB2-Tc-B03","Mo26TcB57"
"OH(g) + * -> OH*","{""OH"": ""site22""}","UmVhY3Rpb246NDc3OTcz","PBE_D3","{""star"": 1, ""OHgas"": 1}","{""OHstar"": 1}","001","Mo26TcB57","001",-3.827916699999946,,"MoB2-Tc-B03","Mo26TcB57"
"OH(g) + * -> OH*","{""OH"": ""site14""}","UmVhY3Rpb246NDc3OTc0","PBE_D3","{""star"": 1, ""OHgas"": 1}","{""OHstar"": 1}","001","Mo26TcB57","001",-4.1441769300000715,,"MoB2-Tc-B03","Mo26TcB57"
"OH(g) + * -> OH*","{""OH"": ""site13""}","UmVhY3Rpb246NDc3OTc1","PBE_D3","{""star"": 1, ""OHgas"": 1}","{""OHstar"": 1}","001","Mo26TcB57","001",-4.144820449999997,,"MoB2-Tc-B03","Mo26TcB57"
"OH(g) + * -> OH*","{""OH"": ""site8""}","UmVhY3Rpb246NDc3OTg2","PBE_D3","{""star"": 1, ""OHgas"": 1}","{""OHstar"": 1}","001","Mo26TcB56","001",-4.610155660000032,,"MoB2-Tc-B02","Mo26TcB56"
"OH(g) + * -> OH*","{""OH"": ""site1""}","UmVhY3Rpb246NDc3OTg3","PBE_D3","{""star"": 1, ""OHgas"": 1}","{""OHstar"": 1}","001","Mo26TcB56","001",-4.742290449999928,,"MoB2-Tc-B02","Mo26TcB56"
"OH(g) + * -> OH*","{""OH"": ""site6""}","UmVhY3Rpb246NDc3OTg4","PBE_D3","{""star"": 1, ""OHgas"": 1}","{""OHstar"": 1}","001","Mo26TcB56","001",-4.615226419999999,,"MoB2-Tc-B02","Mo26TcB56"
"OH(g) + * -> OH*","{""OH"": ""site7""}","UmVhY3Rpb246NDc3OTkz","PBE_D3","{""star"": 1, ""OHgas"": 1}","{""OHstar"": 1}","001","Mo26TcB56","001",-4.615003020000017,,"MoB2-Tc-B02","Mo26TcB56"
"OH(g) + * -> OH*","{""OH"": ""site9""}","UmVhY3Rpb246NDc3OTk0","PBE_D3","{""star"": 1, ""OHgas"": 1}","{""OHstar"": 1}","001","Mo26TcB56","001",-4.294420930000115,,"MoB2-Tc-B02","Mo26TcB56"
"OH(g) + * -> OH*","{""OH"": ""site29""}","UmVhY3Rpb246NDc4MDEw","PBE_D3","{""star"": 1, ""OHgas"": 1}","{""OHstar"": 1}","001","Mo26TcB56","001",-3.439174209999919,,"MoB2-Tc-B02","Mo26TcB56"
"OH(g) + * -> OH*","{""OH"": ""site16""}","UmVhY3Rpb246NDc4MDEx","PBE_D3","{""star"": 1, ""OHgas"": 1}","{""OHstar"": 1}","001","Mo26TcB56","001",-4.122899260000054,,"MoB2-Tc-B02","Mo26TcB56"
"OH(g) + * -> OH*","{""OH"": ""site11""}","UmVhY3Rpb246NDc4MDE0","PBE_D3","{""star"": 1, ""OHgas"": 1}","{""OHstar"": 1}","001","Mo26TcB56","001",-4.158282570000097,,"MoB2-Tc-B02","Mo26TcB56"
"OH(g) + * -> OH*","{""OH"": ""site18""}","UmVhY3Rpb246NDc4MDE1","PBE_D3","{""star"": 1, ""OHgas"": 1}","{""OHstar"": 1}","001","Mo26TcB56","001",-4.120425530000034,,"MoB2-Tc-B02","Mo26TcB56"
"OH(g) + * -> OH*","{""OH"": ""site27""}","UmVhY3Rpb246NDc4MDE2","PBE_D3","{""star"": 1, ""OHgas"": 1}","{""OHstar"": 1}","001","Mo26TcB56","001",-3.8602597400000604,,"MoB2-Tc-B02","Mo26TcB56"
"OH(g) + * -> OH*","{""OH"": ""site20""}","UmVhY3Rpb246NDc4MDE3","PBE_D3","{""star"": 1, ""OHgas"": 1}","{""OHstar"": 1}","001","Mo26TcB56","001",-4.06869850999999,,"MoB2-Tc-B02","Mo26TcB56"
"OH(g) + * -> OH*","{""OH"": ""site21""}","UmVhY3Rpb246NDc4MDE4","PBE_D3","{""star"": 1, ""OHgas"": 1}","{""OHstar"": 1}","001","Mo26TcB56","001",-3.9990870000000314,,"MoB2-Tc-B02","Mo26TcB56"
"OH(g) + * -> OH*","{""OH"": ""site19""}","UmVhY3Rpb246NDc4MDE5","PBE_D3","{""star"": 1, ""OHgas"": 1}","{""OHstar"": 1}","001","Mo26TcB56","001",-4.107296789999964,,"MoB2-Tc-B02","Mo26TcB56"
"OH(g) + * -> OH*","{""OH"": ""site26""}","UmVhY3Rpb246NDc4MDIw","PBE_D3","{""star"": 1, ""OHgas"": 1}","{""OHstar"": 1}","001","Mo26TcB56","001",-3.881548149999958,,"MoB2-Tc-B02","Mo26TcB56"
"OH(g) + * -> OH*","{""OH"": ""site10""}","UmVhY3Rpb246NDc4MDIx","PBE_D3","{""star"": 1, ""OHgas"": 1}","{""OHstar"": 1}","001","Mo26TcB56","001",-4.293207589999952,,"MoB2-Tc-B02","Mo26TcB56"
"OH(g) + * -> OH*","{""OH"": ""site28""}","UmVhY3Rpb246NDc4MDIz","PBE_D3","{""star"": 1, ""OHgas"": 1}","{""OHstar"": 1}","001","Mo26TcB56","001",-3.788627159999919,,"MoB2-Tc-B02","Mo26TcB56"
"OH(g) + * -> OH*","{""OH"": ""site17""}","UmVhY3Rpb246NDc4MDI1","PBE_D3","{""star"": 1, ""OHgas"": 1}","{""OHstar"": 1}","001","Mo26TcB56","001",-4.121328569999946,,"MoB2-Tc-B02","Mo26TcB56"
"OH(g) + * -> OH*","{""OH"": ""site5""}","UmVhY3Rpb246NDc4MDQ2","PBE_D3","{""star"": 1, ""OHgas"": 1}","{""OHstar"": 1}","001","Mo26TcB56","001",-4.733703000000105,,"MoB2-Tc-B02","Mo26TcB56"
"OH(g) + * -> OH*","{""OH"": ""site2""}","UmVhY3Rpb246NDc4MDQ3","PBE_D3","{""star"": 1, ""OHgas"": 1}","{""OHstar"": 1}","001","Mo26TcB56","001",-4.740870969999946,,"MoB2-Tc-B02","Mo26TcB56"
"OH(g) + * -> OH*","{""OH"": ""site3""}","UmVhY3Rpb246NDc4MDU1","PBE_D3","{""star"": 1, ""OHgas"": 1}","{""OHstar"": 1}","001","Mo26TcB56","001",-4.739143500000068,,"MoB2-Tc-B02","Mo26TcB56"
"OH(g) + * -> OH*","{""OH"": ""site4""}","UmVhY3Rpb246NDc4MDU2","PBE_D3","{""star"": 1, ""OHgas"": 1}","{""OHstar"": 1}","001","Mo26TcB56","001",-4.73720480999998,,"MoB2-Tc-B02","Mo26TcB56"
"OH(g) + * -> OH*","{""OH"": ""site12""}","UmVhY3Rpb246NDc4MDY5","PBE_D3","{""star"": 1, ""OHgas"": 1}","{""OHstar"": 1}","001","Mo26TcB56","001",-4.156199360000073,,"MoB2-Tc-B02","Mo26TcB56"
"OH(g) + * -> OH*","{""OH"": ""site15""}","UmVhY3Rpb246NDc4MDcw","PBE_D3","{""star"": 1, ""OHgas"": 1}","{""OHstar"": 1}","001","Mo26TcB56","001",-4.14863997000009,,"MoB2-Tc-B02","Mo26TcB56"
"OH(g) + * -> OH*","{""OH"": ""site23""}","UmVhY3Rpb246NDc4MDcz","PBE_D3","{""star"": 1, ""OHgas"": 1}","{""OHstar"": 1}","001","Mo26TcB56","001",-3.9600662099999226,,"MoB2-Tc-B02","Mo26TcB56"
"OH(g) + * -> OH*","{""OH"": ""site24""}","UmVhY3Rpb246NDc4MDc0","PBE_D3","{""star"": 1, ""OHgas"": 1}","{""OHstar"": 1}","001","Mo26TcB56","001",-3.9299296200000526,,"MoB2-Tc-B02","Mo26TcB56"
"OH(g) + * -> OH*","{""OH"": ""site25""}","UmVhY3Rpb246NDc4MDc1","PBE_D3","{""star"": 1, ""OHgas"": 1}","{""OHstar"": 1}","001","Mo26TcB56","001",-3.882012359999976,,"MoB2-Tc-B02","Mo26TcB56"
"OH(g) + * -> OH*","{""OH"": ""site22""}","UmVhY3Rpb246NDc4MDc3","PBE_D3","{""star"": 1, ""OHgas"": 1}","{""OHstar"": 1}","001","Mo26TcB56","001",-3.96711307999999,,"MoB2-Tc-B02","Mo26TcB56"
"OH(g) + * -> OH*","{""OH"": ""site14""}","UmVhY3Rpb246NDc4MDc4","PBE_D3","{""star"": 1, ""OHgas"": 1}","{""OHstar"": 1}","001","Mo26TcB56","001",-4.149294280000049,,"MoB2-Tc-B02","Mo26TcB56"
"OH(g) + * -> OH*","{""OH"": ""site13""}","UmVhY3Rpb246NDc4MDc5","PBE_D3","{""star"": 1, ""OHgas"": 1}","{""OHstar"": 1}","001","Mo26TcB56","001",-4.156032809999942,,"MoB2-Tc-B02","Mo26TcB56"
"OH(g) + * -> OH*","{""OH"": ""site8""}","UmVhY3Rpb246NDc4MDk0","PBE_D3","{""star"": 1, ""OHgas"": 1}","{""OHstar"": 1}","001","Mo26OsB55","001",-4.178163429999927,,"MoB2-Os-B01","Mo26OsB55"
"OH(g) + * -> OH*","{""OH"": ""site1""}","UmVhY3Rpb246NDc4MDk1","PBE_D3","{""star"": 1, ""OHgas"": 1}","{""OHstar"": 1}","001","Mo26OsB55","001",-4.697821319999889,,"MoB2-Os-B01","Mo26OsB55"
"OH(g) + * -> OH*","{""OH"": ""site6""}","UmVhY3Rpb246NDc4MDk2","PBE_D3","{""star"": 1, ""OHgas"": 1}","{""OHstar"": 1}","001","Mo26OsB55","001",-4.186498310000047,,"MoB2-Os-B01","Mo26OsB55"
"OH(g) + * -> OH*","{""OH"": ""site7""}","UmVhY3Rpb246NDc4MDk5","PBE_D3","{""star"": 1, ""OHgas"": 1}","{""OHstar"": 1}","001","Mo26OsB55","001",-4.18261503999986,,"MoB2-Os-B01","Mo26OsB55"
"OH(g) + * -> OH*","{""OH"": ""site9""}","UmVhY3Rpb246NDc4MTAw","PBE_D3","{""star"": 1, ""OHgas"": 1}","{""OHstar"": 1}","001","Mo26OsB55","001",-4.1752862999998115,,"MoB2-Os-B01","Mo26OsB55"
"OH(g) + * -> OH*","{""OH"": ""site16""}","UmVhY3Rpb246NDc4MTEw","PBE_D3","{""star"": 1, ""OHgas"": 1}","{""OHstar"": 1}","001","Mo26OsB55","001",-3.9824730000000272,,"MoB2-Os-B01","Mo26OsB55"
"OH(g) + * -> OH*","{""OH"": ""site11""}","UmVhY3Rpb246NDc4MTEz","PBE_D3","{""star"": 1, ""OHgas"": 1}","{""OHstar"": 1}","001","Mo26OsB55","001",-4.060264819999929,,"MoB2-Os-B01","Mo26OsB55"
"OH(g) + * -> OH*","{""OH"": ""site18""}","UmVhY3Rpb246NDc4MTE0","PBE_D3","{""star"": 1, ""OHgas"": 1}","{""OHstar"": 1}","001","Mo26OsB55","001",-3.914127169999915,,"MoB2-Os-B01","Mo26OsB55"
"OH(g) + * -> OH*","{""OH"": ""site19""}","UmVhY3Rpb246NDc4MTE1","PBE_D3","{""star"": 1, ""OHgas"": 1}","{""OHstar"": 1}","001","Mo26OsB55","001",-3.6910239899998487,,"MoB2-Os-B01","Mo26OsB55"
"OH(g) + * -> OH*","{""OH"": ""site10""}","UmVhY3Rpb246NDc4MTE2","PBE_D3","{""star"": 1, ""OHgas"": 1}","{""OHstar"": 1}","001","Mo26OsB55","001",-4.167845299999954,,"MoB2-Os-B01","Mo26OsB55"
"OH(g) + * -> OH*","{""OH"": ""site17""}","UmVhY3Rpb246NDc4MTE5","PBE_D3","{""star"": 1, ""OHgas"": 1}","{""OHstar"": 1}","001","Mo26OsB55","001",-3.980650829999945,,"MoB2-Os-B01","Mo26OsB55"
"OH(g) + * -> OH*","{""OH"": ""site5""}","UmVhY3Rpb246NDc4MTMy","PBE_D3","{""star"": 1, ""OHgas"": 1}","{""OHstar"": 1}","001","Mo26OsB55","001",-4.187088459999927,,"MoB2-Os-B01","Mo26OsB55"
"OH(g) + * -> OH*","{""OH"": ""site2""}","UmVhY3Rpb246NDc4MTMz","PBE_D3","{""star"": 1, ""OHgas"": 1}","{""OHstar"": 1}","001","Mo26OsB55","001",-4.696555589999889,,"MoB2-Os-B01","Mo26OsB55"
"OH(g) + * -> OH*","{""OH"": ""site3""}","UmVhY3Rpb246NDc4MTM2","PBE_D3","{""star"": 1, ""OHgas"": 1}","{""OHstar"": 1}","001","Mo26OsB55","001",-4.694917259999897,,"MoB2-Os-B01","Mo26OsB55"
"OH(g) + * -> OH*","{""OH"": ""site4""}","UmVhY3Rpb246NDc4MTM3","PBE_D3","{""star"": 1, ""OHgas"": 1}","{""OHstar"": 1}","001","Mo26OsB55","001",-4.1876300999999785,,"MoB2-Os-B01","Mo26OsB55"
"OH(g) + * -> OH*","{""OH"": ""site12""}","UmVhY3Rpb246NDc4MTQ1","PBE_D3","{""star"": 1, ""OHgas"": 1}","{""OHstar"": 1}","001","Mo26OsB55","001",-4.059483619999924,,"MoB2-Os-B01","Mo26OsB55"
"OH(g) + * -> OH*","{""OH"": ""site15""}","UmVhY3Rpb246NDc4MTQ2","PBE_D3","{""star"": 1, ""OHgas"": 1}","{""OHstar"": 1}","001","Mo26OsB55","001",-4.022326499999963,,"MoB2-Os-B01","Mo26OsB55"
"OH(g) + * -> OH*","{""OH"": ""site14""}","UmVhY3Rpb246NDc4MTUw","PBE_D3","{""star"": 1, ""OHgas"": 1}","{""OHstar"": 1}","001","Mo26OsB55","001",-4.039598349999892,,"MoB2-Os-B01","Mo26OsB55"
"OH(g) + * -> OH*","{""OH"": ""site13""}","UmVhY3Rpb246NDc4MTUx","PBE_D3","{""star"": 1, ""OHgas"": 1}","{""OHstar"": 1}","001","Mo26OsB55","001",-4.04168682999989,,"MoB2-Os-B01","Mo26OsB55"
"OH(g) + * -> OH*","{""OH"": ""site8""}","UmVhY3Rpb246NDc4MTYy","PBE_D3","{""star"": 1, ""OHgas"": 1}","{""OHstar"": 1}","001","Mo26ZrB57","001",-4.100963919999913,,"MoB2-Zr-B03","Mo26ZrB57"
"OH(g) + * -> OH*","{""OH"": ""site1""}","UmVhY3Rpb246NDc4MTYz","PBE_D3","{""star"": 1, ""OHgas"": 1}","{""OHstar"": 1}","001","Mo26ZrB57","001",-4.718912130000035,,"MoB2-Zr-B03","Mo26ZrB57"
"OH(g) + * -> OH*","{""OH"": ""site6""}","UmVhY3Rpb246NDc4MTY0","PBE_D3","{""star"": 1, ""OHgas"": 1}","{""OHstar"": 1}","001","Mo26ZrB57","001",-4.697282109999833,,"MoB2-Zr-B03","Mo26ZrB57"
"OH(g) + * -> OH*","{""OH"": ""site7""}","UmVhY3Rpb246NDc4MTcx","PBE_D3","{""star"": 1, ""OHgas"": 1}","{""OHstar"": 1}","001","Mo26ZrB57","001",-4.101841669999999,,"MoB2-Zr-B03","Mo26ZrB57"
"OH(g) + * -> OH*","{""OH"": ""site9""}","UmVhY3Rpb246NDc4MTcy","PBE_D3","{""star"": 1, ""OHgas"": 1}","{""OHstar"": 1}","001","Mo26ZrB57","001",-4.100366319999921,,"MoB2-Zr-B03","Mo26ZrB57"
"OH(g) + * -> OH*","{""OH"": ""site16""}","UmVhY3Rpb246NDc4MTg5","PBE_D3","{""star"": 1, ""OHgas"": 1}","{""OHstar"": 1}","001","Mo26ZrB57","001",-3.825811149999936,,"MoB2-Zr-B03","Mo26ZrB57"
"OH(g) + * -> OH*","{""OH"": ""site11""}","UmVhY3Rpb246NDc4MTky","PBE_D3","{""star"": 1, ""OHgas"": 1}","{""OHstar"": 1}","001","Mo26ZrB57","001",-4.100127549999911,,"MoB2-Zr-B03","Mo26ZrB57"
"OH(g) + * -> OH*","{""OH"": ""site18""}","UmVhY3Rpb246NDc4MTkz","PBE_D3","{""star"": 1, ""OHgas"": 1}","{""OHstar"": 1}","001","Mo26ZrB57","001",-3.780796769999938,,"MoB2-Zr-B03","Mo26ZrB57"
"OH(g) + * -> OH*","{""OH"": ""site20""}","UmVhY3Rpb246NDc4MTk0","PBE_D3","{""star"": 1, ""OHgas"": 1}","{""OHstar"": 1}","001","Mo26ZrB57","001",-3.766863550000039,,"MoB2-Zr-B03","Mo26ZrB57"
"OH(g) + * -> OH*","{""OH"": ""site21""}","UmVhY3Rpb246NDc4MTk1","PBE_D3","{""star"": 1, ""OHgas"": 1}","{""OHstar"": 1}","001","Mo26ZrB57","001",-3.1088236599999846,,"MoB2-Zr-B03","Mo26ZrB57"
"OH(g) + * -> OH*","{""OH"": ""site19""}","UmVhY3Rpb246NDc4MTk2","PBE_D3","{""star"": 1, ""OHgas"": 1}","{""OHstar"": 1}","001","Mo26ZrB57","001",-3.7763970799999242,,"MoB2-Zr-B03","Mo26ZrB57"
"OH(g) + * -> OH*","{""OH"": ""site10""}","UmVhY3Rpb246NDc4MTk3","PBE_D3","{""star"": 1, ""OHgas"": 1}","{""OHstar"": 1}","001","Mo26ZrB57","001",-4.100199289999864,,"MoB2-Zr-B03","Mo26ZrB57"
"OH(g) + * -> OH*","{""OH"": ""site17""}","UmVhY3Rpb246NDc4MjAw","PBE_D3","{""star"": 1, ""OHgas"": 1}","{""OHstar"": 1}","001","Mo26ZrB57","001",-3.825202129999866,,"MoB2-Zr-B03","Mo26ZrB57"
"OH(g) + * -> OH*","{""OH"": ""site5""}","UmVhY3Rpb246NDc4MjE2","PBE_D3","{""star"": 1, ""OHgas"": 1}","{""OHstar"": 1}","001","Mo26ZrB57","001",-4.705322299999921,,"MoB2-Zr-B03","Mo26ZrB57"
"OH(g) + * -> OH*","{""OH"": ""site2""}","UmVhY3Rpb246NDc4MjE3","PBE_D3","{""star"": 1, ""OHgas"": 1}","{""OHstar"": 1}","001","Mo26ZrB57","001",-4.717893780000054,,"MoB2-Zr-B03","Mo26ZrB57"
"OH(g) + * -> OH*","{""OH"": ""site3""}","UmVhY3Rpb246NDc4MjI0","PBE_D3","{""star"": 1, ""OHgas"": 1}","{""OHstar"": 1}","001","Mo26ZrB57","001",-4.713428650000083,,"MoB2-Zr-B03","Mo26ZrB57"
"OH(g) + * -> OH*","{""OH"": ""site4""}","UmVhY3Rpb246NDc4MjI1","PBE_D3","{""star"": 1, ""OHgas"": 1}","{""OHstar"": 1}","001","Mo26ZrB57","001",-4.7105496799999855,,"MoB2-Zr-B03","Mo26ZrB57"
"OH(g) + * -> OH*","{""OH"": ""site12""}","UmVhY3Rpb246NDc4MjM4","PBE_D3","{""star"": 1, ""OHgas"": 1}","{""OHstar"": 1}","001","Mo26ZrB57","001",-4.099956199999951,,"MoB2-Zr-B03","Mo26ZrB57"
"OH(g) + * -> OH*","{""OH"": ""site15""}","UmVhY3Rpb246NDc4MjM5","PBE_D3","{""star"": 1, ""OHgas"": 1}","{""OHstar"": 1}","001","Mo26ZrB57","001",-3.835713489999989,,"MoB2-Zr-B03","Mo26ZrB57"
"OH(g) + * -> OH*","{""OH"": ""site23""}","UmVhY3Rpb246NDc4MjQy","PBE_D3","{""star"": 1, ""OHgas"": 1}","{""OHstar"": 1}","001","Mo26ZrB57","001",-2.837856170000009,,"MoB2-Zr-B03","Mo26ZrB57"
"OH(g) + * -> OH*","{""OH"": ""site22""}","UmVhY3Rpb246NDc4MjQ0","PBE_D3","{""star"": 1, ""OHgas"": 1}","{""OHstar"": 1}","001","Mo26ZrB57","001",-2.967848239999853,,"MoB2-Zr-B03","Mo26ZrB57"
"OH(g) + * -> OH*","{""OH"": ""site14""}","UmVhY3Rpb246NDc4MjQ1","PBE_D3","{""star"": 1, ""OHgas"": 1}","{""OHstar"": 1}","001","Mo26ZrB57","001",-3.8366784599999164,,"MoB2-Zr-B03","Mo26ZrB57"
"OH(g) + * -> OH*","{""OH"": ""site13""}","UmVhY3Rpb246NDc4MjQ2","PBE_D3","{""star"": 1, ""OHgas"": 1}","{""OHstar"": 1}","001","Mo26ZrB57","001",-4.015370830000052,,"MoB2-Zr-B03","Mo26ZrB57"
"OH(g) + * -> OH*","{""OH"": ""site8""}","UmVhY3Rpb246NDc4MjU3","PBE_D3","{""star"": 1, ""OHgas"": 1}","{""OHstar"": 1}","001","Mo26RuB57","001",-4.463415030000078,,"MoB2-Ru-B03","Mo26RuB57"
"OH(g) + * -> OH*","{""OH"": ""site1""}","UmVhY3Rpb246NDc4MjU4","PBE_D3","{""star"": 1, ""OHgas"": 1}","{""OHstar"": 1}","001","Mo26RuB57","001",-4.844203640000046,,"MoB2-Ru-B03","Mo26RuB57"
"OH(g) + * -> OH*","{""OH"": ""site6""}","UmVhY3Rpb246NDc4MjU5","PBE_D3","{""star"": 1, ""OHgas"": 1}","{""OHstar"": 1}","001","Mo26RuB57","001",-4.822288520000029,,"MoB2-Ru-B03","Mo26RuB57"
"OH(g) + * -> OH*","{""OH"": ""site7""}","UmVhY3Rpb246NDc4MjY0","PBE_D3","{""star"": 1, ""OHgas"": 1}","{""OHstar"": 1}","001","Mo26RuB57","001",-4.787431309999988,,"MoB2-Ru-B03","Mo26RuB57"
"OH(g) + * -> OH*","{""OH"": ""site9""}","UmVhY3Rpb246NDc4MjY1","PBE_D3","{""star"": 1, ""OHgas"": 1}","{""OHstar"": 1}","001","Mo26RuB57","001",-4.154972150000162,,"MoB2-Ru-B03","Mo26RuB57"
"OH(g) + * -> OH*","{""OH"": ""site16""}","UmVhY3Rpb246NDc4Mjc1","PBE_D3","{""star"": 1, ""OHgas"": 1}","{""OHstar"": 1}","001","Mo26RuB57","001",-3.861558440000067,,"MoB2-Ru-B03","Mo26RuB57"
"OH(g) + * -> OH*","{""OH"": ""site11""}","UmVhY3Rpb246NDc4Mjc4","PBE_D3","{""star"": 1, ""OHgas"": 1}","{""OHstar"": 1}","001","Mo26RuB57","001",-4.153795070000115,,"MoB2-Ru-B03","Mo26RuB57"
"OH(g) + * -> OH*","{""OH"": ""site18""}","UmVhY3Rpb246NDc4Mjc5","PBE_D3","{""star"": 1, ""OHgas"": 1}","{""OHstar"": 1}","001","Mo26RuB57","001",-3.810758060000012,,"MoB2-Ru-B03","Mo26RuB57"
"OH(g) + * -> OH*","{""OH"": ""site20""}","UmVhY3Rpb246NDc4Mjgw","PBE_D3","{""star"": 1, ""OHgas"": 1}","{""OHstar"": 1}","001","Mo26RuB57","001",-3.485087730000032,,"MoB2-Ru-B03","Mo26RuB57"
"OH(g) + * -> OH*","{""OH"": ""site21""}","UmVhY3Rpb246NDc4Mjgx","PBE_D3","{""star"": 1, ""OHgas"": 1}","{""OHstar"": 1}","001","Mo26RuB57","001",-2.998860620000073,,"MoB2-Ru-B03","Mo26RuB57"
"OH(g) + * -> OH*","{""OH"": ""site19""}","UmVhY3Rpb246NDc4Mjgy","PBE_D3","{""star"": 1, ""OHgas"": 1}","{""OHstar"": 1}","001","Mo26RuB57","001",-3.805115999999998,,"MoB2-Ru-B03","Mo26RuB57"
"OH(g) + * -> OH*","{""OH"": ""site10""}","UmVhY3Rpb246NDc4Mjgz","PBE_D3","{""star"": 1, ""OHgas"": 1}","{""OHstar"": 1}","001","Mo26RuB57","001",-4.15422065000007,,"MoB2-Ru-B03","Mo26RuB57"
"OH(g) + * -> OH*","{""OH"": ""site17""}","UmVhY3Rpb246NDc4Mjg2","PBE_D3","{""star"": 1, ""OHgas"": 1}","{""OHstar"": 1}","001","Mo26RuB57","001",-3.8115375300000096,,"MoB2-Ru-B03","Mo26RuB57"
"OH(g) + * -> OH*","{""OH"": ""site5""}","UmVhY3Rpb246NDc4MzAw","PBE_D3","{""star"": 1, ""OHgas"": 1}","{""OHstar"": 1}","001","Mo26RuB57","001",-4.83699265000007,,"MoB2-Ru-B03","Mo26RuB57"
"OH(g) + * -> OH*","{""OH"": ""site2""}","UmVhY3Rpb246NDc4MzAx","PBE_D3","{""star"": 1, ""OHgas"": 1}","{""OHstar"": 1}","001","Mo26RuB57","001",-4.84243618000005,,"MoB2-Ru-B03","Mo26RuB57"
"OH(g) + * -> OH*","{""OH"": ""site3""}","UmVhY3Rpb246NDc4MzA2","PBE_D3","{""star"": 1, ""OHgas"": 1}","{""OHstar"": 1}","001","Mo26RuB57","001",-4.841251140000168,,"MoB2-Ru-B03","Mo26RuB57"
"OH(g) + * -> OH*","{""OH"": ""site4""}","UmVhY3Rpb246NDc4MzA3","PBE_D3","{""star"": 1, ""OHgas"": 1}","{""OHstar"": 1}","001","Mo26RuB57","001",-4.84020742000007,,"MoB2-Ru-B03","Mo26RuB57"
"OH(g) + * -> OH*","{""OH"": ""site12""}","UmVhY3Rpb246NDc4MzE2","PBE_D3","{""star"": 1, ""OHgas"": 1}","{""OHstar"": 1}","001","Mo26RuB57","001",-4.151447150000081,,"MoB2-Ru-B03","Mo26RuB57"
"OH(g) + * -> OH*","{""OH"": ""site15""}","UmVhY3Rpb246NDc4MzE3","PBE_D3","{""star"": 1, ""OHgas"": 1}","{""OHstar"": 1}","001","Mo26RuB57","001",-3.902362460000063,,"MoB2-Ru-B03","Mo26RuB57"
"OH(g) + * -> OH*","{""OH"": ""site22""}","UmVhY3Rpb246NDc4MzIx","PBE_D3","{""star"": 1, ""OHgas"": 1}","{""OHstar"": 1}","001","Mo26RuB57","001",-2.8566738900000246,,"MoB2-Ru-B03","Mo26RuB57"
"OH(g) + * -> OH*","{""OH"": ""site14""}","UmVhY3Rpb246NDc4MzIy","PBE_D3","{""star"": 1, ""OHgas"": 1}","{""OHstar"": 1}","001","Mo26RuB57","001",-3.904011680000167,,"MoB2-Ru-B03","Mo26RuB57"
"OH(g) + * -> OH*","{""OH"": ""site13""}","UmVhY3Rpb246NDc4MzIz","PBE_D3","{""star"": 1, ""OHgas"": 1}","{""OHstar"": 1}","001","Mo26RuB57","001",-4.131188970000039,,"MoB2-Ru-B03","Mo26RuB57"
"OH(g) + * -> OH*","{""OH"": ""site8""}","UmVhY3Rpb246NDc4MzMz","PBE_D3","{""star"": 1, ""OHgas"": 1}","{""OHstar"": 1}","001","Mo26RuB56","001",-4.518675799999983,,"MoB2-Ru-B02","Mo26RuB56"
"OH(g) + * -> OH*","{""OH"": ""site1""}","UmVhY3Rpb246NDc4MzM0","PBE_D3","{""star"": 1, ""OHgas"": 1}","{""OHstar"": 1}","001","Mo26RuB56","001",-4.6970870399999285,,"MoB2-Ru-B02","Mo26RuB56"
"OH(g) + * -> OH*","{""OH"": ""site6""}","UmVhY3Rpb246NDc4MzM1","PBE_D3","{""star"": 1, ""OHgas"": 1}","{""OHstar"": 1}","001","Mo26RuB56","001",-4.6897613399999045,,"MoB2-Ru-B02","Mo26RuB56"
"OH(g) + * -> OH*","{""OH"": ""site7""}","UmVhY3Rpb246NDc4MzQw","PBE_D3","{""star"": 1, ""OHgas"": 1}","{""OHstar"": 1}","001","Mo26RuB56","001",-4.5197595399999955,,"MoB2-Ru-B02","Mo26RuB56"
"OH(g) + * -> OH*","{""OH"": ""site9""}","UmVhY3Rpb246NDc4MzQx","PBE_D3","{""star"": 1, ""OHgas"": 1}","{""OHstar"": 1}","001","Mo26RuB56","001",-4.517445079999902,,"MoB2-Ru-B02","Mo26RuB56"
"OH(g) + * -> OH*","{""OH"": ""site16""}","UmVhY3Rpb246NDc4MzU4","PBE_D3","{""star"": 1, ""OHgas"": 1}","{""OHstar"": 1}","001","Mo26RuB56","001",-4.117882200000054,,"MoB2-Ru-B02","Mo26RuB56"
"OH(g) + * -> OH*","{""OH"": ""site11""}","UmVhY3Rpb246NDc4MzYx","PBE_D3","{""star"": 1, ""OHgas"": 1}","{""OHstar"": 1}","001","Mo26RuB56","001",-4.293629580000015,,"MoB2-Ru-B02","Mo26RuB56"
"OH(g) + * -> OH*","{""OH"": ""site18""}","UmVhY3Rpb246NDc4MzYy","PBE_D3","{""star"": 1, ""OHgas"": 1}","{""OHstar"": 1}","001","Mo26RuB56","001",-4.107048939999913,,"MoB2-Ru-B02","Mo26RuB56"
"OH(g) + * -> OH*","{""OH"": ""site27""}","UmVhY3Rpb246NDc4MzYz","PBE_D3","{""star"": 1, ""OHgas"": 1}","{""OHstar"": 1}","001","Mo26RuB56","001",-3.2776607399999875,,"MoB2-Ru-B02","Mo26RuB56"
"OH(g) + * -> OH*","{""OH"": ""site20""}","UmVhY3Rpb246NDc4MzY0","PBE_D3","{""star"": 1, ""OHgas"": 1}","{""OHstar"": 1}","001","Mo26RuB56","001",-4.04729121999992,,"MoB2-Ru-B02","Mo26RuB56"
"OH(g) + * -> OH*","{""OH"": ""site21""}","UmVhY3Rpb246NDc4MzY1","PBE_D3","{""star"": 1, ""OHgas"": 1}","{""OHstar"": 1}","001","Mo26RuB56","001",-4.044873009999947,,"MoB2-Ru-B02","Mo26RuB56"
"OH(g) + * -> OH*","{""OH"": ""site19""}","UmVhY3Rpb246NDc4MzY2","PBE_D3","{""star"": 1, ""OHgas"": 1}","{""OHstar"": 1}","001","Mo26RuB56","001",-4.1015707899999825,,"MoB2-Ru-B02","Mo26RuB56"
"OH(g) + * -> OH*","{""OH"": ""site26""}","UmVhY3Rpb246NDc4MzY3","PBE_D3","{""star"": 1, ""OHgas"": 1}","{""OHstar"": 1}","001","Mo26RuB56","001",-3.785112310000045,,"MoB2-Ru-B02","Mo26RuB56"
"OH(g) + * -> OH*","{""OH"": ""site10""}","UmVhY3Rpb246NDc4MzY4","PBE_D3","{""star"": 1, ""OHgas"": 1}","{""OHstar"": 1}","001","Mo26RuB56","001",-4.293761049999944,,"MoB2-Ru-B02","Mo26RuB56"
"OH(g) + * -> OH*","{""OH"": ""site17""}","UmVhY3Rpb246NDc4Mzcx","PBE_D3","{""star"": 1, ""OHgas"": 1}","{""OHstar"": 1}","001","Mo26RuB56","001",-4.1110226199999715,,"MoB2-Ru-B02","Mo26RuB56"
"OH(g) + * -> OH*","{""OH"": ""site5""}","UmVhY3Rpb246NDc4Mzg2","PBE_D3","{""star"": 1, ""OHgas"": 1}","{""OHstar"": 1}","001","Mo26RuB56","001",-4.690539520000016,,"MoB2-Ru-B02","Mo26RuB56"
"OH(g) + * -> OH*","{""OH"": ""site2""}","UmVhY3Rpb246NDc4Mzg3","PBE_D3","{""star"": 1, ""OHgas"": 1}","{""OHstar"": 1}","001","Mo26RuB56","001",-4.692566199999874,,"MoB2-Ru-B02","Mo26RuB56"
"OH(g) + * -> OH*","{""OH"": ""site3""}","UmVhY3Rpb246NDc4Mzky","PBE_D3","{""star"": 1, ""OHgas"": 1}","{""OHstar"": 1}","001","Mo26RuB56","001",-4.692339469999979,,"MoB2-Ru-B02","Mo26RuB56"
"OH(g) + * -> OH*","{""OH"": ""site4""}","UmVhY3Rpb246NDc4Mzkz","PBE_D3","{""star"": 1, ""OHgas"": 1}","{""OHstar"": 1}","001","Mo26RuB56","001",-4.690616760000012,,"MoB2-Ru-B02","Mo26RuB56"
"OH(g) + * -> OH*","{""OH"": ""site12""}","UmVhY3Rpb246NDc4NDA3","PBE_D3","{""star"": 1, ""OHgas"": 1}","{""OHstar"": 1}","001","Mo26RuB56","001",-4.176466699999878,,"MoB2-Ru-B02","Mo26RuB56"
"OH(g) + * -> OH*","{""OH"": ""site15""}","UmVhY3Rpb246NDc4NDA4","PBE_D3","{""star"": 1, ""OHgas"": 1}","{""OHstar"": 1}","001","Mo26RuB56","001",-4.174957660000018,,"MoB2-Ru-B02","Mo26RuB56"
"OH(g) + * -> OH*","{""OH"": ""site23""}","UmVhY3Rpb246NDc4NDEx","PBE_D3","{""star"": 1, ""OHgas"": 1}","{""OHstar"": 1}","001","Mo26RuB56","001",-4.00958903999981,,"MoB2-Ru-B02","Mo26RuB56"
"OH(g) + * -> OH*","{""OH"": ""site24""}","UmVhY3Rpb246NDc4NDEy","PBE_D3","{""star"": 1, ""OHgas"": 1}","{""OHstar"": 1}","001","Mo26RuB56","001",-3.910461889999965,,"MoB2-Ru-B02","Mo26RuB56"
"OH(g) + * -> OH*","{""OH"": ""site25""}","UmVhY3Rpb246NDc4NDEz","PBE_D3","{""star"": 1, ""OHgas"": 1}","{""OHstar"": 1}","001","Mo26RuB56","001",-3.844946499999878,,"MoB2-Ru-B02","Mo26RuB56"
"OH(g) + * -> OH*","{""OH"": ""site22""}","UmVhY3Rpb246NDc4NDE1","PBE_D3","{""star"": 1, ""OHgas"": 1}","{""OHstar"": 1}","001","Mo26RuB56","001",-4.011229219999905,,"MoB2-Ru-B02","Mo26RuB56"
"OH(g) + * -> OH*","{""OH"": ""site14""}","UmVhY3Rpb246NDc4NDE2","PBE_D3","{""star"": 1, ""OHgas"": 1}","{""OHstar"": 1}","001","Mo26RuB56","001",-4.176218279999944,,"MoB2-Ru-B02","Mo26RuB56"
"OH(g) + * -> OH*","{""OH"": ""site13""}","UmVhY3Rpb246NDc4NDE3","PBE_D3","{""star"": 1, ""OHgas"": 1}","{""OHstar"": 1}","001","Mo26RuB56","001",-4.176250659999937,,"MoB2-Ru-B02","Mo26RuB56"
"OH(g) + * -> OH*","{""OH"": ""site8""}","UmVhY3Rpb246NDc4NDI4","PBE_D3","{""star"": 1, ""OHgas"": 1}","{""OHstar"": 1}","001","Mo26RuB55","001",-4.180544969999914,,"MoB2-Ru-B01","Mo26RuB55"
"OH(g) + * -> OH*","{""OH"": ""site1""}","UmVhY3Rpb246NDc4NDI5","PBE_D3","{""star"": 1, ""OHgas"": 1}","{""OHstar"": 1}","001","Mo26RuB55","001",-4.630154699999935,,"MoB2-Ru-B01","Mo26RuB55"
"OH(g) + * -> OH*","{""OH"": ""site6""}","UmVhY3Rpb246NDc4NDMw","PBE_D3","{""star"": 1, ""OHgas"": 1}","{""OHstar"": 1}","001","Mo26RuB55","001",-4.181491520000009,,"MoB2-Ru-B01","Mo26RuB55"
"OH(g) + * -> OH*","{""OH"": ""site7""}","UmVhY3Rpb246NDc4NDM1","PBE_D3","{""star"": 1, ""OHgas"": 1}","{""OHstar"": 1}","001","Mo26RuB55","001",-4.18076603999998,,"MoB2-Ru-B01","Mo26RuB55"
"OH(g) + * -> OH*","{""OH"": ""site9""}","UmVhY3Rpb246NDc4NDM2","PBE_D3","{""star"": 1, ""OHgas"": 1}","{""OHstar"": 1}","001","Mo26RuB55","001",-4.1802361999999675,,"MoB2-Ru-B01","Mo26RuB55"
"OH(g) + * -> OH*","{""OH"": ""site16""}","UmVhY3Rpb246NDc4NDQ5","PBE_D3","{""star"": 1, ""OHgas"": 1}","{""OHstar"": 1}","001","Mo26RuB55","001",-4.048837159999948,,"MoB2-Ru-B01","Mo26RuB55"
"OH(g) + * -> OH*","{""OH"": ""site11""}","UmVhY3Rpb246NDc4NDUy","PBE_D3","{""star"": 1, ""OHgas"": 1}","{""OHstar"": 1}","001","Mo26RuB55","001",-4.179666379999958,,"MoB2-Ru-B01","Mo26RuB55"
"OH(g) + * -> OH*","{""OH"": ""site18""}","UmVhY3Rpb246NDc4NDUz","PBE_D3","{""star"": 1, ""OHgas"": 1}","{""OHstar"": 1}","001","Mo26RuB55","001",-3.9168079300000045,,"MoB2-Ru-B01","Mo26RuB55"
"OH(g) + * -> OH*","{""OH"": ""site20""}","UmVhY3Rpb246NDc4NDU0","PBE_D3","{""star"": 1, ""OHgas"": 1}","{""OHstar"": 1}","001","Mo26RuB55","001",-3.8538791400000036,,"MoB2-Ru-B01","Mo26RuB55"
"OH(g) + * -> OH*","{""OH"": ""site21""}","UmVhY3Rpb246NDc4NDU1","PBE_D3","{""star"": 1, ""OHgas"": 1}","{""OHstar"": 1}","001","Mo26RuB55","001",-3.6091858799999272,,"MoB2-Ru-B01","Mo26RuB55"
"OH(g) + * -> OH*","{""OH"": ""site19""}","UmVhY3Rpb246NDc4NDU2","PBE_D3","{""star"": 1, ""OHgas"": 1}","{""OHstar"": 1}","001","Mo26RuB55","001",-3.916003319999959,,"MoB2-Ru-B01","Mo26RuB55"
"OH(g) + * -> OH*","{""OH"": ""site10""}","UmVhY3Rpb246NDc4NDU3","PBE_D3","{""star"": 1, ""OHgas"": 1}","{""OHstar"": 1}","001","Mo26RuB55","001",-4.180149479999955,,"MoB2-Ru-B01","Mo26RuB55"
"OH(g) + * -> OH*","{""OH"": ""site17""}","UmVhY3Rpb246NDc4NDYw","PBE_D3","{""star"": 1, ""OHgas"": 1}","{""OHstar"": 1}","001","Mo26RuB55","001",-3.9770303799999738,,"MoB2-Ru-B01","Mo26RuB55"
"OH(g) + * -> OH*","{""OH"": ""site5""}","UmVhY3Rpb246NDc4NDc0","PBE_D3","{""star"": 1, ""OHgas"": 1}","{""OHstar"": 1}","001","Mo26RuB55","001",-4.199132400000053,,"MoB2-Ru-B01","Mo26RuB55"
"OH(g) + * -> OH*","{""OH"": ""site2""}","UmVhY3Rpb246NDc4NDc1","PBE_D3","{""star"": 1, ""OHgas"": 1}","{""OHstar"": 1}","001","Mo26RuB55","001",-4.629962000000091,,"MoB2-Ru-B01","Mo26RuB55"
"OH(g) + * -> OH*","{""OH"": ""site3""}","UmVhY3Rpb246NDc4NDgx","PBE_D3","{""star"": 1, ""OHgas"": 1}","{""OHstar"": 1}","001","Mo26RuB55","001",-4.627066400000103,,"MoB2-Ru-B01","Mo26RuB55"
"OH(g) + * -> OH*","{""OH"": ""site4""}","UmVhY3Rpb246NDc4NDgy","PBE_D3","{""star"": 1, ""OHgas"": 1}","{""OHstar"": 1}","001","Mo26RuB55","001",-4.199387099999967,,"MoB2-Ru-B01","Mo26RuB55"
"OH(g) + * -> OH*","{""OH"": ""site12""}","UmVhY3Rpb246NDc4NDk1","PBE_D3","{""star"": 1, ""OHgas"": 1}","{""OHstar"": 1}","001","Mo26RuB55","001",-4.1792727499999955,,"MoB2-Ru-B01","Mo26RuB55"
"OH(g) + * -> OH*","{""OH"": ""site15""}","UmVhY3Rpb246NDc4NDk2","PBE_D3","{""star"": 1, ""OHgas"": 1}","{""OHstar"": 1}","001","Mo26RuB55","001",-4.049395339999933,,"MoB2-Ru-B01","Mo26RuB55"
"OH(g) + * -> OH*","{""OH"": ""site23""}","UmVhY3Rpb246NDc4NDk5","PBE_D3","{""star"": 1, ""OHgas"": 1}","{""OHstar"": 1}","001","Mo26RuB55","001",-3.2839151199999606,,"MoB2-Ru-B01","Mo26RuB55"
"OH(g) + * -> OH*","{""OH"": ""site24""}","UmVhY3Rpb246NDc4NTAw","PBE_D3","{""star"": 1, ""OHgas"": 1}","{""OHstar"": 1}","001","Mo26RuB55","001",-3.2833850900000243,,"MoB2-Ru-B01","Mo26RuB55"
"OH(g) + * -> OH*","{""OH"": ""site22""}","UmVhY3Rpb246NDc4NTAy","PBE_D3","{""star"": 1, ""OHgas"": 1}","{""OHstar"": 1}","001","Mo26RuB55","001",-3.608948459999965,,"MoB2-Ru-B01","Mo26RuB55"
"OH(g) + * -> OH*","{""OH"": ""site14""}","UmVhY3Rpb246NDc4NTAz","PBE_D3","{""star"": 1, ""OHgas"": 1}","{""OHstar"": 1}","001","Mo26RuB55","001",-4.066808099999889,,"MoB2-Ru-B01","Mo26RuB55"
"OH(g) + * -> OH*","{""OH"": ""site13""}","UmVhY3Rpb246NDc4NTA0","PBE_D3","{""star"": 1, ""OHgas"": 1}","{""OHstar"": 1}","001","Mo26RuB55","001",-4.162658479999891,,"MoB2-Ru-B01","Mo26RuB55"
"OH(g) + * -> OH*","{""OH"": ""site8""}","UmVhY3Rpb246NDc5MTgw","PBE_D3","{""star"": 1, ""OHgas"": 1}","{""OHstar"": 1}","001","Mo26ReB55","001",-4.194522639999946,,"MoB2-Re-B01","Mo26ReB55"
"OH(g) + * -> OH*","{""OH"": ""site1""}","UmVhY3Rpb246NDc5MTgx","PBE_D3","{""star"": 1, ""OHgas"": 1}","{""OHstar"": 1}","001","Mo26ReB55","001",-4.751885079999852,,"MoB2-Re-B01","Mo26ReB55"
"OH(g) + * -> OH*","{""OH"": ""site6""}","UmVhY3Rpb246NDc5MTgy","PBE_D3","{""star"": 1, ""OHgas"": 1}","{""OHstar"": 1}","001","Mo26ReB55","001",-4.214524109999957,,"MoB2-Re-B01","Mo26ReB55"
"OH(g) + * -> OH*","{""OH"": ""site7""}","UmVhY3Rpb246NDc5MTg3","PBE_D3","{""star"": 1, ""OHgas"": 1}","{""OHstar"": 1}","001","Mo26ReB55","001",-4.200215809999918,,"MoB2-Re-B01","Mo26ReB55"
"OH(g) + * -> OH*","{""OH"": ""site9""}","UmVhY3Rpb246NDc5MTg4","PBE_D3","{""star"": 1, ""OHgas"": 1}","{""OHstar"": 1}","001","Mo26ReB55","001",-4.19422236999992,,"MoB2-Re-B01","Mo26ReB55"
"OH(g) + * -> OH*","{""OH"": ""site16""}","UmVhY3Rpb246NDc5MjA0","PBE_D3","{""star"": 1, ""OHgas"": 1}","{""OHstar"": 1}","001","Mo26ReB55","001",-4.039485489999947,,"MoB2-Re-B01","Mo26ReB55"
"OH(g) + * -> OH*","{""OH"": ""site11""}","UmVhY3Rpb246NDc5MjA3","PBE_D3","{""star"": 1, ""OHgas"": 1}","{""OHstar"": 1}","001","Mo26ReB55","001",-4.192947590000017,,"MoB2-Re-B01","Mo26ReB55"
"OH(g) + * -> OH*","{""OH"": ""site18""}","UmVhY3Rpb246NDc5MjA4","PBE_D3","{""star"": 1, ""OHgas"": 1}","{""OHstar"": 1}","001","Mo26ReB55","001",-4.0330300299999635,,"MoB2-Re-B01","Mo26ReB55"
"OH(g) + * -> OH*","{""OH"": ""site20""}","UmVhY3Rpb246NDc5MjA5","PBE_D3","{""star"": 1, ""OHgas"": 1}","{""OHstar"": 1}","001","Mo26ReB55","001",-3.9978845899998987,,"MoB2-Re-B01","Mo26ReB55"
"OH(g) + * -> OH*","{""OH"": ""site21""}","UmVhY3Rpb246NDc5MjEw","PBE_D3","{""star"": 1, ""OHgas"": 1}","{""OHstar"": 1}","001","Mo26ReB55","001",-3.9869692899999336,,"MoB2-Re-B01","Mo26ReB55"
"OH(g) + * -> OH*","{""OH"": ""site19""}","UmVhY3Rpb246NDc5MjEx","PBE_D3","{""star"": 1, ""OHgas"": 1}","{""OHstar"": 1}","001","Mo26ReB55","001",-4.003280669999981,,"MoB2-Re-B01","Mo26ReB55"
"OH(g) + * -> OH*","{""OH"": ""site10""}","UmVhY3Rpb246NDc5MjEy","PBE_D3","{""star"": 1, ""OHgas"": 1}","{""OHstar"": 1}","001","Mo26ReB55","001",-4.193551809999917,,"MoB2-Re-B01","Mo26ReB55"
"OH(g) + * -> OH*","{""OH"": ""site17""}","UmVhY3Rpb246NDc5MjE1","PBE_D3","{""star"": 1, ""OHgas"": 1}","{""OHstar"": 1}","001","Mo26ReB55","001",-4.033480319999967,,"MoB2-Re-B01","Mo26ReB55"
"OH(g) + * -> OH*","{""OH"": ""site5""}","UmVhY3Rpb246NDc5MjMx","PBE_D3","{""star"": 1, ""OHgas"": 1}","{""OHstar"": 1}","001","Mo26ReB55","001",-4.215326979999986,,"MoB2-Re-B01","Mo26ReB55"
"OH(g) + * -> OH*","{""OH"": ""site2""}","UmVhY3Rpb246NDc5MjMy","PBE_D3","{""star"": 1, ""OHgas"": 1}","{""OHstar"": 1}","001","Mo26ReB55","001",-4.751782569999932,,"MoB2-Re-B01","Mo26ReB55"
"OH(g) + * -> OH*","{""OH"": ""site3""}","UmVhY3Rpb246NDc5MjQw","PBE_D3","{""star"": 1, ""OHgas"": 1}","{""OHstar"": 1}","001","Mo26ReB55","001",-4.751767829999835,,"MoB2-Re-B01","Mo26ReB55"
"OH(g) + * -> OH*","{""OH"": ""site4""}","UmVhY3Rpb246NDc5MjQx","PBE_D3","{""star"": 1, ""OHgas"": 1}","{""OHstar"": 1}","001","Mo26ReB55","001",-4.751511810000011,,"MoB2-Re-B01","Mo26ReB55"
"OH(g) + * -> OH*","{""OH"": ""site12""}","UmVhY3Rpb246NDc5MjUy","PBE_D3","{""star"": 1, ""OHgas"": 1}","{""OHstar"": 1}","001","Mo26ReB55","001",-4.170398069999919,,"MoB2-Re-B01","Mo26ReB55"
"OH(g) + * -> OH*","{""OH"": ""site15""}","UmVhY3Rpb246NDc5MjUz","PBE_D3","{""star"": 1, ""OHgas"": 1}","{""OHstar"": 1}","001","Mo26ReB55","001",-4.040738869999927,,"MoB2-Re-B01","Mo26ReB55"
"OH(g) + * -> OH*","{""OH"": ""site23""}","UmVhY3Rpb246NDc5MjU2","PBE_D3","{""star"": 1, ""OHgas"": 1}","{""OHstar"": 1}","001","Mo26ReB55","001",-3.493509270000004,,"MoB2-Re-B01","Mo26ReB55"
"OH(g) + * -> OH*","{""OH"": ""site24""}","UmVhY3Rpb246NDc5MjU3","PBE_D3","{""star"": 1, ""OHgas"": 1}","{""OHstar"": 1}","001","Mo26ReB55","001",-3.1740918899999997,,"MoB2-Re-B01","Mo26ReB55"
"OH(g) + * -> OH*","{""OH"": ""site22""}","UmVhY3Rpb246NDc5MjU5","PBE_D3","{""star"": 1, ""OHgas"": 1}","{""OHstar"": 1}","001","Mo26ReB55","001",-3.89630016000001,,"MoB2-Re-B01","Mo26ReB55"
"OH(g) + * -> OH*","{""OH"": ""site14""}","UmVhY3Rpb246NDc5MjYw","PBE_D3","{""star"": 1, ""OHgas"": 1}","{""OHstar"": 1}","001","Mo26ReB55","001",-4.0422694499998215,,"MoB2-Re-B01","Mo26ReB55"
"OH(g) + * -> OH*","{""OH"": ""site13""}","UmVhY3Rpb246NDc5MjYx","PBE_D3","{""star"": 1, ""OHgas"": 1}","{""OHstar"": 1}","001","Mo26ReB55","001",-4.168792939999889,,"MoB2-Re-B01","Mo26ReB55"
"OH(g) + * -> OH*","{""OH"": ""site8""}","UmVhY3Rpb246NDc5Mjcy","PBE_D3","{""star"": 1, ""OHgas"": 1}","{""OHstar"": 1}","001","Mo26NbB57","001",-4.7248174099999005,,"MoB2-Nb-B03","Mo26NbB57"
"OH(g) + * -> OH*","{""OH"": ""site1""}","UmVhY3Rpb246NDc5Mjcz","PBE_D3","{""star"": 1, ""OHgas"": 1}","{""OHstar"": 1}","001","Mo26NbB57","001",-4.746845379999854,,"MoB2-Nb-B03","Mo26NbB57"
"OH(g) + * -> OH*","{""OH"": ""site6""}","UmVhY3Rpb246NDc5Mjc0","PBE_D3","{""star"": 1, ""OHgas"": 1}","{""OHstar"": 1}","001","Mo26NbB57","001",-4.725979899999857,,"MoB2-Nb-B03","Mo26NbB57"
"OH(g) + * -> OH*","{""OH"": ""site7""}","UmVhY3Rpb246NDc5Mjc5","PBE_D3","{""star"": 1, ""OHgas"": 1}","{""OHstar"": 1}","001","Mo26NbB57","001",-4.724821959999986,,"MoB2-Nb-B03","Mo26NbB57"
"OH(g) + * -> OH*","{""OH"": ""site9""}","UmVhY3Rpb246NDc5Mjgw","PBE_D3","{""star"": 1, ""OHgas"": 1}","{""OHstar"": 1}","001","Mo26NbB57","001",-4.721020719999956,,"MoB2-Nb-B03","Mo26NbB57"
"OH(g) + * -> OH*","{""OH"": ""site29""}","UmVhY3Rpb246NDc5Mjk0","PBE_D3","{""star"": 1, ""OHgas"": 1}","{""OHstar"": 1}","001","Mo26NbB57","001",-2.8257762299998603,,"MoB2-Nb-B03","Mo26NbB57"
"OH(g) + * -> OH*","{""OH"": ""site16""}","UmVhY3Rpb246NDc5Mjk1","PBE_D3","{""star"": 1, ""OHgas"": 1}","{""OHstar"": 1}","001","Mo26NbB57","001",-4.102019609999843,,"MoB2-Nb-B03","Mo26NbB57"
"OH(g) + * -> OH*","{""OH"": ""site11""}","UmVhY3Rpb246NDc5Mjk4","PBE_D3","{""star"": 1, ""OHgas"": 1}","{""OHstar"": 1}","001","Mo26NbB57","001",-4.716370519999941,,"MoB2-Nb-B03","Mo26NbB57"
"OH(g) + * -> OH*","{""OH"": ""site18""}","UmVhY3Rpb246NDc5Mjk5","PBE_D3","{""star"": 1, ""OHgas"": 1}","{""OHstar"": 1}","001","Mo26NbB57","001",-4.099769139999921,,"MoB2-Nb-B03","Mo26NbB57"
"OH(g) + * -> OH*","{""OH"": ""site27""}","UmVhY3Rpb246NDc5MzAw","PBE_D3","{""star"": 1, ""OHgas"": 1}","{""OHstar"": 1}","001","Mo26NbB57","001",-2.8423943499999496,,"MoB2-Nb-B03","Mo26NbB57"
"OH(g) + * -> OH*","{""OH"": ""site20""}","UmVhY3Rpb246NDc5MzAx","PBE_D3","{""star"": 1, ""OHgas"": 1}","{""OHstar"": 1}","001","Mo26NbB57","001",-3.8185201499999266,,"MoB2-Nb-B03","Mo26NbB57"
"OH(g) + * -> OH*","{""OH"": ""site21""}","UmVhY3Rpb246NDc5MzAy","PBE_D3","{""star"": 1, ""OHgas"": 1}","{""OHstar"": 1}","001","Mo26NbB57","001",-3.8170555499999637,,"MoB2-Nb-B03","Mo26NbB57"
"OH(g) + * -> OH*","{""OH"": ""site19""}","UmVhY3Rpb246NDc5MzAz","PBE_D3","{""star"": 1, ""OHgas"": 1}","{""OHstar"": 1}","001","Mo26NbB57","001",-4.098348659999942,,"MoB2-Nb-B03","Mo26NbB57"
"OH(g) + * -> OH*","{""OH"": ""site26""}","UmVhY3Rpb246NDc5MzA0","PBE_D3","{""star"": 1, ""OHgas"": 1}","{""OHstar"": 1}","001","Mo26NbB57","001",-2.9896520099998725,,"MoB2-Nb-B03","Mo26NbB57"
"OH(g) + * -> OH*","{""OH"": ""site10""}","UmVhY3Rpb246NDc5MzA1","PBE_D3","{""star"": 1, ""OHgas"": 1}","{""OHstar"": 1}","001","Mo26NbB57","001",-4.716891939999982,,"MoB2-Nb-B03","Mo26NbB57"
"OH(g) + * -> OH*","{""OH"": ""site28""}","UmVhY3Rpb246NDc5MzA3","PBE_D3","{""star"": 1, ""OHgas"": 1}","{""OHstar"": 1}","001","Mo26NbB57","001",-2.8272520199999462,,"MoB2-Nb-B03","Mo26NbB57"
"OH(g) + * -> OH*","{""OH"": ""site17""}","UmVhY3Rpb246NDc5MzA5","PBE_D3","{""star"": 1, ""OHgas"": 1}","{""OHstar"": 1}","001","Mo26NbB57","001",-4.1007092700000385,,"MoB2-Nb-B03","Mo26NbB57"
"OH(g) + * -> OH*","{""OH"": ""site5""}","UmVhY3Rpb246NDc5MzI2","PBE_D3","{""star"": 1, ""OHgas"": 1}","{""OHstar"": 1}","001","Mo26NbB57","001",-4.726144329999897,,"MoB2-Nb-B03","Mo26NbB57"
"OH(g) + * -> OH*","{""OH"": ""site2""}","UmVhY3Rpb246NDc5MzI3","PBE_D3","{""star"": 1, ""OHgas"": 1}","{""OHstar"": 1}","001","Mo26NbB57","001",-4.74506230999998,,"MoB2-Nb-B03","Mo26NbB57"
"OH(g) + * -> OH*","{""OH"": ""site3""}","UmVhY3Rpb246NDc5MzM1","PBE_D3","{""star"": 1, ""OHgas"": 1}","{""OHstar"": 1}","001","Mo26NbB57","001",-4.744707289999951,,"MoB2-Nb-B03","Mo26NbB57"
"OH(g) + * -> OH*","{""OH"": ""site4""}","UmVhY3Rpb246NDc5MzM2","PBE_D3","{""star"": 1, ""OHgas"": 1}","{""OHstar"": 1}","001","Mo26NbB57","001",-4.726802880000037,,"MoB2-Nb-B03","Mo26NbB57"
"OH(g) + * -> OH*","{""OH"": ""site30""}","UmVhY3Rpb246NDc5MzQ1","PBE_D3","{""star"": 1, ""OHgas"": 1}","{""OHstar"": 1}","001","Mo26NbB57","001",-2.822422819999815,,"MoB2-Nb-B03","Mo26NbB57"
"OH(g) + * -> OH*","{""OH"": ""site12""}","UmVhY3Rpb246NDc5MzUw","PBE_D3","{""star"": 1, ""OHgas"": 1}","{""OHstar"": 1}","001","Mo26NbB57","001",-4.117591159999847,,"MoB2-Nb-B03","Mo26NbB57"
"OH(g) + * -> OH*","{""OH"": ""site15""}","UmVhY3Rpb246NDc5MzUx","PBE_D3","{""star"": 1, ""OHgas"": 1}","{""OHstar"": 1}","001","Mo26NbB57","001",-4.102691009999944,,"MoB2-Nb-B03","Mo26NbB57"
"OH(g) + * -> OH*","{""OH"": ""site23""}","UmVhY3Rpb246NDc5MzU0","PBE_D3","{""star"": 1, ""OHgas"": 1}","{""OHstar"": 1}","001","Mo26NbB57","001",-3.8115753499998846,,"MoB2-Nb-B03","Mo26NbB57"
"OH(g) + * -> OH*","{""OH"": ""site24""}","UmVhY3Rpb246NDc5MzU1","PBE_D3","{""star"": 1, ""OHgas"": 1}","{""OHstar"": 1}","001","Mo26NbB57","001",-3.810451329999978,,"MoB2-Nb-B03","Mo26NbB57"
"OH(g) + * -> OH*","{""OH"": ""site25""}","UmVhY3Rpb246NDc5MzU2","PBE_D3","{""star"": 1, ""OHgas"": 1}","{""OHstar"": 1}","001","Mo26NbB57","001",-3.07172434000006,,"MoB2-Nb-B03","Mo26NbB57"
"OH(g) + * -> OH*","{""OH"": ""site22""}","UmVhY3Rpb246NDc5MzU4","PBE_D3","{""star"": 1, ""OHgas"": 1}","{""OHstar"": 1}","001","Mo26NbB57","001",-3.8158416100000068,,"MoB2-Nb-B03","Mo26NbB57"
"OH(g) + * -> OH*","{""OH"": ""site14""}","UmVhY3Rpb246NDc5MzU5","PBE_D3","{""star"": 1, ""OHgas"": 1}","{""OHstar"": 1}","001","Mo26NbB57","001",-4.102696419999916,,"MoB2-Nb-B03","Mo26NbB57"
"OH(g) + * -> OH*","{""OH"": ""site13""}","UmVhY3Rpb246NDc5MzYw","PBE_D3","{""star"": 1, ""OHgas"": 1}","{""OHstar"": 1}","001","Mo26NbB57","001",-4.115537589999917,,"MoB2-Nb-B03","Mo26NbB57"
"OH(g) + * -> OH*","{""OH"": ""site8""}","UmVhY3Rpb246NDc5Mzcx","PBE_D3","{""star"": 1, ""OHgas"": 1}","{""OHstar"": 1}","001","Mo26NbB55","001",-4.2338009099999,,"MoB2-Nb-B01","Mo26NbB55"
"OH(g) + * -> OH*","{""OH"": ""site1""}","UmVhY3Rpb246NDc5Mzcy","PBE_D3","{""star"": 1, ""OHgas"": 1}","{""OHstar"": 1}","001","Mo26NbB55","001",-4.7020359199999575,,"MoB2-Nb-B01","Mo26NbB55"
"OH(g) + * -> OH*","{""OH"": ""site6""}","UmVhY3Rpb246NDc5Mzcz","PBE_D3","{""star"": 1, ""OHgas"": 1}","{""OHstar"": 1}","001","Mo26NbB55","001",-4.698440729999902,,"MoB2-Nb-B01","Mo26NbB55"
"OH(g) + * -> OH*","{""OH"": ""site7""}","UmVhY3Rpb246NDc5Mzc2","PBE_D3","{""star"": 1, ""OHgas"": 1}","{""OHstar"": 1}","001","Mo26NbB55","001",-4.274090449999903,,"MoB2-Nb-B01","Mo26NbB55"
"OH(g) + * -> OH*","{""OH"": ""site9""}","UmVhY3Rpb246NDc5Mzc3","PBE_D3","{""star"": 1, ""OHgas"": 1}","{""OHstar"": 1}","001","Mo26NbB55","001",-4.211763309999924,,"MoB2-Nb-B01","Mo26NbB55"
"OH(g) + * -> OH*","{""OH"": ""site29""}","UmVhY3Rpb246NDc5Mzk0","PBE_D3","{""star"": 1, ""OHgas"": 1}","{""OHstar"": 1}","001","Mo26NbB55","001",-3.234586659999877,,"MoB2-Nb-B01","Mo26NbB55"
"OH(g) + * -> OH*","{""OH"": ""site16""}","UmVhY3Rpb246NDc5Mzk1","PBE_D3","{""star"": 1, ""OHgas"": 1}","{""OHstar"": 1}","001","Mo26NbB55","001",-4.168946609999921,,"MoB2-Nb-B01","Mo26NbB55"
"OH(g) + * -> OH*","{""OH"": ""site11""}","UmVhY3Rpb246NDc5Mzk4","PBE_D3","{""star"": 1, ""OHgas"": 1}","{""OHstar"": 1}","001","Mo26NbB55","001",-4.209909119999907,,"MoB2-Nb-B01","Mo26NbB55"
"OH(g) + * -> OH*","{""OH"": ""site18""}","UmVhY3Rpb246NDc5Mzk5","PBE_D3","{""star"": 1, ""OHgas"": 1}","{""OHstar"": 1}","001","Mo26NbB55","001",-4.153790940000022,,"MoB2-Nb-B01","Mo26NbB55"
"OH(g) + * -> OH*","{""OH"": ""site27""}","UmVhY3Rpb246NDc5NDAw","PBE_D3","{""star"": 1, ""OHgas"": 1}","{""OHstar"": 1}","001","Mo26NbB55","001",-3.863541370000007,,"MoB2-Nb-B01","Mo26NbB55"
"OH(g) + * -> OH*","{""OH"": ""site20""}","UmVhY3Rpb246NDc5NDAx","PBE_D3","{""star"": 1, ""OHgas"": 1}","{""OHstar"": 1}","001","Mo26NbB55","001",-4.098590360000003,,"MoB2-Nb-B01","Mo26NbB55"
"OH(g) + * -> OH*","{""OH"": ""site21""}","UmVhY3Rpb246NDc5NDAy","PBE_D3","{""star"": 1, ""OHgas"": 1}","{""OHstar"": 1}","001","Mo26NbB55","001",-4.078623509999829,,"MoB2-Nb-B01","Mo26NbB55"
"OH(g) + * -> OH*","{""OH"": ""site19""}","UmVhY3Rpb246NDc5NDAz","PBE_D3","{""star"": 1, ""OHgas"": 1}","{""OHstar"": 1}","001","Mo26NbB55","001",-4.152198020000014,,"MoB2-Nb-B01","Mo26NbB55"
"OH(g) + * -> OH*","{""OH"": ""site26""}","UmVhY3Rpb246NDc5NDA0","PBE_D3","{""star"": 1, ""OHgas"": 1}","{""OHstar"": 1}","001","Mo26NbB55","001",-4.0059910499999205,,"MoB2-Nb-B01","Mo26NbB55"
"OH(g) + * -> OH*","{""OH"": ""site10""}","UmVhY3Rpb246NDc5NDA1","PBE_D3","{""star"": 1, ""OHgas"": 1}","{""OHstar"": 1}","001","Mo26NbB55","001",-4.210864399999878,,"MoB2-Nb-B01","Mo26NbB55"
"OH(g) + * -> OH*","{""OH"": ""site28""}","UmVhY3Rpb246NDc5NDA3","PBE_D3","{""star"": 1, ""OHgas"": 1}","{""OHstar"": 1}","001","Mo26NbB55","001",-3.763450659999876,,"MoB2-Nb-B01","Mo26NbB55"
"OH(g) + * -> OH*","{""OH"": ""site17""}","UmVhY3Rpb246NDc5NDA5","PBE_D3","{""star"": 1, ""OHgas"": 1}","{""OHstar"": 1}","001","Mo26NbB55","001",-4.167903359999968,,"MoB2-Nb-B01","Mo26NbB55"
"OH(g) + * -> OH*","{""OH"": ""site5""}","UmVhY3Rpb246NDc5NDIz","PBE_D3","{""star"": 1, ""OHgas"": 1}","{""OHstar"": 1}","001","Mo26NbB55","001",-4.6987365299999055,,"MoB2-Nb-B01","Mo26NbB55"
"OH(g) + * -> OH*","{""OH"": ""site2""}","UmVhY3Rpb246NDc5NDI0","PBE_D3","{""star"": 1, ""OHgas"": 1}","{""OHstar"": 1}","001","Mo26NbB55","001",-4.70174800999996,,"MoB2-Nb-B01","Mo26NbB55"
"OH(g) + * -> OH*","{""OH"": ""site3""}","UmVhY3Rpb246NDc5NDI4","PBE_D3","{""star"": 1, ""OHgas"": 1}","{""OHstar"": 1}","001","Mo26NbB55","001",-4.700217339999995,,"MoB2-Nb-B01","Mo26NbB55"
"OH(g) + * -> OH*","{""OH"": ""site4""}","UmVhY3Rpb246NDc5NDI5","PBE_D3","{""star"": 1, ""OHgas"": 1}","{""OHstar"": 1}","001","Mo26NbB55","001",-4.700210449999872,,"MoB2-Nb-B01","Mo26NbB55"
"OH(g) + * -> OH*","{""OH"": ""site31""}","UmVhY3Rpb246NDc5NDMx","PBE_D3","{""star"": 1, ""OHgas"": 1}","{""OHstar"": 1}","001","Mo26NbB55","001",-2.926922149999996,,"MoB2-Nb-B01","Mo26NbB55"
"OH(g) + * -> OH*","{""OH"": ""site30""}","UmVhY3Rpb246NDc5NDM5","PBE_D3","{""star"": 1, ""OHgas"": 1}","{""OHstar"": 1}","001","Mo26NbB55","001",-3.234430879999877,,"MoB2-Nb-B01","Mo26NbB55"
"OH(g) + * -> OH*","{""OH"": ""site12""}","UmVhY3Rpb246NDc5NDQ1","PBE_D3","{""star"": 1, ""OHgas"": 1}","{""OHstar"": 1}","001","Mo26NbB55","001",-4.209905739999954,,"MoB2-Nb-B01","Mo26NbB55"
"OH(g) + * -> OH*","{""OH"": ""site15""}","UmVhY3Rpb246NDc5NDQ2","PBE_D3","{""star"": 1, ""OHgas"": 1}","{""OHstar"": 1}","001","Mo26NbB55","001",-4.171722289999934,,"MoB2-Nb-B01","Mo26NbB55"
"OH(g) + * -> OH*","{""OH"": ""site23""}","UmVhY3Rpb246NDc5NDQ5","PBE_D3","{""star"": 1, ""OHgas"": 1}","{""OHstar"": 1}","001","Mo26NbB55","001",-4.0391399099999035,,"MoB2-Nb-B01","Mo26NbB55"
"OH(g) + * -> OH*","{""OH"": ""site24""}","UmVhY3Rpb246NDc5NDUw","PBE_D3","{""star"": 1, ""OHgas"": 1}","{""OHstar"": 1}","001","Mo26NbB55","001",-4.037831079999933,,"MoB2-Nb-B01","Mo26NbB55"
"OH(g) + * -> OH*","{""OH"": ""site25""}","UmVhY3Rpb246NDc5NDUx","PBE_D3","{""star"": 1, ""OHgas"": 1}","{""OHstar"": 1}","001","Mo26NbB55","001",-4.032117219999918,,"MoB2-Nb-B01","Mo26NbB55"
"OH(g) + * -> OH*","{""OH"": ""site22""}","UmVhY3Rpb246NDc5NDUz","PBE_D3","{""star"": 1, ""OHgas"": 1}","{""OHstar"": 1}","001","Mo26NbB55","001",-4.078061509999998,,"MoB2-Nb-B01","Mo26NbB55"
"OH(g) + * -> OH*","{""OH"": ""site14""}","UmVhY3Rpb246NDc5NDU0","PBE_D3","{""star"": 1, ""OHgas"": 1}","{""OHstar"": 1}","001","Mo26NbB55","001",-4.201733460000014,,"MoB2-Nb-B01","Mo26NbB55"
"OH(g) + * -> OH*","{""OH"": ""site13""}","UmVhY3Rpb246NDc5NDU1","PBE_D3","{""star"": 1, ""OHgas"": 1}","{""OHstar"": 1}","001","Mo26NbB55","001",-4.202024439999946,,"MoB2-Nb-B01","Mo26NbB55"
"OH(g) + * -> OH*","{""OH"": ""site8""}","UmVhY3Rpb246NDc5NDY2","PBE_D3","{""star"": 1, ""OHgas"": 1}","{""OHstar"": 1}","001","Mo26ReB56","001",-4.681028289999972,,"MoB2-Re-B02","Mo26ReB56"
"OH(g) + * -> OH*","{""OH"": ""site1""}","UmVhY3Rpb246NDc5NDY3","PBE_D3","{""star"": 1, ""OHgas"": 1}","{""OHstar"": 1}","001","Mo26ReB56","001",-4.742484770000033,,"MoB2-Re-B02","Mo26ReB56"
"OH(g) + * -> OH*","{""OH"": ""site6""}","UmVhY3Rpb246NDc5NDY4","PBE_D3","{""star"": 1, ""OHgas"": 1}","{""OHstar"": 1}","001","Mo26ReB56","001",-4.687155960000041,,"MoB2-Re-B02","Mo26ReB56"
"OH(g) + * -> OH*","{""OH"": ""site7""}","UmVhY3Rpb246NDc5NDcz","PBE_D3","{""star"": 1, ""OHgas"": 1}","{""OHstar"": 1}","001","Mo26ReB56","001",-4.68655729999989,,"MoB2-Re-B02","Mo26ReB56"
"OH(g) + * -> OH*","{""OH"": ""site9""}","UmVhY3Rpb246NDc5NDc0","PBE_D3","{""star"": 1, ""OHgas"": 1}","{""OHstar"": 1}","001","Mo26ReB56","001",-4.272644809999974,,"MoB2-Re-B02","Mo26ReB56"
"H2O* -> OH* + H*",,"UmVhY3Rpb246MTM3Nw==","RPBE","{""H2Ostar"": 1}","{""Hstar"": 1, ""OHstar"": 1}","211","Ru","211",-0.651,0.564,"Ru","Ru"
"OH(g) + * -> OH*","{""OH"": ""site16""}","UmVhY3Rpb246NDc5NDk3","PBE_D3","{""star"": 1, ""OHgas"": 1}","{""OHstar"": 1}","001","Mo26ReB56","001",-4.137638940000102,,"MoB2-Re-B02","Mo26ReB56"
"OH(g) + * -> OH*","{""OH"": ""site11""}","UmVhY3Rpb246NDc5NTAw","PBE_D3","{""star"": 1, ""OHgas"": 1}","{""OHstar"": 1}","001","Mo26ReB56","001",-4.153424950000044,,"MoB2-Re-B02","Mo26ReB56"
"OH(g) + * -> OH*","{""OH"": ""site18""}","UmVhY3Rpb246NDc5NTAx","PBE_D3","{""star"": 1, ""OHgas"": 1}","{""OHstar"": 1}","001","Mo26ReB56","001",-4.064549510000006,,"MoB2-Re-B02","Mo26ReB56"
"OH(g) + * -> OH*","{""OH"": ""site27""}","UmVhY3Rpb246NDc5NTAy","PBE_D3","{""star"": 1, ""OHgas"": 1}","{""OHstar"": 1}","001","Mo26ReB56","001",-3.17651429,,"MoB2-Re-B02","Mo26ReB56"
"OH(g) + * -> OH*","{""OH"": ""site20""}","UmVhY3Rpb246NDc5NTAz","PBE_D3","{""star"": 1, ""OHgas"": 1}","{""OHstar"": 1}","001","Mo26ReB56","001",-3.9935595199999625,,"MoB2-Re-B02","Mo26ReB56"
"OH(g) + * -> OH*","{""OH"": ""site21""}","UmVhY3Rpb246NDc5NTA0","PBE_D3","{""star"": 1, ""OHgas"": 1}","{""OHstar"": 1}","001","Mo26ReB56","001",-3.9612558699999454,,"MoB2-Re-B02","Mo26ReB56"
"OH(g) + * -> OH*","{""OH"": ""site19""}","UmVhY3Rpb246NDc5NTA1","PBE_D3","{""star"": 1, ""OHgas"": 1}","{""OHstar"": 1}","001","Mo26ReB56","001",-4.015820720000079,,"MoB2-Re-B02","Mo26ReB56"
"OH(g) + * -> OH*","{""OH"": ""site26""}","UmVhY3Rpb246NDc5NTA2","PBE_D3","{""star"": 1, ""OHgas"": 1}","{""OHstar"": 1}","001","Mo26ReB56","001",-3.4533544199999824,,"MoB2-Re-B02","Mo26ReB56"
"OH(g) + * -> OH*","{""OH"": ""site10""}","UmVhY3Rpb246NDc5NTA3","PBE_D3","{""star"": 1, ""OHgas"": 1}","{""OHstar"": 1}","001","Mo26ReB56","001",-4.272560339999927,,"MoB2-Re-B02","Mo26ReB56"
"OH(g) + * -> OH*","{""OH"": ""site28""}","UmVhY3Rpb246NDc5NTA5","PBE_D3","{""star"": 1, ""OHgas"": 1}","{""OHstar"": 1}","001","Mo26ReB56","001",-2.954914869999925,,"MoB2-Re-B02","Mo26ReB56"
"OH(g) + * -> OH*","{""OH"": ""site17""}","UmVhY3Rpb246NDc5NTEx","PBE_D3","{""star"": 1, ""OHgas"": 1}","{""OHstar"": 1}","001","Mo26ReB56","001",-4.06507701999999,,"MoB2-Re-B02","Mo26ReB56"
"OH(g) + * -> OH*","{""OH"": ""site5""}","UmVhY3Rpb246NDc5NTI2","PBE_D3","{""star"": 1, ""OHgas"": 1}","{""OHstar"": 1}","001","Mo26ReB56","001",-4.737823269999922,,"MoB2-Re-B02","Mo26ReB56"
"OH(g) + * -> OH*","{""OH"": ""site2""}","UmVhY3Rpb246NDc5NTI3","PBE_D3","{""star"": 1, ""OHgas"": 1}","{""OHstar"": 1}","001","Mo26ReB56","001",-4.739793140000074,,"MoB2-Re-B02","Mo26ReB56"
"OH(g) + * -> OH*","{""OH"": ""site3""}","UmVhY3Rpb246NDc5NTMz","PBE_D3","{""star"": 1, ""OHgas"": 1}","{""OHstar"": 1}","001","Mo26ReB56","001",-4.739221730000054,,"MoB2-Re-B02","Mo26ReB56"
"OH(g) + * -> OH*","{""OH"": ""site4""}","UmVhY3Rpb246NDc5NTM0","PBE_D3","{""star"": 1, ""OHgas"": 1}","{""OHstar"": 1}","001","Mo26ReB56","001",-4.739038359999995,,"MoB2-Re-B02","Mo26ReB56"
"OH(g) + * -> OH*","{""OH"": ""site12""}","UmVhY3Rpb246NDc5NTU0","PBE_D3","{""star"": 1, ""OHgas"": 1}","{""OHstar"": 1}","001","Mo26ReB56","001",-4.152734099999975,,"MoB2-Re-B02","Mo26ReB56"
"OH(g) + * -> OH*","{""OH"": ""site15""}","UmVhY3Rpb246NDc5NTU1","PBE_D3","{""star"": 1, ""OHgas"": 1}","{""OHstar"": 1}","001","Mo26ReB56","001",-4.140285510000012,,"MoB2-Re-B02","Mo26ReB56"
"OH(g) + * -> OH*","{""OH"": ""site23""}","UmVhY3Rpb246NDc5NTU4","PBE_D3","{""star"": 1, ""OHgas"": 1}","{""OHstar"": 1}","001","Mo26ReB56","001",-3.9103324599999496,,"MoB2-Re-B02","Mo26ReB56"
"OH(g) + * -> OH*","{""OH"": ""site24""}","UmVhY3Rpb246NDc5NTU5","PBE_D3","{""star"": 1, ""OHgas"": 1}","{""OHstar"": 1}","001","Mo26ReB56","001",-3.8223012800000333,,"MoB2-Re-B02","Mo26ReB56"
"OH(g) + * -> OH*","{""OH"": ""site25""}","UmVhY3Rpb246NDc5NTYw","PBE_D3","{""star"": 1, ""OHgas"": 1}","{""OHstar"": 1}","001","Mo26ReB56","001",-3.4536646100000326,,"MoB2-Re-B02","Mo26ReB56"
"OH(g) + * -> OH*","{""OH"": ""site22""}","UmVhY3Rpb246NDc5NTYy","PBE_D3","{""star"": 1, ""OHgas"": 1}","{""OHstar"": 1}","001","Mo26ReB56","001",-3.94209649000004,,"MoB2-Re-B02","Mo26ReB56"
"OH(g) + * -> OH*","{""OH"": ""site14""}","UmVhY3Rpb246NDc5NTYz","PBE_D3","{""star"": 1, ""OHgas"": 1}","{""OHstar"": 1}","001","Mo26ReB56","001",-4.140395959999978,,"MoB2-Re-B02","Mo26ReB56"
"OH(g) + * -> OH*","{""OH"": ""site13""}","UmVhY3Rpb246NDc5NTY0","PBE_D3","{""star"": 1, ""OHgas"": 1}","{""OHstar"": 1}","001","Mo26ReB56","001",-4.1517385600000125,,"MoB2-Re-B02","Mo26ReB56"
"OH(g) + * -> OH*","{""OH"": ""site8""}","UmVhY3Rpb246NDc5ODA3","PBE_D3","{""star"": 1, ""OHgas"": 1}","{""OHstar"": 1}","001","Mo26ReB57","001",-4.658241100000055,,"MoB2-Re-B03","Mo26ReB57"
"OH(g) + * -> OH*","{""OH"": ""site1""}","UmVhY3Rpb246NDc5ODA4","PBE_D3","{""star"": 1, ""OHgas"": 1}","{""OHstar"": 1}","001","Mo26ReB57","001",-4.828950839999948,,"MoB2-Re-B03","Mo26ReB57"
"OH(g) + * -> OH*","{""OH"": ""site6""}","UmVhY3Rpb246NDc5ODA5","PBE_D3","{""star"": 1, ""OHgas"": 1}","{""OHstar"": 1}","001","Mo26ReB57","001",-4.779231549999963,,"MoB2-Re-B03","Mo26ReB57"
"OH(g) + * -> OH*","{""OH"": ""site7""}","UmVhY3Rpb246NDc5ODE0","PBE_D3","{""star"": 1, ""OHgas"": 1}","{""OHstar"": 1}","001","Mo26ReB57","001",-4.778114469999991,,"MoB2-Re-B03","Mo26ReB57"
"OH(g) + * -> OH*","{""OH"": ""site9""}","UmVhY3Rpb246NDc5ODE1","PBE_D3","{""star"": 1, ""OHgas"": 1}","{""OHstar"": 1}","001","Mo26ReB57","001",-4.636311939999928,,"MoB2-Re-B03","Mo26ReB57"
"OH(g) + * -> OH*","{""OH"": ""site29""}","UmVhY3Rpb246NDc5ODMy","PBE_D3","{""star"": 1, ""OHgas"": 1}","{""OHstar"": 1}","001","Mo26ReB57","001",-2.875753789999976,,"MoB2-Re-B03","Mo26ReB57"
"OH(g) + * -> OH*","{""OH"": ""site16""}","UmVhY3Rpb246NDc5ODMz","PBE_D3","{""star"": 1, ""OHgas"": 1}","{""OHstar"": 1}","001","Mo26ReB57","001",-4.1201452399999425,,"MoB2-Re-B03","Mo26ReB57"
"OH(g) + * -> OH*","{""OH"": ""site11""}","UmVhY3Rpb246NDc5ODM2","PBE_D3","{""star"": 1, ""OHgas"": 1}","{""OHstar"": 1}","001","Mo26ReB57","001",-4.122659510000062,,"MoB2-Re-B03","Mo26ReB57"
"OH(g) + * -> OH*","{""OH"": ""site18""}","UmVhY3Rpb246NDc5ODM3","PBE_D3","{""star"": 1, ""OHgas"": 1}","{""OHstar"": 1}","001","Mo26ReB57","001",-4.10828896999999,,"MoB2-Re-B03","Mo26ReB57"
"OH(g) + * -> OH*","{""OH"": ""site27""}","UmVhY3Rpb246NDc5ODM4","PBE_D3","{""star"": 1, ""OHgas"": 1}","{""OHstar"": 1}","001","Mo26ReB57","001",-2.999614269999938,,"MoB2-Re-B03","Mo26ReB57"
"OH(g) + * -> OH*","{""OH"": ""site20""}","UmVhY3Rpb246NDc5ODM5","PBE_D3","{""star"": 1, ""OHgas"": 1}","{""OHstar"": 1}","001","Mo26ReB57","001",-3.807805300000041,,"MoB2-Re-B03","Mo26ReB57"
"OH(g) + * -> OH*","{""OH"": ""site21""}","UmVhY3Rpb246NDc5ODQw","PBE_D3","{""star"": 1, ""OHgas"": 1}","{""OHstar"": 1}","001","Mo26ReB57","001",-3.8069188399999803,,"MoB2-Re-B03","Mo26ReB57"
"OH(g) + * -> OH*","{""OH"": ""site19""}","UmVhY3Rpb246NDc5ODQx","PBE_D3","{""star"": 1, ""OHgas"": 1}","{""OHstar"": 1}","001","Mo26ReB57","001",-3.894679989999986,,"MoB2-Re-B03","Mo26ReB57"
"OH(g) + * -> OH*","{""OH"": ""site26""}","UmVhY3Rpb246NDc5ODQy","PBE_D3","{""star"": 1, ""OHgas"": 1}","{""OHstar"": 1}","001","Mo26ReB57","001",-3.0127021300000933,,"MoB2-Re-B03","Mo26ReB57"
"OH(g) + * -> OH*","{""OH"": ""site10""}","UmVhY3Rpb246NDc5ODQz","PBE_D3","{""star"": 1, ""OHgas"": 1}","{""OHstar"": 1}","001","Mo26ReB57","001",-4.635172530000091,,"MoB2-Re-B03","Mo26ReB57"
"OH(g) + * -> OH*","{""OH"": ""site28""}","UmVhY3Rpb246NDc5ODQ1","PBE_D3","{""star"": 1, ""OHgas"": 1}","{""OHstar"": 1}","001","Mo26ReB57","001",-2.87644274999991,,"MoB2-Re-B03","Mo26ReB57"
"OH(g) + * -> OH*","{""OH"": ""site17""}","UmVhY3Rpb246NDc5ODQ3","PBE_D3","{""star"": 1, ""OHgas"": 1}","{""OHstar"": 1}","001","Mo26ReB57","001",-4.111406920000036,,"MoB2-Re-B03","Mo26ReB57"
"OH(g) + * -> OH*","{""OH"": ""site5""}","UmVhY3Rpb246NDc5ODY2","PBE_D3","{""star"": 1, ""OHgas"": 1}","{""OHstar"": 1}","001","Mo26ReB57","001",-4.817328790000033,,"MoB2-Re-B03","Mo26ReB57"
"OH(g) + * -> OH*","{""OH"": ""site2""}","UmVhY3Rpb246NDc5ODY3","PBE_D3","{""star"": 1, ""OHgas"": 1}","{""OHstar"": 1}","001","Mo26ReB57","001",-4.827568839999913,,"MoB2-Re-B03","Mo26ReB57"
"OH(g) + * -> OH*","{""OH"": ""site3""}","UmVhY3Rpb246NDc5ODc1","PBE_D3","{""star"": 1, ""OHgas"": 1}","{""OHstar"": 1}","001","Mo26ReB57","001",-4.8211335599999074,,"MoB2-Re-B03","Mo26ReB57"
"OH(g) + * -> OH*","{""OH"": ""site4""}","UmVhY3Rpb246NDc5ODc2","PBE_D3","{""star"": 1, ""OHgas"": 1}","{""OHstar"": 1}","001","Mo26ReB57","001",-4.817338579999955,,"MoB2-Re-B03","Mo26ReB57"
"OH(g) + * -> OH*","{""OH"": ""site30""}","UmVhY3Rpb246NDc5ODg1","PBE_D3","{""star"": 1, ""OHgas"": 1}","{""OHstar"": 1}","001","Mo26ReB57","001",-2.875161159999948,,"MoB2-Re-B03","Mo26ReB57"
"OH(g) + * -> OH*","{""OH"": ""site12""}","UmVhY3Rpb246NDc5ODkw","PBE_D3","{""star"": 1, ""OHgas"": 1}","{""OHstar"": 1}","001","Mo26ReB57","001",-4.1216857199999595,,"MoB2-Re-B03","Mo26ReB57"
"OH(g) + * -> OH*","{""OH"": ""site15""}","UmVhY3Rpb246NDc5ODkx","PBE_D3","{""star"": 1, ""OHgas"": 1}","{""OHstar"": 1}","001","Mo26ReB57","001",-4.1206604400000515,,"MoB2-Re-B03","Mo26ReB57"
"OH(g) + * -> OH*","{""OH"": ""site23""}","UmVhY3Rpb246NDc5ODk0","PBE_D3","{""star"": 1, ""OHgas"": 1}","{""OHstar"": 1}","001","Mo26ReB57","001",-3.3415940099998807,,"MoB2-Re-B03","Mo26ReB57"
"OH(g) + * -> OH*","{""OH"": ""site24""}","UmVhY3Rpb246NDc5ODk1","PBE_D3","{""star"": 1, ""OHgas"": 1}","{""OHstar"": 1}","001","Mo26ReB57","001",-3.10254488999999,,"MoB2-Re-B03","Mo26ReB57"
"OH(g) + * -> OH*","{""OH"": ""site25""}","UmVhY3Rpb246NDc5ODk2","PBE_D3","{""star"": 1, ""OHgas"": 1}","{""OHstar"": 1}","001","Mo26ReB57","001",-3.013087540000015,,"MoB2-Re-B03","Mo26ReB57"
"OH(g) + * -> OH*","{""OH"": ""site22""}","UmVhY3Rpb246NDc5ODk4","PBE_D3","{""star"": 1, ""OHgas"": 1}","{""OHstar"": 1}","001","Mo26ReB57","001",-3.7936219499998742,,"MoB2-Re-B03","Mo26ReB57"
"OH(g) + * -> OH*","{""OH"": ""site14""}","UmVhY3Rpb246NDc5ODk5","PBE_D3","{""star"": 1, ""OHgas"": 1}","{""OHstar"": 1}","001","Mo26ReB57","001",-4.121282650000012,,"MoB2-Re-B03","Mo26ReB57"
"OH(g) + * -> OH*","{""OH"": ""site13""}","UmVhY3Rpb246NDc5OTAw","PBE_D3","{""star"": 1, ""OHgas"": 1}","{""OHstar"": 1}","001","Mo26ReB57","001",-4.121667649999949,,"MoB2-Re-B03","Mo26ReB57"
"OH(g) + * -> OH*","{""OH"": ""site8""}","UmVhY3Rpb246NDc5OTEx","PBE_D3","{""star"": 1, ""OHgas"": 1}","{""OHstar"": 1}","001","Mo26NbB54","001",-4.279028710000034,,"MoB2-Nb-B00","Mo26NbB54"
"OH(g) + * -> OH*","{""OH"": ""site1""}","UmVhY3Rpb246NDc5OTEy","PBE_D3","{""star"": 1, ""OHgas"": 1}","{""OHstar"": 1}","001","Mo26NbB54","001",-4.313217529999974,,"MoB2-Nb-B00","Mo26NbB54"
"OH(g) + * -> OH*","{""OH"": ""site6""}","UmVhY3Rpb246NDc5OTEz","PBE_D3","{""star"": 1, ""OHgas"": 1}","{""OHstar"": 1}","001","Mo26NbB54","001",-4.295634090000021,,"MoB2-Nb-B00","Mo26NbB54"
"OH(g) + * -> OH*","{""OH"": ""site7""}","UmVhY3Rpb246NDc5OTE2","PBE_D3","{""star"": 1, ""OHgas"": 1}","{""OHstar"": 1}","001","Mo26NbB54","001",-4.2790825199999745,,"MoB2-Nb-B00","Mo26NbB54"
"OH(g) + * -> OH*","{""OH"": ""site9""}","UmVhY3Rpb246NDc5OTE3","PBE_D3","{""star"": 1, ""OHgas"": 1}","{""OHstar"": 1}","001","Mo26NbB54","001",-4.246074930000077,,"MoB2-Nb-B00","Mo26NbB54"
"OH(g) + * -> OH*","{""OH"": ""site11""}","UmVhY3Rpb246NDc5OTI5","PBE_D3","{""star"": 1, ""OHgas"": 1}","{""OHstar"": 1}","001","Mo26NbB54","001",-4.240854100000092,,"MoB2-Nb-B00","Mo26NbB54"
"OH(g) + * -> OH*","{""OH"": ""site10""}","UmVhY3Rpb246NDc5OTMw","PBE_D3","{""star"": 1, ""OHgas"": 1}","{""OHstar"": 1}","001","Mo26NbB54","001",-4.2420084000000315,,"MoB2-Nb-B00","Mo26NbB54"
"OH(g) + * -> OH*","{""OH"": ""site5""}","UmVhY3Rpb246NDc5OTQ0","PBE_D3","{""star"": 1, ""OHgas"": 1}","{""OHstar"": 1}","001","Mo26NbB54","001",-4.295771989999935,,"MoB2-Nb-B00","Mo26NbB54"
"OH(g) + * -> OH*","{""OH"": ""site2""}","UmVhY3Rpb246NDc5OTQ1","PBE_D3","{""star"": 1, ""OHgas"": 1}","{""OHstar"": 1}","001","Mo26NbB54","001",-4.312927909999985,,"MoB2-Nb-B00","Mo26NbB54"
"OH(g) + * -> OH*","{""OH"": ""site3""}","UmVhY3Rpb246NDc5OTQ4","PBE_D3","{""star"": 1, ""OHgas"": 1}","{""OHstar"": 1}","001","Mo26NbB54","001",-4.304552809999905,,"MoB2-Nb-B00","Mo26NbB54"
"OH(g) + * -> OH*","{""OH"": ""site4""}","UmVhY3Rpb246NDc5OTQ5","PBE_D3","{""star"": 1, ""OHgas"": 1}","{""OHstar"": 1}","001","Mo26NbB54","001",-4.3043132900000955,,"MoB2-Nb-B00","Mo26NbB54"
"OH(g) + * -> OH*","{""OH"": ""site12""}","UmVhY3Rpb246NDc5OTYy","PBE_D3","{""star"": 1, ""OHgas"": 1}","{""OHstar"": 1}","001","Mo26NbB54","001",-4.069006559999934,,"MoB2-Nb-B00","Mo26NbB54"
"OH(g) + * -> OH*","{""OH"": ""site15""}","UmVhY3Rpb246NDc5OTYz","PBE_D3","{""star"": 1, ""OHgas"": 1}","{""OHstar"": 1}","001","Mo26NbB54","001",-3.992706969999972,,"MoB2-Nb-B00","Mo26NbB54"
"OH(g) + * -> OH*","{""OH"": ""site14""}","UmVhY3Rpb246NDc5OTY3","PBE_D3","{""star"": 1, ""OHgas"": 1}","{""OHstar"": 1}","001","Mo26NbB54","001",-4.066762629999971,,"MoB2-Nb-B00","Mo26NbB54"
"OH(g) + * -> OH*","{""OH"": ""site13""}","UmVhY3Rpb246NDc5OTY4","PBE_D3","{""star"": 1, ""OHgas"": 1}","{""OHstar"": 1}","001","Mo26NbB54","001",-4.067477999999937,,"MoB2-Nb-B00","Mo26NbB54"
"OH(g) + * -> OH*","{""OH"": ""site8""}","UmVhY3Rpb246NDc5OTc2","PBE_D3","{""star"": 1, ""OHgas"": 1}","{""OHstar"": 1}","001","FeMo26B54","001",-4.276568499999939,,"MoB2-Fe-B00","FeMo26B54"
"OH(g) + * -> OH*","{""OH"": ""site1""}","UmVhY3Rpb246NDc5OTc3","PBE_D3","{""star"": 1, ""OHgas"": 1}","{""OHstar"": 1}","001","FeMo26B54","001",-4.686264400000027,,"MoB2-Fe-B00","FeMo26B54"
"OH(g) + * -> OH*","{""OH"": ""site6""}","UmVhY3Rpb246NDc5OTc4","PBE_D3","{""star"": 1, ""OHgas"": 1}","{""OHstar"": 1}","001","FeMo26B54","001",-4.540409820000036,,"MoB2-Fe-B00","FeMo26B54"
"OH(g) + * -> OH*","{""OH"": ""site7""}","UmVhY3Rpb246NDc5OTgz","PBE_D3","{""star"": 1, ""OHgas"": 1}","{""OHstar"": 1}","001","FeMo26B54","001",-4.445056900000054,,"MoB2-Fe-B00","FeMo26B54"
"OH(g) + * -> OH*","{""OH"": ""site9""}","UmVhY3Rpb246NDc5OTg0","PBE_D3","{""star"": 1, ""OHgas"": 1}","{""OHstar"": 1}","001","FeMo26B54","001",-4.262879310000017,,"MoB2-Fe-B00","FeMo26B54"
"OH(g) + * -> OH*","{""OH"": ""site16""}","UmVhY3Rpb246NDc5OTk4","PBE_D3","{""star"": 1, ""OHgas"": 1}","{""OHstar"": 1}","001","FeMo26B54","001",-3.7486253000000715,,"MoB2-Fe-B00","FeMo26B54"
"OH(g) + * -> OH*","{""OH"": ""site11""}","UmVhY3Rpb246NDgwMDAx","PBE_D3","{""star"": 1, ""OHgas"": 1}","{""OHstar"": 1}","001","FeMo26B54","001",-4.240778139999975,,"MoB2-Fe-B00","FeMo26B54"
"OH(g) + * -> OH*","{""OH"": ""site10""}","UmVhY3Rpb246NDgwMDAy","PBE_D3","{""star"": 1, ""OHgas"": 1}","{""OHstar"": 1}","001","FeMo26B54","001",-4.2611826300000075,,"MoB2-Fe-B00","FeMo26B54"
"OH(g) + * -> OH*","{""OH"": ""site17""}","UmVhY3Rpb246NDgwMDA1","PBE_D3","{""star"": 1, ""OHgas"": 1}","{""OHstar"": 1}","001","FeMo26B54","001",-3.618478570000093,,"MoB2-Fe-B00","FeMo26B54"
"OH(g) + * -> OH*","{""OH"": ""site5""}","UmVhY3Rpb246NDgwMDIw","PBE_D3","{""star"": 1, ""OHgas"": 1}","{""OHstar"": 1}","001","FeMo26B54","001",-4.5407502300000715,,"MoB2-Fe-B00","FeMo26B54"
"OH(g) + * -> OH*","{""OH"": ""site2""}","UmVhY3Rpb246NDgwMDIx","PBE_D3","{""star"": 1, ""OHgas"": 1}","{""OHstar"": 1}","001","FeMo26B54","001",-4.624259830000028,,"MoB2-Fe-B00","FeMo26B54"
"OH(g) + * -> OH*","{""OH"": ""site3""}","UmVhY3Rpb246NDgwMDI2","PBE_D3","{""star"": 1, ""OHgas"": 1}","{""OHstar"": 1}","001","FeMo26B54","001",-4.620714160000034,,"MoB2-Fe-B00","FeMo26B54"
"OH(g) + * -> OH*","{""OH"": ""site4""}","UmVhY3Rpb246NDgwMDI3","PBE_D3","{""star"": 1, ""OHgas"": 1}","{""OHstar"": 1}","001","FeMo26B54","001",-4.620474530000024,,"MoB2-Fe-B00","FeMo26B54"
"OH(g) + * -> OH*","{""OH"": ""site12""}","UmVhY3Rpb246NDgwMDM3","PBE_D3","{""star"": 1, ""OHgas"": 1}","{""OHstar"": 1}","001","FeMo26B54","001",-4.199065840000003,,"MoB2-Fe-B00","FeMo26B54"
"OH(g) + * -> OH*","{""OH"": ""site15""}","UmVhY3Rpb246NDgwMDM4","PBE_D3","{""star"": 1, ""OHgas"": 1}","{""OHstar"": 1}","001","FeMo26B54","001",-3.9901296399999637,,"MoB2-Fe-B00","FeMo26B54"
"OH(g) + * -> OH*","{""OH"": ""site14""}","UmVhY3Rpb246NDgwMDQy","PBE_D3","{""star"": 1, ""OHgas"": 1}","{""OHstar"": 1}","001","FeMo26B54","001",-4.048623199999952,,"MoB2-Fe-B00","FeMo26B54"
"OH(g) + * -> OH*","{""OH"": ""site13""}","UmVhY3Rpb246NDgwMDQz","PBE_D3","{""star"": 1, ""OHgas"": 1}","{""OHstar"": 1}","001","FeMo26B54","001",-4.093505599999958,,"MoB2-Fe-B00","FeMo26B54"
"OH(g) + * -> OH*","{""OH"": ""site8""}","UmVhY3Rpb246NDgwMDU0","PBE_D3","{""star"": 1, ""OHgas"": 1}","{""OHstar"": 1}","001","FeMo26B55","001",-4.228600479999955,,"MoB2-Fe-B01","FeMo26B55"
"OH(g) + * -> OH*","{""OH"": ""site1""}","UmVhY3Rpb246NDgwMDU1","PBE_D3","{""star"": 1, ""OHgas"": 1}","{""OHstar"": 1}","001","FeMo26B55","001",-4.5832428699999355,,"MoB2-Fe-B01","FeMo26B55"
"OH(g) + * -> OH*","{""OH"": ""site6""}","UmVhY3Rpb246NDgwMDU2","PBE_D3","{""star"": 1, ""OHgas"": 1}","{""OHstar"": 1}","001","FeMo26B55","001",-4.229494839999916,,"MoB2-Fe-B01","FeMo26B55"
"OH(g) + * -> OH*","{""OH"": ""site7""}","UmVhY3Rpb246NDgwMDU5","PBE_D3","{""star"": 1, ""OHgas"": 1}","{""OHstar"": 1}","001","FeMo26B55","001",-4.229369919999954,,"MoB2-Fe-B01","FeMo26B55"
"OH(g) + * -> OH*","{""OH"": ""site9""}","UmVhY3Rpb246NDgwMDYw","PBE_D3","{""star"": 1, ""OHgas"": 1}","{""OHstar"": 1}","001","FeMo26B55","001",-4.174839880000036,,"MoB2-Fe-B01","FeMo26B55"
"OH(g) + * -> OH*","{""OH"": ""site16""}","UmVhY3Rpb246NDgwMDY5","PBE_D3","{""star"": 1, ""OHgas"": 1}","{""OHstar"": 1}","001","FeMo26B55","001",-3.8583557500001007,,"MoB2-Fe-B01","FeMo26B55"
"OH(g) + * -> OH*","{""OH"": ""site11""}","UmVhY3Rpb246NDgwMDcy","PBE_D3","{""star"": 1, ""OHgas"": 1}","{""OHstar"": 1}","001","FeMo26B55","001",-4.078702130000011,,"MoB2-Fe-B01","FeMo26B55"
"OH(g) + * -> OH*","{""OH"": ""site18""}","UmVhY3Rpb246NDgwMDcz","PBE_D3","{""star"": 1, ""OHgas"": 1}","{""OHstar"": 1}","001","FeMo26B55","001",-3.6879485199999635,,"MoB2-Fe-B01","FeMo26B55"
"OH(g) + * -> OH*","{""OH"": ""site20""}","UmVhY3Rpb246NDgwMDc0","PBE_D3","{""star"": 1, ""OHgas"": 1}","{""OHstar"": 1}","001","FeMo26B55","001",-3.386858820000043,,"MoB2-Fe-B01","FeMo26B55"
"OH(g) + * -> OH*","{""OH"": ""site21""}","UmVhY3Rpb246NDgwMDc1","PBE_D3","{""star"": 1, ""OHgas"": 1}","{""OHstar"": 1}","001","FeMo26B55","001",-3.3863219300000083,,"MoB2-Fe-B01","FeMo26B55"
"OH(g) + * -> OH*","{""OH"": ""site19""}","UmVhY3Rpb246NDgwMDc2","PBE_D3","{""star"": 1, ""OHgas"": 1}","{""OHstar"": 1}","001","FeMo26B55","001",-3.3874250799999572,,"MoB2-Fe-B01","FeMo26B55"
"OH(g) + * -> OH*","{""OH"": ""site10""}","UmVhY3Rpb246NDgwMDc3","PBE_D3","{""star"": 1, ""OHgas"": 1}","{""OHstar"": 1}","001","FeMo26B55","001",-4.174479450000035,,"MoB2-Fe-B01","FeMo26B55"
"OH(g) + * -> OH*","{""OH"": ""site17""}","UmVhY3Rpb246NDgwMDgw","PBE_D3","{""star"": 1, ""OHgas"": 1}","{""OHstar"": 1}","001","FeMo26B55","001",-3.741183660000047,,"MoB2-Fe-B01","FeMo26B55"
"OH(g) + * -> OH*","{""OH"": ""site5""}","UmVhY3Rpb246NDgwMDky","PBE_D3","{""star"": 1, ""OHgas"": 1}","{""OHstar"": 1}","001","FeMo26B55","001",-4.230487000000039,,"MoB2-Fe-B01","FeMo26B55"
"OH(g) + * -> OH*","{""OH"": ""site2""}","UmVhY3Rpb246NDgwMDkz","PBE_D3","{""star"": 1, ""OHgas"": 1}","{""OHstar"": 1}","001","FeMo26B55","001",-4.582511310000086,,"MoB2-Fe-B01","FeMo26B55"
"OH(g) + * -> OH*","{""OH"": ""site3""}","UmVhY3Rpb246NDgwMDk2","PBE_D3","{""star"": 1, ""OHgas"": 1}","{""OHstar"": 1}","001","FeMo26B55","001",-4.582403569999997,,"MoB2-Fe-B01","FeMo26B55"
"OH(g) + * -> OH*","{""OH"": ""site4""}","UmVhY3Rpb246NDgwMDk3","PBE_D3","{""star"": 1, ""OHgas"": 1}","{""OHstar"": 1}","001","FeMo26B55","001",-4.5805314400000725,,"MoB2-Fe-B01","FeMo26B55"
"OH(g) + * -> OH*","{""OH"": ""site12""}","UmVhY3Rpb246NDgwMTAx","PBE_D3","{""star"": 1, ""OHgas"": 1}","{""OHstar"": 1}","001","FeMo26B55","001",-4.077930760000072,,"MoB2-Fe-B01","FeMo26B55"
"OH(g) + * -> OH*","{""OH"": ""site15""}","UmVhY3Rpb246NDgwMTAy","PBE_D3","{""star"": 1, ""OHgas"": 1}","{""OHstar"": 1}","001","FeMo26B55","001",-4.038463949999937,,"MoB2-Fe-B01","FeMo26B55"
"OH(g) + * -> OH*","{""OH"": ""site14""}","UmVhY3Rpb246NDgwMTA2","PBE_D3","{""star"": 1, ""OHgas"": 1}","{""OHstar"": 1}","001","FeMo26B55","001",-4.040215279999984,,"MoB2-Fe-B01","FeMo26B55"
"OH(g) + * -> OH*","{""OH"": ""site13""}","UmVhY3Rpb246NDgwMTA3","PBE_D3","{""star"": 1, ""OHgas"": 1}","{""OHstar"": 1}","001","FeMo26B55","001",-4.065441739999983,,"MoB2-Fe-B01","FeMo26B55"
"OH(g) + * -> OH*","{""OH"": ""site8""}","UmVhY3Rpb246NDgwODIx","PBE_D3","{""star"": 1, ""OHgas"": 1}","{""OHstar"": 1}","001","FeMo26B56","001",-4.241509609999866,,"MoB2-Fe-B02","FeMo26B56"
"OH(g) + * -> OH*","{""OH"": ""site1""}","UmVhY3Rpb246NDgwODIy","PBE_D3","{""star"": 1, ""OHgas"": 1}","{""OHstar"": 1}","001","FeMo26B56","001",-4.707088320000025,,"MoB2-Fe-B02","FeMo26B56"
"OH(g) + * -> OH*","{""OH"": ""site6""}","UmVhY3Rpb246NDgwODIz","PBE_D3","{""star"": 1, ""OHgas"": 1}","{""OHstar"": 1}","001","FeMo26B56","001",-4.376048179999998,,"MoB2-Fe-B02","FeMo26B56"
"OH(g) + * -> OH*","{""OH"": ""site7""}","UmVhY3Rpb246NDgwODI2","PBE_D3","{""star"": 1, ""OHgas"": 1}","{""OHstar"": 1}","001","FeMo26B56","001",-4.241839789999972,,"MoB2-Fe-B02","FeMo26B56"
"OH(g) + * -> OH*","{""OH"": ""site9""}","UmVhY3Rpb246NDgwODI3","PBE_D3","{""star"": 1, ""OHgas"": 1}","{""OHstar"": 1}","001","FeMo26B56","001",-4.134473360000015,,"MoB2-Fe-B02","FeMo26B56"
"OH(g) + * -> OH*","{""OH"": ""site16""}","UmVhY3Rpb246NDgwODQy","PBE_D3","{""star"": 1, ""OHgas"": 1}","{""OHstar"": 1}","001","FeMo26B56","001",-4.045824619999848,,"MoB2-Fe-B02","FeMo26B56"
"OH(g) + * -> OH*","{""OH"": ""site11""}","UmVhY3Rpb246NDgwODQ1","PBE_D3","{""star"": 1, ""OHgas"": 1}","{""OHstar"": 1}","001","FeMo26B56","001",-4.131704870000021,,"MoB2-Fe-B02","FeMo26B56"
"OH(g) + * -> OH*","{""OH"": ""site18""}","UmVhY3Rpb246NDgwODQ2","PBE_D3","{""star"": 1, ""OHgas"": 1}","{""OHstar"": 1}","001","FeMo26B56","001",-3.786715059999892,,"MoB2-Fe-B02","FeMo26B56"
"OH(g) + * -> OH*","{""OH"": ""site20""}","UmVhY3Rpb246NDgwODQ3","PBE_D3","{""star"": 1, ""OHgas"": 1}","{""OHstar"": 1}","001","FeMo26B56","001",-3.3485834599998725,,"MoB2-Fe-B02","FeMo26B56"
"OH(g) + * -> OH*","{""OH"": ""site21""}","UmVhY3Rpb246NDgwODQ4","PBE_D3","{""star"": 1, ""OHgas"": 1}","{""OHstar"": 1}","001","FeMo26B56","001",-3.0334497399999236,,"MoB2-Fe-B02","FeMo26B56"
"OH(g) + * -> OH*","{""OH"": ""site19""}","UmVhY3Rpb246NDgwODQ5","PBE_D3","{""star"": 1, ""OHgas"": 1}","{""OHstar"": 1}","001","FeMo26B56","001",-3.7258459199999834,,"MoB2-Fe-B02","FeMo26B56"
"OH(g) + * -> OH*","{""OH"": ""site10""}","UmVhY3Rpb246NDgwODUw","PBE_D3","{""star"": 1, ""OHgas"": 1}","{""OHstar"": 1}","001","FeMo26B56","001",-4.132979109999951,,"MoB2-Fe-B02","FeMo26B56"
"OH(g) + * -> OH*","{""OH"": ""site17""}","UmVhY3Rpb246NDgwODUz","PBE_D3","{""star"": 1, ""OHgas"": 1}","{""OHstar"": 1}","001","FeMo26B56","001",-3.845269309999935,,"MoB2-Fe-B02","FeMo26B56"
"OH(g) + * -> OH*","{""OH"": ""site5""}","UmVhY3Rpb246NDgwODY3","PBE_D3","{""star"": 1, ""OHgas"": 1}","{""OHstar"": 1}","001","FeMo26B56","001",-4.516805519999934,,"MoB2-Fe-B02","FeMo26B56"
"OH(g) + * -> OH*","{""OH"": ""site2""}","UmVhY3Rpb246NDgwODY4","PBE_D3","{""star"": 1, ""OHgas"": 1}","{""OHstar"": 1}","001","FeMo26B56","001",-4.677043209999965,,"MoB2-Fe-B02","FeMo26B56"
"OH(g) + * -> OH*","{""OH"": ""site3""}","UmVhY3Rpb246NDgwODcz","PBE_D3","{""star"": 1, ""OHgas"": 1}","{""OHstar"": 1}","001","FeMo26B56","001",-4.675037429999975,,"MoB2-Fe-B02","FeMo26B56"
"OH(g) + * -> OH*","{""OH"": ""site4""}","UmVhY3Rpb246NDgwODc0","PBE_D3","{""star"": 1, ""OHgas"": 1}","{""OHstar"": 1}","001","FeMo26B56","001",-4.518637019999915,,"MoB2-Fe-B02","FeMo26B56"
"OH(g) + * -> OH*","{""OH"": ""site12""}","UmVhY3Rpb246NDgwODg3","PBE_D3","{""star"": 1, ""OHgas"": 1}","{""OHstar"": 1}","001","FeMo26B56","001",-4.090301789999899,,"MoB2-Fe-B02","FeMo26B56"
"OH(g) + * -> OH*","{""OH"": ""site15""}","UmVhY3Rpb246NDgwODg4","PBE_D3","{""star"": 1, ""OHgas"": 1}","{""OHstar"": 1}","001","FeMo26B56","001",-4.051219260000039,,"MoB2-Fe-B02","FeMo26B56"
"OH(g) + * -> OH*","{""OH"": ""site14""}","UmVhY3Rpb246NDgwODky","PBE_D3","{""star"": 1, ""OHgas"": 1}","{""OHstar"": 1}","001","FeMo26B56","001",-4.084988370000019,,"MoB2-Fe-B02","FeMo26B56"
"OH(g) + * -> OH*","{""OH"": ""site13""}","UmVhY3Rpb246NDgwODkz","PBE_D3","{""star"": 1, ""OHgas"": 1}","{""OHstar"": 1}","001","FeMo26B56","001",-4.085083019999843,,"MoB2-Fe-B02","FeMo26B56"
"OH(g) + * -> OH*","{""OH"": ""site8""}","UmVhY3Rpb246NDgwOTA0","PBE_D3","{""star"": 1, ""OHgas"": 1}","{""OHstar"": 1}","001","MnMo26B54","001",-4.533892529999775,,"MoB2-Mn-B00","MnMo26B54"
"OH(g) + * -> OH*","{""OH"": ""site1""}","UmVhY3Rpb246NDgwOTA1","PBE_D3","{""star"": 1, ""OHgas"": 1}","{""OHstar"": 1}","001","MnMo26B54","001",-4.683300399999894,,"MoB2-Mn-B00","MnMo26B54"
"OH(g) + * -> OH*","{""OH"": ""site6""}","UmVhY3Rpb246NDgwOTA2","PBE_D3","{""star"": 1, ""OHgas"": 1}","{""OHstar"": 1}","001","MnMo26B54","001",-4.650012149999952,,"MoB2-Mn-B00","MnMo26B54"
"OH(g) + * -> OH*","{""OH"": ""site7""}","UmVhY3Rpb246NDgwOTEx","PBE_D3","{""star"": 1, ""OHgas"": 1}","{""OHstar"": 1}","001","MnMo26B54","001",-4.643690979999974,,"MoB2-Mn-B00","MnMo26B54"
"OH(g) + * -> OH*","{""OH"": ""site9""}","UmVhY3Rpb246NDgwOTEy","PBE_D3","{""star"": 1, ""OHgas"": 1}","{""OHstar"": 1}","001","MnMo26B54","001",-4.533883500000002,,"MoB2-Mn-B00","MnMo26B54"
"OH(g) + * -> OH*","{""OH"": ""site16""}","UmVhY3Rpb246NDgwOTM3","PBE_D3","{""star"": 1, ""OHgas"": 1}","{""OHstar"": 1}","001","MnMo26B54","001",-4.158489509999981,,"MoB2-Mn-B00","MnMo26B54"
"OH(g) + * -> OH*","{""OH"": ""site11""}","UmVhY3Rpb246NDgwOTQw","PBE_D3","{""star"": 1, ""OHgas"": 1}","{""OHstar"": 1}","001","MnMo26B54","001",-4.2808560599999055,,"MoB2-Mn-B00","MnMo26B54"
"OH(g) + * -> OH*","{""OH"": ""site18""}","UmVhY3Rpb246NDgwOTQx","PBE_D3","{""star"": 1, ""OHgas"": 1}","{""OHstar"": 1}","001","MnMo26B54","001",-4.09504324999989,,"MoB2-Mn-B00","MnMo26B54"
"OH(g) + * -> OH*","{""OH"": ""site20""}","UmVhY3Rpb246NDgwOTQy","PBE_D3","{""star"": 1, ""OHgas"": 1}","{""OHstar"": 1}","001","MnMo26B54","001",-3.336546639999824,,"MoB2-Mn-B00","MnMo26B54"
"OH(g) + * -> OH*","{""OH"": ""site19""}","UmVhY3Rpb246NDgwOTQz","PBE_D3","{""star"": 1, ""OHgas"": 1}","{""OHstar"": 1}","001","MnMo26B54","001",-4.070026919999918,,"MoB2-Mn-B00","MnMo26B54"
"OH(g) + * -> OH*","{""OH"": ""site10""}","UmVhY3Rpb246NDgwOTQ0","PBE_D3","{""star"": 1, ""OHgas"": 1}","{""OHstar"": 1}","001","MnMo26B54","001",-4.281878049999932,,"MoB2-Mn-B00","MnMo26B54"
"OH(g) + * -> OH*","{""OH"": ""site17""}","UmVhY3Rpb246NDgwOTQ3","PBE_D3","{""star"": 1, ""OHgas"": 1}","{""OHstar"": 1}","001","MnMo26B54","001",-4.113439899999889,,"MoB2-Mn-B00","MnMo26B54"
"OH(g) + * -> OH*","{""OH"": ""site5""}","UmVhY3Rpb246NDgwOTY2","PBE_D3","{""star"": 1, ""OHgas"": 1}","{""OHstar"": 1}","001","MnMo26B54","001",-4.652685499999848,,"MoB2-Mn-B00","MnMo26B54"
"OH(g) + * -> OH*","{""OH"": ""site2""}","UmVhY3Rpb246NDgwOTY3","PBE_D3","{""star"": 1, ""OHgas"": 1}","{""OHstar"": 1}","001","MnMo26B54","001",-4.6755073599998695,,"MoB2-Mn-B00","MnMo26B54"
"OH(g) + * -> OH*","{""OH"": ""site3""}","UmVhY3Rpb246NDgwOTc1","PBE_D3","{""star"": 1, ""OHgas"": 1}","{""OHstar"": 1}","001","MnMo26B54","001",-4.674632019999876,,"MoB2-Mn-B00","MnMo26B54"
"OH(g) + * -> OH*","{""OH"": ""site4""}","UmVhY3Rpb246NDgwOTc2","PBE_D3","{""star"": 1, ""OHgas"": 1}","{""OHstar"": 1}","001","MnMo26B54","001",-4.653138199999944,,"MoB2-Mn-B00","MnMo26B54"
"OH(g) + * -> OH*","{""OH"": ""site12""}","UmVhY3Rpb246NDgwOTk4","PBE_D3","{""star"": 1, ""OHgas"": 1}","{""OHstar"": 1}","001","MnMo26B54","001",-4.270251039999948,,"MoB2-Mn-B00","MnMo26B54"
"OH(g) + * -> OH*","{""OH"": ""site15""}","UmVhY3Rpb246NDgwOTk5","PBE_D3","{""star"": 1, ""OHgas"": 1}","{""OHstar"": 1}","001","MnMo26B54","001",-4.229603609999913,,"MoB2-Mn-B00","MnMo26B54"
"OH(g) + * -> OH*","{""OH"": ""site14""}","UmVhY3Rpb246NDgxMDAz","PBE_D3","{""star"": 1, ""OHgas"": 1}","{""OHstar"": 1}","001","MnMo26B54","001",-4.267890479999892,,"MoB2-Mn-B00","MnMo26B54"
"OH(g) + * -> OH*","{""OH"": ""site13""}","UmVhY3Rpb246NDgxMDA0","PBE_D3","{""star"": 1, ""OHgas"": 1}","{""OHstar"": 1}","001","MnMo26B54","001",-4.268195639999931,,"MoB2-Mn-B00","MnMo26B54"
"OH(g) + * -> OH*","{""OH"": ""site8""}","UmVhY3Rpb246NDgxMDE2","PBE_D3","{""star"": 1, ""OHgas"": 1}","{""OHstar"": 1}","001","Mo26TcB53","001",-4.603643609999949,,"MoB2-Tc-B-1","Mo26TcB53"
"OH(g) + * -> OH*","{""OH"": ""site1""}","UmVhY3Rpb246NDgxMDE3","PBE_D3","{""star"": 1, ""OHgas"": 1}","{""OHstar"": 1}","001","Mo26TcB53","001",-4.793600139999967,,"MoB2-Tc-B-1","Mo26TcB53"
"OH(g) + * -> OH*","{""OH"": ""site6""}","UmVhY3Rpb246NDgxMDE4","PBE_D3","{""star"": 1, ""OHgas"": 1}","{""OHstar"": 1}","001","Mo26TcB53","001",-4.622420000000147,,"MoB2-Tc-B-1","Mo26TcB53"
"OH(g) + * -> OH*","{""OH"": ""site7""}","UmVhY3Rpb246NDgxMDIz","PBE_D3","{""star"": 1, ""OHgas"": 1}","{""OHstar"": 1}","001","Mo26TcB53","001",-4.610267539999995,,"MoB2-Tc-B-1","Mo26TcB53"
"OH(g) + * -> OH*","{""OH"": ""site9""}","UmVhY3Rpb246NDgxMDI0","PBE_D3","{""star"": 1, ""OHgas"": 1}","{""OHstar"": 1}","001","Mo26TcB53","001",-4.60319754000011,,"MoB2-Tc-B-1","Mo26TcB53"
"OH(g) + * -> OH*","{""OH"": ""site35""}","UmVhY3Rpb246NDgxMDQw","PBE_D3","{""star"": 1, ""OHgas"": 1}","{""OHstar"": 1}","001","Mo26TcB53","001",-4.09447324000007,,"MoB2-Tc-B-1","Mo26TcB53"
"OH(g) + * -> OH*","{""OH"": ""site32""}","UmVhY3Rpb246NDgxMDQz","PBE_D3","{""star"": 1, ""OHgas"": 1}","{""OHstar"": 1}","001","Mo26TcB53","001",-4.19325288999994,,"MoB2-Tc-B-1","Mo26TcB53"
"OH(g) + * -> OH*","{""OH"": ""site33""}","UmVhY3Rpb246NDgxMDU1","PBE_D3","{""star"": 1, ""OHgas"": 1}","{""OHstar"": 1}","001","Mo26TcB53","001",-4.149905449999892,,"MoB2-Tc-B-1","Mo26TcB53"
"OH(g) + * -> OH*","{""OH"": ""site34""}","UmVhY3Rpb246NDgxMDU2","PBE_D3","{""star"": 1, ""OHgas"": 1}","{""OHstar"": 1}","001","Mo26TcB53","001",-4.113184140000044,,"MoB2-Tc-B-1","Mo26TcB53"
"OH(g) + * -> OH*","{""OH"": ""site29""}","UmVhY3Rpb246NDgxMDU4","PBE_D3","{""star"": 1, ""OHgas"": 1}","{""OHstar"": 1}","001","Mo26TcB53","001",-4.2302495000000135,,"MoB2-Tc-B-1","Mo26TcB53"
"OH(g) + * -> OH*","{""OH"": ""site16""}","UmVhY3Rpb246NDgxMDU5","PBE_D3","{""star"": 1, ""OHgas"": 1}","{""OHstar"": 1}","001","Mo26TcB53","001",-4.5655142600001,,"MoB2-Tc-B-1","Mo26TcB53"
"OH(g) + * -> OH*","{""OH"": ""site11""}","UmVhY3Rpb246NDgxMDYy","PBE_D3","{""star"": 1, ""OHgas"": 1}","{""OHstar"": 1}","001","Mo26TcB53","001",-4.593873069999972,,"MoB2-Tc-B-1","Mo26TcB53"
"OH(g) + * -> OH*","{""OH"": ""site18""}","UmVhY3Rpb246NDgxMDYz","PBE_D3","{""star"": 1, ""OHgas"": 1}","{""OHstar"": 1}","001","Mo26TcB53","001",-4.5495908200000486,,"MoB2-Tc-B-1","Mo26TcB53"
"OH(g) + * -> OH*","{""OH"": ""site27""}","UmVhY3Rpb246NDgxMDY0","PBE_D3","{""star"": 1, ""OHgas"": 1}","{""OHstar"": 1}","001","Mo26TcB53","001",-4.261771539999927,,"MoB2-Tc-B-1","Mo26TcB53"
"OH(g) + * -> OH*","{""OH"": ""site20""}","UmVhY3Rpb246NDgxMDY1","PBE_D3","{""star"": 1, ""OHgas"": 1}","{""OHstar"": 1}","001","Mo26TcB53","001",-4.498936810000032,,"MoB2-Tc-B-1","Mo26TcB53"
"OH(g) + * -> OH*","{""OH"": ""site21""}","UmVhY3Rpb246NDgxMDcw","PBE_D3","{""star"": 1, ""OHgas"": 1}","{""OHstar"": 1}","001","Mo26TcB53","001",-4.453464040000085,,"MoB2-Tc-B-1","Mo26TcB53"
"OH(g) + * -> OH*","{""OH"": ""site19""}","UmVhY3Rpb246NDgxMDcx","PBE_D3","{""star"": 1, ""OHgas"": 1}","{""OHstar"": 1}","001","Mo26TcB53","001",-4.539230380000049,,"MoB2-Tc-B-1","Mo26TcB53"
"OH(g) + * -> OH*","{""OH"": ""site26""}","UmVhY3Rpb246NDgxMDcy","PBE_D3","{""star"": 1, ""OHgas"": 1}","{""OHstar"": 1}","001","Mo26TcB53","001",-4.324401549999948,,"MoB2-Tc-B-1","Mo26TcB53"
"OH(g) + * -> OH*","{""OH"": ""site10""}","UmVhY3Rpb246NDgxMDcz","PBE_D3","{""star"": 1, ""OHgas"": 1}","{""OHstar"": 1}","001","Mo26TcB53","001",-4.5946910200000275,,"MoB2-Tc-B-1","Mo26TcB53"
"OH(g) + * -> OH*","{""OH"": ""site28""}","UmVhY3Rpb246NDgxMDc1","PBE_D3","{""star"": 1, ""OHgas"": 1}","{""OHstar"": 1}","001","Mo26TcB53","001",-4.234732679999979,,"MoB2-Tc-B-1","Mo26TcB53"
"OH(g) + * -> OH*","{""OH"": ""site17""}","UmVhY3Rpb246NDgxMDc3","PBE_D3","{""star"": 1, ""OHgas"": 1}","{""OHstar"": 1}","001","Mo26TcB53","001",-4.549766229999932,,"MoB2-Tc-B-1","Mo26TcB53"
"OH(g) + * -> OH*","{""OH"": ""site5""}","UmVhY3Rpb246NDgxMDk4","PBE_D3","{""star"": 1, ""OHgas"": 1}","{""OHstar"": 1}","001","Mo26TcB53","001",-4.6230641400001105,,"MoB2-Tc-B-1","Mo26TcB53"
"OH(g) + * -> OH*","{""OH"": ""site2""}","UmVhY3Rpb246NDgxMDk5","PBE_D3","{""star"": 1, ""OHgas"": 1}","{""OHstar"": 1}","001","Mo26TcB53","001",-4.791546010000047,,"MoB2-Tc-B-1","Mo26TcB53"
"OH(g) + * -> OH*","{""OH"": ""site3""}","UmVhY3Rpb246NDgxMTA2","PBE_D3","{""star"": 1, ""OHgas"": 1}","{""OHstar"": 1}","001","Mo26TcB53","001",-4.791285340000059,,"MoB2-Tc-B-1","Mo26TcB53"
"OH(g) + * -> OH*","{""OH"": ""site4""}","UmVhY3Rpb246NDgxMTA3","PBE_D3","{""star"": 1, ""OHgas"": 1}","{""OHstar"": 1}","001","Mo26TcB53","001",-4.764014389999943,,"MoB2-Tc-B-1","Mo26TcB53"
"OH(g) + * -> OH*","{""OH"": ""site31""}","UmVhY3Rpb246NDgxMTA5","PBE_D3","{""star"": 1, ""OHgas"": 1}","{""OHstar"": 1}","001","Mo26TcB53","001",-4.218542829999933,,"MoB2-Tc-B-1","Mo26TcB53"
"OH(g) + * -> OH*","{""OH"": ""site36""}","UmVhY3Rpb246NDgxMTEw","PBE_D3","{""star"": 1, ""OHgas"": 1}","{""OHstar"": 1}","001","Mo26TcB53","001",-4.085631460000059,,"MoB2-Tc-B-1","Mo26TcB53"
"OH(g) + * -> OH*","{""OH"": ""site37""}","UmVhY3Rpb246NDgxMTI2","PBE_D3","{""star"": 1, ""OHgas"": 1}","{""OHstar"": 1}","001","Mo26TcB53","001",-3.9617310999999518,,"MoB2-Tc-B-1","Mo26TcB53"
"OH(g) + * -> OH*","{""OH"": ""site30""}","UmVhY3Rpb246NDgxMTI4","PBE_D3","{""star"": 1, ""OHgas"": 1}","{""OHstar"": 1}","001","Mo26TcB53","001",-4.2284445099999175,,"MoB2-Tc-B-1","Mo26TcB53"
"OH(g) + * -> OH*","{""OH"": ""site12""}","UmVhY3Rpb246NDgxMTQ1","PBE_D3","{""star"": 1, ""OHgas"": 1}","{""OHstar"": 1}","001","Mo26TcB53","001",-4.583649560000026,,"MoB2-Tc-B-1","Mo26TcB53"
"OH(g) + * -> OH*","{""OH"": ""site15""}","UmVhY3Rpb246NDgxMTQ2","PBE_D3","{""star"": 1, ""OHgas"": 1}","{""OHstar"": 1}","001","Mo26TcB53","001",-4.565790740000011,,"MoB2-Tc-B-1","Mo26TcB53"
"OH(g) + * -> OH*","{""OH"": ""site23""}","UmVhY3Rpb246NDgxMTQ5","PBE_D3","{""star"": 1, ""OHgas"": 1}","{""OHstar"": 1}","001","Mo26TcB53","001",-4.33473443000014,,"MoB2-Tc-B-1","Mo26TcB53"
"OH(g) + * -> OH*","{""OH"": ""site24""}","UmVhY3Rpb246NDgxMTUw","PBE_D3","{""star"": 1, ""OHgas"": 1}","{""OHstar"": 1}","001","Mo26TcB53","001",-4.325283069999955,,"MoB2-Tc-B-1","Mo26TcB53"
"OH(g) + * -> OH*","{""OH"": ""site25""}","UmVhY3Rpb246NDgxMTU2","PBE_D3","{""star"": 1, ""OHgas"": 1}","{""OHstar"": 1}","001","Mo26TcB53","001",-4.324457989999928,,"MoB2-Tc-B-1","Mo26TcB53"
"OH(g) + * -> OH*","{""OH"": ""site22""}","UmVhY3Rpb246NDgxMTU4","PBE_D3","{""star"": 1, ""OHgas"": 1}","{""OHstar"": 1}","001","Mo26TcB53","001",-4.425367950000009,,"MoB2-Tc-B-1","Mo26TcB53"
"OH(g) + * -> OH*","{""OH"": ""site14""}","UmVhY3Rpb246NDgxMTU5","PBE_D3","{""star"": 1, ""OHgas"": 1}","{""OHstar"": 1}","001","Mo26TcB53","001",-4.567435570000157,,"MoB2-Tc-B-1","Mo26TcB53"
"OH(g) + * -> OH*","{""OH"": ""site13""}","UmVhY3Rpb246NDgxMTYw","PBE_D3","{""star"": 1, ""OHgas"": 1}","{""OHstar"": 1}","001","Mo26TcB53","001",-4.583615870000131,,"MoB2-Tc-B-1","Mo26TcB53"
"OH(g) + * -> OH*","{""OH"": ""site8""}","UmVhY3Rpb246NDgxMTcx","PBE_D3","{""star"": 1, ""OHgas"": 1}","{""OHstar"": 1}","001","MnMo26B55","001",-4.231146339999896,,"MoB2-Mn-B01","MnMo26B55"
"OH(g) + * -> OH*","{""OH"": ""site1""}","UmVhY3Rpb246NDgxMTcy","PBE_D3","{""star"": 1, ""OHgas"": 1}","{""OHstar"": 1}","001","MnMo26B55","001",-4.626510899999857,,"MoB2-Mn-B01","MnMo26B55"
"OH(g) + * -> OH*","{""OH"": ""site6""}","UmVhY3Rpb246NDgxMTcz","PBE_D3","{""star"": 1, ""OHgas"": 1}","{""OHstar"": 1}","001","MnMo26B55","001",-4.2432130400000005,,"MoB2-Mn-B01","MnMo26B55"
"OH(g) + * -> OH*","{""OH"": ""site7""}","UmVhY3Rpb246NDgxMTc2","PBE_D3","{""star"": 1, ""OHgas"": 1}","{""OHstar"": 1}","001","MnMo26B55","001",-4.233048869999948,,"MoB2-Mn-B01","MnMo26B55"
"OH(g) + * -> OH*","{""OH"": ""site9""}","UmVhY3Rpb246NDgxMTc3","PBE_D3","{""star"": 1, ""OHgas"": 1}","{""OHstar"": 1}","001","MnMo26B55","001",-4.225343749999979,,"MoB2-Mn-B01","MnMo26B55"
"OH(g) + * -> OH*","{""OH"": ""site29""}","UmVhY3Rpb246NDgxMTg2","PBE_D3","{""star"": 1, ""OHgas"": 1}","{""OHstar"": 1}","001","MnMo26B55","001",-3.5930390299998862,,"MoB2-Mn-B01","MnMo26B55"
"OH(g) + * -> OH*","{""OH"": ""site16""}","UmVhY3Rpb246NDgxMTg3","PBE_D3","{""star"": 1, ""OHgas"": 1}","{""OHstar"": 1}","001","MnMo26B55","001",-4.199604299999919,,"MoB2-Mn-B01","MnMo26B55"
"OH(g) + * -> OH*","{""OH"": ""site11""}","UmVhY3Rpb246NDgxMTkw","PBE_D3","{""star"": 1, ""OHgas"": 1}","{""OHstar"": 1}","001","MnMo26B55","001",-4.222180479999906,,"MoB2-Mn-B01","MnMo26B55"
"OH(g) + * -> OH*","{""OH"": ""site18""}","UmVhY3Rpb246NDgxMTkx","PBE_D3","{""star"": 1, ""OHgas"": 1}","{""OHstar"": 1}","001","MnMo26B55","001",-4.089957679999884,,"MoB2-Mn-B01","MnMo26B55"
"OH(g) + * -> OH*","{""OH"": ""site27""}","UmVhY3Rpb246NDgxMTky","PBE_D3","{""star"": 1, ""OHgas"": 1}","{""OHstar"": 1}","001","MnMo26B55","001",-3.8314134600000216,,"MoB2-Mn-B01","MnMo26B55"
"OH(g) + * -> OH*","{""OH"": ""site20""}","UmVhY3Rpb246NDgxMTkz","PBE_D3","{""star"": 1, ""OHgas"": 1}","{""OHstar"": 1}","001","MnMo26B55","001",-4.081464869999877,,"MoB2-Mn-B01","MnMo26B55"
"OH(g) + * -> OH*","{""OH"": ""site21""}","UmVhY3Rpb246NDgxMTk0","PBE_D3","{""star"": 1, ""OHgas"": 1}","{""OHstar"": 1}","001","MnMo26B55","001",-4.080643349999832,,"MoB2-Mn-B01","MnMo26B55"
"OH(g) + * -> OH*","{""OH"": ""site19""}","UmVhY3Rpb246NDgxMTk1","PBE_D3","{""star"": 1, ""OHgas"": 1}","{""OHstar"": 1}","001","MnMo26B55","001",-4.089434129999859,,"MoB2-Mn-B01","MnMo26B55"
"OH(g) + * -> OH*","{""OH"": ""site26""}","UmVhY3Rpb246NDgxMTk2","PBE_D3","{""star"": 1, ""OHgas"": 1}","{""OHstar"": 1}","001","MnMo26B55","001",-3.847512449999954,,"MoB2-Mn-B01","MnMo26B55"
"OH(g) + * -> OH*","{""OH"": ""site10""}","UmVhY3Rpb246NDgxMTk3","PBE_D3","{""star"": 1, ""OHgas"": 1}","{""OHstar"": 1}","001","MnMo26B55","001",-4.222879119999902,,"MoB2-Mn-B01","MnMo26B55"
"OH(g) + * -> OH*","{""OH"": ""site28""}","UmVhY3Rpb246NDgxMTk5","PBE_D3","{""star"": 1, ""OHgas"": 1}","{""OHstar"": 1}","001","MnMo26B55","001",-3.7522801199999094,,"MoB2-Mn-B01","MnMo26B55"
"OH(g) + * -> OH*","{""OH"": ""site17""}","UmVhY3Rpb246NDgxMjAx","PBE_D3","{""star"": 1, ""OHgas"": 1}","{""OHstar"": 1}","001","MnMo26B55","001",-4.103073699999982,,"MoB2-Mn-B01","MnMo26B55"
"OH(g) + * -> OH*","{""OH"": ""site5""}","UmVhY3Rpb246NDgxMjE0","PBE_D3","{""star"": 1, ""OHgas"": 1}","{""OHstar"": 1}","001","MnMo26B55","001",-4.243266559999938,,"MoB2-Mn-B01","MnMo26B55"
"OH(g) + * -> OH*","{""OH"": ""site2""}","UmVhY3Rpb246NDgxMjE1","PBE_D3","{""star"": 1, ""OHgas"": 1}","{""OHstar"": 1}","001","MnMo26B55","001",-4.626510169999847,,"MoB2-Mn-B01","MnMo26B55"
"OH(g) + * -> OH*","{""OH"": ""site3""}","UmVhY3Rpb246NDgxMjE4","PBE_D3","{""star"": 1, ""OHgas"": 1}","{""OHstar"": 1}","001","MnMo26B55","001",-4.625734759999773,,"MoB2-Mn-B01","MnMo26B55"
"OH(g) + * -> OH*","{""OH"": ""site4""}","UmVhY3Rpb246NDgxMjE5","PBE_D3","{""star"": 1, ""OHgas"": 1}","{""OHstar"": 1}","001","MnMo26B55","001",-4.2441462599999795,,"MoB2-Mn-B01","MnMo26B55"
"OH(g) + * -> OH*","{""OH"": ""site12""}","UmVhY3Rpb246NDgxMjI2","PBE_D3","{""star"": 1, ""OHgas"": 1}","{""OHstar"": 1}","001","MnMo26B55","001",-4.222028209999962,,"MoB2-Mn-B01","MnMo26B55"
"OH(g) + * -> OH*","{""OH"": ""site15""}","UmVhY3Rpb246NDgxMjI3","PBE_D3","{""star"": 1, ""OHgas"": 1}","{""OHstar"": 1}","001","MnMo26B55","001",-4.201878289999854,,"MoB2-Mn-B01","MnMo26B55"
"OH(g) + * -> OH*","{""OH"": ""site23""}","UmVhY3Rpb246NDgxMjMw","PBE_D3","{""star"": 1, ""OHgas"": 1}","{""OHstar"": 1}","001","MnMo26B55","001",-4.07135376999986,,"MoB2-Mn-B01","MnMo26B55"
"OH(g) + * -> OH*","{""OH"": ""site24""}","UmVhY3Rpb246NDgxMjMx","PBE_D3","{""star"": 1, ""OHgas"": 1}","{""OHstar"": 1}","001","MnMo26B55","001",-3.8791870399999198,,"MoB2-Mn-B01","MnMo26B55"
"OH(g) + * -> OH*","{""OH"": ""site25""}","UmVhY3Rpb246NDgxMjMy","PBE_D3","{""star"": 1, ""OHgas"": 1}","{""OHstar"": 1}","001","MnMo26B55","001",-3.850620909999975,,"MoB2-Mn-B01","MnMo26B55"
"OH(g) + * -> OH*","{""OH"": ""site22""}","UmVhY3Rpb246NDgxMjM0","PBE_D3","{""star"": 1, ""OHgas"": 1}","{""OHstar"": 1}","001","MnMo26B55","001",-4.075096829999893,,"MoB2-Mn-B01","MnMo26B55"
"OH(g) + * -> OH*","{""OH"": ""site14""}","UmVhY3Rpb246NDgxMjM1","PBE_D3","{""star"": 1, ""OHgas"": 1}","{""OHstar"": 1}","001","MnMo26B55","001",-4.202082389999873,,"MoB2-Mn-B01","MnMo26B55"
"OH(g) + * -> OH*","{""OH"": ""site13""}","UmVhY3Rpb246NDgxMjM2","PBE_D3","{""star"": 1, ""OHgas"": 1}","{""OHstar"": 1}","001","MnMo26B55","001",-4.2215884099998675,,"MoB2-Mn-B01","MnMo26B55"
"OH(g) + * -> OH*","{""OH"": ""site8""}","UmVhY3Rpb246NDgxMjQ1","PBE_D3","{""star"": 1, ""OHgas"": 1}","{""OHstar"": 1}","001","MnMo26B57","001",-4.2040570199999365,,"MoB2-Mn-B03","MnMo26B57"
"OH(g) + * -> OH*","{""OH"": ""site1""}","UmVhY3Rpb246NDgxMjQ2","PBE_D3","{""star"": 1, ""OHgas"": 1}","{""OHstar"": 1}","001","MnMo26B57","001",-4.933409039999901,,"MoB2-Mn-B03","MnMo26B57"
"OH(g) + * -> OH*","{""OH"": ""site6""}","UmVhY3Rpb246NDgxMjQ3","PBE_D3","{""star"": 1, ""OHgas"": 1}","{""OHstar"": 1}","001","MnMo26B57","001",-4.770814469999891,,"MoB2-Mn-B03","MnMo26B57"
"OH(g) + * -> OH*","{""OH"": ""site7""}","UmVhY3Rpb246NDgxMjUw","PBE_D3","{""star"": 1, ""OHgas"": 1}","{""OHstar"": 1}","001","MnMo26B57","001",-4.205562979999968,,"MoB2-Mn-B03","MnMo26B57"
"OH(g) + * -> OH*","{""OH"": ""site9""}","UmVhY3Rpb246NDgxMjUx","PBE_D3","{""star"": 1, ""OHgas"": 1}","{""OHstar"": 1}","001","MnMo26B57","001",-4.153071650000015,,"MoB2-Mn-B03","MnMo26B57"
"OH(g) + * -> OH*","{""OH"": ""site16""}","UmVhY3Rpb246NDgxMjY0","PBE_D3","{""star"": 1, ""OHgas"": 1}","{""OHstar"": 1}","001","MnMo26B57","001",-3.3211230800000067,,"MoB2-Mn-B03","MnMo26B57"
"OH(g) + * -> OH*","{""OH"": ""site11""}","UmVhY3Rpb246NDgxMjY3","PBE_D3","{""star"": 1, ""OHgas"": 1}","{""OHstar"": 1}","001","MnMo26B57","001",-4.111423669999908,,"MoB2-Mn-B03","MnMo26B57"
"OH(g) + * -> OH*","{""OH"": ""site10""}","UmVhY3Rpb246NDgxMjY4","PBE_D3","{""star"": 1, ""OHgas"": 1}","{""OHstar"": 1}","001","MnMo26B57","001",-4.119234549999874,,"MoB2-Mn-B03","MnMo26B57"
"OH(g) + * -> OH*","{""OH"": ""site17""}","UmVhY3Rpb246NDgxMjcx","PBE_D3","{""star"": 1, ""OHgas"": 1}","{""OHstar"": 1}","001","MnMo26B57","001",-2.8906020599998783,,"MoB2-Mn-B03","MnMo26B57"
"OH(g) + * -> OH*","{""OH"": ""site5""}","UmVhY3Rpb246NDgxMjg0","PBE_D3","{""star"": 1, ""OHgas"": 1}","{""OHstar"": 1}","001","MnMo26B57","001",-4.927956300000005,,"MoB2-Mn-B03","MnMo26B57"
"OH(g) + * -> OH*","{""OH"": ""site2""}","UmVhY3Rpb246NDgxMjg1","PBE_D3","{""star"": 1, ""OHgas"": 1}","{""OHstar"": 1}","001","MnMo26B57","001",-4.933196849999945,,"MoB2-Mn-B03","MnMo26B57"
"OH(g) + * -> OH*","{""OH"": ""site3""}","UmVhY3Rpb246NDgxMjg5","PBE_D3","{""star"": 1, ""OHgas"": 1}","{""OHstar"": 1}","001","MnMo26B57","001",-4.932934329999853,,"MoB2-Mn-B03","MnMo26B57"
"OH(g) + * -> OH*","{""OH"": ""site4""}","UmVhY3Rpb246NDgxMjkw","PBE_D3","{""star"": 1, ""OHgas"": 1}","{""OHstar"": 1}","001","MnMo26B57","001",-4.928224610000029,,"MoB2-Mn-B03","MnMo26B57"
"OH(g) + * -> OH*","{""OH"": ""site12""}","UmVhY3Rpb246NDgxMzAz","PBE_D3","{""star"": 1, ""OHgas"": 1}","{""OHstar"": 1}","001","MnMo26B57","001",-4.1107978199999025,,"MoB2-Mn-B03","MnMo26B57"
"OH(g) + * -> OH*","{""OH"": ""site15""}","UmVhY3Rpb246NDgxMzA0","PBE_D3","{""star"": 1, ""OHgas"": 1}","{""OHstar"": 1}","001","MnMo26B57","001",-3.7274031899999045,,"MoB2-Mn-B03","MnMo26B57"
"OH(g) + * -> OH*","{""OH"": ""site14""}","UmVhY3Rpb246NDgxMzA4","PBE_D3","{""star"": 1, ""OHgas"": 1}","{""OHstar"": 1}","001","MnMo26B57","001",-3.9339116200000035,,"MoB2-Mn-B03","MnMo26B57"
"OH(g) + * -> OH*","{""OH"": ""site13""}","UmVhY3Rpb246NDgxMzA5","PBE_D3","{""star"": 1, ""OHgas"": 1}","{""OHstar"": 1}","001","MnMo26B57","001",-4.015168560000006,,"MoB2-Mn-B03","MnMo26B57"
"OH(g) + * -> OH*","{""OH"": ""site8""}","UmVhY3Rpb246NDgxMzE5","PBE_D3","{""star"": 1, ""OHgas"": 1}","{""OHstar"": 1}","001","Mo26OsB53","001",-4.656276779999757,,"MoB2-Os-B-1","Mo26OsB53"
"OH(g) + * -> OH*","{""OH"": ""site1""}","UmVhY3Rpb246NDgxMzIw","PBE_D3","{""star"": 1, ""OHgas"": 1}","{""OHstar"": 1}","001","Mo26OsB53","001",-4.8285003599997935,,"MoB2-Os-B-1","Mo26OsB53"
"OH(g) + * -> OH*","{""OH"": ""site6""}","UmVhY3Rpb246NDgxMzIx","PBE_D3","{""star"": 1, ""OHgas"": 1}","{""OHstar"": 1}","001","Mo26OsB53","001",-4.677503159999787,,"MoB2-Os-B-1","Mo26OsB53"
"OH(g) + * -> OH*","{""OH"": ""site7""}","UmVhY3Rpb246NDgxMzI4","PBE_D3","{""star"": 1, ""OHgas"": 1}","{""OHstar"": 1}","001","Mo26OsB53","001",-4.660464699999807,,"MoB2-Os-B-1","Mo26OsB53"
"OH(g) + * -> OH*","{""OH"": ""site9""}","UmVhY3Rpb246NDgxMzI5","PBE_D3","{""star"": 1, ""OHgas"": 1}","{""OHstar"": 1}","001","Mo26OsB53","001",-4.61822079999979,,"MoB2-Os-B-1","Mo26OsB53"
"OH(g) + * -> OH*","{""OH"": ""site29""}","UmVhY3Rpb246NDgxMzUz","PBE_D3","{""star"": 1, ""OHgas"": 1}","{""OHstar"": 1}","001","Mo26OsB53","001",-3.168218949999755,,"MoB2-Os-B-1","Mo26OsB53"
"OH(g) + * -> OH*","{""OH"": ""site16""}","UmVhY3Rpb246NDgxMzU0","PBE_D3","{""star"": 1, ""OHgas"": 1}","{""OHstar"": 1}","001","Mo26OsB53","001",-4.318519719999813,,"MoB2-Os-B-1","Mo26OsB53"
"OH(g) + * -> OH*","{""OH"": ""site11""}","UmVhY3Rpb246NDgxMzU3","PBE_D3","{""star"": 1, ""OHgas"": 1}","{""OHstar"": 1}","001","Mo26OsB53","001",-4.537150849999762,,"MoB2-Os-B-1","Mo26OsB53"
"OH(g) + * -> OH*","{""OH"": ""site18""}","UmVhY3Rpb246NDgxMzU4","PBE_D3","{""star"": 1, ""OHgas"": 1}","{""OHstar"": 1}","001","Mo26OsB53","001",-4.276988679999931,,"MoB2-Os-B-1","Mo26OsB53"
"OH(g) + * -> OH*","{""OH"": ""site27""}","UmVhY3Rpb246NDgxMzU5","PBE_D3","{""star"": 1, ""OHgas"": 1}","{""OHstar"": 1}","001","Mo26OsB53","001",-3.976723939999829,,"MoB2-Os-B-1","Mo26OsB53"
"OH(g) + * -> OH*","{""OH"": ""site20""}","UmVhY3Rpb246NDgxMzYw","PBE_D3","{""star"": 1, ""OHgas"": 1}","{""OHstar"": 1}","001","Mo26OsB53","001",-4.238352049999776,,"MoB2-Os-B-1","Mo26OsB53"
"OH(g) + * -> OH*","{""OH"": ""site21""}","UmVhY3Rpb246NDgxMzYx","PBE_D3","{""star"": 1, ""OHgas"": 1}","{""OHstar"": 1}","001","Mo26OsB53","001",-4.215640119999875,,"MoB2-Os-B-1","Mo26OsB53"
"OH(g) + * -> OH*","{""OH"": ""site19""}","UmVhY3Rpb246NDgxMzYy","PBE_D3","{""star"": 1, ""OHgas"": 1}","{""OHstar"": 1}","001","Mo26OsB53","001",-4.250279389999832,,"MoB2-Os-B-1","Mo26OsB53"
"OH(g) + * -> OH*","{""OH"": ""site26""}","UmVhY3Rpb246NDgxMzYz","PBE_D3","{""star"": 1, ""OHgas"": 1}","{""OHstar"": 1}","001","Mo26OsB53","001",-4.101358999999775,,"MoB2-Os-B-1","Mo26OsB53"
"OH(g) + * -> OH*","{""OH"": ""site10""}","UmVhY3Rpb246NDgxMzY0","PBE_D3","{""star"": 1, ""OHgas"": 1}","{""OHstar"": 1}","001","Mo26OsB53","001",-4.6009114699999145,,"MoB2-Os-B-1","Mo26OsB53"
"OH(g) + * -> OH*","{""OH"": ""site28""}","UmVhY3Rpb246NDgxMzY2","PBE_D3","{""star"": 1, ""OHgas"": 1}","{""OHstar"": 1}","001","Mo26OsB53","001",-3.819324069999766,,"MoB2-Os-B-1","Mo26OsB53"
"OH(g) + * -> OH*","{""OH"": ""site17""}","UmVhY3Rpb246NDgxMzY4","PBE_D3","{""star"": 1, ""OHgas"": 1}","{""OHstar"": 1}","001","Mo26OsB53","001",-4.3047852199998715,,"MoB2-Os-B-1","Mo26OsB53"
"OH(g) + * -> OH*","{""OH"": ""site5""}","UmVhY3Rpb246NDgxMzg4","PBE_D3","{""star"": 1, ""OHgas"": 1}","{""OHstar"": 1}","001","Mo26OsB53","001",-4.677614489999883,,"MoB2-Os-B-1","Mo26OsB53"
"OH(g) + * -> OH*","{""OH"": ""site2""}","UmVhY3Rpb246NDgxMzg5","PBE_D3","{""star"": 1, ""OHgas"": 1}","{""OHstar"": 1}","001","Mo26OsB53","001",-4.8282366299998785,,"MoB2-Os-B-1","Mo26OsB53"
"OH(g) + * -> OH*","{""OH"": ""site3""}","UmVhY3Rpb246NDgxMzk4","PBE_D3","{""star"": 1, ""OHgas"": 1}","{""OHstar"": 1}","001","Mo26OsB53","001",-4.827034379999873,,"MoB2-Os-B-1","Mo26OsB53"
"OH(g) + * -> OH*","{""OH"": ""site4""}","UmVhY3Rpb246NDgxMzk5","PBE_D3","{""star"": 1, ""OHgas"": 1}","{""OHstar"": 1}","001","Mo26OsB53","001",-4.808860159999767,,"MoB2-Os-B-1","Mo26OsB53"
"OH(g) + * -> OH*","{""OH"": ""site30""}","UmVhY3Rpb246NDgxNDEy","PBE_D3","{""star"": 1, ""OHgas"": 1}","{""OHstar"": 1}","001","Mo26OsB53","001",-2.682416559999865,,"MoB2-Os-B-1","Mo26OsB53"
"OH(g) + * -> OH*","{""OH"": ""site12""}","UmVhY3Rpb246NDgxNDIy","PBE_D3","{""star"": 1, ""OHgas"": 1}","{""OHstar"": 1}","001","Mo26OsB53","001",-4.535856089999811,,"MoB2-Os-B-1","Mo26OsB53"
"OH(g) + * -> OH*","{""OH"": ""site15""}","UmVhY3Rpb246NDgxNDIz","PBE_D3","{""star"": 1, ""OHgas"": 1}","{""OHstar"": 1}","001","Mo26OsB53","001",-4.343107929999746,,"MoB2-Os-B-1","Mo26OsB53"
"OH(g) + * -> OH*","{""OH"": ""site23""}","UmVhY3Rpb246NDgxNDI2","PBE_D3","{""star"": 1, ""OHgas"": 1}","{""OHstar"": 1}","001","Mo26OsB53","001",-4.160551899999859,,"MoB2-Os-B-1","Mo26OsB53"
"OH(g) + * -> OH*","{""OH"": ""site24""}","UmVhY3Rpb246NDgxNDI3","PBE_D3","{""star"": 1, ""OHgas"": 1}","{""OHstar"": 1}","001","Mo26OsB53","001",-4.132547999999815,,"MoB2-Os-B-1","Mo26OsB53"
"OH(g) + * -> OH*","{""OH"": ""site25""}","UmVhY3Rpb246NDgxNDI4","PBE_D3","{""star"": 1, ""OHgas"": 1}","{""OHstar"": 1}","001","Mo26OsB53","001",-4.106082479999941,,"MoB2-Os-B-1","Mo26OsB53"
"OH(g) + * -> OH*","{""OH"": ""site22""}","UmVhY3Rpb246NDgxNDMw","PBE_D3","{""star"": 1, ""OHgas"": 1}","{""OHstar"": 1}","001","Mo26OsB53","001",-4.212342819999776,,"MoB2-Os-B-1","Mo26OsB53"
"OH(g) + * -> OH*","{""OH"": ""site14""}","UmVhY3Rpb246NDgxNDMx","PBE_D3","{""star"": 1, ""OHgas"": 1}","{""OHstar"": 1}","001","Mo26OsB53","001",-4.379388969999809,,"MoB2-Os-B-1","Mo26OsB53"
"OH(g) + * -> OH*","{""OH"": ""site13""}","UmVhY3Rpb246NDgxNDMy","PBE_D3","{""star"": 1, ""OHgas"": 1}","{""OHstar"": 1}","001","Mo26OsB53","001",-4.39219442999979,,"MoB2-Os-B-1","Mo26OsB53"
"OH(g) + * -> OH*","{""OH"": ""site8""}","UmVhY3Rpb246NDgxNDQ3","PBE_D3","{""star"": 1, ""OHgas"": 1}","{""OHstar"": 1}","001","Mo27B57","001",-4.722454029999881,,"MoB2-Mo-B03","Mo27B57"
"OH(g) + * -> OH*","{""OH"": ""site1""}","UmVhY3Rpb246NDgxNDQ4","PBE_D3","{""star"": 1, ""OHgas"": 1}","{""OHstar"": 1}","001","Mo27B57","001",-4.758743299999878,,"MoB2-Mo-B03","Mo27B57"
"OH(g) + * -> OH*","{""OH"": ""site6""}","UmVhY3Rpb246NDgxNDQ5","PBE_D3","{""star"": 1, ""OHgas"": 1}","{""OHstar"": 1}","001","Mo27B57","001",-4.752281249999896,,"MoB2-Mo-B03","Mo27B57"
"OH(g) + * -> OH*","{""OH"": ""site7""}","UmVhY3Rpb246NDgxNDUy","PBE_D3","{""star"": 1, ""OHgas"": 1}","{""OHstar"": 1}","001","Mo27B57","001",-4.751969529999883,,"MoB2-Mo-B03","Mo27B57"
"OH(g) + * -> OH*","{""OH"": ""site9""}","UmVhY3Rpb246NDgxNDUz","PBE_D3","{""star"": 1, ""OHgas"": 1}","{""OHstar"": 1}","001","Mo27B57","001",-4.721709419999911,,"MoB2-Mo-B03","Mo27B57"
"OH(g) + * -> OH*","{""OH"": ""site16""}","UmVhY3Rpb246NDgxNDY4","PBE_D3","{""star"": 1, ""OHgas"": 1}","{""OHstar"": 1}","001","Mo27B57","001",-4.113704199999802,,"MoB2-Mo-B03","Mo27B57"
"OH(g) + * -> OH*","{""OH"": ""site11""}","UmVhY3Rpb246NDgxNDcx","PBE_D3","{""star"": 1, ""OHgas"": 1}","{""OHstar"": 1}","001","Mo27B57","001",-4.720543529999986,,"MoB2-Mo-B03","Mo27B57"
"OH(g) + * -> OH*","{""OH"": ""site18""}","UmVhY3Rpb246NDgxNDcy","PBE_D3","{""star"": 1, ""OHgas"": 1}","{""OHstar"": 1}","001","Mo27B57","001",-4.111836859999926,,"MoB2-Mo-B03","Mo27B57"
"OH(g) + * -> OH*","{""OH"": ""site27""}","UmVhY3Rpb246NDgxNDcz","PBE_D3","{""star"": 1, ""OHgas"": 1}","{""OHstar"": 1}","001","Mo27B57","001",-2.8626827099999446,,"MoB2-Mo-B03","Mo27B57"
"OH(g) + * -> OH*","{""OH"": ""site20""}","UmVhY3Rpb246NDgxNDc0","PBE_D3","{""star"": 1, ""OHgas"": 1}","{""OHstar"": 1}","001","Mo27B57","001",-3.7828164799999513,,"MoB2-Mo-B03","Mo27B57"
"OH(g) + * -> OH*","{""OH"": ""site21""}","UmVhY3Rpb246NDgxNDc1","PBE_D3","{""star"": 1, ""OHgas"": 1}","{""OHstar"": 1}","001","Mo27B57","001",-3.7824564400000327,,"MoB2-Mo-B03","Mo27B57"
"OH(g) + * -> OH*","{""OH"": ""site19""}","UmVhY3Rpb246NDgxNDc2","PBE_D3","{""star"": 1, ""OHgas"": 1}","{""OHstar"": 1}","001","Mo27B57","001",-3.7893499999998994,,"MoB2-Mo-B03","Mo27B57"
"OH(g) + * -> OH*","{""OH"": ""site26""}","UmVhY3Rpb246NDgxNDc3","PBE_D3","{""star"": 1, ""OHgas"": 1}","{""OHstar"": 1}","001","Mo27B57","001",-2.8638915200000383,,"MoB2-Mo-B03","Mo27B57"
"OH(g) + * -> OH*","{""OH"": ""site10""}","UmVhY3Rpb246NDgxNDc4","PBE_D3","{""star"": 1, ""OHgas"": 1}","{""OHstar"": 1}","001","Mo27B57","001",-4.7214919199999485,,"MoB2-Mo-B03","Mo27B57"
"OH(g) + * -> OH*","{""OH"": ""site28""}","UmVhY3Rpb246NDgxNDgw","PBE_D3","{""star"": 1, ""OHgas"": 1}","{""OHstar"": 1}","001","Mo27B57","001",-2.861684169999876,,"MoB2-Mo-B03","Mo27B57"
"OH(g) + * -> OH*","{""OH"": ""site17""}","UmVhY3Rpb246NDgxNDgy","PBE_D3","{""star"": 1, ""OHgas"": 1}","{""OHstar"": 1}","001","Mo27B57","001",-4.1130461999998715,,"MoB2-Mo-B03","Mo27B57"
"OH(g) + * -> OH*","{""OH"": ""site5""}","UmVhY3Rpb246NDgxNDk3","PBE_D3","{""star"": 1, ""OHgas"": 1}","{""OHstar"": 1}","001","Mo27B57","001",-4.752639239999894,,"MoB2-Mo-B03","Mo27B57"
"OH(g) + * -> OH*","{""OH"": ""site2""}","UmVhY3Rpb246NDgxNDk4","PBE_D3","{""star"": 1, ""OHgas"": 1}","{""OHstar"": 1}","001","Mo27B57","001",-4.755604129999938,,"MoB2-Mo-B03","Mo27B57"
"OH(g) + * -> OH*","{""OH"": ""site3""}","UmVhY3Rpb246NDgxNTAy","PBE_D3","{""star"": 1, ""OHgas"": 1}","{""OHstar"": 1}","001","Mo27B57","001",-4.753347559999952,,"MoB2-Mo-B03","Mo27B57"
"OH(g) + * -> OH*","{""OH"": ""site4""}","UmVhY3Rpb246NDgxNTAz","PBE_D3","{""star"": 1, ""OHgas"": 1}","{""OHstar"": 1}","001","Mo27B57","001",-4.753346529999817,,"MoB2-Mo-B03","Mo27B57"
"OH(g) + * -> OH*","{""OH"": ""site12""}","UmVhY3Rpb246NDgxNTE1","PBE_D3","{""star"": 1, ""OHgas"": 1}","{""OHstar"": 1}","001","Mo27B57","001",-4.719523569999865,,"MoB2-Mo-B03","Mo27B57"
"OH(g) + * -> OH*","{""OH"": ""site15""}","UmVhY3Rpb246NDgxNTE2","PBE_D3","{""star"": 1, ""OHgas"": 1}","{""OHstar"": 1}","001","Mo27B57","001",-4.113793829999963,,"MoB2-Mo-B03","Mo27B57"
"OH(g) + * -> OH*","{""OH"": ""site23""}","UmVhY3Rpb246NDgxNTE5","PBE_D3","{""star"": 1, ""OHgas"": 1}","{""OHstar"": 1}","001","Mo27B57","001",-3.782135169999947,,"MoB2-Mo-B03","Mo27B57"
"OH(g) + * -> OH*","{""OH"": ""site24""}","UmVhY3Rpb246NDgxNTIw","PBE_D3","{""star"": 1, ""OHgas"": 1}","{""OHstar"": 1}","001","Mo27B57","001",-3.0517156699999077,,"MoB2-Mo-B03","Mo27B57"
"OH(g) + * -> OH*","{""OH"": ""site25""}","UmVhY3Rpb246NDgxNTIx","PBE_D3","{""star"": 1, ""OHgas"": 1}","{""OHstar"": 1}","001","Mo27B57","001",-3.0510101999999506,,"MoB2-Mo-B03","Mo27B57"
"OH(g) + * -> OH*","{""OH"": ""site22""}","UmVhY3Rpb246NDgxNTIz","PBE_D3","{""star"": 1, ""OHgas"": 1}","{""OHstar"": 1}","001","Mo27B57","001",-3.782419809999965,,"MoB2-Mo-B03","Mo27B57"
"OH(g) + * -> OH*","{""OH"": ""site14""}","UmVhY3Rpb246NDgxNTI0","PBE_D3","{""star"": 1, ""OHgas"": 1}","{""OHstar"": 1}","001","Mo27B57","001",-4.114280269999881,,"MoB2-Mo-B03","Mo27B57"
"OH(g) + * -> OH*","{""OH"": ""site13""}","UmVhY3Rpb246NDgxNTI1","PBE_D3","{""star"": 1, ""OHgas"": 1}","{""OHstar"": 1}","001","Mo27B57","001",-4.114530259999924,,"MoB2-Mo-B03","Mo27B57"
"OH(g) + * -> OH*","{""OH"": ""site8""}","UmVhY3Rpb246NDgxNzU3","PBE_D3","{""star"": 1, ""OHgas"": 1}","{""OHstar"": 1}","001","Mo27B54","001",-4.00556002999997,,"MoB2-Mo-B00","Mo27B54"
"OH(g) + * -> OH*","{""OH"": ""site1""}","UmVhY3Rpb246NDgxNzU4","PBE_D3","{""star"": 1, ""OHgas"": 1}","{""OHstar"": 1}","001","Mo27B54","001",-4.279643999999962,,"MoB2-Mo-B00","Mo27B54"
"OH(g) + * -> OH*","{""OH"": ""site6""}","UmVhY3Rpb246NDgxNzU5","PBE_D3","{""star"": 1, ""OHgas"": 1}","{""OHstar"": 1}","001","Mo27B54","001",-4.028739059999793,,"MoB2-Mo-B00","Mo27B54"
"OH(g) + * -> OH*","{""OH"": ""site7""}","UmVhY3Rpb246NDgxNzYw","PBE_D3","{""star"": 1, ""OHgas"": 1}","{""OHstar"": 1}","001","Mo27B54","001",-4.026434889999791,,"MoB2-Mo-B00","Mo27B54"
"OH(g) + * -> OH*","{""OH"": ""site5""}","UmVhY3Rpb246NDgxNzc0","PBE_D3","{""star"": 1, ""OHgas"": 1}","{""OHstar"": 1}","001","Mo27B54","001",-4.0287419,,"MoB2-Mo-B00","Mo27B54"
"OH(g) + * -> OH*","{""OH"": ""site2""}","UmVhY3Rpb246NDgxNzc1","PBE_D3","{""star"": 1, ""OHgas"": 1}","{""OHstar"": 1}","001","Mo27B54","001",-4.279615299999932,,"MoB2-Mo-B00","Mo27B54"
"OH(g) + * -> OH*","{""OH"": ""site3""}","UmVhY3Rpb246NDgxNzc2","PBE_D3","{""star"": 1, ""OHgas"": 1}","{""OHstar"": 1}","001","Mo27B54","001",-4.2795015999998895,,"MoB2-Mo-B00","Mo27B54"
"OH(g) + * -> OH*","{""OH"": ""site4""}","UmVhY3Rpb246NDgxNzc3","PBE_D3","{""star"": 1, ""OHgas"": 1}","{""OHstar"": 1}","001","Mo27B54","001",-4.2794623299998875,,"MoB2-Mo-B00","Mo27B54"
"OH(g) + * -> OH*","{""OH"": ""site8""}","UmVhY3Rpb246NDgxNzg3","PBE_D3","{""star"": 1, ""OHgas"": 1}","{""OHstar"": 1}","001","Mo26RuB53","001",-4.637095399999794,,"MoB2-Ru-B-1","Mo26RuB53"
"OH(g) + * -> OH*","{""OH"": ""site1""}","UmVhY3Rpb246NDgxNzg4","PBE_D3","{""star"": 1, ""OHgas"": 1}","{""OHstar"": 1}","001","Mo26RuB53","001",-4.804811429999859,,"MoB2-Ru-B-1","Mo26RuB53"
"OH(g) + * -> OH*","{""OH"": ""site6""}","UmVhY3Rpb246NDgxNzg5","PBE_D3","{""star"": 1, ""OHgas"": 1}","{""OHstar"": 1}","001","Mo26RuB53","001",-4.773171419999812,,"MoB2-Ru-B-1","Mo26RuB53"
"OH(g) + * -> OH*","{""OH"": ""site7""}","UmVhY3Rpb246NDgxNzk2","PBE_D3","{""star"": 1, ""OHgas"": 1}","{""OHstar"": 1}","001","Mo26RuB53","001",-4.6536617599998635,,"MoB2-Ru-B-1","Mo26RuB53"
"OH(g) + * -> OH*","{""OH"": ""site9""}","UmVhY3Rpb246NDgxNzk3","PBE_D3","{""star"": 1, ""OHgas"": 1}","{""OHstar"": 1}","001","Mo26RuB53","001",-4.636435409999876,,"MoB2-Ru-B-1","Mo26RuB53"
"OH(g) + * -> OH*","{""OH"": ""site29""}","UmVhY3Rpb246NDgxODMx","PBE_D3","{""star"": 1, ""OHgas"": 1}","{""OHstar"": 1}","001","Mo26RuB53","001",-3.595318569999904,,"MoB2-Ru-B-1","Mo26RuB53"
"OH(g) + * -> OH*","{""OH"": ""site16""}","UmVhY3Rpb246NDgxODMy","PBE_D3","{""star"": 1, ""OHgas"": 1}","{""OHstar"": 1}","001","Mo26RuB53","001",-4.465406389999885,,"MoB2-Ru-B-1","Mo26RuB53"
"OH(g) + * -> OH*","{""OH"": ""site11""}","UmVhY3Rpb246NDgxODM1","PBE_D3","{""star"": 1, ""OHgas"": 1}","{""OHstar"": 1}","001","Mo26RuB53","001",-4.615781529999822,,"MoB2-Ru-B-1","Mo26RuB53"
"OH(g) + * -> OH*","{""OH"": ""site18""}","UmVhY3Rpb246NDgxODM2","PBE_D3","{""star"": 1, ""OHgas"": 1}","{""OHstar"": 1}","001","Mo26RuB53","001",-4.349466659999848,,"MoB2-Ru-B-1","Mo26RuB53"
"OH(g) + * -> OH*","{""OH"": ""site27""}","UmVhY3Rpb246NDgxODM3","PBE_D3","{""star"": 1, ""OHgas"": 1}","{""OHstar"": 1}","001","Mo26RuB53","001",-4.172144509999953,,"MoB2-Ru-B-1","Mo26RuB53"
"OH(g) + * -> OH*","{""OH"": ""site20""}","UmVhY3Rpb246NDgxODM4","PBE_D3","{""star"": 1, ""OHgas"": 1}","{""OHstar"": 1}","001","Mo26RuB53","001",-4.337023499999873,,"MoB2-Ru-B-1","Mo26RuB53"
"OH(g) + * -> OH*","{""OH"": ""site21""}","UmVhY3Rpb246NDgxODQy","PBE_D3","{""star"": 1, ""OHgas"": 1}","{""OHstar"": 1}","001","Mo26RuB53","001",-4.3242897399999265,,"MoB2-Ru-B-1","Mo26RuB53"
"OH(g) + * -> OH*","{""OH"": ""site19""}","UmVhY3Rpb246NDgxODQz","PBE_D3","{""star"": 1, ""OHgas"": 1}","{""OHstar"": 1}","001","Mo26RuB53","001",-4.337796229999867,,"MoB2-Ru-B-1","Mo26RuB53"
"OH(g) + * -> OH*","{""OH"": ""site26""}","UmVhY3Rpb246NDgxODQ0","PBE_D3","{""star"": 1, ""OHgas"": 1}","{""OHstar"": 1}","001","Mo26RuB53","001",-4.204703129999871,,"MoB2-Ru-B-1","Mo26RuB53"
"OH(g) + * -> OH*","{""OH"": ""site10""}","UmVhY3Rpb246NDgxODQ1","PBE_D3","{""star"": 1, ""OHgas"": 1}","{""OHstar"": 1}","001","Mo26RuB53","001",-4.635516619999862,,"MoB2-Ru-B-1","Mo26RuB53"
"OH(g) + * -> OH*","{""OH"": ""site28""}","UmVhY3Rpb246NDgxODQ3","PBE_D3","{""star"": 1, ""OHgas"": 1}","{""OHstar"": 1}","001","Mo26RuB53","001",-4.0364091299999245,,"MoB2-Ru-B-1","Mo26RuB53"
"OH(g) + * -> OH*","{""OH"": ""site17""}","UmVhY3Rpb246NDgxODQ5","PBE_D3","{""star"": 1, ""OHgas"": 1}","{""OHstar"": 1}","001","Mo26RuB53","001",-4.39568106999991,,"MoB2-Ru-B-1","Mo26RuB53"
"OH(g) + * -> OH*","{""OH"": ""site5""}","UmVhY3Rpb246NDgxODcz","PBE_D3","{""star"": 1, ""OHgas"": 1}","{""OHstar"": 1}","001","Mo26RuB53","001",-4.793437669999889,,"MoB2-Ru-B-1","Mo26RuB53"
"OH(g) + * -> OH*","{""OH"": ""site2""}","UmVhY3Rpb246NDgxODc0","PBE_D3","{""star"": 1, ""OHgas"": 1}","{""OHstar"": 1}","001","Mo26RuB53","001",-4.803459829999838,,"MoB2-Ru-B-1","Mo26RuB53"
"OH(g) + * -> OH*","{""OH"": ""site3""}","UmVhY3Rpb246NDgxODgy","PBE_D3","{""star"": 1, ""OHgas"": 1}","{""OHstar"": 1}","001","Mo26RuB53","001",-4.802252899999758,,"MoB2-Ru-B-1","Mo26RuB53"
"OH(g) + * -> OH*","{""OH"": ""site4""}","UmVhY3Rpb246NDgxODgz","PBE_D3","{""star"": 1, ""OHgas"": 1}","{""OHstar"": 1}","001","Mo26RuB53","001",-4.801675569999929,,"MoB2-Ru-B-1","Mo26RuB53"
"OH(g) + * -> OH*","{""OH"": ""site31""}","UmVhY3Rpb246NDgxODg1","PBE_D3","{""star"": 1, ""OHgas"": 1}","{""OHstar"": 1}","001","Mo26RuB53","001",-3.117970279999895,,"MoB2-Ru-B-1","Mo26RuB53"
"OH(g) + * -> OH*","{""OH"": ""site30""}","UmVhY3Rpb246NDgxOTA0","PBE_D3","{""star"": 1, ""OHgas"": 1}","{""OHstar"": 1}","001","Mo26RuB53","001",-3.4116794599998457,,"MoB2-Ru-B-1","Mo26RuB53"
"OH(g) + * -> OH*","{""OH"": ""site12""}","UmVhY3Rpb246NDgxOTE5","PBE_D3","{""star"": 1, ""OHgas"": 1}","{""OHstar"": 1}","001","Mo26RuB53","001",-4.612274609999872,,"MoB2-Ru-B-1","Mo26RuB53"
"OH(g) + * -> OH*","{""OH"": ""site15""}","UmVhY3Rpb246NDgxOTIw","PBE_D3","{""star"": 1, ""OHgas"": 1}","{""OHstar"": 1}","001","Mo26RuB53","001",-4.467769459999886,,"MoB2-Ru-B-1","Mo26RuB53"
"OH(g) + * -> OH*","{""OH"": ""site23""}","UmVhY3Rpb246NDgxOTIz","PBE_D3","{""star"": 1, ""OHgas"": 1}","{""OHstar"": 1}","001","Mo26RuB53","001",-4.23277037999992,,"MoB2-Ru-B-1","Mo26RuB53"
"OH(g) + * -> OH*","{""OH"": ""site24""}","UmVhY3Rpb246NDgxOTI0","PBE_D3","{""star"": 1, ""OHgas"": 1}","{""OHstar"": 1}","001","Mo26RuB53","001",-4.223712379999824,,"MoB2-Ru-B-1","Mo26RuB53"
"OH(g) + * -> OH*","{""OH"": ""site25""}","UmVhY3Rpb246NDgxOTI4","PBE_D3","{""star"": 1, ""OHgas"": 1}","{""OHstar"": 1}","001","Mo26RuB53","001",-4.207449169999791,,"MoB2-Ru-B-1","Mo26RuB53"
"OH(g) + * -> OH*","{""OH"": ""site22""}","UmVhY3Rpb246NDgxOTMw","PBE_D3","{""star"": 1, ""OHgas"": 1}","{""OHstar"": 1}","001","Mo26RuB53","001",-4.264729559999864,,"MoB2-Ru-B-1","Mo26RuB53"
"OH(g) + * -> OH*","{""OH"": ""site14""}","UmVhY3Rpb246NDgxOTMx","PBE_D3","{""star"": 1, ""OHgas"": 1}","{""OHstar"": 1}","001","Mo26RuB53","001",-4.5535510299998805,,"MoB2-Ru-B-1","Mo26RuB53"
"OH(g) + * -> OH*","{""OH"": ""site13""}","UmVhY3Rpb246NDgxOTMy","PBE_D3","{""star"": 1, ""OHgas"": 1}","{""OHstar"": 1}","001","Mo26RuB53","001",-4.553758749999815,,"MoB2-Ru-B-1","Mo26RuB53"
"OH(g) + * -> OH*","{""OH"": ""site8""}","UmVhY3Rpb246NDgxOTQ3","PBE_D3","{""star"": 1, ""OHgas"": 1}","{""OHstar"": 1}","001","Mo27B55","001",-4.221541439999896,,"MoB2-Mo-B01","Mo27B55"
"OH(g) + * -> OH*","{""OH"": ""site1""}","UmVhY3Rpb246NDgxOTQ4","PBE_D3","{""star"": 1, ""OHgas"": 1}","{""OHstar"": 1}","001","Mo27B55","001",-4.769536119999884,,"MoB2-Mo-B01","Mo27B55"
"OH(g) + * -> OH*","{""OH"": ""site6""}","UmVhY3Rpb246NDgxOTQ5","PBE_D3","{""star"": 1, ""OHgas"": 1}","{""OHstar"": 1}","001","Mo27B55","001",-4.223100899999849,,"MoB2-Mo-B01","Mo27B55"
"OH(g) + * -> OH*","{""OH"": ""site7""}","UmVhY3Rpb246NDgxOTUy","PBE_D3","{""star"": 1, ""OHgas"": 1}","{""OHstar"": 1}","001","Mo27B55","001",-4.222504039999762,,"MoB2-Mo-B01","Mo27B55"
"OH(g) + * -> OH*","{""OH"": ""site9""}","UmVhY3Rpb246NDgxOTUz","PBE_D3","{""star"": 1, ""OHgas"": 1}","{""OHstar"": 1}","001","Mo27B55","001",-4.218133129999956,,"MoB2-Mo-B01","Mo27B55"
"OH(g) + * -> OH*","{""OH"": ""site16""}","UmVhY3Rpb246NDgxOTYw","PBE_D3","{""star"": 1, ""OHgas"": 1}","{""OHstar"": 1}","001","Mo27B55","001",-4.172289069999806,,"MoB2-Mo-B01","Mo27B55"
"OH(g) + * -> OH*","{""OH"": ""site11""}","UmVhY3Rpb246NDgxOTYz","PBE_D3","{""star"": 1, ""OHgas"": 1}","{""OHstar"": 1}","001","Mo27B55","001",-4.2169451299998855,,"MoB2-Mo-B01","Mo27B55"
"OH(g) + * -> OH*","{""OH"": ""site18""}","UmVhY3Rpb246NDgxOTY0","PBE_D3","{""star"": 1, ""OHgas"": 1}","{""OHstar"": 1}","001","Mo27B55","001",-4.034461759999772,,"MoB2-Mo-B01","Mo27B55"
"OH(g) + * -> OH*","{""OH"": ""site20""}","UmVhY3Rpb246NDgxOTY1","PBE_D3","{""star"": 1, ""OHgas"": 1}","{""OHstar"": 1}","001","Mo27B55","001",-4.014562449999744,,"MoB2-Mo-B01","Mo27B55"
"OH(g) + * -> OH*","{""OH"": ""site21""}","UmVhY3Rpb246NDgxOTY2","PBE_D3","{""star"": 1, ""OHgas"": 1}","{""OHstar"": 1}","001","Mo27B55","001",-3.9954939999997805,,"MoB2-Mo-B01","Mo27B55"
"OH(g) + * -> OH*","{""OH"": ""site19""}","UmVhY3Rpb246NDgxOTY3","PBE_D3","{""star"": 1, ""OHgas"": 1}","{""OHstar"": 1}","001","Mo27B55","001",-4.032187959999874,,"MoB2-Mo-B01","Mo27B55"
"OH(g) + * -> OH*","{""OH"": ""site10""}","UmVhY3Rpb246NDgxOTY4","PBE_D3","{""star"": 1, ""OHgas"": 1}","{""OHstar"": 1}","001","Mo27B55","001",-4.217084399999862,,"MoB2-Mo-B01","Mo27B55"
"OH(g) + * -> OH*","{""OH"": ""site17""}","UmVhY3Rpb246NDgxOTcx","PBE_D3","{""star"": 1, ""OHgas"": 1}","{""OHstar"": 1}","001","Mo27B55","001",-4.172164789999783,,"MoB2-Mo-B01","Mo27B55"
"OH(g) + * -> OH*","{""OH"": ""site5""}","UmVhY3Rpb246NDgxOTgx","PBE_D3","{""star"": 1, ""OHgas"": 1}","{""OHstar"": 1}","001","Mo27B55","001",-4.223582059999785,,"MoB2-Mo-B01","Mo27B55"
"OH(g) + * -> OH*","{""OH"": ""site2""}","UmVhY3Rpb246NDgxOTgy","PBE_D3","{""star"": 1, ""OHgas"": 1}","{""OHstar"": 1}","001","Mo27B55","001",-4.769416249999836,,"MoB2-Mo-B01","Mo27B55"
"OH(g) + * -> OH*","{""OH"": ""site3""}","UmVhY3Rpb246NDgxOTg3","PBE_D3","{""star"": 1, ""OHgas"": 1}","{""OHstar"": 1}","001","Mo27B55","001",-4.767340989999866,,"MoB2-Mo-B01","Mo27B55"
"OH(g) + * -> OH*","{""OH"": ""site4""}","UmVhY3Rpb246NDgxOTg4","PBE_D3","{""star"": 1, ""OHgas"": 1}","{""OHstar"": 1}","001","Mo27B55","001",-4.265420269999822,,"MoB2-Mo-B01","Mo27B55"
"OH(g) + * -> OH*","{""OH"": ""site12""}","UmVhY3Rpb246NDgxOTk2","PBE_D3","{""star"": 1, ""OHgas"": 1}","{""OHstar"": 1}","001","Mo27B55","001",-4.194110999999907,,"MoB2-Mo-B01","Mo27B55"
"OH(g) + * -> OH*","{""OH"": ""site15""}","UmVhY3Rpb246NDgxOTk3","PBE_D3","{""star"": 1, ""OHgas"": 1}","{""OHstar"": 1}","001","Mo27B55","001",-4.173271399999862,,"MoB2-Mo-B01","Mo27B55"
"OH(g) + * -> OH*","{""OH"": ""site22""}","UmVhY3Rpb246NDgyMDAx","PBE_D3","{""star"": 1, ""OHgas"": 1}","{""OHstar"": 1}","001","Mo27B55","001",-2.8922282699999187,,"MoB2-Mo-B01","Mo27B55"
"OH(g) + * -> OH*","{""OH"": ""site14""}","UmVhY3Rpb246NDgyMDAy","PBE_D3","{""star"": 1, ""OHgas"": 1}","{""OHstar"": 1}","001","Mo27B55","001",-4.174232259999712,,"MoB2-Mo-B01","Mo27B55"
"OH(g) + * -> OH*","{""OH"": ""site13""}","UmVhY3Rpb246NDgyMDAz","PBE_D3","{""star"": 1, ""OHgas"": 1}","{""OHstar"": 1}","001","Mo27B55","001",-4.194044009999857,,"MoB2-Mo-B01","Mo27B55"
"H2O(g) - 0.5H2(g) + * -> OH*",,"UmVhY3Rpb246MzM3OTE1","RPBE","{""star"": 1, ""H2gas"": -0.5, ""H2Ogas"": 1}","{""OHstar"": 1}","active_site","CuC48H24N24","active_site",-0.8723394300000109,,"CuC48N24H24","CuC48H24N24"
"H2O(g) - 0.5H2(g) + * -> OH*",,"UmVhY3Rpb246MzM3OTIy","RPBE","{""star"": 1, ""H2gas"": -0.5, ""H2Ogas"": 1}","{""OHstar"": 1}","active_site","CuC39H21N15","active_site",0.1348530299999311,,"CuC39N15H21","CuC39H21N15"
"H2O(g) - 0.5H2(g) + * -> OH*",,"UmVhY3Rpb246MzM3OTAx","HSE06","{""star"": 1, ""H2gas"": -0.5, ""H2Ogas"": 1}","{""OHstar"": 1}","active_site","CuC48H24N24","active_site",-0.3876392650000753,,"CuC48N24H24","CuC48H24N24"
"H2O(g) - 0.5H2(g) + * -> OH*",,"UmVhY3Rpb246MzM3OTA4","HSE06","{""star"": 1, ""H2gas"": -0.5, ""H2Ogas"": 1}","{""OHstar"": 1}","active_site","CuC39H21N15","active_site",0.5216362150000577,,"CuC39N15H21","CuC39H21N15"
"0.5H2(g) + O* -> OH*",,"UmVhY3Rpb246NDE3Nw==","BEEF-vdW","{""H2gas"": 0.5, ""Ostar"": 1}","{""OHstar"": 1}","0.5H","Mo16H2P16","0.5H",-0.329072789711,,"MoP","Mo16H2P16"
"H2O* + * -> OH* + H*","{""H"": ""bridge"", ""OH"": ""hollow"", ""H2O"": ""bridge""}","UmVhY3Rpb246MzczMDU5","BEEF-vdW","{""star"": 1, ""H2Ostar"": 1}","{""Hstar"": 1, ""OHstar"": 1}","111","Cd12","111",1.1623165742967103,,"Cd","Cd12"
"H2O* + * -> OH* + H*","{""H"": ""bridge"", ""OH"": ""hollow"", ""H2O"": ""bridge""}","UmVhY3Rpb246MzczMDg2","BEEF-vdW","{""star"": 1, ""H2Ostar"": 1}","{""Hstar"": 1, ""OHstar"": 1}","111","Pb12","111",1.09130561100028,,"Pb","Pb12"
"H2O* + * -> OH* + H*","{""H"": ""hollow"", ""OH"": ""bridge"", ""H2O"": ""bridge""}","UmVhY3Rpb246MzczMTY2","BEEF-vdW","{""star"": 1, ""H2Ostar"": 1}","{""Hstar"": 1, ""OHstar"": 1}","111","In12","111",1.134451981401071,,"In","In12"
"H2O(g) - 0.5H2(g) + * -> OH*","{""OH"": ""bridge|A_A|A""}","UmVhY3Rpb246MzgxOTI0","BEEF-vdW","{""star"": 1, ""H2gas"": -0.5, ""H2Ogas"": 1.0}","{""OHstar"": 1}","111","Co12","111",0.021454543483628186,,"Co","Co12"
"H2O(g) - 0.5H2(g) + * -> OH*","{""OH"": ""hollow|A_A_A|FCC""}","UmVhY3Rpb246MzgxOTI1","BEEF-vdW","{""star"": 1, ""H2gas"": -0.5, ""H2Ogas"": 1.0}","{""OHstar"": 1}","111","Co12","111",-0.23144179951771093,,"Co","Co12"
"H2O(g) - 0.5H2(g) + * -> OH*","{""OH"": ""hollow|A_A_A|HCP""}","UmVhY3Rpb246MzgxOTI2","BEEF-vdW","{""star"": 1, ""H2gas"": -0.5, ""H2Ogas"": 1.0}","{""OHstar"": 1}","111","Co12","111",-0.24384828582253704,,"Co","Co12"
"H2O(g) - 0.5H2(g) + * -> OH*","{""OH"": ""top|A""}","UmVhY3Rpb246MzgxOTI3","BEEF-vdW","{""star"": 1, ""H2gas"": -0.5, ""H2Ogas"": 1.0}","{""OHstar"": 1}","111","Co12","111",0.6621178685790028,,"Co","Co12"
"H2O* + * -> OH* + H*","{""H"": ""hollow"", ""OH"": ""hollow"", ""H2O"": ""top""}","UmVhY3Rpb246MzgyMzUz","BEEF-vdW","{""star"": 1, ""H2Ostar"": 1}","{""Hstar"": 1, ""OHstar"": 1}","111","Y12","111",-3.0451599807001912,,"Y","Y12"
"H2O* + * -> OH* + H*","{""H"": ""hollow"", ""OH"": ""hollow"", ""H2O"": ""bridge""}","UmVhY3Rpb246MzgyMzg1","BEEF-vdW","{""star"": 1, ""H2Ostar"": 1}","{""Hstar"": 1, ""OHstar"": 1}","111","La12","111",-2.3645815012023377,,"La","La12"
"H2O* + * -> OH* + H*","{""H"": ""hollow"", ""OH"": ""hollow"", ""H2O"": ""bridge""}","UmVhY3Rpb246MzgyNDE5","BEEF-vdW","{""star"": 1, ""H2Ostar"": 1}","{""Hstar"": 1, ""OHstar"": 1}","111","Sc12","111",-3.1228912035003304,,"Sc","Sc12"
"H2O* + * -> OH* + H*","{""H"": ""hollow"", ""OH"": ""hollow"", ""H2O"": ""bridge""}","UmVhY3Rpb246MzgyNDUx","BEEF-vdW","{""star"": 1, ""H2Ostar"": 1}","{""Hstar"": 1, ""OHstar"": 1}","111","Zr12","111",-2.8986764755009062,,"Zr","Zr12"
"H2O* + * -> OH* + H*","{""H"": ""hollow"", ""OH"": ""hollow"", ""H2O"": ""top""}","UmVhY3Rpb246MzgyNDY0","BEEF-vdW","{""star"": 1, ""H2Ostar"": 1}","{""Hstar"": 1, ""OHstar"": 1}","111","Hf12","111",-3.063413377101824,,"Hf","Hf12"
"H2O* + * -> OH* + H*","{""H"": ""bridge"", ""OH"": ""hollow"", ""H2O"": ""bridge""}","UmVhY3Rpb246MzgyODMy","BEEF-vdW","{""star"": 1, ""H2Ostar"": 1}","{""Hstar"": 1, ""OHstar"": 1}","111","Ga12","111",0.9820442857017042,,"Ga","Ga12"
"H2O* + * -> OH* + H*","{""H"": ""hollow"", ""OH"": ""hollow"", ""H2O"": ""top""}","UmVhY3Rpb246MzgyNTU5","BEEF-vdW","{""star"": 1, ""H2Ostar"": 1}","{""Hstar"": 1, ""OHstar"": 1}","111","Tc12","111",-1.1692697634025535,,"Tc","Tc12"
"H2O* + * -> OH* + H*","{""H"": ""hollow"", ""OH"": ""hollow"", ""H2O"": ""bridge""}","UmVhY3Rpb246MzgyNzY1","BEEF-vdW","{""star"": 1, ""H2Ostar"": 1}","{""Hstar"": 1, ""OHstar"": 1}","111","Zn12","111",0.6321445292996941,,"Zn","Zn12"
"H2O* + * -> OH* + H*","{""H"": ""hollow"", ""OH"": ""hollow"", ""H2O"": ""top""}","UmVhY3Rpb246MzgyNTUy","BEEF-vdW","{""star"": 1, ""H2Ostar"": 1}","{""Hstar"": 1, ""OHstar"": 1}","111","W12","111",-2.014573851800378,,"W","W12"
"H2O* + * -> OH* + H*","{""H"": ""hollow"", ""OH"": ""hollow"", ""H2O"": ""top""}","UmVhY3Rpb246MzgyNTEx","BEEF-vdW","{""star"": 1, ""H2Ostar"": 1}","{""Hstar"": 1, ""OHstar"": 1}","111","Ta12","111",-2.6651534133015957,,"Ta","Ta12"
"H2O* + * -> OH* + H*","{""H"": ""hollow"", ""OH"": ""hollow"", ""H2O"": ""hollow""}","UmVhY3Rpb246MzgyNzIz","BEEF-vdW","{""star"": 1, ""H2Ostar"": 1}","{""Hstar"": 1, ""OHstar"": 1}","111","Ag12","111",1.0214720840958762,,"Ag","Ag12"
"H2O* + * -> OH* + H*","{""H"": ""top"", ""OH"": ""hollow"", ""H2O"": ""top""}","UmVhY3Rpb246MzgyODI3","BEEF-vdW","{""star"": 1, ""H2Ostar"": 1}","{""Hstar"": 1, ""OHstar"": 1}","111","Al12","111",-0.37102749110999866,,"Al","Al12"
"H2O* + * -> OH* + H*","{""H"": ""hollow"", ""OH"": ""hollow"", ""H2O"": ""hollow""}","UmVhY3Rpb246MzgyNjY3","BEEF-vdW","{""star"": 1, ""H2Ostar"": 1}","{""Hstar"": 1, ""OHstar"": 1}","111","Pd12","111",0.5404108725961123,,"Pd","Pd12"
"H2O* + * -> OH* + H*","{""H"": ""hollow"", ""OH"": ""hollow"", ""H2O"": ""hollow""}","UmVhY3Rpb246MzgyNzUz","BEEF-vdW","{""star"": 1, ""H2Ostar"": 1}","{""Hstar"": 1, ""OHstar"": 1}","111","Cu12","111",0.2838196317170514,,"Cu","Cu12"
"H2O* + * -> OH* + H*","{""H"": ""hollow"", ""OH"": ""bridge"", ""H2O"": ""bridge""}","UmVhY3Rpb246MzgyNzAz","BEEF-vdW","{""star"": 1, ""H2Ostar"": 1}","{""Hstar"": 1, ""OHstar"": 1}","111","Au12","111",1.6787302718985302,,"Au","Au12"
"H2O(g) -> hfH2(g) + OH*",,"UmVhY3Rpb246MTk1Ng==","RPBE","{""H2Ogas"": 1}","{""OHstar"": 1, ""hfH2gas"": 1}","111","Pt3V","111",-0.67385,,"Pt3V","Pt3V"
"H2O(g) -> hfH2(g) + OH*",,"UmVhY3Rpb246MTkwMw==","RPBE","{""H2Ogas"": 1}","{""OHstar"": 1, ""hfH2gas"": 1}","111","Al3Cu","111",-0.83385,,"Al3Cu","Al3Cu"
"H2O(g) -> hfH2(g) + OH*",,"UmVhY3Rpb246MTkwNA==","RPBE","{""H2Ogas"": 1}","{""OHstar"": 1, ""hfH2gas"": 1}","111","Ge3Sc","111",-0.83385,,"Ge3Sc","Ge3Sc"
"H2O(g) -> hfH2(g) + OH*",,"UmVhY3Rpb246MTkwNg==","RPBE","{""H2Ogas"": 1}","{""OHstar"": 1, ""hfH2gas"": 1}","111","Re3Ir","111",-0.82385,,"Re3Ir","Re3Ir"
"H2O(g) -> hfH2(g) + OH*",,"UmVhY3Rpb246MTkyOA==","RPBE","{""H2Ogas"": 1}","{""OHstar"": 1, ""hfH2gas"": 1}","111","Ru3Ta","111",-0.74385,,"Ru3Ta","Ru3Ta"
"H2O(g) -> hfH2(g) + OH*",,"UmVhY3Rpb246MTkyOQ==","RPBE","{""H2Ogas"": 1}","{""OHstar"": 1, ""hfH2gas"": 1}","111","Pt3Zr","111",-0.74385,,"Pt3Zr","Pt3Zr"
"H2O* -> OH* + H*",,"UmVhY3Rpb246MjQ0Nw==","BEEF","{""H2Ostar"": 1}","{""Hstar"": 1, ""OHstar"": 1}","1","ZnO","1",-1.07,0,"ZnO","ZnO"
"H2O(g) + * -> OH* + 0.5H2(g)",,"UmVhY3Rpb246ODI2OTI=","BEEF-vdW","{""star"": 1, ""H2Ogas"": 1}","{""H2gas"": 0.5, ""OHstar"": 1}","111","Pd36","111",0.64644165495,,"Pd","Pd36"
"H2O(g) -> hfH2(g) + OH*",,"UmVhY3Rpb246MTczNQ==","RPBE","{""H2Ogas"": 1}","{""OHstar"": 1, ""hfH2gas"": 1}","111","Sc3Al","111",-2.67385,,"Sc3Al","Sc3Al"
"H2O(g) -> hfH2(g) + OH*",,"UmVhY3Rpb246MTk1OA==","RPBE","{""H2Ogas"": 1}","{""OHstar"": 1, ""hfH2gas"": 1}","111","Co3W","111",-0.67385,,"Co3W","Co3W"
"H2O(g) -> hfH2(g) + OH*",,"UmVhY3Rpb246MTgwOA==","RPBE","{""H2Ogas"": 1}","{""OHstar"": 1, ""hfH2gas"": 1}","111","Nb3Sb","111",-1.85385,,"Nb3Sb","Nb3Sb"
"H2O(g) -> hfH2(g) + OH*",,"UmVhY3Rpb246MTgwOQ==","RPBE","{""H2Ogas"": 1}","{""OHstar"": 1, ""hfH2gas"": 1}","111","Ta3Pt","111",-1.82385,,"Ta3Pt","Ta3Pt"
"H2O(g) -> OH* + H*",,"UmVhY3Rpb246MTM4OA==","RPBE","{""H2Ogas"": 1}","{""Hstar"": 1, ""OHstar"": 1}","211","Cu","211",-0.097,0.798,"Cu","Cu"
"H2O(g) -> OH* + H*",,"UmVhY3Rpb246MTM4OQ==","RPBE","{""H2Ogas"": 1}","{""Hstar"": 1, ""OHstar"": 1}","211","Pd","211",-0.107,0.823,"Pd","Pd"
"H2O* -> OH* + H*",,"UmVhY3Rpb246MTQwOA==","RPBE","{""H2Ostar"": 1}","{""Hstar"": 1, ""OHstar"": 1}","111","Ag","111",0.955,1.824,"Ag","Ag"
"H2O* -> OH* + H*",,"UmVhY3Rpb246MTQwOQ==","RPBE","{""H2Ostar"": 1}","{""Hstar"": 1, ""OHstar"": 1}","211","Au","211",1.1,1.881,"Au","Au"
"H2O(g) -> OH* + H*",,"UmVhY3Rpb246MTQxMA==","RPBE","{""H2Ogas"": 1}","{""Hstar"": 1, ""OHstar"": 1}","111","Au","111",1.558,1.997,"Au","Au"
"H2O(g) -> hfH2(g) + OH*",,"UmVhY3Rpb246MTk0Mg==","RPBE","{""H2Ogas"": 1}","{""OHstar"": 1, ""hfH2gas"": 1}","111","Ir3Zr","111",-0.71385,,"Ir3Zr","Ir3Zr"
"H2O(g) -> hfH2(g) + OH*",,"UmVhY3Rpb246MTkwNw==","RPBE","{""H2Ogas"": 1}","{""OHstar"": 1, ""hfH2gas"": 1}","111","Pt3Hf","111",-0.81385,,"Pt3Hf","Pt3Hf"
"H2O(g) -> hfH2(g) + OH*",,"UmVhY3Rpb246MTg1NA==","RPBE","{""H2Ogas"": 1}","{""OHstar"": 1, ""hfH2gas"": 1}","111","Sn3La","111",-1.09385,,"Sn3La","Sn3La"
"H2O(g) -> hfH2(g) + OH*",,"UmVhY3Rpb246MTg1Nw==","RPBE","{""H2Ogas"": 1}","{""OHstar"": 1, ""hfH2gas"": 1}","111","Sn3Sc","111",-1.08385,,"Sn3Sc","Sn3Sc"
"H2O(g) -> hfH2(g) + OH*",,"UmVhY3Rpb246MTkwOA==","RPBE","{""H2Ogas"": 1}","{""OHstar"": 1, ""hfH2gas"": 1}","111","Al3Pt","111",-0.81385,,"Al3Pt","Al3Pt"
"H2O(g) -> hfH2(g) + OH*",,"UmVhY3Rpb246MTkwOQ==","RPBE","{""H2Ogas"": 1}","{""OHstar"": 1, ""hfH2gas"": 1}","111","Ni3Ti","111",-0.81385,,"Ni3Ti","Ni3Ti"
"H2O(g) -> hfH2(g) + OH*",,"UmVhY3Rpb246MTkxMA==","RPBE","{""H2Ogas"": 1}","{""OHstar"": 1, ""hfH2gas"": 1}","111","In3Zr","111",-0.81385,,"In3Zr","In3Zr"
"H2O(g) -> hfH2(g) + OH*",,"UmVhY3Rpb246MTkyNw==","RPBE","{""H2Ogas"": 1}","{""OHstar"": 1, ""hfH2gas"": 1}","111","Al3Ni","111",-0.74385,,"Al3Ni","Al3Ni"
"H2O(g) -> OH* + H*",,"UmVhY3Rpb246MTM5MA==","RPBE","{""H2Ogas"": 1}","{""Hstar"": 1, ""OHstar"": 1}","111","Rh","111",0.111,0.845,"Rh","Rh"
"H2O(g) - 0.5H2(g) + * -> OH*",,"UmVhY3Rpb246ODQwMg==","PBE+U=3.32","{""star"": 1, ""H2gas"": -0.5, ""H2Ogas"": 1}","{""OHstar"": 1}","01-12","Co16Li16H6O38","01-12",0.38270852,,"LiCoO2","Co16Li16H6O38"
"H2O(g) -> hfH2(g) + OH*",,"UmVhY3Rpb246MTc3OA==","RPBE","{""H2Ogas"": 1}","{""OHstar"": 1, ""hfH2gas"": 1}","111","La3Pb","111",-2.17385,,"La3Pb","La3Pb"
"H2O(g) -> hfH2(g) + OH*",,"UmVhY3Rpb246MTczNg==","RPBE","{""H2Ogas"": 1}","{""OHstar"": 1, ""hfH2gas"": 1}","111","Sc3Ge","111",-2.67385,,"Sc3Ge","Sc3Ge"
"H2O(g) -> hfH2(g) + OH*",,"UmVhY3Rpb246MTczNw==","RPBE","{""H2Ogas"": 1}","{""OHstar"": 1, ""hfH2gas"": 1}","111","Sc3As","111",-2.66385,,"Sc3As","Sc3As"
"H2O(g) -> hfH2(g) + OH*",,"UmVhY3Rpb246MTczOA==","RPBE","{""H2Ogas"": 1}","{""OHstar"": 1, ""hfH2gas"": 1}","111","Y3Tl","111",-2.65385,,"Y3Tl","Y3Tl"
"H2O(g) -> hfH2(g) + OH*",,"UmVhY3Rpb246MTk3Nw==","RPBE","{""H2Ogas"": 1}","{""OHstar"": 1, ""hfH2gas"": 1}","111","Rh3La","111",-0.61385,,"Rh3La","Rh3La"
"H2O(g) -> hfH2(g) + OH*",,"UmVhY3Rpb246MTgxMw==","RPBE","{""H2Ogas"": 1}","{""OHstar"": 1, ""hfH2gas"": 1}","111","V3Ga","111",-1.80385,,"V3Ga","V3Ga"
"H2O(g) -> hfH2(g) + OH*",,"UmVhY3Rpb246MTgzNQ==","RPBE","{""H2Ogas"": 1}","{""OHstar"": 1, ""hfH2gas"": 1}","111","Pd3Nb","111",-1.33385,,"Pd3Nb","Pd3Nb"
"H2O(g) -> hfH2(g) + OH*",,"UmVhY3Rpb246MTk0MQ==","RPBE","{""H2Ogas"": 1}","{""OHstar"": 1, ""hfH2gas"": 1}","111","Ir3W","111",-0.71385,,"Ir3W","Ir3W"
"H2O(g) -> hfH2(g) + OH*",,"UmVhY3Rpb246MTc3Nw==","RPBE","{""H2Ogas"": 1}","{""OHstar"": 1, ""hfH2gas"": 1}","111","Zr3Ge","111",-2.17385,,"Zr3Ge","Zr3Ge"
"H2O(g) -> hfH2(g) + OH*",,"UmVhY3Rpb246MTk2OQ==","RPBE","{""H2Ogas"": 1}","{""OHstar"": 1, ""hfH2gas"": 1}","111","Al3Co","111",-0.66385,,"Al3Co","Al3Co"
"H2O(g) -> OH* + H*",,"UmVhY3Rpb246MTM3Mw==","RPBE","{""H2Ogas"": 1}","{""Hstar"": 1, ""OHstar"": 1}","211","Rh","211",-0.857,0.487,"Rh","Rh"
"H2O(g) -> hfH2(g) + OH*",,"UmVhY3Rpb246MjA4MA==","RPBE","{""H2Ogas"": 1}","{""OHstar"": 1, ""hfH2gas"": 1}","111","Co3Fe","111",-0.19385,,"Co3Fe","Co3Fe"
"H2O(g) -> hfH2(g) + OH*",,"UmVhY3Rpb246MjA4Mg==","RPBE","{""H2Ogas"": 1}","{""OHstar"": 1, ""hfH2gas"": 1}","111","Rh3Mo","111",-0.18385,,"Rh3Mo","Rh3Mo"
"H2O(g) -> hfH2(g) + OH*",,"UmVhY3Rpb246MTk1Nw==","RPBE","{""H2Ogas"": 1}","{""OHstar"": 1, ""hfH2gas"": 1}","111","Al3Ir","111",-0.67385,,"Al3Ir","Al3Ir"
"H2O(g) -> hfH2(g) + OH*",,"UmVhY3Rpb246MTgxMQ==","RPBE","{""H2Ogas"": 1}","{""OHstar"": 1, ""hfH2gas"": 1}","111","Au3Hf","111",-1.81385,,"Au3Hf","Au3Hf"
"CH3O* + H* -> CH3* + OH*",,"UmVhY3Rpb246ODI4MDE=","BEEF-vdW","{""Hstar"": 1, ""CH3Ostar"": 1}","{""OHstar"": 1, ""CH3star"": 1}","111","Pd36","111",0.0922442823648,1.6393220687,"Pd","Pd36"
"CH3O* + H* -> CH3* + OH*",,"UmVhY3Rpb246ODI4MDI=","BEEF-vdW","{""Hstar"": 1, ""CH3Ostar"": 1}","{""OHstar"": 1, ""CH3star"": 1}","111","Ir36","111",-0.322487022284,,"Ir","Ir36"
"CH3O* + H* -> CH3* + OH*",,"UmVhY3Rpb246ODI4MDM=","BEEF-vdW","{""Hstar"": 1, ""CH3Ostar"": 1}","{""OHstar"": 1, ""CH3star"": 1}","111","Pt36","111",-0.266156325917,1.7029037148,"Pt","Pt36"
"CH3O* + H* -> CH3* + OH*",,"UmVhY3Rpb246ODI4MDQ=","BEEF-vdW","{""Hstar"": 1, ""CH3Ostar"": 1}","{""OHstar"": 1, ""CH3star"": 1}","111","Rh36","111",0.0151746329211,1.54346357017,"Rh","Rh36"
"CH3O* + H* -> CH3* + OH*",,"UmVhY3Rpb246ODI4MDY=","BEEF-vdW","{""Hstar"": 1, ""CH3Ostar"": 1}","{""OHstar"": 1, ""CH3star"": 1}","111","Cu36","111",0.21806605329,1.58465208315,"Cu","Cu36"
"H2O(g) + 2.0* -> OH* + H*",,"UmVhY3Rpb246ODI4MDc=","BEEF-vdW","{""star"": 2.0, ""H2Ogas"": 1}","{""Hstar"": 1, ""OHstar"": 1}","111","Pd36","111",0.219558597761,1.01129602306,"Pd","Pd36"
"H2O(g) + 2.0* -> OH* + H*",,"UmVhY3Rpb246ODI4MDk=","BEEF-vdW","{""star"": 2.0, ""H2Ogas"": 1}","{""Hstar"": 1, ""OHstar"": 1}","111","Pt36","111",0.687325776191,0.895981520291,"Pt","Pt36"
"H2O(g) + 2.0* -> OH* + H*",,"UmVhY3Rpb246ODI4MTA=","BEEF-vdW","{""star"": 2.0, ""H2Ogas"": 1}","{""Hstar"": 1, ""OHstar"": 1}","111","Rh36","111",-0.11905627232,0.747743214451,"Rh","Rh36"
"H2O(g) + 2.0* -> OH* + H*",,"UmVhY3Rpb246ODI4MTE=","BEEF-vdW","{""star"": 2.0, ""H2Ogas"": 1}","{""Hstar"": 1, ""OHstar"": 1}","111","Ag36","111",1.12602915458,1.7343561983,"Ag","Ag36"
"H2O(g) - 0.5H2(g) + * -> OH*","{""OH"": ""B""}","UmVhY3Rpb246MzQ1NTA=","PBE+U","{""star"": 1.0, ""H2gas"": -0.5, ""H2Ogas"": 1.0}","{""OHstar"": 1.0}","1","W15ZrO47","1",2.24930634,,"W15ZrO47","W15ZrO47"
"H2O(g) + 2.0* -> OH* + H*",,"UmVhY3Rpb246ODI4MTI=","BEEF-vdW","{""star"": 2.0, ""H2Ogas"": 1}","{""Hstar"": 1, ""OHstar"": 1}","111","Cu36","111",0.358847419178,1.32751816816,"Cu","Cu36"
"H2O(g) - 0.5H2(g) + * -> OH*","{""OH"": ""B""}","UmVhY3Rpb246MzQ1NzA=","PBE+U","{""star"": 1.0, ""H2gas"": -0.5, ""H2Ogas"": 1.0}","{""OHstar"": 1.0}","1","FeW15HO48","1",2.12481465,,"FeW15HO48","FeW15HO48"
"H2O(g) - 0.5H2(g) + * -> OH*","{""OH"": ""A""}","UmVhY3Rpb246MzQ2MjM=","PBE+U","{""star"": 1.0, ""H2gas"": -0.5, ""H2Ogas"": 1.0}","{""OHstar"": 1.0}","1","HfW15O47","1",1.29929107,,"HfW15O47","HfW15O47"
"H2O(g) -> hfH2(g) + OH*",,"UmVhY3Rpb246MTk5MQ==","RPBE","{""H2Ogas"": 1}","{""OHstar"": 1, ""hfH2gas"": 1}","111","Co3V","111",-0.55385,,"Co3V","Co3V"
"H2O(g) -> hfH2(g) + OH*",,"UmVhY3Rpb246MTk3NQ==","RPBE","{""H2Ogas"": 1}","{""OHstar"": 1, ""hfH2gas"": 1}","111","Rh3Sc","111",-0.63385,,"Rh3Sc","Rh3Sc"
"H2O(g) -> hfH2(g) + OH*",,"UmVhY3Rpb246MTgyNg==","RPBE","{""H2Ogas"": 1}","{""OHstar"": 1, ""hfH2gas"": 1}","111","Cd3Y","111",-1.53385,,"Cd3Y","Cd3Y"
"H2O(g) -> hfH2(g) + OH*",,"UmVhY3Rpb246MjE5NA==","RPBE","{""H2Ogas"": 1}","{""OHstar"": 1, ""hfH2gas"": 1}","111","Rh3Si","111",0.31615,,"Rh3Si","Rh3Si"
"H2O(g) -> hfH2(g) + OH*",,"UmVhY3Rpb246MjI0NA==","RPBE","{""H2Ogas"": 1}","{""OHstar"": 1, ""hfH2gas"": 1}","111","Rh3Sn","111",0.55615,,"Rh3Sn","Rh3Sn"
"H2O(g) -> hfH2(g) + OH*",,"UmVhY3Rpb246MjMxMw==","RPBE","{""H2Ogas"": 1}","{""OHstar"": 1, ""hfH2gas"": 1}","111","Pt3Zn","111",0.83615,,"Pt3Zn","Pt3Zn"
"H2O(g) -> hfH2(g) + OH*",,"UmVhY3Rpb246MjM0Mw==","RPBE","{""H2Ogas"": 1}","{""OHstar"": 1, ""hfH2gas"": 1}","111","Au3Pd","111",1.30615,,"Au3Pd","Au3Pd"
"H2O(g) -> hfH2(g) + OH*",,"UmVhY3Rpb246MjI0MA==","RPBE","{""H2Ogas"": 1}","{""OHstar"": 1, ""hfH2gas"": 1}","111","Ni3Ga","111",0.53615,,"Ni3Ga","Ni3Ga"
"H2O(g) -> OH* + H*",,"UmVhY3Rpb246MTQwNg==","RPBE","{""H2Ogas"": 1}","{""Hstar"": 1, ""OHstar"": 1}","111","Ag","111",0.914,1.783,"Ag","Ag"
"H2O(g) -> hfH2(g) + OH*",,"UmVhY3Rpb246MTczMQ==","RPBE","{""H2Ogas"": 1}","{""OHstar"": 1, ""hfH2gas"": 1}","111","Sc3Hg","111",-2.69385,,"Sc3Hg","Sc3Hg"
"H2O(g) -> hfH2(g) + OH*",,"UmVhY3Rpb246MTc3Ng==","RPBE","{""H2Ogas"": 1}","{""OHstar"": 1, ""hfH2gas"": 1}","111","Hf3Sb","111",-2.18385,,"Hf3Sb","Hf3Sb"
"H2O(g) -> hfH2(g) + OH*",,"UmVhY3Rpb246MTgxNw==","RPBE","{""H2Ogas"": 1}","{""OHstar"": 1, ""hfH2gas"": 1}","111","V3Al","111",-1.74385,,"V3Al","V3Al"
"H2O(g) -> hfH2(g) + OH*",,"UmVhY3Rpb246MTgzNw==","RPBE","{""H2Ogas"": 1}","{""OHstar"": 1, ""hfH2gas"": 1}","111","Pb3Y","111",-1.32385,,"Pb3Y","Pb3Y"
"H2O(g) -> hfH2(g) + OH*",,"UmVhY3Rpb246MjE0OA==","RPBE","{""H2Ogas"": 1}","{""OHstar"": 1, ""hfH2gas"": 1}","111","Ni3Si","111",0.07615,,"Ni3Si","Ni3Si"
"H2O* -> OH* + H*",,"UmVhY3Rpb246MTM4Nw==","RPBE","{""H2Ostar"": 1}","{""Hstar"": 1, ""OHstar"": 1}","211","Rh","211",-0.57234,0.77166,"Rh","Rh"
"H2O(g) -> hfH2(g) + OH*",,"UmVhY3Rpb246MTc1MQ==","RPBE","{""H2Ogas"": 1}","{""OHstar"": 1, ""hfH2gas"": 1}","111","Ti3Zn","111",-2.48385,,"Ti3Zn","Ti3Zn"
"H2O(g) -> hfH2(g) + OH*",,"UmVhY3Rpb246MjA1NQ==","RPBE","{""H2Ogas"": 1}","{""OHstar"": 1, ""hfH2gas"": 1}","111","Ga3Ti","111",-0.30385,,"Ga3Ti","Ga3Ti"
"H2O(g) -> hfH2(g) + OH*",,"UmVhY3Rpb246MTgwNA==","RPBE","{""H2Ogas"": 1}","{""OHstar"": 1, ""hfH2gas"": 1}","111","Nb3Ge","111",-1.89385,,"Nb3Ge","Nb3Ge"
"H2O(g) -> hfH2(g) + OH*",,"UmVhY3Rpb246MTk5Mg==","RPBE","{""H2Ogas"": 1}","{""OHstar"": 1, ""hfH2gas"": 1}","111","Ag3Al","111",-0.55385,,"Ag3Al","Ag3Al"
"H2O(g) -> hfH2(g) + OH*",,"UmVhY3Rpb246MTk4Mw==","RPBE","{""H2Ogas"": 1}","{""OHstar"": 1, ""hfH2gas"": 1}","111","Pd3Y","111",-0.58385,,"Pd3Y","Pd3Y"
"H2O(g) -> hfH2(g) + OH*",,"UmVhY3Rpb246MTk4NA==","RPBE","{""H2Ogas"": 1}","{""OHstar"": 1, ""hfH2gas"": 1}","111","Mn3Si","111",-0.58385,,"Mn3Si","Mn3Si"
"H2O(g) -> hfH2(g) + OH*",,"UmVhY3Rpb246MTk4NQ==","RPBE","{""H2Ogas"": 1}","{""OHstar"": 1, ""hfH2gas"": 1}","111","Ir3Nb","111",-0.58385,,"Ir3Nb","Ir3Nb"
"H2O(g) -> hfH2(g) + OH*",,"UmVhY3Rpb246MjA3MA==","RPBE","{""H2Ogas"": 1}","{""OHstar"": 1, ""hfH2gas"": 1}","111","Co3Al","111",-0.23385,,"Co3Al","Co3Al"
"H2O(g) -> hfH2(g) + OH*",,"UmVhY3Rpb246MjAxMg==","RPBE","{""H2Ogas"": 1}","{""OHstar"": 1, ""hfH2gas"": 1}","111","Ir3Y","111",-0.47385,,"Ir3Y","Ir3Y"
"H2O(g) -> hfH2(g) + OH*",,"UmVhY3Rpb246MTk4Nw==","RPBE","{""H2Ogas"": 1}","{""OHstar"": 1, ""hfH2gas"": 1}","111","Ru3Nb","111",-0.56385,,"Ru3Nb","Ru3Nb"
"H2O(g) - 0.5H2(g) + * -> OH*",,"UmVhY3Rpb246ODQwMQ==","PBE+U=3.32","{""star"": 1, ""H2gas"": -0.5, ""H2Ogas"": 1}","{""OHstar"": 1}","0001","Co16Li12O30","0001",-2.65967971,,"LiCoO2","Co16Li12O30"
"H2O(g) - 0.5H2(g) + * -> OH*",,"UmVhY3Rpb246ODM5OQ==","PBE+U=3.32","{""star"": 1, ""H2gas"": -0.5, ""H2Ogas"": 1}","{""OHstar"": 1}","10-14","Co24Li24O51","10-14",0.975509785,,"LiCoO2","Co24Li24O51"
"H2O(g) - 0.5H2(g) + * -> OH*",,"UmVhY3Rpb246ODQwMw==","PBE+U=3.32","{""star"": 1, ""H2gas"": -0.5, ""H2Ogas"": 1}","{""OHstar"": 1}","10-14","Co36Li18O77","10-14",1.183650625,,"Li0.5CoO2","Co36Li18O77"
"H2O(g) + * -> OH* + 0.5H2(g)",,"UmVhY3Rpb246NDA2NQ==","RPBE","{""star"": 1, ""H2Ogas"": 1}","{""H2gas"": 0.5, ""OHstar"": 1}","001","Ir16HO35","001",0.185537563593,,"IrO2-Anatase","Ir16HO35"
"COOH* -> CO* + OH*",,"UmVhY3Rpb246MjM5NA==","RPBE","{""COOHstar"": 1}","{""COstar"": 1, ""OHstar"": 1}","111","Cu","111",-0.04,0.47,"Cu","Cu"
"H2O(g) + * -> OH* + 0.5H2(g)",,"UmVhY3Rpb246NDA2Ng==","RPBE","{""star"": 1, ""H2Ogas"": 1}","{""H2gas"": 0.5, ""OHstar"": 1}","100","Ir24O53","100",0.14391836241,,"IrO2-Rutile","Ir24O53"
"H2O(g) -> hfH2(g) + OH*",,"UmVhY3Rpb246MTc1Ng==","RPBE","{""H2Ogas"": 1}","{""OHstar"": 1, ""hfH2gas"": 1}","111","Hf3Au","111",-2.34385,,"Hf3Au","Hf3Au"
"H2O(g) -> hfH2(g) + OH*",,"UmVhY3Rpb246MTgxNA==","RPBE","{""H2Ogas"": 1}","{""OHstar"": 1, ""hfH2gas"": 1}","111","Nb3Al","111",-1.76385,,"Nb3Al","Nb3Al"
"H2O(g) -> hfH2(g) + OH*",,"UmVhY3Rpb246MTg1MA==","RPBE","{""H2Ogas"": 1}","{""OHstar"": 1, ""hfH2gas"": 1}","111","Bi3Y","111",-1.14385,,"Bi3Y","Bi3Y"
"H2O(g) -> hfH2(g) + OH*",,"UmVhY3Rpb246MTg1MQ==","RPBE","{""H2Ogas"": 1}","{""OHstar"": 1, ""hfH2gas"": 1}","111","Al3Ru","111",-1.14385,,"Al3Ru","Al3Ru"
"H2O(g) -> hfH2(g) + OH*",,"UmVhY3Rpb246MjIzNA==","RPBE","{""H2Ogas"": 1}","{""OHstar"": 1, ""hfH2gas"": 1}","111","Ir3Ga","111",0.51615,,"Ir3Ga","Ir3Ga"
"H2O(g) -> hfH2(g) + OH*",,"UmVhY3Rpb246MTk2OA==","RPBE","{""H2Ogas"": 1}","{""OHstar"": 1, ""hfH2gas"": 1}","111","Al3Hf","111",-0.66385,,"Al3Hf","Al3Hf"
"H2O(g) - 0.5H2(g) + * -> OH*","{""OH"": ""B""}","UmVhY3Rpb246MzQ2MDg=","PBE+U","{""star"": 1.0, ""H2gas"": -0.5, ""H2Ogas"": 1.0}","{""OHstar"": 1.0}","1","MoW15O48","1",2.15319344,,"MoW15O48","MoW15O48"
"H2O(g) -> hfH2(g) + OH*",,"UmVhY3Rpb246MTg1Mw==","RPBE","{""H2Ogas"": 1}","{""OHstar"": 1, ""hfH2gas"": 1}","111","Pd3Zr","111",-1.11385,,"Pd3Zr","Pd3Zr"
"H2O(g) - 0.5H2(g) + * -> OH*",,"UmVhY3Rpb246ODQwMA==","PBE+U=3.32","{""star"": 1, ""H2gas"": -0.5, ""H2Ogas"": 1}","{""OHstar"": 1}","11-20","Co21Li21H5O47","11-20",0.820322605,,"LiCoO2","Co21Li21H5O47"
"0.5H2(g) + O* -> OH*",,"UmVhY3Rpb246NDE1NQ==","BEEF-vdW","{""H2gas"": 0.5, ""Ostar"": 1}","{""OHstar"": 1}","011","Fe12P12","011",-0.378993572209,,"FeP","Fe12P12"
"H2O(g) -> hfH2(g) + OH*",,"UmVhY3Rpb246MTc1Mw==","RPBE","{""H2Ogas"": 1}","{""OHstar"": 1, ""hfH2gas"": 1}","111","Ti3As","111",-2.36385,,"Ti3As","Ti3As"
"H2O(g) -> hfH2(g) + OH*",,"UmVhY3Rpb246MjE5MA==","RPBE","{""H2Ogas"": 1}","{""OHstar"": 1, ""hfH2gas"": 1}","111","Ag3Zn","111",0.29615,,"Ag3Zn","Ag3Zn"
"H2O(g) -> hfH2(g) + OH*",,"UmVhY3Rpb246MjE5Mw==","RPBE","{""H2Ogas"": 1}","{""OHstar"": 1, ""hfH2gas"": 1}","111","Cd3Rh","111",0.30615,,"Cd3Rh","Cd3Rh"
"H2O(g) -> hfH2(g) + OH*",,"UmVhY3Rpb246MTcyOA==","RPBE","{""H2Ogas"": 1}","{""OHstar"": 1, ""hfH2gas"": 1}","111","Sc3Zn","111",-2.71385,,"Sc3Zn","Sc3Zn"
"H2O* -> OH* + H*",,"UmVhY3Rpb246MTM5OA==","RPBE","{""H2Ostar"": 1}","{""Hstar"": 1, ""OHstar"": 1}","211","Cu","211",0.087,0.982,"Cu","Cu"
"H2O* -> OH* + H*",,"UmVhY3Rpb246MTM5OQ==","RPBE","{""H2Ostar"": 1}","{""Hstar"": 1, ""OHstar"": 1}","211","Pd","211",0.06828,0.99828,"Pd","Pd"
"H2O(g) -> OH* + H*",,"UmVhY3Rpb246MTQwMA==","RPBE","{""H2Ogas"": 1}","{""Hstar"": 1, ""OHstar"": 1}","111","Pd","111",0.542,1.182,"Pd","Pd"
"H2O* -> OH* + H*",,"UmVhY3Rpb246MTQwMQ==","RPBE","{""H2Ostar"": 1}","{""Hstar"": 1, ""OHstar"": 1}","111","Pd","111",0.623,1.263,"Pd","Pd"
"H2O(g) -> OH* + H*",,"UmVhY3Rpb246MTQwMg==","RPBE","{""H2Ogas"": 1}","{""Hstar"": 1, ""OHstar"": 1}","111","Cu","111",0.215,1.303,"Cu","Cu"
"H2O(g) -> OH* + H*",,"UmVhY3Rpb246MTM5NA==","RPBE","{""H2Ogas"": 1}","{""Hstar"": 1, ""OHstar"": 1}","111","Ni","111",-0.193,0.909,"Ni","Ni"
"H2O* -> OH* + H*",,"UmVhY3Rpb246MTM3Mg==","RPBE","{""H2Ostar"": 1}","{""Hstar"": 1, ""OHstar"": 1}","211","Fe","211",-1.201,0.365,"Fe","Fe"
"0.5H2(g) + O* -> OH*",,"UmVhY3Rpb246NDE1Mw==","BEEF-vdW","{""H2gas"": 0.5, ""Ostar"": 1}","{""OHstar"": 1}","100","Fe20HP10","100",-0.237338788895,,"Fe2P","Fe20HP10"
"H2O(g) -> hfH2(g) + OH*",,"UmVhY3Rpb246MTc0MA==","RPBE","{""H2Ogas"": 1}","{""OHstar"": 1, ""hfH2gas"": 1}","111","Sc3Si","111",-2.65385,,"Sc3Si","Sc3Si"
"H2O(g) -> hfH2(g) + OH*",,"UmVhY3Rpb246MTc4OQ==","RPBE","{""H2Ogas"": 1}","{""OHstar"": 1, ""hfH2gas"": 1}","111","La3Ge","111",-2.09385,,"La3Ge","La3Ge"
"H2O(g) -> hfH2(g) + OH*",,"UmVhY3Rpb246MTc5MA==","RPBE","{""H2Ogas"": 1}","{""OHstar"": 1, ""hfH2gas"": 1}","111","La3Si","111",-2.06385,,"La3Si","La3Si"
"H2O(g) -> hfH2(g) + OH*",,"UmVhY3Rpb246MTc5MQ==","RPBE","{""H2Ogas"": 1}","{""OHstar"": 1, ""hfH2gas"": 1}","111","V3Ir","111",-2.04385,,"V3Ir","V3Ir"
"H2O(g) - 0.5H2(g) + * -> OH*","{""OH"": ""B""}","UmVhY3Rpb246MzQ0MjY=","PBE+U","{""star"": 1.0, ""H2gas"": -0.5, ""H2Ogas"": 1.0}","{""OHstar"": 1.0}","1","NbW15O47","1",1.24225245,,"NbW15O47","NbW15O47"
"H2O(g) - 0.5H2(g) + * -> OH*","{""OH"": ""A""}","UmVhY3Rpb246MzQ0Mjc=","PBE+U","{""star"": 1.0, ""H2gas"": -0.5, ""H2Ogas"": 1.0}","{""OHstar"": 1.0}","1","NbW15O47","1",-0.20279792,,"NbW15O47","NbW15O47"
"H2O(g) - 0.5H2(g) + * -> OH*","{""OH"": ""B""}","UmVhY3Rpb246MzQ0Mjg=","PBE+U","{""star"": 1.0, ""H2gas"": -0.5, ""H2Ogas"": 1.0}","{""OHstar"": 1.0}","1","NbW15HO48","1",1.99906416,,"NbW15HO48","NbW15HO48"
"H2O(g) -> hfH2(g) + OH*",,"UmVhY3Rpb246MjI2OA==","RPBE","{""H2Ogas"": 1}","{""OHstar"": 1, ""hfH2gas"": 1}","111","Pd3Pb","111",0.68615,,"Pd3Pb","Pd3Pb"
"H2O* -> OH* + H*",,"UmVhY3Rpb246MTQwMw==","RPBE","{""H2Ostar"": 1}","{""Hstar"": 1, ""OHstar"": 1}","111","Cu","111",0.256,1.344,"Cu","Cu"
"H2O(g) -> OH* + H*",,"UmVhY3Rpb246MTQwNA==","RPBE","{""H2Ogas"": 1}","{""Hstar"": 1, ""OHstar"": 1}","211","Ag","211",0.769,1.389,"Ag","Ag"
"H2O(g) -> hfH2(g) + OH*",,"UmVhY3Rpb246MTczOQ==","RPBE","{""H2Ogas"": 1}","{""OHstar"": 1, ""hfH2gas"": 1}","111","Sc3Bi","111",-2.65385,,"Sc3Bi","Sc3Bi"
"H2O(g) -> hfH2(g) + OH*",,"UmVhY3Rpb246MTg3MA==","RPBE","{""H2Ogas"": 1}","{""OHstar"": 1, ""hfH2gas"": 1}","111","In3La","111",-1.00385,,"In3La","In3La"
"H2O(g) -> hfH2(g) + OH*",,"UmVhY3Rpb246MTg4NA==","RPBE","{""H2Ogas"": 1}","{""OHstar"": 1, ""hfH2gas"": 1}","111","In3Y","111",-0.91385,,"In3Y","In3Y"
"H2O(g) -> hfH2(g) + OH*",,"UmVhY3Rpb246MTcyOQ==","RPBE","{""H2Ogas"": 1}","{""OHstar"": 1, ""hfH2gas"": 1}","111","Sc3Ga","111",-2.70385,,"Sc3Ga","Sc3Ga"
"H2O(g) -> hfH2(g) + OH*",,"UmVhY3Rpb246MTkyNA==","RPBE","{""H2Ogas"": 1}","{""OHstar"": 1, ""hfH2gas"": 1}","111","Ru3Zr","111",-0.75385,,"Ru3Zr","Ru3Zr"
"H2O(g) -> hfH2(g) + OH*",,"UmVhY3Rpb246MjE3NA==","RPBE","{""H2Ogas"": 1}","{""OHstar"": 1, ""hfH2gas"": 1}","111","Ag3Ga","111",0.23615,,"Ag3Ga","Ag3Ga"
"0.5H2(g) + O* -> OH*",,"UmVhY3Rpb246NDE1NA==","BEEF-vdW","{""H2gas"": 0.5, ""Ostar"": 1}","{""OHstar"": 1}","101","Co8Fe8P16","101",-0.776628711923,,"Fe0.5Co0.5P","Co8Fe8P16"
"H2O(g) -> hfH2(g) + OH*",,"UmVhY3Rpb246MTk2Nw==","RPBE","{""H2Ogas"": 1}","{""OHstar"": 1, ""hfH2gas"": 1}","111","Al3Ti","111",-0.66385,,"Al3Ti","Al3Ti"
"H2O(g) -> hfH2(g) + OH*",,"UmVhY3Rpb246MjAwNw==","RPBE","{""H2Ogas"": 1}","{""OHstar"": 1, ""hfH2gas"": 1}","111","Al3Nb","111",-0.49385,,"Al3Nb","Al3Nb"
"H2O(g) -> hfH2(g) + OH*",,"UmVhY3Rpb246MjIwMA==","RPBE","{""H2Ogas"": 1}","{""OHstar"": 1, ""hfH2gas"": 1}","111","Cu3Au","111",0.34615,,"Cu3Au","Cu3Au"
"H2O(g) -> OH* + H*",,"UmVhY3Rpb246MTM3MQ==","RPBE","{""H2Ogas"": 1}","{""Hstar"": 1, ""OHstar"": 1}","211","Ni","211",-0.921,0.349,"Ni","Ni"
"H2O(g) -> hfH2(g) + OH*",,"UmVhY3Rpb246MjE2Ng==","RPBE","{""H2Ogas"": 1}","{""OHstar"": 1, ""hfH2gas"": 1}","111","Pd3Fe","111",0.19615,,"Pd3Fe","Pd3Fe"
"H2O(g) -> hfH2(g) + OH*",,"UmVhY3Rpb246MjEyMQ==","RPBE","{""H2Ogas"": 1}","{""OHstar"": 1, ""hfH2gas"": 1}","111","Ir3Mo","111",-0.04385,,"Ir3Mo","Ir3Mo"
"H2O(g) -> hfH2(g) + OH*",,"UmVhY3Rpb246MjEzNQ==","RPBE","{""H2Ogas"": 1}","{""OHstar"": 1, ""hfH2gas"": 1}","111","Zn3Pd","111",0.02615,,"Zn3Pd","Zn3Pd"
"H2O(g) -> hfH2(g) + OH*",,"UmVhY3Rpb246MTc1NA==","RPBE","{""H2Ogas"": 1}","{""OHstar"": 1, ""hfH2gas"": 1}","111","Zr3As","111",-2.34385,,"Zr3As","Zr3As"
"H2O(g) - 0.5H2(g) + * -> OH*","{""OH"": ""A""}","UmVhY3Rpb246MzQ1MDE=","PBE+U","{""star"": 1.0, ""H2gas"": -0.5, ""H2Ogas"": 1.0}","{""OHstar"": 1.0}","1","NiW15HO48","1",3.5389104,,"NiW15HO48","NiW15HO48"
"H2O(g) - 0.5H2(g) + * -> OH*","{""OH"": ""A""}","UmVhY3Rpb246MzQ0ODE=","PBE+U","{""star"": 1.0, ""H2gas"": -0.5, ""H2Ogas"": 1.0}","{""OHstar"": 1.0}","1","MnW15O47","1",1.02856904,,"MnW15O47","MnW15O47"
"H2O(g) - 0.5H2(g) + * -> OH*","{""OH"": ""B""}","UmVhY3Rpb246MzQ0ODA=","PBE+U","{""star"": 1.0, ""H2gas"": -0.5, ""H2Ogas"": 1.0}","{""OHstar"": 1.0}","1","MnW15O47","1",1.9056649,,"MnW15O47","MnW15O47"
"H2O(g) - 0.5H2(g) + * -> OH*","{""OH"": ""B""}","UmVhY3Rpb246MzQ0ODI=","PBE+U","{""star"": 1.0, ""H2gas"": -0.5, ""H2Ogas"": 1.0}","{""OHstar"": 1.0}","1","MnW15HO48","1",1.66589779,,"MnW15HO48","MnW15HO48"
"H2O(g) - 0.5H2(g) + * -> OH*","{""OH"": ""A""}","UmVhY3Rpb246MzQ0ODU=","PBE+U","{""star"": 1.0, ""H2gas"": -0.5, ""H2Ogas"": 1.0}","{""OHstar"": 1.0}","1","MnW15O48","1",0.81860352,,"MnW15O48","MnW15O48"
"H2O(g) -> hfH2(g) + OH*",,"UmVhY3Rpb246MTc5OA==","RPBE","{""H2Ogas"": 1}","{""OHstar"": 1, ""hfH2gas"": 1}","111","La3Zn","111",-1.96385,,"La3Zn","La3Zn"
"H2O(g) -> hfH2(g) + OH*",,"UmVhY3Rpb246MTgwMg==","RPBE","{""H2Ogas"": 1}","{""OHstar"": 1, ""hfH2gas"": 1}","111","V3Si","111",-1.90385,,"V3Si","V3Si"
"H2O(g) - 0.5H2(g) + * -> OH*","{""OH"": ""B""}","UmVhY3Rpb246MzQ1MDA=","PBE+U","{""star"": 1.0, ""H2gas"": -0.5, ""H2Ogas"": 1.0}","{""OHstar"": 1.0}","1","NiW15HO48","1",2.11005416,,"NiW15HO48","NiW15HO48"
"H2O(g) - 0.5H2(g) + * -> OH*","{""OH"": ""A""}","UmVhY3Rpb246MzQ0ODM=","PBE+U","{""star"": 1.0, ""H2gas"": -0.5, ""H2Ogas"": 1.0}","{""OHstar"": 1.0}","1","MnW15HO48","1",0.78880193,,"MnW15HO48","MnW15HO48"
"H2O(g) -> hfH2(g) + OH*",,"UmVhY3Rpb246MTgwNQ==","RPBE","{""H2Ogas"": 1}","{""OHstar"": 1, ""hfH2gas"": 1}","111","V3Ge","111",-1.89385,,"V3Ge","V3Ge"
"H2O(g) - 0.5H2(g) + * -> OH*","{""OH"": ""B""}","UmVhY3Rpb246MzQ0ODQ=","PBE+U","{""star"": 1.0, ""H2gas"": -0.5, ""H2Ogas"": 1.0}","{""OHstar"": 1.0}","1","MnW15O48","1",1.6320477,,"MnW15O48","MnW15O48"
"H2O(g) - 0.5H2(g) + * -> OH*","{""OH"": ""A""}","UmVhY3Rpb246MzQ1MzM=","PBE+U","{""star"": 1.0, ""H2gas"": -0.5, ""H2Ogas"": 1.0}","{""OHstar"": 1.0}","1","CrW15O47","1",0.08199585,,"CrW15O47","CrW15O47"
"H2O(g) - 0.5H2(g) + * -> OH*","{""OH"": ""B""}","UmVhY3Rpb246MzQ0OTg=","PBE+U","{""star"": 1.0, ""H2gas"": -0.5, ""H2Ogas"": 1.0}","{""OHstar"": 1.0}","1","NiW15O47","1",0.35855292,,"NiW15O47","NiW15O47"
"H2O(g) - 0.5H2(g) + * -> OH*","{""OH"": ""A""}","UmVhY3Rpb246MzQ1MTc=","PBE+U","{""star"": 1.0, ""H2gas"": -0.5, ""H2Ogas"": 1.0}","{""OHstar"": 1.0}","1","CeW15O47","1",2.3669256,,"CeW15O47","CeW15O47"
"H2O(g) -> hfH2(g) + OH*",,"UmVhY3Rpb246MTk3Mw==","RPBE","{""H2Ogas"": 1}","{""OHstar"": 1, ""hfH2gas"": 1}","111","Al3Zr","111",-0.63385,,"Al3Zr","Al3Zr"
"H2O(g) - 0.5H2(g) + * -> OH*","{""OH"": ""A""}","UmVhY3Rpb246MzQ0OTk=","PBE+U","{""star"": 1.0, ""H2gas"": -0.5, ""H2Ogas"": 1.0}","{""OHstar"": 1.0}","1","NiW15O47","1",1.78740916,,"NiW15O47","NiW15O47"
"H2O(g) - 0.5H2(g) + * -> OH*","{""OH"": ""B""}","UmVhY3Rpb246MzQ1MDI=","PBE+U","{""star"": 1.0, ""H2gas"": -0.5, ""H2Ogas"": 1.0}","{""OHstar"": 1.0}","1","NiW15O48","1",2.26519193,,"NiW15O48","NiW15O48"
"H2O(g) - 0.5H2(g) + * -> OH*","{""OH"": ""A""}","UmVhY3Rpb246MzQ1Mzc=","PBE+U","{""star"": 1.0, ""H2gas"": -0.5, ""H2Ogas"": 1.0}","{""OHstar"": 1.0}","1","CrW15O48","1",1.05280078,,"CrW15O48","CrW15O48"
"H2O(g) - 0.5H2(g) + * -> OH*","{""OH"": ""A""}","UmVhY3Rpb246MzQ1MDM=","PBE+U","{""star"": 1.0, ""H2gas"": -0.5, ""H2Ogas"": 1.0}","{""OHstar"": 1.0}","1","NiW15O48","1",4.09628288,,"NiW15O48","NiW15O48"
"H2O(g) -> hfH2(g) + OH*",,"UmVhY3Rpb246MTc0NQ==","RPBE","{""H2Ogas"": 1}","{""OHstar"": 1, ""hfH2gas"": 1}","111","Y3Pb","111",-2.57385,,"Y3Pb","Y3Pb"
"H2O(g) - 0.5H2(g) + * -> OH*","{""OH"": ""B""}","UmVhY3Rpb246MzQ1ODY=","PBE+U","{""star"": 1.0, ""H2gas"": -0.5, ""H2Ogas"": 1.0}","{""OHstar"": 1.0}","1","TiW15O47","1",2.08077175,,"TiW15O47","TiW15O47"
"H2O(g) -> hfH2(g) + OH*",,"UmVhY3Rpb246MTc0Ng==","RPBE","{""H2Ogas"": 1}","{""OHstar"": 1, ""hfH2gas"": 1}","111","Ti3Pt","111",-2.56385,,"Ti3Pt","Ti3Pt"
"H2O(g) -> hfH2(g) + OH*",,"UmVhY3Rpb246MTc0Nw==","RPBE","{""H2Ogas"": 1}","{""OHstar"": 1, ""hfH2gas"": 1}","111","Y3Si","111",-2.56385,,"Y3Si","Y3Si"
"H2O(g) -> hfH2(g) + OH*",,"UmVhY3Rpb246MTc0OA==","RPBE","{""H2Ogas"": 1}","{""OHstar"": 1, ""hfH2gas"": 1}","111","Y3Sb","111",-2.52385,,"Y3Sb","Y3Sb"
"H2O(g) -> hfH2(g) + OH*",,"UmVhY3Rpb246MTk0NA==","RPBE","{""H2Ogas"": 1}","{""OHstar"": 1, ""hfH2gas"": 1}","111","Al3Mo","111",-0.71385,,"Al3Mo","Al3Mo"
"H2O(g) - 0.5H2(g) + * -> OH*","{""OH"": ""B""}","UmVhY3Rpb246MzQ1MzI=","PBE+U","{""star"": 1.0, ""H2gas"": -0.5, ""H2Ogas"": 1.0}","{""OHstar"": 1.0}","1","CrW15O47","1",1.6148678,,"CrW15O47","CrW15O47"
"H2O(g) - 0.5H2(g) + * -> OH*","{""OH"": ""B""}","UmVhY3Rpb246MzQ1MTY=","PBE+U","{""star"": 1.0, ""H2gas"": -0.5, ""H2Ogas"": 1.0}","{""OHstar"": 1.0}","1","CeW15O47","1",2.30963594,,"CeW15O47","CeW15O47"
"H2O(g) -> hfH2(g) + OH*",,"UmVhY3Rpb246MjA1MA==","RPBE","{""H2Ogas"": 1}","{""OHstar"": 1, ""hfH2gas"": 1}","111","Fe3Ge","111",-0.32385,,"Fe3Ge","Fe3Ge"
"H2O(g) - 0.5H2(g) + * -> OH*","{""OH"": ""B""}","UmVhY3Rpb246MzQ1MjA=","PBE+U","{""star"": 1.0, ""H2gas"": -0.5, ""H2Ogas"": 1.0}","{""OHstar"": 1.0}","1","CeW15O48","1",2.34904743,,"CeW15O48","CeW15O48"
"H2O(g) - 0.5H2(g) + * -> OH*","{""OH"": ""A""}","UmVhY3Rpb246MzQ1NTU=","PBE+U","{""star"": 1.0, ""H2gas"": -0.5, ""H2Ogas"": 1.0}","{""OHstar"": 1.0}","1","W15ZrO48","1",1.35047324,,"W15ZrO48","W15ZrO48"
"H2O(g) - 0.5H2(g) + * -> OH*","{""OH"": ""A""}","UmVhY3Rpb246MzQ1MTk=","PBE+U","{""star"": 1.0, ""H2gas"": -0.5, ""H2Ogas"": 1.0}","{""OHstar"": 1.0}","1","CeW15HO48","1",2.16822414,,"CeW15HO48","CeW15HO48"
"H2O(g) - 0.5H2(g) + * -> OH*","{""OH"": ""A""}","UmVhY3Rpb246MzQ1MjE=","PBE+U","{""star"": 1.0, ""H2gas"": -0.5, ""H2Ogas"": 1.0}","{""OHstar"": 1.0}","1","CeW15O48","1",3.45447859,,"CeW15O48","CeW15O48"
"H2O(g) -> hfH2(g) + OH*",,"UmVhY3Rpb246MjEzNA==","RPBE","{""H2Ogas"": 1}","{""OHstar"": 1, ""hfH2gas"": 1}","111","Zn3Rh","111",0.02615,,"Zn3Rh","Zn3Rh"
"H2O(g) - 0.5H2(g) + * -> OH*","{""OH"": ""B""}","UmVhY3Rpb246MzQ1MzQ=","PBE+U","{""star"": 1.0, ""H2gas"": -0.5, ""H2Ogas"": 1.0}","{""OHstar"": 1.0}","1","CrW15HO48","1",2.01782466,,"CrW15HO48","CrW15HO48"
"H2O(g) - 0.5H2(g) + * -> OH*","{""OH"": ""A""}","UmVhY3Rpb246MzQ1MzU=","PBE+U","{""star"": 1.0, ""H2gas"": -0.5, ""H2Ogas"": 1.0}","{""OHstar"": 1.0}","1","CrW15HO48","1",0.48495271,,"CrW15HO48","CrW15HO48"
"H2O(g) - 0.5H2(g) + * -> OH*","{""OH"": ""B""}","UmVhY3Rpb246MzQ1MzY=","PBE+U","{""star"": 1.0, ""H2gas"": -0.5, ""H2Ogas"": 1.0}","{""OHstar"": 1.0}","1","CrW15O48","1",2.37857495,,"CrW15O48","CrW15O48"
"H2O* -> OH* + H*",,"UmVhY3Rpb246MTM3OQ==","RPBE","{""H2Ostar"": 1}","{""Hstar"": 1, ""OHstar"": 1}","111","Mn","111",-1.395,0.663,"Mn","Mn"
"H2O(g) - 0.5H2(g) + * -> OH*","{""OH"": ""B""}","UmVhY3Rpb246MzQ1Njg=","PBE+U","{""star"": 1.0, ""H2gas"": -0.5, ""H2Ogas"": 1.0}","{""OHstar"": 1.0}","1","FeW15O47","1",0.75969116,,"FeW15O47","FeW15O47"
"H2O(g) - 0.5H2(g) + * -> OH*","{""OH"": ""A""}","UmVhY3Rpb246MzQ1Njk=","PBE+U","{""star"": 1.0, ""H2gas"": -0.5, ""H2Ogas"": 1.0}","{""OHstar"": 1.0}","1","FeW15O47","1",0.16656842,,"FeW15O47","FeW15O47"
"H2O(g) - 0.5H2(g) + * -> OH*","{""OH"": ""A""}","UmVhY3Rpb246MzQ1NTE=","PBE+U","{""star"": 1.0, ""H2gas"": -0.5, ""H2Ogas"": 1.0}","{""OHstar"": 1.0}","1","W15ZrO47","1",1.42915966,,"W15ZrO47","W15ZrO47"
"H2O(g) - 0.5H2(g) + * -> OH*","{""OH"": ""A""}","UmVhY3Rpb246MzQ1NTM=","PBE+U","{""star"": 1.0, ""H2gas"": -0.5, ""H2Ogas"": 1.0}","{""OHstar"": 1.0}","1","W15ZrHO48","1",0.53252676,,"W15ZrHO48","W15ZrHO48"
"H2O(g) - 0.5H2(g) + * -> OH*","{""OH"": ""B""}","UmVhY3Rpb246MzQ1NTQ=","PBE+U","{""star"": 1.0, ""H2gas"": -0.5, ""H2Ogas"": 1.0}","{""OHstar"": 1.0}","1","W15ZrO48","1",2.21521036,,"W15ZrO48","W15ZrO48"
"H2O(g) -> hfH2(g) + OH*",,"UmVhY3Rpb246MTgyMA==","RPBE","{""H2Ogas"": 1}","{""OHstar"": 1, ""hfH2gas"": 1}","111","Ag3Y","111",-1.68385,,"Ag3Y","Ag3Y"
"H2O(g) - 0.5H2(g) + * -> OH*",,"UmVhY3Rpb246ODQwNA==","PBE+U=3.32","{""star"": 1, ""H2gas"": -0.5, ""H2Ogas"": 1}","{""OHstar"": 1}","11-20","Co21Li12H5O47","11-20",0.476573925,,"Li0.5CoO2","Co21Li12H5O47"
"H2O(g) - 0.5H2(g) + * -> OH*","{""OH"": ""B""}","UmVhY3Rpb246MzQ1NzI=","PBE+U","{""star"": 1.0, ""H2gas"": -0.5, ""H2Ogas"": 1.0}","{""OHstar"": 1.0}","1","FeW15O48","1",3.79649192,,"FeW15O48","FeW15O48"
"H2O(g) - 0.5H2(g) + * -> OH*","{""OH"": ""A""}","UmVhY3Rpb246MzQ1ODc=","PBE+U","{""star"": 1.0, ""H2gas"": -0.5, ""H2Ogas"": 1.0}","{""OHstar"": 1.0}","1","TiW15O47","1",0.86548719,,"TiW15O47","TiW15O47"
"H2O(g) -> hfH2(g) + OH*",,"UmVhY3Rpb246MTc1OQ==","RPBE","{""H2Ogas"": 1}","{""OHstar"": 1, ""hfH2gas"": 1}","111","Zr3Zn","111",-2.30385,,"Zr3Zn","Zr3Zn"
"H2O(g) -> hfH2(g) + OH*",,"UmVhY3Rpb246MjMxNQ==","RPBE","{""H2Ogas"": 1}","{""OHstar"": 1, ""hfH2gas"": 1}","111","Pd3Cu","111",0.84615,,"Pd3Cu","Pd3Cu"
"H2O(g) - 0.5H2(g) + * -> OH*","{""OH"": ""B""}","UmVhY3Rpb246MzQ1ODg=","PBE+U","{""star"": 1.0, ""H2gas"": -0.5, ""H2Ogas"": 1.0}","{""OHstar"": 1.0}","1","TiW15HO48","1",2.04624797,,"TiW15HO48","TiW15HO48"
"H2O(g) - 0.5H2(g) + * -> OH*","{""OH"": ""A""}","UmVhY3Rpb246MzQ1ODk=","PBE+U","{""star"": 1.0, ""H2gas"": -0.5, ""H2Ogas"": 1.0}","{""OHstar"": 1.0}","1","TiW15HO48","1",0.83096341,,"TiW15HO48","TiW15HO48"
"H2O(g) - 0.5H2(g) + * -> OH*","{""OH"": ""B""}","UmVhY3Rpb246MzQ1OTA=","PBE+U","{""star"": 1.0, ""H2gas"": -0.5, ""H2Ogas"": 1.0}","{""OHstar"": 1.0}","1","TiW15O48","1",2.09310643,,"TiW15O48","TiW15O48"
"H2O(g) - 0.5H2(g) + * -> OH*","{""OH"": ""A""}","UmVhY3Rpb246MzQ1OTE=","PBE+U","{""star"": 1.0, ""H2gas"": -0.5, ""H2Ogas"": 1.0}","{""OHstar"": 1.0}","1","TiW15O48","1",0.89549882,,"TiW15O48","TiW15O48"
"H2O(g) -> hfH2(g) + OH*",,"UmVhY3Rpb246MTgwNg==","RPBE","{""H2Ogas"": 1}","{""OHstar"": 1, ""hfH2gas"": 1}","111","Nb3Si","111",-1.88385,,"Nb3Si","Nb3Si"
"H2O(g) -> hfH2(g) + OH*",,"UmVhY3Rpb246MTc0MQ==","RPBE","{""H2Ogas"": 1}","{""OHstar"": 1, ""hfH2gas"": 1}","111","Y3Ga","111",-2.64385,,"Y3Ga","Y3Ga"
"H2O(g) - 0.5H2(g) + * -> OH*","{""OH"": ""B""}","UmVhY3Rpb246MzQ2MDQ=","PBE+U","{""star"": 1.0, ""H2gas"": -0.5, ""H2Ogas"": 1.0}","{""OHstar"": 1.0}","1","MoW15O47","1",0.4954557,,"MoW15O47","MoW15O47"
"H2O(g) -> hfH2(g) + OH*",,"UmVhY3Rpb246MTgzMw==","RPBE","{""H2Ogas"": 1}","{""OHstar"": 1, ""hfH2gas"": 1}","111","Zn3Sc","111",-1.34385,,"Zn3Sc","Zn3Sc"
"H2O(g) - 0.5H2(g) + * -> OH*","{""OH"": ""A""}","UmVhY3Rpb246MzQ2MDU=","PBE+U","{""star"": 1.0, ""H2gas"": -0.5, ""H2Ogas"": 1.0}","{""OHstar"": 1.0}","1","MoW15O47","1",-0.48207517,,"MoW15O47","MoW15O47"
"H2O(g) - 0.5H2(g) + * -> OH*","{""OH"": ""B""}","UmVhY3Rpb246MzQ2MDY=","PBE+U","{""star"": 1.0, ""H2gas"": -0.5, ""H2Ogas"": 1.0}","{""OHstar"": 1.0}","1","MoW15HO48","1",-0.12537416,,"MoW15HO48","MoW15HO48"
"H2O(g) - 0.5H2(g) + * -> OH*","{""OH"": ""A""}","UmVhY3Rpb246MzQ2MDc=","PBE+U","{""star"": 1.0, ""H2gas"": -0.5, ""H2Ogas"": 1.0}","{""OHstar"": 1.0}","1","MoW15HO48","1",-1.10290503,,"MoW15HO48","MoW15HO48"
"H2O(g) - 0.5H2(g) + * -> OH*","{""OH"": ""A""}","UmVhY3Rpb246MzQ2MDk=","PBE+U","{""star"": 1.0, ""H2gas"": -0.5, ""H2Ogas"": 1.0}","{""OHstar"": 1.0}","1","MoW15O48","1",0.8963908,,"MoW15O48","MoW15O48"
"H2O(g) -> hfH2(g) + OH*",,"UmVhY3Rpb246MjE3NQ==","RPBE","{""H2Ogas"": 1}","{""OHstar"": 1, ""hfH2gas"": 1}","111","Rh3Sb","111",0.23615,,"Rh3Sb","Rh3Sb"
"H2O(g) -> hfH2(g) + OH*",,"UmVhY3Rpb246MjMxNg==","RPBE","{""H2Ogas"": 1}","{""OHstar"": 1, ""hfH2gas"": 1}","111","Pt3Pb","111",0.84615,,"Pt3Pb","Pt3Pb"
"H2O(g) - 0.5H2(g) + * -> OH*","{""OH"": ""B""}","UmVhY3Rpb246MzQ2NDI=","PBE+U","{""star"": 1.0, ""H2gas"": -0.5, ""H2Ogas"": 1.0}","{""OHstar"": 1.0}","1","CoW15HO48","1",2.1234023,,"CoW15HO48","CoW15HO48"
"H2O(g) - 0.5H2(g) + * -> OH*","{""OH"": ""B""}","UmVhY3Rpb246MzQ2MjQ=","PBE+U","{""star"": 1.0, ""H2gas"": -0.5, ""H2Ogas"": 1.0}","{""OHstar"": 1.0}","1","HfW15HO48","1",1.28817361,,"HfW15HO48","HfW15HO48"
"H2O(g) - 0.5H2(g) + * -> OH*","{""OH"": ""A""}","UmVhY3Rpb246MzQ2MjU=","PBE+U","{""star"": 1.0, ""H2gas"": -0.5, ""H2Ogas"": 1.0}","{""OHstar"": 1.0}","1","HfW15HO48","1",0.48400656,,"HfW15HO48","HfW15HO48"
"H2O(g) - 0.5H2(g) + * -> OH*","{""OH"": ""B""}","UmVhY3Rpb246MzQ2MjY=","PBE+U","{""star"": 1.0, ""H2gas"": -0.5, ""H2Ogas"": 1.0}","{""OHstar"": 1.0}","1","HfW15O48","1",2.08666468,,"HfW15O48","HfW15O48"
"H2O(g) - 0.5H2(g) + * -> OH*","{""OH"": ""A""}","UmVhY3Rpb246MzQ2Mjc=","PBE+U","{""star"": 1.0, ""H2gas"": -0.5, ""H2Ogas"": 1.0}","{""OHstar"": 1.0}","1","HfW15O48","1",1.24363987,,"HfW15O48","HfW15O48"
"H2O(g) - 0.5H2(g) + * -> OH*","{""OH"": ""B""}","UmVhY3Rpb246MzQ2NDA=","PBE+U","{""star"": 1.0, ""H2gas"": -0.5, ""H2Ogas"": 1.0}","{""OHstar"": 1.0}","1","CoW15O47","1",2.95255437,,"CoW15O47","CoW15O47"
"H2O(g) - 0.5H2(g) + * -> OH*","{""OH"": ""A""}","UmVhY3Rpb246MzQ2NDE=","PBE+U","{""star"": 1.0, ""H2gas"": -0.5, ""H2Ogas"": 1.0}","{""OHstar"": 1.0}","1","CoW15O47","1",1.26763149,,"CoW15O47","CoW15O47"
"H2O(g) - 0.5H2(g) + * -> OH*","{""OH"": ""A""}","UmVhY3Rpb246MzQ2NDU=","PBE+U","{""star"": 1.0, ""H2gas"": -0.5, ""H2Ogas"": 1.0}","{""OHstar"": 1.0}","1","CoW15O48","1",3.50158556,,"CoW15O48","CoW15O48"
"H2O(g) - 0.5H2(g) + * -> OH*","{""OH"": ""A""}","UmVhY3Rpb246MzQ2NDM=","PBE+U","{""star"": 1.0, ""H2gas"": -0.5, ""H2Ogas"": 1.0}","{""OHstar"": 1.0}","1","CoW15HO48","1",0.43847942,,"CoW15HO48","CoW15HO48"
"H2O(g) - 0.5H2(g) + * -> OH*","{""OH"": ""B""}","UmVhY3Rpb246MzQ2NDQ=","PBE+U","{""star"": 1.0, ""H2gas"": -0.5, ""H2Ogas"": 1.0}","{""OHstar"": 1.0}","1","CoW15O48","1",2.19669332,,"CoW15O48","CoW15O48"
"H2O(g) -> hfH2(g) + OH*",,"UmVhY3Rpb246MjAxMw==","RPBE","{""H2Ogas"": 1}","{""OHstar"": 1, ""hfH2gas"": 1}","111","Rh3Re","111",-0.47385,,"Rh3Re","Rh3Re"
"H2O(g) -> hfH2(g) + OH*",,"UmVhY3Rpb246MjMzOQ==","RPBE","{""H2Ogas"": 1}","{""OHstar"": 1, ""hfH2gas"": 1}","111","Pt3Ag","111",1.04615,,"Pt3Ag","Pt3Ag"
"H2O(g) -> hfH2(g) + OH*",,"UmVhY3Rpb246MTc3NQ==","RPBE","{""H2Ogas"": 1}","{""OHstar"": 1, ""hfH2gas"": 1}","111","Zr3Pb","111",-2.18385,,"Zr3Pb","Zr3Pb"
"H2O(g) - 0.5H2(g) + * -> OH*","{""OH"": ""B""}","UmVhY3Rpb246MzQ2NjI=","PBE+U","{""star"": 1.0, ""H2gas"": -0.5, ""H2Ogas"": 1.0}","{""OHstar"": 1.0}","1","W16O48","1",1.99750849,,"WO3","W16O48"
"H2O(g) -> hfH2(g) + OH*",,"UmVhY3Rpb246MjAzOQ==","RPBE","{""H2Ogas"": 1}","{""OHstar"": 1, ""hfH2gas"": 1}","111","Ir3Sc","111",-0.37385,,"Ir3Sc","Ir3Sc"
"H2O(g) - 0.5H2(g) + * -> OH*","{""OH"": ""B""}","UmVhY3Rpb246MzQ2NTg=","PBE+U","{""star"": 1.0, ""H2gas"": -0.5, ""H2Ogas"": 1.0}","{""OHstar"": 1.0}","1","W16O47","1",0.21259161,,"W16O47","W16O47"
"H2O(g) - 0.5H2(g) + * -> OH*","{""OH"": ""A""}","UmVhY3Rpb246MzQ2NTk=","PBE+U","{""star"": 1.0, ""H2gas"": -0.5, ""H2Ogas"": 1.0}","{""OHstar"": 1.0}","1","W16O47","1",-0.53599979,,"W16O47","W16O47"
"H2O(g) -> hfH2(g) + OH*",,"UmVhY3Rpb246MTkyMw==","RPBE","{""H2Ogas"": 1}","{""OHstar"": 1, ""hfH2gas"": 1}","111","Al3Pd","111",-0.75385,,"Al3Pd","Al3Pd"
"H2O(g) -> hfH2(g) + OH*",,"UmVhY3Rpb246MTg5Ng==","RPBE","{""H2Ogas"": 1}","{""OHstar"": 1, ""hfH2gas"": 1}","111","Ru3Hf","111",-0.87385,,"Ru3Hf","Ru3Hf"
"H2O(g) - 0.5H2(g) + * -> OH*","{""OH"": ""A""}","UmVhY3Rpb246MzQ2NjE=","PBE+U","{""star"": 1.0, ""H2gas"": -0.5, ""H2Ogas"": 1.0}","{""OHstar"": 1.0}","1","W16HO48","1",-0.4889615,,"W16HO48","W16HO48"
"H2O(g) - 0.5H2(g) + * -> OH*","{""OH"": ""A""}","UmVhY3Rpb246MzQ0Mjk=","PBE+U","{""star"": 1.0, ""H2gas"": -0.5, ""H2Ogas"": 1.0}","{""OHstar"": 1.0}","1","NbW15HO48","1",0.55401379,,"NbW15HO48","NbW15HO48"
"H2O(g) - 0.5H2(g) + * -> OH*",,"UmVhY3Rpb246ODQwNQ==","PBE+U=3.32","{""star"": 1, ""H2gas"": -0.5, ""H2Ogas"": 1}","{""OHstar"": 1}","0001","Co16Li6O30","0001",-1.02451869,,"Li0.5CoO2","Co16Li6O30"
"H2O(g) -> hfH2(g) + OH*",,"UmVhY3Rpb246MTc2MQ==","RPBE","{""H2Ogas"": 1}","{""OHstar"": 1, ""hfH2gas"": 1}","111","Ti3Bi","111",-2.30385,,"Ti3Bi","Ti3Bi"
"COOH* -> CO* + OH*",,"UmVhY3Rpb246MjM5Nw==","RPBE","{""COOHstar"": 1}","{""COstar"": 1, ""OHstar"": 1}","111","Pd","111",-0.15,0.86,"Pd","Pd"
"OCH2OH* -> CH2O* + OH*",,"UmVhY3Rpb246MjQ0OA==","BEEF","{""OCH2OHstar"": 1}","{""OHstar"": 1, ""CH2Ostar"": 1}","1","ZnO","1",-0.33,0.55,"ZnO","ZnO"
"H2O(g) -> hfH2(g) + OH*",,"UmVhY3Rpb246MjE4MA==","RPBE","{""H2Ogas"": 1}","{""OHstar"": 1, ""hfH2gas"": 1}","111","Zn3Ru","111",0.24615,,"Zn3Ru","Zn3Ru"
"H2O(g) -> hfH2(g) + OH*",,"UmVhY3Rpb246MTk4OQ==","RPBE","{""H2Ogas"": 1}","{""OHstar"": 1, ""hfH2gas"": 1}","111","Ru3W","111",-0.56385,,"Ru3W","Ru3W"
"H2O(g) -> hfH2(g) + OH*",,"UmVhY3Rpb246MjAzNw==","RPBE","{""H2Ogas"": 1}","{""OHstar"": 1, ""hfH2gas"": 1}","111","Cu3Al","111",-0.38385,,"Cu3Al","Cu3Al"
"H2O(g) -> hfH2(g) + OH*",,"UmVhY3Rpb246MjA0Ng==","RPBE","{""H2Ogas"": 1}","{""OHstar"": 1, ""hfH2gas"": 1}","111","Ir3V","111",-0.34385,,"Ir3V","Ir3V"
"H2O(g) - 0.5H2(g) + * -> OH*","{""OH"": ""B""}","UmVhY3Rpb246MzQ2MjI=","PBE+U","{""star"": 1.0, ""H2gas"": -0.5, ""H2Ogas"": 1.0}","{""OHstar"": 1.0}","1","HfW15O47","1",2.10345812,,"HfW15O47","HfW15O47"
"H2O(g) -> hfH2(g) + OH*",,"UmVhY3Rpb246MTc1Mg==","RPBE","{""H2Ogas"": 1}","{""OHstar"": 1, ""hfH2gas"": 1}","111","Zr3Cd","111",-2.36385,,"Zr3Cd","Zr3Cd"
"H2O(g) - 0.5H2(g) + * -> OH*",,"UmVhY3Rpb246NDE2NA==","BEEF-vdW","{""star"": 1, ""H2gas"": -0.5, ""H2Ogas"": 1}","{""OHstar"": 1}","101","Co8Fe8P16","101",-0.686855223343,,"Fe0.5Co0.5P","Co8Fe8P16"
"H2O(g) -> hfH2(g) + OH*",,"UmVhY3Rpb246MjI5MA==","RPBE","{""H2Ogas"": 1}","{""OHstar"": 1, ""hfH2gas"": 1}","111","Pd3Sn","111",0.75615,,"Pd3Sn","Pd3Sn"
"H2O(g) - 0.5H2(g) + * -> OH*",,"UmVhY3Rpb246NDE2Ng==","BEEF-vdW","{""star"": 1, ""H2gas"": -0.5, ""H2Ogas"": 1}","{""OHstar"": 1}","001","Ni18P9","001",0.28918708982,,"Ni2P","Ni18P9"
"H2O(g) -> hfH2(g) + OH*",,"UmVhY3Rpb246MTczMw==","RPBE","{""H2Ogas"": 1}","{""OHstar"": 1, ""hfH2gas"": 1}","111","Sc3Sn","111",-2.67385,,"Sc3Sn","Sc3Sn"
"H2O(g) -> hfH2(g) + OH*",,"UmVhY3Rpb246MjEyOA==","RPBE","{""H2Ogas"": 1}","{""OHstar"": 1, ""hfH2gas"": 1}","111","Ir3Al","111",-0.00385,,"Ir3Al","Ir3Al"
"H2O(g) -> hfH2(g) + OH*",,"UmVhY3Rpb246MTc2MA==","RPBE","{""H2Ogas"": 1}","{""OHstar"": 1, ""hfH2gas"": 1}","111","Ti3Ga","111",-2.30385,,"Ti3Ga","Ti3Ga"
"H2O(g) -> hfH2(g) + OH*",,"UmVhY3Rpb246MjE4NA==","RPBE","{""H2Ogas"": 1}","{""OHstar"": 1, ""hfH2gas"": 1}","111","Cu3Zn","111",0.26615,,"Cu3Zn","Cu3Zn"
"H2O* -> OH* + H*",,"UmVhY3Rpb246MTQwNQ==","RPBE","{""H2Ostar"": 1}","{""Hstar"": 1, ""OHstar"": 1}","211","Ag","211",0.889,1.509,"Ag","Ag"
"H2O(g) -> hfH2(g) + OH*",,"UmVhY3Rpb246MTc2Mg==","RPBE","{""H2Ogas"": 1}","{""OHstar"": 1, ""hfH2gas"": 1}","111","Hf3Zn","111",-2.29385,,"Hf3Zn","Hf3Zn"
"H2O(g) -> hfH2(g) + OH*",,"UmVhY3Rpb246MjMyNg==","RPBE","{""H2Ogas"": 1}","{""OHstar"": 1, ""hfH2gas"": 1}","111","Au3Cd","111",0.88615,,"Au3Cd","Au3Cd"
"H2O(g) -> hfH2(g) + OH*",,"UmVhY3Rpb246MjA1MQ==","RPBE","{""H2Ogas"": 1}","{""OHstar"": 1, ""hfH2gas"": 1}","111","Pt3Y","111",-0.31385,,"Pt3Y","Pt3Y"
"H2O(g) -> hfH2(g) + OH*",,"UmVhY3Rpb246MjEwMw==","RPBE","{""H2Ogas"": 1}","{""OHstar"": 1, ""hfH2gas"": 1}","111","Ga3Nb","111",-0.12385,,"Ga3Nb","Ga3Nb"
"H2O(g) -> hfH2(g) + OH*",,"UmVhY3Rpb246MjE1MA==","RPBE","{""H2Ogas"": 1}","{""OHstar"": 1, ""hfH2gas"": 1}","111","Ni3Ge","111",0.07615,,"Ni3Ge","Ni3Ge"
"H2O(g) -> hfH2(g) + OH*",,"UmVhY3Rpb246MTgxOQ==","RPBE","{""H2Ogas"": 1}","{""OHstar"": 1, ""hfH2gas"": 1}","111","Ta3Al","111",-1.68385,,"Ta3Al","Ta3Al"
"H2O(g) -> hfH2(g) + OH*",,"UmVhY3Rpb246MTgyMQ==","RPBE","{""H2Ogas"": 1}","{""OHstar"": 1, ""hfH2gas"": 1}","111","Pd3Ta","111",-1.68385,,"Pd3Ta","Pd3Ta"
"H2O(g) -> hfH2(g) + OH*",,"UmVhY3Rpb246MTgyMg==","RPBE","{""H2Ogas"": 1}","{""OHstar"": 1, ""hfH2gas"": 1}","111","Ag3Sc","111",-1.66385,,"Ag3Sc","Ag3Sc"
"H2O(g) -> hfH2(g) + OH*",,"UmVhY3Rpb246MTgyMw==","RPBE","{""H2Ogas"": 1}","{""OHstar"": 1, ""hfH2gas"": 1}","111","Nb3Pt","111",-1.62385,,"Nb3Pt","Nb3Pt"
"H2O(g) -> hfH2(g) + OH*",,"UmVhY3Rpb246MTgyNA==","RPBE","{""H2Ogas"": 1}","{""OHstar"": 1, ""hfH2gas"": 1}","111","Zn3Ti","111",-1.60385,,"Zn3Ti","Zn3Ti"
"H2O(g) -> hfH2(g) + OH*",,"UmVhY3Rpb246MTgyNQ==","RPBE","{""H2Ogas"": 1}","{""OHstar"": 1, ""hfH2gas"": 1}","111","Cd3La","111",-1.60385,,"Cd3La","Cd3La"
"H2O(g) -> hfH2(g) + OH*",,"UmVhY3Rpb246MTgyOA==","RPBE","{""H2Ogas"": 1}","{""OHstar"": 1, ""hfH2gas"": 1}","111","Zn3Nb","111",-1.48385,,"Zn3Nb","Zn3Nb"
"H2O(g) -> hfH2(g) + OH*",,"UmVhY3Rpb246MTgzOQ==","RPBE","{""H2Ogas"": 1}","{""OHstar"": 1, ""hfH2gas"": 1}","111","Fe3Ti","111",-1.27385,,"Fe3Ti","Fe3Ti"
"H2O(g) -> hfH2(g) + OH*",,"UmVhY3Rpb246MTg0MA==","RPBE","{""H2Ogas"": 1}","{""OHstar"": 1, ""hfH2gas"": 1}","111","Al3La","111",-1.27385,,"Al3La","Al3La"
"H2O(g) -> hfH2(g) + OH*",,"UmVhY3Rpb246MTg0MQ==","RPBE","{""H2Ogas"": 1}","{""OHstar"": 1, ""hfH2gas"": 1}","111","Al3Y","111",-1.25385,,"Al3Y","Al3Y"
"H2O(g) -> hfH2(g) + OH*",,"UmVhY3Rpb246MTg0Mg==","RPBE","{""H2Ogas"": 1}","{""OHstar"": 1, ""hfH2gas"": 1}","111","Tl3Sc","111",-1.25385,,"Tl3Sc","Tl3Sc"
"H2O(g) -> hfH2(g) + OH*",,"UmVhY3Rpb246MTg0Mw==","RPBE","{""H2Ogas"": 1}","{""OHstar"": 1, ""hfH2gas"": 1}","111","Au3Y","111",-1.24385,,"Au3Y","Au3Y"
"H2O(g) -> hfH2(g) + OH*",,"UmVhY3Rpb246MTg0NA==","RPBE","{""H2Ogas"": 1}","{""OHstar"": 1, ""hfH2gas"": 1}","111","Tl3La","111",-1.23385,,"Tl3La","Tl3La"
"H2O(g) -> hfH2(g) + OH*",,"UmVhY3Rpb246MTg0NQ==","RPBE","{""H2Ogas"": 1}","{""OHstar"": 1, ""hfH2gas"": 1}","111","Tl3Y","111",-1.22385,,"Tl3Y","Tl3Y"
"H2O(g) -> hfH2(g) + OH*",,"UmVhY3Rpb246MTg1Ng==","RPBE","{""H2Ogas"": 1}","{""OHstar"": 1, ""hfH2gas"": 1}","111","Al3Sc","111",-1.08385,,"Al3Sc","Al3Sc"
"H2O* -> OH* + H*",,"UmVhY3Rpb246MTM5Ng==","RPBE","{""H2Ostar"": 1}","{""Hstar"": 1, ""OHstar"": 1}","111","Rh","111",0.216,0.95,"Rh","Rh"
"H2O(g) -> hfH2(g) + OH*",,"UmVhY3Rpb246MjEyMg==","RPBE","{""H2Ogas"": 1}","{""OHstar"": 1, ""hfH2gas"": 1}","111","Co3Ni","111",-0.04385,,"Co3Ni","Co3Ni"
"H2O(g) -> hfH2(g) + OH*",,"UmVhY3Rpb246MjEyMw==","RPBE","{""H2Ogas"": 1}","{""OHstar"": 1, ""hfH2gas"": 1}","111","Zn3Ir","111",-0.02385,,"Zn3Ir","Zn3Ir"
"H2O(g) -> hfH2(g) + OH*",,"UmVhY3Rpb246MTkwMQ==","RPBE","{""H2Ogas"": 1}","{""OHstar"": 1, ""hfH2gas"": 1}","111","Rh3Zr","111",-0.84385,,"Rh3Zr","Rh3Zr"
"H2O(g) -> hfH2(g) + OH*",,"UmVhY3Rpb246MjEzOA==","RPBE","{""H2Ogas"": 1}","{""OHstar"": 1, ""hfH2gas"": 1}","111","Pt3Cr","111",0.03615,,"Pt3Cr","Pt3Cr"
"H2O(g) -> hfH2(g) + OH*",,"UmVhY3Rpb246MTkxOA==","RPBE","{""H2Ogas"": 1}","{""OHstar"": 1, ""hfH2gas"": 1}","111","Ir3Hf","111",-0.79385,,"Ir3Hf","Ir3Hf"
"H2O(g) -> hfH2(g) + OH*",,"UmVhY3Rpb246MTkyMQ==","RPBE","{""H2Ogas"": 1}","{""OHstar"": 1, ""hfH2gas"": 1}","111","Ru3Sc","111",-0.78385,,"Ru3Sc","Ru3Sc"
"H2O(g) -> hfH2(g) + OH*",,"UmVhY3Rpb246MjE1OA==","RPBE","{""H2Ogas"": 1}","{""OHstar"": 1, ""hfH2gas"": 1}","111","Ru3Ga","111",0.13615,,"Ru3Ga","Ru3Ga"
"H2O(g) -> hfH2(g) + OH*",,"UmVhY3Rpb246MTkyNQ==","RPBE","{""H2Ogas"": 1}","{""OHstar"": 1, ""hfH2gas"": 1}","111","Ga3Y","111",-0.75385,,"Ga3Y","Ga3Y"
"H2O(g) -> hfH2(g) + OH*",,"UmVhY3Rpb246MjE1OQ==","RPBE","{""H2Ogas"": 1}","{""OHstar"": 1, ""hfH2gas"": 1}","111","Ni3Co","111",0.14615,,"Ni3Co","Ni3Co"
"H2O(g) -> hfH2(g) + OH*",,"UmVhY3Rpb246MjE2Mg==","RPBE","{""H2Ogas"": 1}","{""OHstar"": 1, ""hfH2gas"": 1}","111","Ni3Zn","111",0.15615,,"Ni3Zn","Ni3Zn"
"H2O(g) -> hfH2(g) + OH*",,"UmVhY3Rpb246MjE4OQ==","RPBE","{""H2Ogas"": 1}","{""OHstar"": 1, ""hfH2gas"": 1}","111","Zn3Cu","111",0.28615,,"Zn3Cu","Zn3Cu"
"H2O(g) -> hfH2(g) + OH*",,"UmVhY3Rpb246MjIxNA==","RPBE","{""H2Ogas"": 1}","{""OHstar"": 1, ""hfH2gas"": 1}","111","Rh3Zn","111",0.41615,,"Rh3Zn","Rh3Zn"
"H2O(g) -> OH* + H*",,"UmVhY3Rpb246MTM2OQ==","RPBE","{""H2Ogas"": 1}","{""Hstar"": 1, ""OHstar"": 1}","211","Ir","211",-1.058,0.242,"Ir","Ir"
"H2O(g) -> hfH2(g) + OH*",,"UmVhY3Rpb246MjI1OQ==","RPBE","{""H2Ogas"": 1}","{""OHstar"": 1, ""hfH2gas"": 1}","111","Pd3Ga","111",0.63615,,"Pd3Ga","Pd3Ga"
"H2O* -> OH* + H*",,"UmVhY3Rpb246MTM5Nw==","RPBE","{""H2Ostar"": 1}","{""Hstar"": 1, ""OHstar"": 1}","111","Ni","111",-0.147,0.955,"Ni","Ni"
"H2O(g) -> hfH2(g) + OH*",,"UmVhY3Rpb246MjA5OA==","RPBE","{""H2Ogas"": 1}","{""OHstar"": 1, ""hfH2gas"": 1}","111","Pd3Al","111",-0.13385,,"Pd3Al","Pd3Al"
"H2O* -> OH* + H*",,"UmVhY3Rpb246MTM4NQ==","RPBE","{""H2Ostar"": 1}","{""Hstar"": 1, ""OHstar"": 1}","111","Fe","111",-0.601,0.743,"Fe","Fe"
"H2O(g) -> hfH2(g) + OH*",,"UmVhY3Rpb246MjEyNQ==","RPBE","{""H2Ogas"": 1}","{""OHstar"": 1, ""hfH2gas"": 1}","111","Ru3Al","111",-0.01385,,"Ru3Al","Ru3Al"
"H2O(g) - 0.5H2(g) + * -> OH*","{""OH"": ""B""}","UmVhY3Rpb246MzQ1NTI=","PBE+U","{""star"": 1.0, ""H2gas"": -0.5, ""H2Ogas"": 1.0}","{""OHstar"": 1.0}","1","W15ZrHO48","1",1.35267344,,"W15ZrHO48","W15ZrHO48"
"H2O(g) -> hfH2(g) + OH*",,"UmVhY3Rpb246MjI2NA==","RPBE","{""H2Ogas"": 1}","{""OHstar"": 1, ""hfH2gas"": 1}","111","Pt3Ga","111",0.66615,,"Pt3Ga","Pt3Ga"
"H2O(g) -> hfH2(g) + OH*",,"UmVhY3Rpb246MjI2NQ==","RPBE","{""H2Ogas"": 1}","{""OHstar"": 1, ""hfH2gas"": 1}","111","Pt3Co","111",0.66615,,"Pt3Co","Pt3Co"
"H2O(g) -> hfH2(g) + OH*",,"UmVhY3Rpb246MjI4MA==","RPBE","{""H2Ogas"": 1}","{""OHstar"": 1, ""hfH2gas"": 1}","111","Pd3Bi","111",0.71615,,"Pd3Bi","Pd3Bi"
"H2O(g) -> hfH2(g) + OH*",,"UmVhY3Rpb246MjI5Nw==","RPBE","{""H2Ogas"": 1}","{""OHstar"": 1, ""hfH2gas"": 1}","111","Pt3In","111",0.79615,,"Pt3In","Pt3In"
"H2O(g) -> hfH2(g) + OH*",,"UmVhY3Rpb246MjI0Mw==","RPBE","{""H2Ogas"": 1}","{""OHstar"": 1, ""hfH2gas"": 1}","111","Rh3Ga","111",0.54615,,"Rh3Ga","Rh3Ga"
"H2O(g) -> hfH2(g) + OH*",,"UmVhY3Rpb246MjMzNw==","RPBE","{""H2Ogas"": 1}","{""OHstar"": 1, ""hfH2gas"": 1}","111","Pd3Au","111",0.99615,,"Pd3Au","Pd3Au"
"H2O(g) -> hfH2(g) + OH*",,"UmVhY3Rpb246MjMzNg==","RPBE","{""H2Ogas"": 1}","{""OHstar"": 1, ""hfH2gas"": 1}","111","Au3Pt","111",0.95615,,"Au3Pt","Au3Pt"
"H2O(g) -> OH* + H*",,"UmVhY3Rpb246MTM2OA==","RPBE","{""H2Ogas"": 1}","{""Hstar"": 1, ""OHstar"": 1}","211","Ru","211",-1.22,-0.005,"Ru","Ru"
"H2O(g) - 0.5H2(g) + * -> OH*",,"UmVhY3Rpb246NDE2NQ==","BEEF-vdW","{""star"": 1, ""H2gas"": -0.5, ""H2Ogas"": 1}","{""OHstar"": 1}","011","Fe12P12","011",-0.377261295449,,"FeP","Fe12P12"
"H2O(g) -> hfH2(g) + OH*",,"UmVhY3Rpb246MTc2NQ==","RPBE","{""H2Ogas"": 1}","{""OHstar"": 1, ""hfH2gas"": 1}","111","Zr3Sb","111",-2.25385,,"Zr3Sb","Zr3Sb"
"H2O(g) -> OH* + H*",,"UmVhY3Rpb246MTM3Ng==","RPBE","{""H2Ogas"": 1}","{""Hstar"": 1, ""OHstar"": 1}","111","Mn","111",-1.506,0.552,"Mn","Mn"
"H2O(g) -> hfH2(g) + OH*",,"UmVhY3Rpb246MjEzMA==","RPBE","{""H2Ogas"": 1}","{""OHstar"": 1, ""hfH2gas"": 1}","111","Ir3Cr","111",0.00615,,"Ir3Cr","Ir3Cr"
"H2O(g) -> hfH2(g) + OH*",,"UmVhY3Rpb246MjEzMQ==","RPBE","{""H2Ogas"": 1}","{""OHstar"": 1, ""hfH2gas"": 1}","111","Co3Rh","111",0.00615,,"Co3Rh","Co3Rh"
"H2O(g) -> hfH2(g) + OH*",,"UmVhY3Rpb246MjE5NQ==","RPBE","{""H2Ogas"": 1}","{""OHstar"": 1, ""hfH2gas"": 1}","111","Cu3Pt","111",0.32615,,"Cu3Pt","Cu3Pt"
"H2O(g) -> hfH2(g) + OH*",,"UmVhY3Rpb246MjMwMg==","RPBE","{""H2Ogas"": 1}","{""OHstar"": 1, ""hfH2gas"": 1}","111","Ag3Pt","111",0.80615,,"Ag3Pt","Ag3Pt"
"H2O(g) -> hfH2(g) + OH*",,"UmVhY3Rpb246MjI1Nw==","RPBE","{""H2Ogas"": 1}","{""OHstar"": 1, ""hfH2gas"": 1}","111","Pt3Bi","111",0.62615,,"Pt3Bi","Pt3Bi"
"H2O(g) -> hfH2(g) + OH*",,"UmVhY3Rpb246MTc0Mg==","RPBE","{""H2Ogas"": 1}","{""OHstar"": 1, ""hfH2gas"": 1}","111","Y3In","111",-2.63385,,"Y3In","Y3In"
"H2O(g) -> hfH2(g) + OH*",,"UmVhY3Rpb246MjMxMQ==","RPBE","{""H2Ogas"": 1}","{""OHstar"": 1, ""hfH2gas"": 1}","111","Pd3In","111",0.82615,,"Pd3In","Pd3In"
"H2O(g) -> hfH2(g) + OH*",,"UmVhY3Rpb246MTk3MQ==","RPBE","{""H2Ogas"": 1}","{""OHstar"": 1, ""hfH2gas"": 1}","111","Al3Rh","111",-0.64385,,"Al3Rh","Al3Rh"
"H2O(g) -> OH* + H*",,"UmVhY3Rpb246MTQwNw==","RPBE","{""H2Ogas"": 1}","{""Hstar"": 1, ""OHstar"": 1}","211","Au","211",1.039,1.82,"Au","Au"
"H2O* -> OH* + H*",,"UmVhY3Rpb246MTM3MA==","RPBE","{""H2Ostar"": 1}","{""Hstar"": 1, ""OHstar"": 1}","211","Mn","211",-1.434,0.259,"Mn","Mn"
"H2O(g) -> OH* + H*",,"UmVhY3Rpb246MTM3NA==","RPBE","{""H2Ogas"": 1}","{""Hstar"": 1, ""OHstar"": 1}","111","Re","111",-0.875,0.515,"Re","Re"
"H2O* -> OH* + H*",,"UmVhY3Rpb246MTM3NQ==","RPBE","{""H2Ostar"": 1}","{""Hstar"": 1, ""OHstar"": 1}","211","Ir","211",-0.777,0.523,"Ir","Ir"
"H2O(g) -> OH* + H*",,"UmVhY3Rpb246MTM5MQ==","RPBE","{""H2Ogas"": 1}","{""Hstar"": 1, ""OHstar"": 1}","111","Pt","111",0.605,0.849,"Pt","Pt"
"H2O* -> OH* + H*",,"UmVhY3Rpb246MTM5Mg==","RPBE","{""H2Ostar"": 1}","{""Hstar"": 1, ""OHstar"": 1}","211","Pt","211",0.00072,0.85772,"Pt","Pt"
"H2O(g) -> hfH2(g) + OH*",,"UmVhY3Rpb246MTczMA==","RPBE","{""H2Ogas"": 1}","{""OHstar"": 1, ""hfH2gas"": 1}","111","Sc3Pb","111",-2.69385,,"Sc3Pb","Sc3Pb"
"H2O(g) -> hfH2(g) + OH*",,"UmVhY3Rpb246MTczMg==","RPBE","{""H2Ogas"": 1}","{""OHstar"": 1, ""hfH2gas"": 1}","111","Y3Cd","111",-2.69385,,"Y3Cd","Y3Cd"
"H2O(g) -> hfH2(g) + OH*",,"UmVhY3Rpb246MTczNA==","RPBE","{""H2Ogas"": 1}","{""OHstar"": 1, ""hfH2gas"": 1}","111","Sc3Sb","111",-2.67385,,"Sc3Sb","Sc3Sb"
"H2O(g) -> hfH2(g) + OH*",,"UmVhY3Rpb246MTc0NA==","RPBE","{""H2Ogas"": 1}","{""OHstar"": 1, ""hfH2gas"": 1}","111","Y3Sn","111",-2.58385,,"Y3Sn","Y3Sn"
"H2O(g) -> hfH2(g) + OH*",,"UmVhY3Rpb246MTc2Mw==","RPBE","{""H2Ogas"": 1}","{""OHstar"": 1, ""hfH2gas"": 1}","111","Ti3Sb","111",-2.28385,,"Ti3Sb","Ti3Sb"
"H2O(g) -> hfH2(g) + OH*",,"UmVhY3Rpb246MTc2NA==","RPBE","{""H2Ogas"": 1}","{""OHstar"": 1, ""hfH2gas"": 1}","111","Ti3Al","111",-2.28385,,"Ti3Al","Ti3Al"
"H2O(g) -> hfH2(g) + OH*",,"UmVhY3Rpb246MTc2Ng==","RPBE","{""H2Ogas"": 1}","{""OHstar"": 1, ""hfH2gas"": 1}","111","Hf3As","111",-2.25385,,"Hf3As","Hf3As"
"H2O(g) -> hfH2(g) + OH*",,"UmVhY3Rpb246MTc2Nw==","RPBE","{""H2Ogas"": 1}","{""OHstar"": 1, ""hfH2gas"": 1}","111","Zr3Bi","111",-2.25385,,"Zr3Bi","Zr3Bi"
"H2O(g) -> hfH2(g) + OH*",,"UmVhY3Rpb246MTc2OA==","RPBE","{""H2Ogas"": 1}","{""OHstar"": 1, ""hfH2gas"": 1}","111","Ti3Pb","111",-2.24385,,"Ti3Pb","Ti3Pb"
"H2O(g) -> hfH2(g) + OH*",,"UmVhY3Rpb246MTk1NQ==","RPBE","{""H2Ogas"": 1}","{""OHstar"": 1, ""hfH2gas"": 1}","111","Ni3Sc","111",-0.67385,,"Ni3Sc","Ni3Sc"
"H2O(g) -> hfH2(g) + OH*",,"UmVhY3Rpb246MTc0OQ==","RPBE","{""H2Ogas"": 1}","{""OHstar"": 1, ""hfH2gas"": 1}","111","Ti3Pd","111",-2.52385,,"Ti3Pd","Ti3Pd"
"H2O(g) -> hfH2(g) + OH*",,"UmVhY3Rpb246MTc4OA==","RPBE","{""H2Ogas"": 1}","{""OHstar"": 1, ""hfH2gas"": 1}","111","Hf3Sn","111",-2.09385,,"Hf3Sn","Hf3Sn"
"H2O(g) -> hfH2(g) + OH*",,"UmVhY3Rpb246MjI1MQ==","RPBE","{""H2Ogas"": 1}","{""OHstar"": 1, ""hfH2gas"": 1}","111","Ni3In","111",0.58615,,"Ni3In","Ni3In"
"H2O(g) -> hfH2(g) + OH*",,"UmVhY3Rpb246MTc5Ng==","RPBE","{""H2Ogas"": 1}","{""OHstar"": 1, ""hfH2gas"": 1}","111","La3Al","111",-1.98385,,"La3Al","La3Al"
"H2O(g) -> hfH2(g) + OH*",,"UmVhY3Rpb246MTc5Nw==","RPBE","{""H2Ogas"": 1}","{""OHstar"": 1, ""hfH2gas"": 1}","111","Zn3Hf","111",-1.98385,,"Zn3Hf","Zn3Hf"
"H2O(g) -> hfH2(g) + OH*",,"UmVhY3Rpb246MTgyOQ==","RPBE","{""H2Ogas"": 1}","{""OHstar"": 1, ""hfH2gas"": 1}","111","Au3Ti","111",-1.45385,,"Au3Ti","Au3Ti"
"H2O(g) -> hfH2(g) + OH*",,"UmVhY3Rpb246MjM0MA==","RPBE","{""H2Ogas"": 1}","{""OHstar"": 1, ""hfH2gas"": 1}","111","Pt3Ni","111",1.09615,,"Pt3Ni","Pt3Ni"
"H2O(g) -> hfH2(g) + OH*",,"UmVhY3Rpb246MjM0MQ==","RPBE","{""H2Ogas"": 1}","{""OHstar"": 1, ""hfH2gas"": 1}","111","Pt3Au","111",1.14615,,"Pt3Au","Pt3Au"
"H2O(g) -> hfH2(g) + OH*",,"UmVhY3Rpb246MjM0Mg==","RPBE","{""H2Ogas"": 1}","{""OHstar"": 1, ""hfH2gas"": 1}","111","Au3Ag","111",1.29615,,"Au3Ag","Au3Ag"
"H2O(g) + * -> OH* + 0.5H2(g)",,"UmVhY3Rpb246NDA3MQ==","RPBE","{""star"": 1, ""H2Ogas"": 1}","{""H2gas"": 0.5, ""OHstar"": 1}","2ML","Ir16Sr8O43","2ML",-0.00910370493511,,"IrO2-sheets-SrIrO3","Ir16Sr8O43"
"H2O(g) + * -> OH* + 0.5H2(g)",,"UmVhY3Rpb246NDA3MA==","RPBE","{""star"": 1, ""H2Ogas"": 1}","{""H2gas"": 0.5, ""OHstar"": 1}","3ML","Ir16Sr4O51","3ML",1.08787267018,,"IrO3-SrIrO3","Ir16Sr4O51"
"H2O(g) -> hfH2(g) + OH*",,"UmVhY3Rpb246MjE1NA==","RPBE","{""H2Ogas"": 1}","{""OHstar"": 1, ""hfH2gas"": 1}","111","Ni3Pt","111",0.11615,,"Ni3Pt","Ni3Pt"
"H2O(g) -> hfH2(g) + OH*",,"UmVhY3Rpb246MjIwNA==","RPBE","{""H2Ogas"": 1}","{""OHstar"": 1, ""hfH2gas"": 1}","111","Cd3Ag","111",0.36615,,"Cd3Ag","Cd3Ag"
"H2O(g) -> hfH2(g) + OH*",,"UmVhY3Rpb246MjIwNQ==","RPBE","{""H2Ogas"": 1}","{""OHstar"": 1, ""hfH2gas"": 1}","111","Cu3Ga","111",0.36615,,"Cu3Ga","Cu3Ga"
"H2O(g) -> hfH2(g) + OH*",,"UmVhY3Rpb246MjIzOA==","RPBE","{""H2Ogas"": 1}","{""OHstar"": 1, ""hfH2gas"": 1}","111","Co3Ge","111",0.53615,,"Co3Ge","Co3Ge"
"H2O(g) -> hfH2(g) + OH*",,"UmVhY3Rpb246MjIzOQ==","RPBE","{""H2Ogas"": 1}","{""OHstar"": 1, ""hfH2gas"": 1}","111","Ag3Cd","111",0.53615,,"Ag3Cd","Ag3Cd"
"H2O(g) -> hfH2(g) + OH*",,"UmVhY3Rpb246MjI2OQ==","RPBE","{""H2Ogas"": 1}","{""OHstar"": 1, ""hfH2gas"": 1}","111","Ag3Pd","111",0.68615,,"Ag3Pd","Ag3Pd"
"H2O* -> OH* + H*",,"UmVhY3Rpb246MTM5NQ==","RPBE","{""H2Ostar"": 1}","{""Hstar"": 1, ""OHstar"": 1}","111","Ru","111",-0.043,0.946,"Ru","Ru"
"H2O(g) -> hfH2(g) + OH*",,"UmVhY3Rpb246MjA2NA==","RPBE","{""H2Ogas"": 1}","{""OHstar"": 1, ""hfH2gas"": 1}","111","Fe3Si","111",-0.27385,,"Fe3Si","Fe3Si"
"H2O(g) -> hfH2(g) + OH*",,"UmVhY3Rpb246MTc5Mg==","RPBE","{""H2Ogas"": 1}","{""OHstar"": 1, ""hfH2gas"": 1}","111","Nb3As","111",-2.03385,,"Nb3As","Nb3As"
"H2O(g) -> hfH2(g) + OH*",,"UmVhY3Rpb246MTgzMA==","RPBE","{""H2Ogas"": 1}","{""OHstar"": 1, ""hfH2gas"": 1}","111","Cu3Sc","111",-1.44385,,"Cu3Sc","Cu3Sc"
"COOH* -> CO* + OH*",,"UmVhY3Rpb246MjM5Mw==","RPBE","{""COOHstar"": 1}","{""COstar"": 1, ""OHstar"": 1}","211","Cu","211",-0.13,0.41,"Cu","Cu"
"COOH* -> CO* + OH*",,"UmVhY3Rpb246MjQwMA==","RPBE","{""COOHstar"": 1}","{""COstar"": 1, ""OHstar"": 1}","211","Pt","211",-0.18,1.18,"Pt","Pt"
"H2O(g) -> hfH2(g) + OH*",,"UmVhY3Rpb246MTgxNQ==","RPBE","{""H2Ogas"": 1}","{""OHstar"": 1, ""hfH2gas"": 1}","111","Zn3Zr","111",-1.76385,,"Zn3Zr","Zn3Zr"
"H2O* -> OH* + H*",,"UmVhY3Rpb246MTM4Ng==","RPBE","{""H2Ostar"": 1}","{""Hstar"": 1, ""OHstar"": 1}","111","Ir","111",0.353,0.77,"Ir","Ir"
"H2O(g) -> hfH2(g) + OH*",,"UmVhY3Rpb246MTk0Mw==","RPBE","{""H2Ogas"": 1}","{""OHstar"": 1, ""hfH2gas"": 1}","111","Pd3La","111",-0.71385,,"Pd3La","Pd3La"
"H2O(g) -> hfH2(g) + OH*",,"UmVhY3Rpb246MTc1MA==","RPBE","{""H2Ogas"": 1}","{""OHstar"": 1, ""hfH2gas"": 1}","111","Ti3Au","111",-2.49385,,"Ti3Au","Ti3Au"
"H2O(g) -> hfH2(g) + OH*",,"UmVhY3Rpb246MTc3OQ==","RPBE","{""H2Ogas"": 1}","{""OHstar"": 1, ""hfH2gas"": 1}","111","Zr3Si","111",-2.16385,,"Zr3Si","Zr3Si"
"H2O(g) -> hfH2(g) + OH*",,"UmVhY3Rpb246MTc4MA==","RPBE","{""H2Ogas"": 1}","{""OHstar"": 1, ""hfH2gas"": 1}","111","Hf3Ga","111",-2.15385,,"Hf3Ga","Hf3Ga"
"H2O(g) -> hfH2(g) + OH*",,"UmVhY3Rpb246MTc4MQ==","RPBE","{""H2Ogas"": 1}","{""OHstar"": 1, ""hfH2gas"": 1}","111","Hf3Bi","111",-2.15385,,"Hf3Bi","Hf3Bi"
"H2O(g) -> hfH2(g) + OH*",,"UmVhY3Rpb246MTc4Mg==","RPBE","{""H2Ogas"": 1}","{""OHstar"": 1, ""hfH2gas"": 1}","111","Zr3Sn","111",-2.14385,,"Zr3Sn","Zr3Sn"
"H2O(g) -> hfH2(g) + OH*",,"UmVhY3Rpb246MTc4Mw==","RPBE","{""H2Ogas"": 1}","{""OHstar"": 1, ""hfH2gas"": 1}","111","Hf3Al","111",-2.14385,,"Hf3Al","Hf3Al"
"H2O(g) -> hfH2(g) + OH*",,"UmVhY3Rpb246MTc5OQ==","RPBE","{""H2Ogas"": 1}","{""OHstar"": 1, ""hfH2gas"": 1}","111","Ta3Si","111",-1.92385,,"Ta3Si","Ta3Si"
"H2O(g) -> hfH2(g) + OH*",,"UmVhY3Rpb246MTgwMA==","RPBE","{""H2Ogas"": 1}","{""OHstar"": 1, ""hfH2gas"": 1}","111","La3In","111",-1.92385,,"La3In","La3In"
"H2O(g) -> hfH2(g) + OH*",,"UmVhY3Rpb246MjMzOA==","RPBE","{""H2Ogas"": 1}","{""OHstar"": 1, ""hfH2gas"": 1}","111","Pd3Ag","111",1.00615,,"Pd3Ag","Pd3Ag"
"H2O(g) -> hfH2(g) + OH*",,"UmVhY3Rpb246MjAwMQ==","RPBE","{""H2Ogas"": 1}","{""OHstar"": 1, ""hfH2gas"": 1}","111","Fe3Pt","111",-0.51385,,"Fe3Pt","Fe3Pt"
"H2O(g) -> hfH2(g) + OH*",,"UmVhY3Rpb246MjAwMg==","RPBE","{""H2Ogas"": 1}","{""OHstar"": 1, ""hfH2gas"": 1}","111","Al3Ta","111",-0.51385,,"Al3Ta","Al3Ta"
"H2O(g) -> hfH2(g) + OH*",,"UmVhY3Rpb246MTgwMQ==","RPBE","{""H2Ogas"": 1}","{""OHstar"": 1, ""hfH2gas"": 1}","111","Ta3Ge","111",-1.91385,,"Ta3Ge","Ta3Ge"
"H2O(g) -> hfH2(g) + OH*",,"UmVhY3Rpb246MjE3MA==","RPBE","{""H2Ogas"": 1}","{""OHstar"": 1, ""hfH2gas"": 1}","111","Ni3As","111",0.20615,,"Ni3As","Ni3As"
"H2O(g) -> hfH2(g) + OH*",,"UmVhY3Rpb246MjE3MQ==","RPBE","{""H2Ogas"": 1}","{""OHstar"": 1, ""hfH2gas"": 1}","111","Cu3Pd","111",0.20615,,"Cu3Pd","Cu3Pd"
"H2O(g) -> hfH2(g) + OH*",,"UmVhY3Rpb246MjIyMQ==","RPBE","{""H2Ogas"": 1}","{""OHstar"": 1, ""hfH2gas"": 1}","111","Pd3Sb","111",0.44615,,"Pd3Sb","Pd3Sb"
"H2O(g) -> hfH2(g) + OH*",,"UmVhY3Rpb246MjMzNA==","RPBE","{""H2Ogas"": 1}","{""OHstar"": 1, ""hfH2gas"": 1}","111","Pd3Cd","111",0.91615,,"Pd3Cd","Pd3Cd"
"H2O(g) -> hfH2(g) + OH*",,"UmVhY3Rpb246MTgwMw==","RPBE","{""H2Ogas"": 1}","{""OHstar"": 1, ""hfH2gas"": 1}","111","Cd3Zr","111",-1.90385,,"Cd3Zr","Cd3Zr"
"H2O(g) - 0.5H2(g) + * -> OH*",,"UmVhY3Rpb246ODQwNg==","PBE+U=3.32","{""star"": 1, ""H2gas"": -0.5, ""H2Ogas"": 1}","{""OHstar"": 1}","01-12","Co24Li12H23O59","01-12",0.229174985,,"Li0.5CoO2","Co24Li12H23O59"
"H2O(g) -> hfH2(g) + OH*",,"UmVhY3Rpb246MTc3NA==","RPBE","{""H2Ogas"": 1}","{""OHstar"": 1, ""hfH2gas"": 1}","111","Ti3Si","111",-2.19385,,"Ti3Si","Ti3Si"
"H2O(g) -> hfH2(g) + OH*",,"UmVhY3Rpb246MjAzMg==","RPBE","{""H2Ogas"": 1}","{""OHstar"": 1, ""hfH2gas"": 1}","111","Pt3La","111",-0.40385,,"Pt3La","Pt3La"
"H2O(g) -> hfH2(g) + OH*",,"UmVhY3Rpb246MTk4OA==","RPBE","{""H2Ogas"": 1}","{""OHstar"": 1, ""hfH2gas"": 1}","111","Ir3Re","111",-0.56385,,"Ir3Re","Ir3Re"
"H2O(g) -> hfH2(g) + OH*",,"UmVhY3Rpb246MTc3MQ==","RPBE","{""H2Ogas"": 1}","{""OHstar"": 1, ""hfH2gas"": 1}","111","La3Bi","111",-2.20385,,"La3Bi","La3Bi"
"H2O(g) -> hfH2(g) + OH*",,"UmVhY3Rpb246MTc3Mg==","RPBE","{""H2Ogas"": 1}","{""OHstar"": 1, ""hfH2gas"": 1}","111","Ti3Sn","111",-2.20385,,"Ti3Sn","Ti3Sn"
"H2O(g) -> hfH2(g) + OH*",,"UmVhY3Rpb246MjMzMA==","RPBE","{""H2Ogas"": 1}","{""OHstar"": 1, ""hfH2gas"": 1}","111","Pt3Cu","111",0.89615,,"Pt3Cu","Pt3Cu"
"H2O(g) -> hfH2(g) + OH*",,"UmVhY3Rpb246MTc5Mw==","RPBE","{""H2Ogas"": 1}","{""OHstar"": 1, ""hfH2gas"": 1}","111","La3Cd","111",-2.02385,,"La3Cd","La3Cd"
"H2O(g) -> hfH2(g) + OH*",,"UmVhY3Rpb246MjEyOQ==","RPBE","{""H2Ogas"": 1}","{""OHstar"": 1, ""hfH2gas"": 1}","111","Rh3Al","111",-0.00385,,"Rh3Al","Rh3Al"
"H2O(g) -> hfH2(g) + OH*",,"UmVhY3Rpb246MTc5NA==","RPBE","{""H2Ogas"": 1}","{""OHstar"": 1, ""hfH2gas"": 1}","111","La3Ga","111",-2.01385,,"La3Ga","La3Ga"
"H2O(g) -> hfH2(g) + OH*",,"UmVhY3Rpb246MTc4NA==","RPBE","{""H2Ogas"": 1}","{""OHstar"": 1, ""hfH2gas"": 1}","111","La3Sn","111",-2.13385,,"La3Sn","La3Sn"
"H2O(g) - 0.5H2(g) + * -> OH*","{""OH"": ""B""}","UmVhY3Rpb246MzQ0MzA=","PBE+U","{""star"": 1.0, ""H2gas"": -0.5, ""H2Ogas"": 1.0}","{""OHstar"": 1.0}","1","NbW15O48","1",2.27994453,,"NbW15O48","NbW15O48"
"H2O(g) - 0.5H2(g) + * -> OH*","{""OH"": ""A""}","UmVhY3Rpb246MzQ0MzE=","PBE+U","{""star"": 1.0, ""H2gas"": -0.5, ""H2Ogas"": 1.0}","{""OHstar"": 1.0}","1","NbW15O48","1",-0.00595773,,"NbW15O48","NbW15O48"
"H2O(g) -> hfH2(g) + OH*",,"UmVhY3Rpb246MjAzMQ==","RPBE","{""H2Ogas"": 1}","{""OHstar"": 1, ""hfH2gas"": 1}","111","Pt3Mo","111",-0.40385,,"Pt3Mo","Pt3Mo"
"H2O(g) -> hfH2(g) + OH*",,"UmVhY3Rpb246MjExNA==","RPBE","{""H2Ogas"": 1}","{""OHstar"": 1, ""hfH2gas"": 1}","111","Co3Ir","111",-0.06385,,"Co3Ir","Co3Ir"
"H2O(g) -> hfH2(g) + OH*",,"UmVhY3Rpb246MjE3OQ==","RPBE","{""H2Ogas"": 1}","{""OHstar"": 1, ""hfH2gas"": 1}","111","Cd3Pt","111",0.24615,,"Cd3Pt","Cd3Pt"
"H2O(g) -> hfH2(g) + OH*",,"UmVhY3Rpb246MTgxMg==","RPBE","{""H2Ogas"": 1}","{""OHstar"": 1, ""hfH2gas"": 1}","111","Nb3Ga","111",-1.80385,,"Nb3Ga","Nb3Ga"
"H2O(g) -> hfH2(g) + OH*",,"UmVhY3Rpb246MTc3Mw==","RPBE","{""H2Ogas"": 1}","{""OHstar"": 1, ""hfH2gas"": 1}","111","La3Sb","111",-2.19385,,"La3Sb","La3Sb"
"H2O(g) -> hfH2(g) + OH*",,"UmVhY3Rpb246MTgzNg==","RPBE","{""H2Ogas"": 1}","{""OHstar"": 1, ""hfH2gas"": 1}","111","Pb3Sc","111",-1.33385,,"Pb3Sc","Pb3Sc"
"H2O(g) -> OH* + H*",,"UmVhY3Rpb246MTM2Ng==","RPBE","{""H2Ogas"": 1}","{""Hstar"": 1, ""OHstar"": 1}","211","Mn","211",-1.943,-0.25,"Mn","Mn"
"H2O(g) - 0.5H2(g) + * -> OH*","{""OH"": ""B""}","UmVhY3Rpb246MzQ0NDQ=","PBE+U","{""star"": 1.0, ""H2gas"": -0.5, ""H2Ogas"": 1.0}","{""OHstar"": 1.0}","1","TaW15O47","1",0.91061025,,"TaW15O47","TaW15O47"
"H2O* -> OH* + H*",,"UmVhY3Rpb246MTM5Mw==","RPBE","{""H2Ostar"": 1}","{""Hstar"": 1, ""OHstar"": 1}","111","Pt","111",0.656,0.9,"Pt","Pt"
"H2O(g) - 0.5H2(g) + * -> OH*","{""OH"": ""A""}","UmVhY3Rpb246MzQ0NDU=","PBE+U","{""star"": 1.0, ""H2gas"": -0.5, ""H2Ogas"": 1.0}","{""OHstar"": 1.0}","1","TaW15O47","1",-0.28790338,,"TaW15O47","TaW15O47"
"H2O(g) - 0.5H2(g) + * -> OH*","{""OH"": ""A""}","UmVhY3Rpb246MzQ0NDc=","PBE+U","{""star"": 1.0, ""H2gas"": -0.5, ""H2Ogas"": 1.0}","{""OHstar"": 1.0}","1","TaW15HO48","1",0.7920404,,"TaW15HO48","TaW15HO48"
"H2O(g) - 0.5H2(g) + * -> OH*","{""OH"": ""B""}","UmVhY3Rpb246MzQ0NDg=","PBE+U","{""star"": 1.0, ""H2gas"": -0.5, ""H2Ogas"": 1.0}","{""OHstar"": 1.0}","1","TaW15O48","1",2.10278029,,"TaW15O48","TaW15O48"
"H2O(g) -> hfH2(g) + OH*",,"UmVhY3Rpb246MjAxMQ==","RPBE","{""H2Ogas"": 1}","{""OHstar"": 1, ""hfH2gas"": 1}","111","Ru3V","111",-0.47385,,"Ru3V","Ru3V"
"H2O(g) - 0.5H2(g) + * -> OH*","{""OH"": ""A""}","UmVhY3Rpb246MzQ0NDk=","PBE+U","{""star"": 1.0, ""H2gas"": -0.5, ""H2Ogas"": 1.0}","{""OHstar"": 1.0}","1","TaW15O48","1",0.48733673,,"TaW15O48","TaW15O48"
"H2O(g) -> hfH2(g) + OH*",,"UmVhY3Rpb246MTg4MQ==","RPBE","{""H2Ogas"": 1}","{""OHstar"": 1, ""hfH2gas"": 1}","111","Re3Rh","111",-0.93385,,"Re3Rh","Re3Rh"
"H2O(g) -> hfH2(g) + OH*",,"UmVhY3Rpb246MTgxMA==","RPBE","{""H2Ogas"": 1}","{""OHstar"": 1, ""hfH2gas"": 1}","111","Zn3Ta","111",-1.81385,,"Zn3Ta","Zn3Ta"
"H2O(g) -> hfH2(g) + OH*",,"UmVhY3Rpb246MTg0Ng==","RPBE","{""H2Ogas"": 1}","{""OHstar"": 1, ""hfH2gas"": 1}","111","Rh3Ta","111",-1.22385,,"Rh3Ta","Rh3Ta"
"H2O(g) -> hfH2(g) + OH*",,"UmVhY3Rpb246MjI0Mg==","RPBE","{""H2Ogas"": 1}","{""OHstar"": 1, ""hfH2gas"": 1}","111","Rh3In","111",0.54615,,"Rh3In","Rh3In"
"H2O(g) -> hfH2(g) + OH*",,"UmVhY3Rpb246MjAxOA==","RPBE","{""H2Ogas"": 1}","{""OHstar"": 1, ""hfH2gas"": 1}","111","Al3V","111",-0.45385,,"Al3V","Al3V"
"COH* + * -> OH* + C*",,"UmVhY3Rpb246NDExOQ==","BEEF-vdW","{""star"": 1, ""COHstar"": 1}","{""Cstar"": 1, ""OHstar"": 1}","111","Rh36","111",0.676739118877,1.21463758775,"Rh","Rh36"
"H2O(g) -> hfH2(g) + OH*",,"UmVhY3Rpb246MjAxOQ==","RPBE","{""H2Ogas"": 1}","{""OHstar"": 1, ""hfH2gas"": 1}","111","Ir3La","111",-0.44385,,"Ir3La","Ir3La"
"H2O(g) -> OH* + H*",,"UmVhY3Rpb246MTM4NA==","RPBE","{""H2Ogas"": 1}","{""Hstar"": 1, ""OHstar"": 1}","111","Ru","111",-0.25,0.739,"Ru","Ru"
"H2O(g) -> hfH2(g) + OH*",,"UmVhY3Rpb246MjMyNw==","RPBE","{""H2Ogas"": 1}","{""OHstar"": 1, ""hfH2gas"": 1}","111","Pd3Tl","111",0.88615,,"Pd3Tl","Pd3Tl"
"H2O* -> OH* + H*",,"UmVhY3Rpb246MTM4MA==","RPBE","{""H2Ostar"": 1}","{""Hstar"": 1, ""OHstar"": 1}","211","Ni","211",-0.6,0.67,"Ni","Ni"
"H2O(g) -> OH* + H*",,"UmVhY3Rpb246MTM4Mw==","RPBE","{""H2Ogas"": 1}","{""Hstar"": 1, ""OHstar"": 1}","211","Pt","211",-0.138,0.719,"Pt","Pt"
"H2O(g) -> hfH2(g) + OH*",,"UmVhY3Rpb246MjIyNA==","RPBE","{""H2Ogas"": 1}","{""OHstar"": 1, ""hfH2gas"": 1}","111","Ir3Fe","111",0.46615,,"Ir3Fe","Ir3Fe"
"H2O(g) - 0.5H2(g) + * -> OH*","{""OH"": ""B""}","UmVhY3Rpb246MzQ0NjI=","PBE+U","{""star"": 1.0, ""H2gas"": -0.5, ""H2Ogas"": 1.0}","{""OHstar"": 1.0}","1","VW15O47","1",1.27973934,,"VW15O47","VW15O47"
"H2O(g) -> hfH2(g) + OH*",,"UmVhY3Rpb246MTg0OQ==","RPBE","{""H2Ogas"": 1}","{""OHstar"": 1, ""hfH2gas"": 1}","111","Sn3Zr","111",-1.16385,,"Sn3Zr","Sn3Zr"
"H2O(g) -> hfH2(g) + OH*",,"UmVhY3Rpb246MTg0Nw==","RPBE","{""H2Ogas"": 1}","{""OHstar"": 1, ""hfH2gas"": 1}","111","Bi3Sc","111",-1.21385,,"Bi3Sc","Bi3Sc"
"H2O(g) -> hfH2(g) + OH*",,"UmVhY3Rpb246MTg0OA==","RPBE","{""H2Ogas"": 1}","{""OHstar"": 1, ""hfH2gas"": 1}","111","Mo3Pt","111",-1.18385,,"Mo3Pt","Mo3Pt"
"H2O(g) - 0.5H2(g) + * -> OH*","{""OH"": ""A""}","UmVhY3Rpb246MzQ0NjM=","PBE+U","{""star"": 1.0, ""H2gas"": -0.5, ""H2Ogas"": 1.0}","{""OHstar"": 1.0}","1","VW15O47","1",-0.48067592,,"VW15O47","VW15O47"
"H2O(g) - 0.5H2(g) + * -> OH*","{""OH"": ""B""}","UmVhY3Rpb246MzQ0NjQ=","PBE+U","{""star"": 1.0, ""H2gas"": -0.5, ""H2Ogas"": 1.0}","{""OHstar"": 1.0}","1","VW15HO48","1",2.07744699,,"VW15HO48","VW15HO48"
"H2O(g) -> hfH2(g) + OH*",,"UmVhY3Rpb246MTc4Nw==","RPBE","{""H2Ogas"": 1}","{""OHstar"": 1, ""hfH2gas"": 1}","111","Hf3Ge","111",-2.11385,,"Hf3Ge","Hf3Ge"
"H2O(g) -> OH* + H*",,"UmVhY3Rpb246MTM2Nw==","RPBE","{""H2Ogas"": 1}","{""Hstar"": 1, ""OHstar"": 1}","211","Fe","211",-1.716,-0.15,"Fe","Fe"
"H2O(g) -> hfH2(g) + OH*",,"UmVhY3Rpb246MTk1OQ==","RPBE","{""H2Ogas"": 1}","{""OHstar"": 1, ""hfH2gas"": 1}","111","Ga3Hf","111",-0.67385,,"Ga3Hf","Ga3Hf"
"H2O(g) -> OH* + H*",,"UmVhY3Rpb246MTM4MQ==","RPBE","{""H2Ogas"": 1}","{""Hstar"": 1, ""OHstar"": 1}","111","Ir","111",0.262,0.679,"Ir","Ir"
"H2O* -> OH* + H*",,"UmVhY3Rpb246MTM4Mg==","RPBE","{""H2Ostar"": 1}","{""Hstar"": 1, ""OHstar"": 1}","111","Re","111",-0.71,0.68,"Re","Re"
"H2O(g) - 0.5H2(g) + * -> OH*",,"UmVhY3Rpb246NDEzMA==","BEEF-vdW","{""star"": 1, ""H2gas"": -0.5, ""H2Ogas"": 1}","{""OHstar"": 1}","monolayer","C96O36","monolayer",0.136738366364,,"mildly reduced graphene oxide","C96O36"
"H2O(g) -> hfH2(g) + OH*",,"UmVhY3Rpb246MjAyMA==","RPBE","{""H2Ogas"": 1}","{""OHstar"": 1, ""hfH2gas"": 1}","111","Fe3Al","111",-0.43385,,"Fe3Al","Fe3Al"
"H2O(g) - 0.5H2(g) + * -> OH*","{""OH"": ""A""}","UmVhY3Rpb246MzQ0NjU=","PBE+U","{""star"": 1.0, ""H2gas"": -0.5, ""H2Ogas"": 1.0}","{""OHstar"": 1.0}","1","VW15HO48","1",0.31703173,,"VW15HO48","VW15HO48"
"H2O(g) - 0.5H2(g) + * -> OH*","{""OH"": ""B""}","UmVhY3Rpb246MzQ0NjY=","PBE+U","{""star"": 1.0, ""H2gas"": -0.5, ""H2Ogas"": 1.0}","{""OHstar"": 1.0}","1","VW15O48","1",2.27934912,,"VW15O48","VW15O48"
"H2O(g) -> hfH2(g) + OH*",,"UmVhY3Rpb246MjAyOA==","RPBE","{""H2Ogas"": 1}","{""OHstar"": 1, ""hfH2gas"": 1}","111","Ga3Zr","111",-0.41385,,"Ga3Zr","Ga3Zr"
